query_id,method,success,query_status,reference_status,metric_eligible,query_feasible,solver_status,invalid_assignments,n_expected_solves,size,recall,hv_ratio,recall_vs_union,time_s,end_to_end_s,evals,solves,timed_out,hit_time_budget,n_nonoptimal,n_infeasible,unreliable,n_before,n_after,ref_size,ref_is_exact,ref_time_s,union_outside_exact,n_candidates,n_slots,within_budget,retrieval_s,exhausted,n_action_evals,n_rollout_evals,n_bound_evals,n_frontier_comparisons,n_frontier_gains,iterations,expansion_budget,candidate_limit,completed,termination_reason,completion_scope,candidates_searched_by_requirement,unattributed_method_s,output_boundary,timing_schema,encoding_s,encoding_status,retrieval_historical_s,retrieval_measured,cache_path,cache_sha256,retrieval_source,reduction_s,search_s,output_s,method_wall_s,total_s,total_status,candidates_before_by_requirement,candidates_after_by_requirement,solver_backend,solver_version,highs_version,highs_threads_configured,source_file
0,PACS,1,feasible,complete,1,1,returned,0,,40,0.0840336134453781,0.6378325203268165,0.0840336134453781,0.0342330019921064,0.300672180019319,9772,1,0,0,0,0,0,4783.0,146.0,476,1,0.046474935952574,0,4783,8,1,0.2664391780272126,False,,,,,,,,,True,completed,beam_search,"[2, 31, 8, 7, 36, 6, 34, 22]",9.526591747999193e-05,solver final filtering and index remapping; caller metric conversion excluded,r5-v1,,excluded_precomputed,,True,,,fresh_retrieval,0.0046412297524511,0.029132530093193,0.0003639762289822,0.0342330019921064,0.300672180019319,measured_excluding_encoding,"[4, 825, 34, 38, 1885, 6, 1227, 764]","[2, 31, 8, 7, 36, 6, 34, 22]",Python/PACS+,3.11.15,,,<paper>/revision_campaign_20260914/default/airbnb/default.csv
0,PACS_dC,1,feasible,complete,1,1,returned,0,,94,0.0,0.2487016356210389,0.0,0.0077606979757547,0.2741998760029673,4101,1,0,0,0,0,0,,,476,1,0.046474935952574,0,4783,8,1,0.2664391780272126,False,,,,,,,,,True,completed,beam_search,"[2, 31, 8, 7, 36, 6, 34, 22]",3.404589369893074e-05,solver final filtering and index remapping; caller metric conversion excluded,r5-v1,,excluded_precomputed,,True,,,fresh_retrieval,0.0036031519994139,0.0037853550165891,0.0003381450660526,0.0077606979757547,0.2741998760029673,measured_excluding_encoding,"[4, 825, 34, 38, 1885, 6, 1227, 764]","[2, 31, 8, 7, 36, 6, 34, 22]",Python/PACS_dC,3.11.15,,,<paper>/revision_campaign_20260914/default/airbnb/default.csv
0,PBS-unbounded,1,feasible,complete,1,1,returned,0,,476,1.0,1.0,1.0,0.0454918290488421,0.3119310070760548,20926,1,0,0,0,0,0,4783.0,146.0,476,1,0.046474935952574,0,4783,8,1,0.2664391780272126,True,,,,,,,,,True,completed,all_reduced_candidates,"[2, 31, 8, 7, 36, 6, 34, 22]",0.0001971130259335,solver final filtering and index remapping; caller metric conversion excluded,r5-v1,,excluded_precomputed,,True,,,fresh_retrieval,0.0035463669337332,0.0395959578454494,0.002152391243726,0.0454918290488421,0.3119310070760548,measured_excluding_encoding,"[4, 825, 34, 38, 1885, 6, 1227, 764]","[2, 31, 8, 7, 36, 6, 34, 22]",Python/PBS-unbounded,3.11.15,,,<paper>/revision_campaign_20260914/default/airbnb/default.csv
0,PTS,1,feasible,complete,1,1,returned,0,,119,0.0,0.2956349541346671,0.0,0.0146381692029535,0.2810773472301662,8047,1,0,0,0,0,0,4783.0,146.0,476,1,0.046474935952574,0,4783,8,1,0.2664391780272126,False,,,,,,,500.0,,False,iteration_limit,fixed_candidate_tree,"[2, 31, 8, 7, 36, 6, 34, 22]",5.160132423043251e-05,solver final filtering and index remapping; caller metric conversion excluded,r5-v1,,excluded_precomputed,,True,,,fresh_retrieval,0.0035713911056518,0.010583268944174,0.0004319078288972,0.0146381692029535,0.2810773472301662,measured_excluding_encoding,"[4, 825, 34, 38, 1885, 6, 1227, 764]","[2, 31, 8, 7, 36, 6, 34, 22]",Python/DFS,3.11.15,,,<paper>/revision_campaign_20260914/default/airbnb/default.csv
0,eps-ILP g=4,1,feasible,complete,1,1,returned,0,17.0,4,0.0084033613445378,0.197688382694524,0.0084033613445378,1.3656122470274568,1.6320514250546694,81311,17,0,0,0,4,0,,,476,1,0.046474935952574,0,4783,8,1,0.2664391780272126,,,,,,,,,,True,grid_complete,configured_grid,,2.352474257349968e-05,solver final filtering and index remapping; caller metric conversion excluded,r5-v1,,excluded_precomputed,,True,,,fresh_retrieval,0.0,1.3655275250785053,6.11972063779831e-05,1.3656122470274568,1.6320514250546694,measured_excluding_encoding,"[4, 825, 34, 38, 1885, 6, 1227, 764]","[4, 825, 34, 38, 1885, 6, 1227, 764]",scipy.optimize.milp/HiGHS,1.17.1,1.12.0,1.0,<paper>/revision_campaign_20260914/default/airbnb/default.csv
0,eps-ILP g=16,1,feasible,complete,1,1,returned,0,257.0,31,0.065126050420168,0.76800064177628,0.065126050420168,20.558177632745355,20.824616810772568,1229231,257,0,0,0,22,0,,,476,1,0.046474935952574,0,4783,8,1,0.2664391780272126,,,,,,,,,,True,grid_complete,configured_grid,,0.000115227419883,solver final filtering and index remapping; caller metric conversion excluded,r5-v1,,excluded_precomputed,,True,,,fresh_retrieval,0.0,20.551803363021463,0.0062590423040091,20.558177632745355,20.824616810772568,measured_excluding_encoding,"[4, 825, 34, 38, 1885, 6, 1227, 764]","[4, 825, 34, 38, 1885, 6, 1227, 764]",scipy.optimize.milp/HiGHS,1.17.1,1.12.0,1.0,<paper>/revision_campaign_20260914/default/airbnb/default.csv
0,PBF,0,feasible,complete,1,1,work_limit,0,,0,0.0,0.0,0.0,5.2208080887794495e-05,0.2664913861081004,0,1,0,0,0,0,0,,,476,1,0.046474935952574,0,4783,8,1,0.2664391780272126,False,,,,,,,,,False,combination_limit,full_input,,5.2208080887794495e-05,solver final filtering and index remapping; caller metric conversion excluded,r5-v1,,excluded_precomputed,,True,,,fresh_retrieval,,,,5.2208080887794495e-05,0.2664913861081004,measured_excluding_encoding,"[4, 825, 34, 38, 1885, 6, 1227, 764]",,Python/PBF,3.11.15,,,<paper>/revision_campaign_20260914/default/airbnb/default.csv
1,PACS,1,feasible,complete,1,1,returned,0,,100,0.0,0.2971716820939353,0.0,0.0259153000079095,0.0307584712281823,9840,1,0,0,0,0,0,3311.0,151.0,769,1,0.1175734773278236,0,3311,7,1,0.0048431712202727,False,,,,,,,,,True,completed,beam_search,"[42, 19, 32, 17, 4, 26, 11]",1.8638093024492264e-05,solver final filtering and index remapping; caller metric conversion excluded,r5-v1,,excluded_precomputed,,True,,,fresh_retrieval,0.0034122210927307,0.0221266951411962,0.000357745680958,0.0259153000079095,0.0307584712281823,measured_excluding_encoding,"[1223, 184, 1259, 339, 4, 259, 43]","[42, 19, 32, 17, 4, 26, 11]",Python/PACS+,3.11.15,,,<paper>/revision_campaign_20260914/default/airbnb/default.csv
1,PACS_dC,0,feasible,complete,1,1,no_assignment,0,,0,0.0,0.0,0.0,0.0097211357206106,0.0145643069408833,3065,1,0,0,0,0,0,,,769,1,0.1175734773278236,0,3311,7,1,0.0048431712202727,False,,,,,,,,,True,completed,beam_search,"[42, 19, 32, 17, 4, 26, 11]",1.91517174243927e-05,solver final filtering and index remapping; caller metric conversion excluded,r5-v1,,excluded_precomputed,,True,,,fresh_retrieval,0.003008821979165,0.0066885007545351,4.66126948595047e-06,0.0097211357206106,0.0145643069408833,measured_excluding_encoding,"[1223, 184, 1259, 339, 4, 259, 43]","[42, 19, 32, 17, 4, 26, 11]",Python/PACS_dC,3.11.15,,,<paper>/revision_campaign_20260914/default/airbnb/default.csv
1,PBS-unbounded,1,feasible,complete,1,1,returned,0,,769,1.0,1.0,1.0,0.1148796640336513,0.1197228352539241,50819,1,0,0,0,0,0,3311.0,151.0,769,1,0.1175734773278236,0,3311,7,1,0.0048431712202727,True,,,,,,,,,True,completed,all_reduced_candidates,"[42, 19, 32, 17, 4, 26, 11]",0.0002299528568983,solver final filtering and index remapping; caller metric conversion excluded,r5-v1,,excluded_precomputed,,True,,,fresh_retrieval,0.0029810331761837,0.1080916682258248,0.0035770097747445,0.1148796640336513,0.1197228352539241,measured_excluding_encoding,"[1223, 184, 1259, 339, 4, 259, 43]","[42, 19, 32, 17, 4, 26, 11]",Python/PBS-unbounded,3.11.15,,,<paper>/revision_campaign_20260914/default/airbnb/default.csv
1,PTS,1,feasible,complete,1,1,returned,0,,89,0.0,0.1614773577737355,0.0,0.0129522611387074,0.0177954323589801,14469,1,0,0,0,0,0,3311.0,151.0,769,1,0.1175734773278236,0,3311,7,1,0.0048431712202727,False,,,,,,,500.0,,False,iteration_limit,fixed_candidate_tree,"[42, 19, 32, 17, 4, 26, 11]",5.968799814581871e-05,solver final filtering and index remapping; caller metric conversion excluded,r5-v1,,excluded_precomputed,,True,,,fresh_retrieval,0.0029698661528527,0.0095938118174672,0.0003288951702415,0.0129522611387074,0.0177954323589801,measured_excluding_encoding,"[1223, 184, 1259, 339, 4, 259, 43]","[42, 19, 32, 17, 4, 26, 11]",Python/DFS,3.11.15,,,<paper>/revision_campaign_20260914/default/airbnb/default.csv
1,eps-ILP g=4,1,feasible,complete,1,1,returned,0,17.0,4,0.0052015604681404,0.3779475047774719,0.0052015604681404,0.8963724859058857,0.9012156571261584,56287,17,0,0,0,4,0,,,769,1,0.1175734773278236,0,3311,7,1,0.0048431712202727,,,,,,,,,,True,grid_complete,configured_grid,,1.869816333055496e-05,solver final filtering and index remapping; caller metric conversion excluded,r5-v1,,excluded_precomputed,,True,,,fresh_retrieval,0.0,0.8963013659231365,5.242181941866875e-05,0.8963724859058857,0.9012156571261584,measured_excluding_encoding,"[1223, 184, 1259, 339, 4, 259, 43]","[1223, 184, 1259, 339, 4, 259, 43]",scipy.optimize.milp/HiGHS,1.17.1,1.12.0,1.0,<paper>/revision_campaign_20260914/default/airbnb/default.csv
1,eps-ILP g=16,1,feasible,complete,1,1,returned,0,257.0,49,0.0637191157347204,0.9169209360490972,0.0637191157347204,14.105196177959442,14.110039349179717,850927,257,0,0,0,20,0,,,769,1,0.1175734773278236,0,3311,7,1,0.0048431712202727,,,,,,,,,,True,grid_complete,configured_grid,,0.0001182085834443,solver final filtering and index remapping; caller metric conversion excluded,r5-v1,,excluded_precomputed,,True,,,fresh_retrieval,0.0,14.09872612124309,0.0063518481329083,14.105196177959442,14.110039349179717,measured_excluding_encoding,"[1223, 184, 1259, 339, 4, 259, 43]","[1223, 184, 1259, 339, 4, 259, 43]",scipy.optimize.milp/HiGHS,1.17.1,1.12.0,1.0,<paper>/revision_campaign_20260914/default/airbnb/default.csv
1,PBF,0,feasible,complete,1,1,work_limit,0,,0,0.0,0.0,0.0,4.513002932071686e-05,0.0048883012495934,0,1,0,0,0,0,0,,,769,1,0.1175734773278236,0,3311,7,1,0.0048431712202727,False,,,,,,,,,False,combination_limit,full_input,,4.513002932071686e-05,solver final filtering and index remapping; caller metric conversion excluded,r5-v1,,excluded_precomputed,,True,,,fresh_retrieval,,,,4.513002932071686e-05,0.0048883012495934,measured_excluding_encoding,"[1223, 184, 1259, 339, 4, 259, 43]",,Python/PBF,3.11.15,,,<paper>/revision_campaign_20260914/default/airbnb/default.csv
2,PACS,1,feasible,complete,1,1,returned,0,,38,1.0,1.0,1.0,0.0035457112826406,0.0061762183904647,2889,1,0,0,0,0,0,1178.0,70.0,38,1,0.0034120897762477,0,1178,5,0,0.002630507107824,True,,,,,,,,,True,completed,all_reduced_candidates,"[9, 28, 12, 5, 16]",1.733517274260521e-05,solver final filtering and index remapping; caller metric conversion excluded,r5-v1,,excluded_precomputed,,True,,,fresh_retrieval,0.0010245181620121,0.0023565897718071,0.0001472681760787,0.0035457112826406,0.0061762183904647,measured_excluding_encoding,"[45, 852, 128, 6, 147]","[9, 28, 12, 5, 16]",Python/PACS+,3.11.15,,,<paper>/revision_campaign_20260914/default/airbnb/default.csv
2,PACS_dC,1,feasible,complete,1,1,returned,0,,3,0.0,0.0109918815911682,0.0,0.0016704057343304,0.0043009128421545,1024,1,0,0,0,0,0,,,38,1,0.0034120897762477,0,1178,5,0,0.002630507107824,False,,,,,,,,,True,completed,beam_search,"[9, 28, 12, 5, 16]",2.1599698811769485e-05,solver final filtering and index remapping; caller metric conversion excluded,r5-v1,,excluded_precomputed,,True,,,fresh_retrieval,0.0009216521866619,0.0007103909738361,1.6762875020503998e-05,0.0016704057343304,0.0043009128421545,measured_excluding_encoding,"[45, 852, 128, 6, 147]","[9, 28, 12, 5, 16]",Python/PACS_dC,3.11.15,,,<paper>/revision_campaign_20260914/default/airbnb/default.csv
2,PBS-unbounded,1,feasible,complete,1,1,returned,0,,38,1.0,1.0,1.0,0.0032960730604827,0.0059265801683068,2889,1,0,0,0,0,0,1178.0,70.0,38,1,0.0034120897762477,0,1178,5,0,0.002630507107824,True,,,,,,,,,True,completed,all_reduced_candidates,"[9, 28, 12, 5, 16]",1.8086284399032596e-05,solver final filtering and index remapping; caller metric conversion excluded,r5-v1,,excluded_precomputed,,True,,,fresh_retrieval,0.0007650787010788,0.0023691751994192,0.0001437328755855,0.0032960730604827,0.0059265801683068,measured_excluding_encoding,"[45, 852, 128, 6, 147]","[9, 28, 12, 5, 16]",Python/PBS-unbounded,3.11.15,,,<paper>/revision_campaign_20260914/default/airbnb/default.csv
2,PTS,1,feasible,complete,1,1,returned,0,,38,1.0,1.0,1.0,0.0041007078252732,0.0067312149330973,4493,1,0,0,0,0,0,1178.0,70.0,38,1,0.0034120897762477,0,1178,5,0,0.002630507107824,True,,,,,,,500.0,,True,completed,fixed_candidate_tree,"[9, 28, 12, 5, 16]",3.6007724702358246e-05,solver final filtering and index remapping; caller metric conversion excluded,r5-v1,,excluded_precomputed,,True,,,fresh_retrieval,0.0007345420308411,0.0031836349517107,0.0001465231180191,0.0041007078252732,0.0067312149330973,measured_excluding_encoding,"[45, 852, 128, 6, 147]","[9, 28, 12, 5, 16]",Python/DFS,3.11.15,,,<paper>/revision_campaign_20260914/default/airbnb/default.csv
2,eps-ILP g=4,1,feasible,complete,1,1,returned,0,17.0,2,0.0526315789473684,0.6201549158766606,0.0526315789473684,0.3699834421277046,0.3726139492355287,20026,17,0,0,0,7,0,,,38,1,0.0034120897762477,0,1178,5,0,0.002630507107824,,,,,,,,,,True,grid_complete,configured_grid,,1.5793368220329285e-05,solver final filtering and index remapping; caller metric conversion excluded,r5-v1,,excluded_precomputed,,True,,,fresh_retrieval,0.0,0.3699288889765739,3.8759782910346985e-05,0.3699834421277046,0.3726139492355287,measured_excluding_encoding,"[45, 852, 128, 6, 147]","[45, 852, 128, 6, 147]",scipy.optimize.milp/HiGHS,1.17.1,1.12.0,1.0,<paper>/revision_campaign_20260914/default/airbnb/default.csv
2,eps-ILP g=16,1,feasible,complete,1,1,returned,0,257.0,9,0.2368421052631578,0.8924024453242033,0.2368421052631578,5.674339761026204,5.676970268134028,302746,257,0,0,0,66,0,,,38,1,0.0034120897762477,0,1178,5,0,0.002630507107824,,,,,,,,,,True,grid_complete,configured_grid,,3.981171175837517e-05,solver final filtering and index remapping; caller metric conversion excluded,r5-v1,,excluded_precomputed,,True,,,fresh_retrieval,0.0,5.669799122028053,0.0045008272863924,5.674339761026204,5.676970268134028,measured_excluding_encoding,"[45, 852, 128, 6, 147]","[45, 852, 128, 6, 147]",scipy.optimize.milp/HiGHS,1.17.1,1.12.0,1.0,<paper>/revision_campaign_20260914/default/airbnb/default.csv
2,PBF,0,feasible,complete,1,1,work_limit,0,,0,0.0,0.0,0.0,3.255670890212059e-05,0.0026630638167262,0,1,0,0,0,0,0,,,38,1,0.0034120897762477,0,1178,5,0,0.002630507107824,False,,,,,,,,,False,combination_limit,full_input,,3.255670890212059e-05,solver final filtering and index remapping; caller metric conversion excluded,r5-v1,,excluded_precomputed,,True,,,fresh_retrieval,,,,3.255670890212059e-05,0.0026630638167262,measured_excluding_encoding,"[45, 852, 128, 6, 147]",,Python/PBF,3.11.15,,,<paper>/revision_campaign_20260914/default/airbnb/default.csv
3,PACS,1,feasible,complete,1,1,returned,0,,100,0.4464285714285714,0.9543602454457932,0.4444444444444444,0.0187820089049637,0.0226606419309973,11655,1,0,0,0,0,0,2718.0,165.0,224,1,0.02224260289222,0,2718,8,0,0.0038786330260336,False,,,,,,,,,True,completed,beam_search,"[15, 26, 25, 24, 10, 24, 26, 15]",4.745973274111748e-05,solver final filtering and index remapping; caller metric conversion excluded,r5-v1,,excluded_precomputed,,True,,,fresh_retrieval,0.0025692698545753,0.0158004811964929,0.0003647981211543,0.0187820089049637,0.0226606419309973,measured_excluding_encoding,"[105, 1179, 137, 193, 13, 158, 543, 390]","[15, 26, 25, 24, 10, 24, 26, 15]",Python/PACS+,3.11.15,,,<paper>/revision_campaign_20260914/default/airbnb/default.csv
3,PACS_dC,0,feasible,complete,1,1,no_assignment,0,,0,0.0,0.0,0.0,0.0042025120928883,0.0080811451189219,5355,1,0,0,0,0,0,,,224,1,0.02224260289222,0,2718,8,0,0.0038786330260336,False,,,,,,,,,True,completed,beam_search,"[15, 26, 25, 24, 10, 24, 26, 15]",1.9449274986982346e-05,solver final filtering and index remapping; caller metric conversion excluded,r5-v1,,excluded_precomputed,,True,,,fresh_retrieval,0.0022188299335539,0.0019609560258686,3.276858478784561e-06,0.0042025120928883,0.0080811451189219,measured_excluding_encoding,"[105, 1179, 137, 193, 13, 158, 543, 390]","[15, 26, 25, 24, 10, 24, 26, 15]",Python/PACS_dC,3.11.15,,,<paper>/revision_campaign_20260914/default/airbnb/default.csv
3,PBS-unbounded,1,feasible,complete,1,1,returned,0,,224,1.0,1.0,0.9955555555555556,0.267128687351942,0.2710073203779757,23498,1,0,0,0,0,0,2718.0,165.0,224,1,0.02224260289222,0,2718,8,0,0.0038786330260336,True,,,,,,,,,True,completed,all_reduced_candidates,"[15, 26, 25, 24, 10, 24, 26, 15]",6.250618025660515e-05,solver final filtering and index remapping; caller metric conversion excluded,r5-v1,,excluded_precomputed,,True,,,fresh_retrieval,0.0021393778733909,0.2640881040133536,0.0008386992849409,0.267128687351942,0.2710073203779757,measured_excluding_encoding,"[105, 1179, 137, 193, 13, 158, 543, 390]","[15, 26, 25, 24, 10, 24, 26, 15]",Python/PBS-unbounded,3.11.15,,,<paper>/revision_campaign_20260914/default/airbnb/default.csv
3,PTS,1,feasible,complete,1,1,returned,0,,72,0.0178571428571428,0.5141049437158758,0.0222222222222222,0.0129339732229709,0.0168126062490046,18830,1,0,0,0,0,0,2718.0,165.0,224,1,0.02224260289222,0,2718,8,0,0.0038786330260336,False,,,,,,,500.0,,False,iteration_limit,fixed_candidate_tree,"[15, 26, 25, 24, 10, 24, 26, 15]",5.613639950752258e-05,solver final filtering and index remapping; caller metric conversion excluded,r5-v1,,excluded_precomputed,,True,,,fresh_retrieval,0.0021484177559614,0.010451354086399,0.0002780649811029,0.0129339732229709,0.0168126062490046,measured_excluding_encoding,"[105, 1179, 137, 193, 13, 158, 543, 390]","[15, 26, 25, 24, 10, 24, 26, 15]",Python/DFS,3.11.15,,,<paper>/revision_campaign_20260914/default/airbnb/default.csv
3,eps-ILP g=4,1,feasible,complete,1,1,returned,0,17.0,3,0.0133928571428571,0.4286342865612407,0.0133333333333333,0.6596124097704887,0.6634910427965224,46206,17,0,0,0,7,0,,,224,1,0.02224260289222,0,2718,8,0,0.0038786330260336,,,,,,,,,,True,grid_complete,configured_grid,,1.7930753529071808e-05,solver final filtering and index remapping; caller metric conversion excluded,r5-v1,,excluded_precomputed,,True,,,fresh_retrieval,0.0,0.6595535236410797,4.0955375880002975e-05,0.6596124097704887,0.6634910427965224,measured_excluding_encoding,"[105, 1179, 137, 193, 13, 158, 543, 390]","[105, 1179, 137, 193, 13, 158, 543, 390]",scipy.optimize.milp/HiGHS,1.17.1,1.12.0,1.0,<paper>/revision_campaign_20260914/default/airbnb/default.csv
3,eps-ILP g=16,1,feasible,complete,1,1,returned,0,257.0,21,0.09375,0.7854643606466263,0.0933333333333333,10.53153603989631,10.535414672922345,698526,257,0,0,0,73,0,,,224,1,0.02224260289222,0,2718,8,0,0.0038786330260336,,,,,,,,,,True,grid_complete,configured_grid,,8.476991206407547e-05,solver final filtering and index remapping; caller metric conversion excluded,r5-v1,,excluded_precomputed,,True,,,fresh_retrieval,0.0,10.527350557036698,0.0041007129475474,10.53153603989631,10.535414672922345,measured_excluding_encoding,"[105, 1179, 137, 193, 13, 158, 543, 390]","[105, 1179, 137, 193, 13, 158, 543, 390]",scipy.optimize.milp/HiGHS,1.17.1,1.12.0,1.0,<paper>/revision_campaign_20260914/default/airbnb/default.csv
3,PBF,0,feasible,complete,1,1,work_limit,0,,0,0.0,0.0,0.0,4.102429375052452e-05,0.0039196573197841,0,1,0,0,0,0,0,,,224,1,0.02224260289222,0,2718,8,0,0.0038786330260336,False,,,,,,,,,False,combination_limit,full_input,,4.102429375052452e-05,solver final filtering and index remapping; caller metric conversion excluded,r5-v1,,excluded_precomputed,,True,,,fresh_retrieval,,,,4.102429375052452e-05,0.0039196573197841,measured_excluding_encoding,"[105, 1179, 137, 193, 13, 158, 543, 390]",,Python/PBF,3.11.15,,,<paper>/revision_campaign_20260914/default/airbnb/default.csv
4,PACS,1,feasible,complete,1,1,returned,0,,15,1.0,1.0,1.0,0.0007353341206908,0.0026114252395927,252,1,0,0,0,0,0,639.0,26.0,15,1,0.0007492410950362,0,639,3,0,0.0018760911189019,True,,,,,,,,,True,completed,all_reduced_candidates,"[8, 14, 4]",1.2642238289117811e-05,solver final filtering and index remapping; caller metric conversion excluded,r5-v1,,excluded_precomputed,,True,,,fresh_retrieval,0.0004207622259855,0.0002342369407415,6.769271567463875e-05,0.0007353341206908,0.0026114252395927,measured_excluding_encoding,"[14, 620, 5]","[8, 14, 4]",Python/PACS+,3.11.15,,,<paper>/revision_campaign_20260914/default/airbnb/default.csv
4,PACS_dC,0,feasible,complete,1,1,no_assignment,0,,0,0.0,0.0,0.0,0.0005866289138793,0.0024627200327813,162,1,0,0,0,0,0,,,15,1,0.0007492410950362,0,639,3,0,0.0018760911189019,False,,,,,,,,,True,completed,beam_search,"[8, 14, 4]",1.3723969459533691e-05,solver final filtering and index remapping; caller metric conversion excluded,r5-v1,,excluded_precomputed,,True,,,fresh_retrieval,0.000357596669346,0.0002125389873981,2.7692876756191254e-06,0.0005866289138793,0.0024627200327813,measured_excluding_encoding,"[14, 620, 5]","[8, 14, 4]",Python/PACS_dC,3.11.15,,,<paper>/revision_campaign_20260914/default/airbnb/default.csv
4,PBS-unbounded,1,feasible,complete,1,1,returned,0,,15,1.0,1.0,1.0,0.0006421608850359,0.0025182520039379,252,1,0,0,0,0,0,639.0,26.0,15,1,0.0007492410950362,0,639,3,0,0.0018760911189019,True,,,,,,,,,True,completed,all_reduced_candidates,"[8, 14, 4]",1.2903474271297457e-05,solver final filtering and index remapping; caller metric conversion excluded,r5-v1,,excluded_precomputed,,True,,,fresh_retrieval,0.0003510070964694,0.0002240613102912,5.418900400400162e-05,0.0006421608850359,0.0025182520039379,measured_excluding_encoding,"[14, 620, 5]","[8, 14, 4]",Python/PBS-unbounded,3.11.15,,,<paper>/revision_campaign_20260914/default/airbnb/default.csv
4,PTS,1,feasible,complete,1,1,returned,0,,15,1.0,1.0,1.0,0.000851219985634,0.002727311104536,260,1,0,0,0,0,0,639.0,26.0,15,1,0.0007492410950362,0,639,3,0,0.0018760911189019,True,,,,,,,500.0,,True,completed,fixed_candidate_tree,"[8, 14, 4]",2.3622997105121613e-05,solver final filtering and index remapping; caller metric conversion excluded,r5-v1,,excluded_precomputed,,True,,,fresh_retrieval,0.0003391900099813,0.0004294109530746,5.899602547287941e-05,0.000851219985634,0.002727311104536,measured_excluding_encoding,"[14, 620, 5]","[8, 14, 4]",Python/DFS,3.11.15,,,<paper>/revision_campaign_20260914/default/airbnb/default.csv
4,eps-ILP g=4,1,feasible,complete,1,1,returned,0,17.0,4,0.2666666666666666,0.7220772718012783,0.2666666666666666,0.1550633297301829,0.1569394208490848,10863,17,0,0,0,10,0,,,15,1,0.0007492410950362,0,639,3,0,0.0018760911189019,,,,,,,,,,True,grid_complete,configured_grid,,1.6398727893829346e-05,solver final filtering and index remapping; caller metric conversion excluded,r5-v1,,excluded_precomputed,,True,,,fresh_retrieval,0.0,0.1550183142535388,2.861674875020981e-05,0.1550633297301829,0.1569394208490848,measured_excluding_encoding,"[14, 620, 5]","[14, 620, 5]",scipy.optimize.milp/HiGHS,1.17.1,1.12.0,1.0,<paper>/revision_campaign_20260914/default/airbnb/default.csv
4,eps-ILP g=16,1,feasible,complete,1,1,returned,0,257.0,11,0.7333333333333333,0.96443479322856,0.7333333333333333,2.150132962036878,2.15200905315578,164223,257,0,0,0,148,0,,,15,1,0.0007492410950362,0,639,3,0,0.0018760911189019,,,,,,,,,,True,grid_complete,configured_grid,,2.787914127111435e-05,solver final filtering and index remapping; caller metric conversion excluded,r5-v1,,excluded_precomputed,,True,,,fresh_retrieval,0.0,2.1485956120304763,0.0015094708651304,2.150132962036878,2.15200905315578,measured_excluding_encoding,"[14, 620, 5]","[14, 620, 5]",scipy.optimize.milp/HiGHS,1.17.1,1.12.0,1.0,<paper>/revision_campaign_20260914/default/airbnb/default.csv
4,PBF,1,feasible,complete,1,1,returned,0,,15,1.0,1.0,1.0,0.0118715548887848,0.0137476460076868,130200,1,0,0,0,0,0,,,15,1,0.0007492410950362,0,639,3,0,0.0018760911189019,True,,,,,,,,,True,complete,full_input,,0.0118715548887848,solver final filtering and index remapping; caller metric conversion excluded,r5-v1,,excluded_precomputed,,True,,,fresh_retrieval,,,,0.0118715548887848,0.0137476460076868,measured_excluding_encoding,"[14, 620, 5]",,Python/PBF,3.11.15,,,<paper>/revision_campaign_20260914/default/airbnb/default.csv
5,PACS,1,feasible,complete,1,1,returned,0,,38,0.76,0.9818815358089248,0.76,0.0053426111117005,0.007525373250246,1502,1,0,0,0,0,0,1010.0,47.0,50,1,0.0057285232469439,0,1010,5,1,0.0021827621385455,False,,,,,,,,,True,completed,beam_search,"[7, 26, 3, 10, 1]",1.813424751162529e-05,solver final filtering and index remapping; caller metric conversion excluded,r5-v1,,excluded_precomputed,,True,,,fresh_retrieval,0.0007101506926119,0.0042911153286695,0.0003232108429074,0.0053426111117005,0.007525373250246,measured_excluding_encoding,"[40, 628, 25, 316, 1]","[7, 26, 3, 10, 1]",Python/PACS+,3.11.15,,,<paper>/revision_campaign_20260914/default/airbnb/default.csv
5,PACS_dC,1,feasible,complete,1,1,returned,0,,13,0.24,0.8124336295762792,0.24,0.0014327783137559,0.0036155404523015,255,1,0,0,0,0,0,,,50,1,0.0057285232469439,0,1010,5,1,0.0021827621385455,False,,,,,,,,,True,completed,beam_search,"[7, 26, 3, 10, 1]",1.2505333870649338e-05,solver final filtering and index remapping; caller metric conversion excluded,r5-v1,,excluded_precomputed,,True,,,fresh_retrieval,0.0005878778174519,0.0007862993516027,4.609581083059311e-05,0.0014327783137559,0.0036155404523015,measured_excluding_encoding,"[40, 628, 25, 316, 1]","[7, 26, 3, 10, 1]",Python/PACS_dC,3.11.15,,,<paper>/revision_campaign_20260914/default/airbnb/default.csv
5,PBS-unbounded,1,feasible,complete,1,1,returned,0,,50,1.0,1.0,1.0,0.0055201789364218,0.0077029410749673,1562,1,0,0,0,0,0,1010.0,47.0,50,1,0.0057285232469439,0,1010,5,1,0.0021827621385455,True,,,,,,,,,True,completed,all_reduced_candidates,"[7, 26, 3, 10, 1]",2.4331733584403992e-05,solver final filtering and index remapping; caller metric conversion excluded,r5-v1,,excluded_precomputed,,True,,,fresh_retrieval,0.0006639510393142,0.0043300213292241,0.000501874834299,0.0055201789364218,0.0077029410749673,measured_excluding_encoding,"[40, 628, 25, 316, 1]","[7, 26, 3, 10, 1]",Python/PBS-unbounded,3.11.15,,,<paper>/revision_campaign_20260914/default/airbnb/default.csv
5,PTS,1,feasible,complete,1,1,returned,0,,50,1.0,1.0,1.0,0.0063520628027617,0.0085348249413073,2596,1,0,0,0,0,0,1010.0,47.0,50,1,0.0057285232469439,0,1010,5,1,0.0021827621385455,True,,,,,,,500.0,,True,completed,fixed_candidate_tree,"[7, 26, 3, 10, 1]",3.946572542190552e-05,solver final filtering and index remapping; caller metric conversion excluded,r5-v1,,excluded_precomputed,,True,,,fresh_retrieval,0.0005624289624392,0.0055657099001109,0.0001844582147896,0.0063520628027617,0.0085348249413073,measured_excluding_encoding,"[40, 628, 25, 316, 1]","[7, 26, 3, 10, 1]",Python/DFS,3.11.15,,,<paper>/revision_campaign_20260914/default/airbnb/default.csv
5,eps-ILP g=4,1,feasible,complete,1,1,returned,0,17.0,6,0.12,0.1726534510937137,0.12,0.3534669210202992,0.3556496831588447,17170,17,0,0,0,0,0,,,50,1,0.0057285232469439,0,1010,5,1,0.0021827621385455,,,,,,,,,,True,grid_complete,configured_grid,,1.6863923519849777e-05,solver final filtering and index remapping; caller metric conversion excluded,r5-v1,,excluded_precomputed,,True,,,fresh_retrieval,0.0,0.3533783480525017,7.1709044277668e-05,0.3534669210202992,0.3556496831588447,measured_excluding_encoding,"[40, 628, 25, 316, 1]","[40, 628, 25, 316, 1]",scipy.optimize.milp/HiGHS,1.17.1,1.12.0,1.0,<paper>/revision_campaign_20260914/default/airbnb/default.csv
5,eps-ILP g=16,1,feasible,complete,1,1,returned,0,257.0,14,0.28,0.7394265767195539,0.28,5.6838080999441445,5.68599086208269,259570,257,0,0,0,0,0,,,50,1,0.0057285232469439,0,1010,5,1,0.0021827621385455,,,,,,,,,,True,grid_complete,configured_grid,,4.22140583395958e-05,solver final filtering and index remapping; caller metric conversion excluded,r5-v1,,excluded_precomputed,,True,,,fresh_retrieval,0.0,5.676062208134681,0.0077036777511239,5.6838080999441445,5.68599086208269,measured_excluding_encoding,"[40, 628, 25, 316, 1]","[40, 628, 25, 316, 1]",scipy.optimize.milp/HiGHS,1.17.1,1.12.0,1.0,<paper>/revision_campaign_20260914/default/airbnb/default.csv
5,PBF,1,feasible,complete,1,1,solver_timeout,0,,44,0.02,0.6536989333263541,0.02,30.423983571119606,30.426166333258152,92078080,1,1,0,0,0,1,,,50,1,0.0057285232469439,0,1010,5,1,0.0021827621385455,False,,,,,,,,,False,timeout,full_input,,30.423983571119606,solver final filtering and index remapping; caller metric conversion excluded,r5-v1,,excluded_precomputed,,True,,,fresh_retrieval,,,,30.423983571119606,30.426166333258152,measured_excluding_encoding,"[40, 628, 25, 316, 1]",,Python/PBF,3.11.15,,,<paper>/revision_campaign_20260914/default/airbnb/default.csv
6,PACS,1,feasible,complete,1,1,returned,0,,100,0.0,0.4670757913339338,0.0,0.052294660359621,0.0573839275166392,17490,1,0,0,0,0,0,3515.0,211.0,3042,1,0.8174350918270648,0,3515,8,1,0.0050892671570181,False,,,,,,,,,True,completed,beam_search,"[26, 14, 41, 24, 39, 15, 23, 29]",0.0001014815643429,solver final filtering and index remapping; caller metric conversion excluded,r5-v1,,excluded_precomputed,,True,,,fresh_retrieval,0.0073981089517474,0.0444150068797171,0.0003800629638135,0.052294660359621,0.0573839275166392,measured_excluding_encoding,"[212, 167, 1045, 214, 791, 158, 294, 634]","[26, 14, 41, 24, 39, 15, 23, 29]",Python/PACS+,3.11.15,,,<paper>/revision_campaign_20260914/default/airbnb/default.csv
6,PACS_dC,1,feasible,complete,1,1,returned,0,,100,0.0,0.2188081974174592,0.0,0.0255560078658163,0.0306452750228345,12324,1,0,0,0,0,0,,,3042,1,0.8174350918270648,0,3515,8,1,0.0050892671570181,False,,,,,,,,,True,completed,beam_search,"[26, 14, 41, 24, 39, 15, 23, 29]",6.370851770043373e-05,solver final filtering and index remapping; caller metric conversion excluded,r5-v1,,excluded_precomputed,,True,,,fresh_retrieval,0.0071851033717393,0.0179454619064927,0.0003617340698838,0.0255560078658163,0.0306452750228345,measured_excluding_encoding,"[212, 167, 1045, 214, 791, 158, 294, 634]","[26, 14, 41, 24, 39, 15, 23, 29]",Python/PACS_dC,3.11.15,,,<paper>/revision_campaign_20260914/default/airbnb/default.csv
6,PBS-unbounded,1,feasible,complete,1,1,returned,0,,3042,1.0,1.0,1.0,0.5593158812262118,0.56440514838323,194728,1,0,0,0,0,0,3515.0,211.0,3042,1,0.8174350918270648,0,3515,8,1,0.0050892671570181,True,,,,,,,,,True,completed,all_reduced_candidates,"[26, 14, 41, 24, 39, 15, 23, 29]",0.0024489061906933,solver final filtering and index remapping; caller metric conversion excluded,r5-v1,,excluded_precomputed,,True,,,fresh_retrieval,0.0071995230391621,0.5299098482355475,0.0197576037608087,0.5593158812262118,0.56440514838323,measured_excluding_encoding,"[212, 167, 1045, 214, 791, 158, 294, 634]","[26, 14, 41, 24, 39, 15, 23, 29]",Python/PBS-unbounded,3.11.15,,,<paper>/revision_campaign_20260914/default/airbnb/default.csv
6,PTS,1,feasible,complete,1,1,returned,0,,164,0.0,0.0674610458160921,0.0,0.0184947280213236,0.0235839951783418,13784,1,0,0,0,0,0,3515.0,211.0,3042,1,0.8174350918270648,0,3515,8,1,0.0050892671570181,False,,,,,,,500.0,,False,iteration_limit,fixed_candidate_tree,"[26, 14, 41, 24, 39, 15, 23, 29]",6.129592657089233e-05,solver final filtering and index remapping; caller metric conversion excluded,r5-v1,,excluded_precomputed,,True,,,fresh_retrieval,0.0073849572800099,0.0104510867968201,0.0005973880179226,0.0184947280213236,0.0235839951783418,measured_excluding_encoding,"[212, 167, 1045, 214, 791, 158, 294, 634]","[26, 14, 41, 24, 39, 15, 23, 29]",Python/DFS,3.11.15,,,<paper>/revision_campaign_20260914/default/airbnb/default.csv
6,eps-ILP g=4,1,feasible,complete,1,1,returned,0,17.0,4,0.0013149243918474,0.3439794960587962,0.0013149243918474,0.984401057008654,0.989490324165672,59755,17,0,0,0,4,0,,,3042,1,0.8174350918270648,0,3515,8,1,0.0050892671570181,,,,,,,,,,True,grid_complete,configured_grid,,1.7498154193162918e-05,solver final filtering and index remapping; caller metric conversion excluded,r5-v1,,excluded_precomputed,,True,,,fresh_retrieval,0.0,0.9843293665908276,5.419226363301277e-05,0.984401057008654,0.989490324165672,measured_excluding_encoding,"[212, 167, 1045, 214, 791, 158, 294, 634]","[212, 167, 1045, 214, 791, 158, 294, 634]",scipy.optimize.milp/HiGHS,1.17.1,1.12.0,1.0,<paper>/revision_campaign_20260914/default/airbnb/default.csv
6,eps-ILP g=16,1,feasible,complete,1,1,returned,0,257.0,64,0.0210387902695595,0.8818726783143399,0.0210387902695595,16.699190105311573,16.70427937246859,903355,257,0,0,0,19,0,,,3042,1,0.8174350918270648,0,3515,8,1,0.0050892671570181,,,,,,,,,,True,grid_complete,configured_grid,,7.090810686349869e-05,solver final filtering and index remapping; caller metric conversion excluded,r5-v1,,excluded_precomputed,,True,,,fresh_retrieval,0.0,16.69273218419403,0.0063870130106806,16.699190105311573,16.70427937246859,measured_excluding_encoding,"[212, 167, 1045, 214, 791, 158, 294, 634]","[212, 167, 1045, 214, 791, 158, 294, 634]",scipy.optimize.milp/HiGHS,1.17.1,1.12.0,1.0,<paper>/revision_campaign_20260914/default/airbnb/default.csv
6,PBF,0,feasible,complete,1,1,work_limit,0,,0,0.0,0.0,0.0,4.225689917802811e-05,0.0051315240561962,0,1,0,0,0,0,0,,,3042,1,0.8174350918270648,0,3515,8,1,0.0050892671570181,False,,,,,,,,,False,combination_limit,full_input,,4.225689917802811e-05,solver final filtering and index remapping; caller metric conversion excluded,r5-v1,,excluded_precomputed,,True,,,fresh_retrieval,,,,4.225689917802811e-05,0.0051315240561962,measured_excluding_encoding,"[212, 167, 1045, 214, 791, 158, 294, 634]",,Python/PBF,3.11.15,,,<paper>/revision_campaign_20260914/default/airbnb/default.csv
7,PACS,1,feasible,complete,1,1,returned,0,,75,0.0945205479452054,0.8255099966227851,0.0945205479452054,0.0263916896656155,0.0291479616425931,8566,1,0,0,0,0,0,1672.0,115.0,730,1,0.0803297501988709,0,1672,6,1,0.0027562719769775,False,,,,,,,,,True,completed,beam_search,"[19, 13, 18, 19, 16, 30]",0.0001143999397754,solver final filtering and index remapping; caller metric conversion excluded,r5-v1,,excluded_precomputed,,True,,,fresh_retrieval,0.0013575167395174,0.0245593902654945,0.000360382720828,0.0263916896656155,0.0291479616425931,measured_excluding_encoding,"[189, 45, 573, 117, 151, 597]","[19, 13, 18, 19, 16, 30]",Python/PACS+,3.11.15,,,<paper>/revision_campaign_20260914/default/airbnb/default.csv
7,PACS_dC,1,feasible,complete,1,1,returned,0,,100,0.0095890410958904,0.4575194481478679,0.0095890410958904,0.0145475319586694,0.017303803935647,6904,1,0,0,0,0,0,,,730,1,0.0803297501988709,0,1672,6,1,0.0027562719769775,False,,,,,,,,,True,completed,beam_search,"[19, 13, 18, 19, 16, 30]",6.748875603079796e-05,solver final filtering and index remapping; caller metric conversion excluded,r5-v1,,excluded_precomputed,,True,,,fresh_retrieval,0.001339269336313,0.012784777674824,0.0003559961915016,0.0145475319586694,0.017303803935647,measured_excluding_encoding,"[189, 45, 573, 117, 151, 597]","[19, 13, 18, 19, 16, 30]",Python/PACS_dC,3.11.15,,,<paper>/revision_campaign_20260914/default/airbnb/default.csv
7,PBS-unbounded,1,feasible,complete,1,1,returned,0,,730,1.0,1.0,1.0,0.0790733899921178,0.0818296619690954,31394,1,0,0,0,0,0,1672.0,115.0,730,1,0.0803297501988709,0,1672,6,1,0.0027562719769775,True,,,,,,,,,True,completed,all_reduced_candidates,"[19, 13, 18, 19, 16, 30]",0.0005014669150114,solver final filtering and index remapping; caller metric conversion excluded,r5-v1,,excluded_precomputed,,True,,,fresh_retrieval,0.0013194079510867,0.0732442182488739,0.0040082968771457,0.0790733899921178,0.0818296619690954,measured_excluding_encoding,"[189, 45, 573, 117, 151, 597]","[19, 13, 18, 19, 16, 30]",Python/PBS-unbounded,3.11.15,,,<paper>/revision_campaign_20260914/default/airbnb/default.csv
7,PTS,1,feasible,complete,1,1,returned,0,,176,0.0,0.1944246841977973,0.0,0.0128373778425157,0.0155936498194932,10118,1,0,0,0,0,0,1672.0,115.0,730,1,0.0803297501988709,0,1672,6,1,0.0027562719769775,False,,,,,,,500.0,,False,iteration_limit,fixed_candidate_tree,"[19, 13, 18, 19, 16, 30]",5.738995969295502e-05,solver final filtering and index remapping; caller metric conversion excluded,r5-v1,,excluded_precomputed,,True,,,fresh_retrieval,0.0012985127978026,0.0108544719405472,0.0006270031444728,0.0128373778425157,0.0155936498194932,measured_excluding_encoding,"[189, 45, 573, 117, 151, 597]","[19, 13, 18, 19, 16, 30]",Python/DFS,3.11.15,,,<paper>/revision_campaign_20260914/default/airbnb/default.csv
7,eps-ILP g=4,1,feasible,complete,1,1,returned,0,17.0,4,0.0054794520547945,0.3344584928864497,0.0054794520547945,0.3693921030499041,0.3721483750268817,28424,17,0,0,0,4,0,,,730,1,0.0803297501988709,0,1672,6,1,0.0027562719769775,,,,,,,,,,True,grid_complete,configured_grid,,1.7516780644655228e-05,solver final filtering and index remapping; caller metric conversion excluded,r5-v1,,excluded_precomputed,,True,,,fresh_retrieval,0.0,0.369318975135684,5.561113357543945e-05,0.3693921030499041,0.3721483750268817,measured_excluding_encoding,"[189, 45, 573, 117, 151, 597]","[189, 45, 573, 117, 151, 597]",scipy.optimize.milp/HiGHS,1.17.1,1.12.0,1.0,<paper>/revision_campaign_20260914/default/airbnb/default.csv
7,eps-ILP g=16,1,feasible,complete,1,1,returned,0,257.0,46,0.0630136986301369,0.8906215761486455,0.0630136986301369,7.208437293302268,7.211193565279245,429704,257,0,0,0,16,0,,,730,1,0.0803297501988709,0,1672,6,1,0.0027562719769775,,,,,,,,,,True,grid_complete,configured_grid,,5.792733281850815e-05,solver final filtering and index remapping; caller metric conversion excluded,r5-v1,,excluded_precomputed,,True,,,fresh_retrieval,0.0,7.201749626081437,0.0066297398880124,7.208437293302268,7.211193565279245,measured_excluding_encoding,"[189, 45, 573, 117, 151, 597]","[189, 45, 573, 117, 151, 597]",scipy.optimize.milp/HiGHS,1.17.1,1.12.0,1.0,<paper>/revision_campaign_20260914/default/airbnb/default.csv
7,PBF,0,feasible,complete,1,1,work_limit,0,,0,0.0,0.0,0.0,2.862885594367981e-05,0.0027849008329212,0,1,0,0,0,0,0,,,730,1,0.0803297501988709,0,1672,6,1,0.0027562719769775,False,,,,,,,,,False,combination_limit,full_input,,2.862885594367981e-05,solver final filtering and index remapping; caller metric conversion excluded,r5-v1,,excluded_precomputed,,True,,,fresh_retrieval,,,,2.862885594367981e-05,0.0027849008329212,measured_excluding_encoding,"[189, 45, 573, 117, 151, 597]",,Python/PBF,3.11.15,,,<paper>/revision_campaign_20260914/default/airbnb/default.csv
8,PACS,1,feasible,complete,1,1,returned,0,,24,1.0,1.0,1.0,0.0030749482102692,0.0058356979861855,1621,1,0,0,0,0,0,1757.0,58.0,24,1,0.0027524731121957,0,1757,5,0,0.0027607497759163,True,,,,,,,,,True,completed,all_reduced_candidates,"[6, 4, 29, 13, 6]",1.6420148313045502e-05,solver final filtering and index remapping; caller metric conversion excluded,r5-v1,,excluded_precomputed,,True,,,fresh_retrieval,0.0015851110219955,0.0013739778660237,9.943917393684389e-05,0.0030749482102692,0.0058356979861855,measured_excluding_encoding,"[73, 7, 1533, 111, 33]","[6, 4, 29, 13, 6]",Python/PACS+,3.11.15,,,<paper>/revision_campaign_20260914/default/airbnb/default.csv
8,PACS_dC,1,feasible,complete,1,1,returned,0,,3,0.125,0.4199163622399167,0.125,0.0016250731423497,0.004385822918266,600,1,0,0,0,0,0,,,24,1,0.0027524731121957,0,1757,5,0,0.0027607497759163,False,,,,,,,,,True,completed,beam_search,"[6, 4, 29, 13, 6]",1.3941898941993712e-05,solver final filtering and index remapping; caller metric conversion excluded,r5-v1,,excluded_precomputed,,True,,,fresh_retrieval,0.0011977492831647,0.0003981189802289,1.526298001408577e-05,0.0016250731423497,0.004385822918266,measured_excluding_encoding,"[73, 7, 1533, 111, 33]","[6, 4, 29, 13, 6]",Python/PACS_dC,3.11.15,,,<paper>/revision_campaign_20260914/default/airbnb/default.csv
8,PBS-unbounded,1,feasible,complete,1,1,returned,0,,24,1.0,1.0,1.0,0.0027249353006482,0.0054856850765645,1621,1,0,0,0,0,0,1757.0,58.0,24,1,0.0027524731121957,0,1757,5,0,0.0027607497759163,True,,,,,,,,,True,completed,all_reduced_candidates,"[6, 4, 29, 13, 6]",1.7371494323015213e-05,solver final filtering and index remapping; caller metric conversion excluded,r5-v1,,excluded_precomputed,,True,,,fresh_retrieval,0.0012091579847037,0.0014027208089828,9.568501263856888e-05,0.0027249353006482,0.0054856850765645,measured_excluding_encoding,"[73, 7, 1533, 111, 33]","[6, 4, 29, 13, 6]",Python/PBS-unbounded,3.11.15,,,<paper>/revision_campaign_20260914/default/airbnb/default.csv
8,PTS,1,feasible,complete,1,1,returned,0,,24,1.0,1.0,1.0,0.0030655181035399,0.0058262678794562,2392,1,0,0,0,0,0,1757.0,58.0,24,1,0.0027524731121957,0,1757,5,0,0.0027607497759163,True,,,,,,,500.0,,True,completed,fixed_candidate_tree,"[6, 4, 29, 13, 6]",2.719508484005928e-05,solver final filtering and index remapping; caller metric conversion excluded,r5-v1,,excluded_precomputed,,True,,,fresh_retrieval,0.0011173537932336,0.0018244041129946,9.65651124715805e-05,0.0030655181035399,0.0058262678794562,measured_excluding_encoding,"[73, 7, 1533, 111, 33]","[6, 4, 29, 13, 6]",Python/DFS,3.11.15,,,<paper>/revision_campaign_20260914/default/airbnb/default.csv
8,eps-ILP g=4,1,feasible,complete,1,1,returned,0,17.0,3,0.125,0.3360313608076165,0.125,0.5102126812562346,0.512973431032151,29869,17,0,0,0,7,0,,,24,1,0.0027524731121957,0,1757,5,0,0.0027607497759163,,,,,,,,,,True,grid_complete,configured_grid,,1.7045531421899796e-05,solver final filtering and index remapping; caller metric conversion excluded,r5-v1,,excluded_precomputed,,True,,,fresh_retrieval,0.0,0.5101557606831193,3.987504169344902e-05,0.5102126812562346,0.512973431032151,measured_excluding_encoding,"[73, 7, 1533, 111, 33]","[73, 7, 1533, 111, 33]",scipy.optimize.milp/HiGHS,1.17.1,1.12.0,1.0,<paper>/revision_campaign_20260914/default/airbnb/default.csv
8,eps-ILP g=16,1,feasible,complete,1,1,returned,0,257.0,10,0.4166666666666667,0.8344497794689895,0.4166666666666667,7.079918147064745,7.082678896840662,451549,257,0,0,0,62,0,,,24,1,0.0027524731121957,0,1757,5,0,0.0027607497759163,,,,,,,,,,True,grid_complete,configured_grid,,4.764599725604057e-05,solver final filtering and index remapping; caller metric conversion excluded,r5-v1,,excluded_precomputed,,True,,,fresh_retrieval,0.0,7.075360731221736,0.0045097698457539,7.079918147064745,7.082678896840662,measured_excluding_encoding,"[73, 7, 1533, 111, 33]","[73, 7, 1533, 111, 33]",scipy.optimize.milp/HiGHS,1.17.1,1.12.0,1.0,<paper>/revision_campaign_20260914/default/airbnb/default.csv
8,PBF,0,feasible,complete,1,1,work_limit,0,,0,0.0,0.0,0.0,3.409292548894882e-05,0.0027948427014052,0,1,0,0,0,0,0,,,24,1,0.0027524731121957,0,1757,5,0,0.0027607497759163,False,,,,,,,,,False,combination_limit,full_input,,3.409292548894882e-05,solver final filtering and index remapping; caller metric conversion excluded,r5-v1,,excluded_precomputed,,True,,,fresh_retrieval,,,,3.409292548894882e-05,0.0027948427014052,measured_excluding_encoding,"[73, 7, 1533, 111, 33]",,Python/PBF,3.11.15,,,<paper>/revision_campaign_20260914/default/airbnb/default.csv
9,PACS,1,feasible,complete,1,1,returned,0,,18,0.1323529411764706,0.8681499897187248,0.1323529411764706,0.0122243440710008,0.0141358040273189,3721,1,0,0,0,0,0,570.0,63.0,136,1,0.0194157310761511,0,570,6,1,0.0019114599563181,False,,,,,,,,,True,completed,beam_search,"[13, 2, 6, 6, 19, 17]",9.669503197073936e-05,solver final filtering and index remapping; caller metric conversion excluded,r5-v1,,excluded_precomputed,,True,,,fresh_retrieval,0.0005456218495965,0.011262300889939,0.0003197262994945,0.0122243440710008,0.0141358040273189,measured_excluding_encoding,"[107, 3, 24, 20, 303, 113]","[13, 2, 6, 6, 19, 17]",Python/PACS+,3.11.15,,,<paper>/revision_campaign_20260914/default/airbnb/default.csv
9,PACS_dC,1,feasible,complete,1,1,returned,0,,88,0.4558823529411764,0.970010188171486,0.4558823529411764,0.0037078796885907,0.0056193396449089,1308,1,0,0,0,0,0,,,136,1,0.0194157310761511,0,570,6,1,0.0019114599563181,False,,,,,,,,,True,completed,beam_search,"[13, 2, 6, 6, 19, 17]",3.012083470821381e-05,solver final filtering and index remapping; caller metric conversion excluded,r5-v1,,excluded_precomputed,,True,,,fresh_retrieval,0.000357873737812,0.0030097202397882,0.0003101648762822,0.0037078796885907,0.0056193396449089,measured_excluding_encoding,"[107, 3, 24, 20, 303, 113]","[13, 2, 6, 6, 19, 17]",Python/PACS_dC,3.11.15,,,<paper>/revision_campaign_20260914/default/airbnb/default.csv
9,PBS-unbounded,1,feasible,complete,1,1,returned,0,,136,1.0,1.0,1.0,0.0192724307999014,0.0211838907562196,5557,1,0,0,0,0,0,570.0,63.0,136,1,0.0194157310761511,0,570,6,1,0.0019114599563181,True,,,,,,,,,True,completed,all_reduced_candidates,"[13, 2, 6, 6, 19, 17]",0.0001928880810737,solver final filtering and index remapping; caller metric conversion excluded,r5-v1,,excluded_precomputed,,True,,,fresh_retrieval,0.0003445637412369,0.0169702898710966,0.0017646891064941,0.0192724307999014,0.0211838907562196,measured_excluding_encoding,"[107, 3, 24, 20, 303, 113]","[13, 2, 6, 6, 19, 17]",Python/PBS-unbounded,3.11.15,,,<paper>/revision_campaign_20260914/default/airbnb/default.csv
9,PTS,1,feasible,complete,1,1,returned,0,,159,0.0,0.2071693793964403,0.0,0.0126271941699087,0.0145386541262269,3894,1,0,0,0,0,0,570.0,63.0,136,1,0.0194157310761511,0,570,6,1,0.0019114599563181,False,,,,,,,500.0,,False,iteration_limit,fixed_candidate_tree,"[13, 2, 6, 6, 19, 17]",5.850987508893013e-05,solver final filtering and index remapping; caller metric conversion excluded,r5-v1,,excluded_precomputed,,True,,,fresh_retrieval,0.0003608921542763,0.0116460300050675,0.0005617621354758,0.0126271941699087,0.0145386541262269,measured_excluding_encoding,"[107, 3, 24, 20, 303, 113]","[13, 2, 6, 6, 19, 17]",Python/DFS,3.11.15,,,<paper>/revision_campaign_20260914/default/airbnb/default.csv
9,eps-ILP g=4,1,feasible,complete,1,1,returned,0,17.0,7,0.0514705882352941,0.7791529246372335,0.0514705882352941,0.2551790117286145,0.2570904716849327,9690,17,0,0,0,0,0,,,136,1,0.0194157310761511,0,570,6,1,0.0019114599563181,,,,,,,,,,True,grid_complete,configured_grid,,1.5611760318279266e-05,solver final filtering and index remapping; caller metric conversion excluded,r5-v1,,excluded_precomputed,,True,,,fresh_retrieval,0.0,0.2550941598601639,6.924010813236237e-05,0.2551790117286145,0.2570904716849327,measured_excluding_encoding,"[107, 3, 24, 20, 303, 113]","[107, 3, 24, 20, 303, 113]",scipy.optimize.milp/HiGHS,1.17.1,1.12.0,1.0,<paper>/revision_campaign_20260914/default/airbnb/default.csv
9,eps-ILP g=16,1,feasible,complete,1,1,returned,0,257.0,19,0.1397058823529411,0.8506356618958122,0.1397058823529411,3.866287079174072,3.8681985391303897,146490,257,0,0,0,0,0,,,136,1,0.0194157310761511,0,570,6,1,0.0019114599563181,,,,,,,,,,True,grid_complete,configured_grid,,5.784491077065468e-05,solver final filtering and index remapping; caller metric conversion excluded,r5-v1,,excluded_precomputed,,True,,,fresh_retrieval,0.0,3.858579707331955,0.0076495269313454,3.866287079174072,3.8681985391303897,measured_excluding_encoding,"[107, 3, 24, 20, 303, 113]","[107, 3, 24, 20, 303, 113]",scipy.optimize.milp/HiGHS,1.17.1,1.12.0,1.0,<paper>/revision_campaign_20260914/default/airbnb/default.csv
9,PBF,0,feasible,complete,1,1,work_limit,0,,0,0.0,0.0,0.0,1.5823636204004288e-05,0.0019272835925221,0,1,0,0,0,0,0,,,136,1,0.0194157310761511,0,570,6,1,0.0019114599563181,False,,,,,,,,,False,combination_limit,full_input,,1.5823636204004288e-05,solver final filtering and index remapping; caller metric conversion excluded,r5-v1,,excluded_precomputed,,True,,,fresh_retrieval,,,,1.5823636204004288e-05,0.0019272835925221,measured_excluding_encoding,"[107, 3, 24, 20, 303, 113]",,Python/PBF,3.11.15,,,<paper>/revision_campaign_20260914/default/airbnb/default.csv
10,PACS,1,feasible,complete,1,1,returned,0,,100,0.0098176718092566,0.4040244702765531,0.0098176718092566,0.0129747120663523,0.0154586979188025,4960,1,0,0,0,0,0,1418.0,95.0,713,1,0.0379096679389476,0,1418,5,0,0.0024839858524501,False,,,,,,,,,True,completed,beam_search,"[33, 19, 18, 12, 13]",2.5576911866664886e-05,solver final filtering and index remapping; caller metric conversion excluded,r5-v1,,excluded_precomputed,,True,,,fresh_retrieval,0.0023696389980614,0.0102189457975327,0.0003605503588914,0.0129747120663523,0.0154586979188025,measured_excluding_encoding,"[579, 130, 572, 56, 81]","[33, 19, 18, 12, 13]",Python/PACS+,3.11.15,,,<paper>/revision_campaign_20260914/default/airbnb/default.csv
10,PACS_dC,0,feasible,complete,1,1,no_assignment,0,,0,0.0,0.0,0.0,0.0043091843836009,0.006793170236051,2283,1,0,0,0,0,0,,,713,1,0.0379096679389476,0,1418,5,0,0.0024839858524501,False,,,,,,,,,True,completed,beam_search,"[33, 19, 18, 12, 13]",2.042436972260475e-05,solver final filtering and index remapping; caller metric conversion excluded,r5-v1,,excluded_precomputed,,True,,,fresh_retrieval,0.0022536730393767,0.0020316620357334,3.4249387681484222e-06,0.0043091843836009,0.006793170236051,measured_excluding_encoding,"[579, 130, 572, 56, 81]","[33, 19, 18, 12, 13]",Python/PACS_dC,3.11.15,,,<paper>/revision_campaign_20260914/default/airbnb/default.csv
10,PBS-unbounded,1,feasible,complete,1,1,returned,0,,713,1.0,1.0,1.0,0.0368533078581094,0.0393372937105596,16289,1,0,0,0,0,0,1418.0,95.0,713,1,0.0379096679389476,0,1418,5,0,0.0024839858524501,True,,,,,,,,,True,completed,all_reduced_candidates,"[33, 19, 18, 12, 13]",0.000160401687026,solver final filtering and index remapping; caller metric conversion excluded,r5-v1,,excluded_precomputed,,True,,,fresh_retrieval,0.0021928399801254,0.0318807461299002,0.0026193200610578,0.0368533078581094,0.0393372937105596,measured_excluding_encoding,"[579, 130, 572, 56, 81]","[33, 19, 18, 12, 13]",Python/PBS-unbounded,3.11.15,,,<paper>/revision_campaign_20260914/default/airbnb/default.csv
10,PTS,1,feasible,complete,1,1,returned,0,,90,0.0,0.3109203560733263,0.0,0.0112019702792167,0.0136859561316668,7300,1,0,0,0,0,0,1418.0,95.0,713,1,0.0379096679389476,0,1418,5,0,0.0024839858524501,False,,,,,,,500.0,,False,iteration_limit,fixed_candidate_tree,"[33, 19, 18, 12, 13]",4.5561231672763824e-05,solver final filtering and index remapping; caller metric conversion excluded,r5-v1,,excluded_precomputed,,True,,,fresh_retrieval,0.0021227118559181,0.0087122619152069,0.0003214352764189,0.0112019702792167,0.0136859561316668,measured_excluding_encoding,"[579, 130, 572, 56, 81]","[33, 19, 18, 12, 13]",Python/DFS,3.11.15,,,<paper>/revision_campaign_20260914/default/airbnb/default.csv
10,eps-ILP g=4,1,feasible,complete,1,1,returned,0,17.0,3,0.0042075736325385,0.0804860068460259,0.0042075736325385,0.3736069952137768,0.3760909810662269,24106,17,0,0,0,7,0,,,713,1,0.0379096679389476,0,1418,5,0,0.0024839858524501,,,,,,,,,,True,grid_complete,configured_grid,,3.100326284766197e-05,solver final filtering and index remapping; caller metric conversion excluded,r5-v1,,excluded_precomputed,,True,,,fresh_retrieval,0.0,0.3735372312366962,3.87607142329216e-05,0.3736069952137768,0.3760909810662269,measured_excluding_encoding,"[579, 130, 572, 56, 81]","[579, 130, 572, 56, 81]",scipy.optimize.milp/HiGHS,1.17.1,1.12.0,1.0,<paper>/revision_campaign_20260914/default/airbnb/default.csv
10,eps-ILP g=16,1,feasible,complete,1,1,returned,0,257.0,43,0.0603085553997194,0.8518676810133318,0.0603085553997194,6.094658367335796,6.097142353188247,364426,257,0,0,0,37,0,,,713,1,0.0379096679389476,0,1418,5,0,0.0024839858524501,,,,,,,,,,True,grid_complete,configured_grid,,6.214296445250511e-05,solver final filtering and index remapping; caller metric conversion excluded,r5-v1,,excluded_precomputed,,True,,,fresh_retrieval,0.0,6.0890514883212745,0.0055447360500693,6.094658367335796,6.097142353188247,measured_excluding_encoding,"[579, 130, 572, 56, 81]","[579, 130, 572, 56, 81]",scipy.optimize.milp/HiGHS,1.17.1,1.12.0,1.0,<paper>/revision_campaign_20260914/default/airbnb/default.csv
10,PBF,0,feasible,complete,1,1,work_limit,0,,0,0.0,0.0,0.0,2.3141037672758102e-05,0.0025071268901228,0,1,0,0,0,0,0,,,713,1,0.0379096679389476,0,1418,5,0,0.0024839858524501,False,,,,,,,,,False,combination_limit,full_input,,2.3141037672758102e-05,solver final filtering and index remapping; caller metric conversion excluded,r5-v1,,excluded_precomputed,,True,,,fresh_retrieval,,,,2.3141037672758102e-05,0.0025071268901228,measured_excluding_encoding,"[579, 130, 572, 56, 81]",,Python/PBF,3.11.15,,,<paper>/revision_campaign_20260914/default/airbnb/default.csv
11,PACS,1,feasible,complete,1,1,returned,0,,33,0.7021276595744681,0.8777207706233455,0.7021276595744681,0.0025282967835664,0.0041253878735005,870,1,0,0,0,0,0,228.0,38.0,47,1,0.0025852788239717,0,228,4,0,0.0015970910899341,False,,,,,,,,,True,completed,beam_search,"[18, 9, 10, 1]",1.1757947504520416e-05,solver final filtering and index remapping; caller metric conversion excluded,r5-v1,,excluded_precomputed,,True,,,fresh_retrieval,0.0002121017314493,0.0021852431818842,0.0001191939227283,0.0025282967835664,0.0041253878735005,measured_excluding_encoding,"[110, 58, 59, 1]","[18, 9, 10, 1]",Python/PACS+,3.11.15,,,<paper>/revision_campaign_20260914/default/airbnb/default.csv
11,PACS_dC,0,feasible,complete,1,1,no_assignment,0,,0,0.0,0.0,0.0,0.0005029118619859,0.00210000295192,165,1,0,0,0,0,0,,,47,1,0.0025852788239717,0,228,4,0,0.0015970910899341,False,,,,,,,,,True,completed,beam_search,"[18, 9, 10, 1]",1.2967735528945925e-05,solver final filtering and index remapping; caller metric conversion excluded,r5-v1,,excluded_precomputed,,True,,,fresh_retrieval,0.0001298477873206,0.0003575291484594,2.5671906769275665e-06,0.0005029118619859,0.00210000295192,measured_excluding_encoding,"[110, 58, 59, 1]","[18, 9, 10, 1]",Python/PACS_dC,3.11.15,,,<paper>/revision_campaign_20260914/default/airbnb/default.csv
11,PBS-unbounded,1,feasible,complete,1,1,returned,0,,47,1.0,1.0,1.0,0.0025214659981429,0.004118557088077,917,1,0,0,0,0,0,228.0,38.0,47,1,0.0025852788239717,0,228,4,0,0.0015970910899341,True,,,,,,,,,True,completed,all_reduced_candidates,"[18, 9, 10, 1]",1.2841075658798218e-05,solver final filtering and index remapping; caller metric conversion excluded,r5-v1,,excluded_precomputed,,True,,,fresh_retrieval,0.000127965118736,0.0022203121334314,0.0001603476703166,0.0025214659981429,0.004118557088077,measured_excluding_encoding,"[110, 58, 59, 1]","[18, 9, 10, 1]",Python/PBS-unbounded,3.11.15,,,<paper>/revision_campaign_20260914/default/airbnb/default.csv
11,PTS,1,feasible,complete,1,1,returned,0,,47,1.0,1.0,1.0,0.0021812203340232,0.0037783114239573,1796,1,0,0,0,0,0,228.0,38.0,47,1,0.0025852788239717,0,228,4,0,0.0015970910899341,True,,,,,,,500.0,,True,completed,fixed_candidate_tree,"[18, 9, 10, 1]",2.351729199290276e-05,solver final filtering and index remapping; caller metric conversion excluded,r5-v1,,excluded_precomputed,,True,,,fresh_retrieval,0.000125213060528,0.0018702088855206,0.0001622810959815,0.0021812203340232,0.0037783114239573,measured_excluding_encoding,"[110, 58, 59, 1]","[18, 9, 10, 1]",Python/DFS,3.11.15,,,<paper>/revision_campaign_20260914/default/airbnb/default.csv
11,eps-ILP g=4,1,feasible,complete,1,1,returned,0,17.0,3,0.0425531914893617,0.2906929487524067,0.0425531914893617,0.0828606360591948,0.0844577271491289,3876,17,0,0,0,7,0,,,47,1,0.0025852788239717,0,228,4,0,0.0015970910899341,,,,,,,,,,True,grid_complete,configured_grid,,1.47172249853611e-05,solver final filtering and index remapping; caller metric conversion excluded,r5-v1,,excluded_precomputed,,True,,,fresh_retrieval,0.0,0.082806488033384,3.943080082535744e-05,0.0828606360591948,0.0844577271491289,measured_excluding_encoding,"[110, 58, 59, 1]","[110, 58, 59, 1]",scipy.optimize.milp/HiGHS,1.17.1,1.12.0,1.0,<paper>/revision_campaign_20260914/default/airbnb/default.csv
11,eps-ILP g=16,1,feasible,complete,1,1,returned,0,257.0,18,0.3829787234042553,0.9392306883395972,0.3829787234042553,1.2870008312165735,1.2885979223065078,58596,257,0,0,0,80,0,,,47,1,0.0025852788239717,0,228,4,0,0.0015970910899341,,,,,,,,,,True,grid_complete,configured_grid,,3.5523902624845505e-05,solver final filtering and index remapping; caller metric conversion excluded,r5-v1,,excluded_precomputed,,True,,,fresh_retrieval,0.0,1.2834091102704406,0.0035561970435082,1.2870008312165735,1.2885979223065078,measured_excluding_encoding,"[110, 58, 59, 1]","[110, 58, 59, 1]",scipy.optimize.milp/HiGHS,1.17.1,1.12.0,1.0,<paper>/revision_campaign_20260914/default/airbnb/default.csv
11,PBF,1,feasible,complete,1,1,returned,0,,47,1.0,1.0,1.0,0.1265846700407564,0.1281817611306905,1505680,1,0,0,0,0,0,,,47,1,0.0025852788239717,0,228,4,0,0.0015970910899341,True,,,,,,,,,True,complete,full_input,,0.1265846700407564,solver final filtering and index remapping; caller metric conversion excluded,r5-v1,,excluded_precomputed,,True,,,fresh_retrieval,,,,0.1265846700407564,0.1281817611306905,measured_excluding_encoding,"[110, 58, 59, 1]",,Python/PBF,3.11.15,,,<paper>/revision_campaign_20260914/default/airbnb/default.csv
12,PACS,1,feasible,complete,1,1,returned,0,,100,0.3472222222222222,0.8398076586629862,0.3472222222222222,0.0352061577141284,0.0432125586085021,11240,1,0,0,0,0,0,8243.0,174.0,288,1,0.0378194632939994,0,8243,7,0,0.0080064008943736,False,,,,,,,,,True,completed,beam_search,"[32, 2, 42, 18, 15, 54, 11]",3.158487379550934e-05,solver final filtering and index remapping; caller metric conversion excluded,r5-v1,,excluded_precomputed,,True,,,fresh_retrieval,0.0188578297384083,0.0159366922453045,0.00038005085662,0.0352061577141284,0.0432125586085021,measured_excluding_encoding,"[230, 5, 4488, 80, 22, 3302, 116]","[32, 2, 42, 18, 15, 54, 11]",Python/PACS+,3.11.15,,,<paper>/revision_campaign_20260914/default/airbnb/default.csv
12,PACS_dC,0,feasible,complete,1,1,no_assignment,0,,0,0.0,0.0,0.0,0.02038220083341,0.0283886017277836,5232,1,0,0,0,0,0,,,288,1,0.0378194632939994,0,8243,7,0,0.0080064008943736,False,,,,,,,,,True,completed,beam_search,"[32, 2, 42, 18, 15, 54, 11]",1.587066799402237e-05,solver final filtering and index remapping; caller metric conversion excluded,r5-v1,,excluded_precomputed,,True,,,fresh_retrieval,0.0178931644186377,0.0024696607142686,3.5050325095653534e-06,0.02038220083341,0.0283886017277836,measured_excluding_encoding,"[230, 5, 4488, 80, 22, 3302, 116]","[32, 2, 42, 18, 15, 54, 11]",Python/PACS_dC,3.11.15,,,<paper>/revision_campaign_20260914/default/airbnb/default.csv
12,PBS-unbounded,1,feasible,complete,1,1,returned,0,,288,1.0,1.0,1.0,0.0377481551840901,0.0457545560784637,21943,1,0,0,0,0,0,8243.0,174.0,288,1,0.0378194632939994,0,8243,7,0,0.0080064008943736,True,,,,,,,,,True,completed,all_reduced_candidates,"[32, 2, 42, 18, 15, 54, 11]",3.780890256166458e-05,solver final filtering and index remapping; caller metric conversion excluded,r5-v1,,excluded_precomputed,,True,,,fresh_retrieval,0.0182207198813557,0.0184422712773084,0.0010473551228642,0.0377481551840901,0.0457545560784637,measured_excluding_encoding,"[230, 5, 4488, 80, 22, 3302, 116]","[32, 2, 42, 18, 15, 54, 11]",Python/PBS-unbounded,3.11.15,,,<paper>/revision_campaign_20260914/default/airbnb/default.csv
12,PTS,1,feasible,complete,1,1,returned,0,,81,0.1458333333333333,0.6858305932040597,0.1458333333333333,0.0275632580742239,0.0355696589685976,20681,1,0,0,0,0,0,8243.0,174.0,288,1,0.0378194632939994,0,8243,7,0,0.0080064008943736,False,,,,,,,500.0,,False,iteration_limit,fixed_candidate_tree,"[32, 2, 42, 18, 15, 50, 11]",4.918593913316727e-05,solver final filtering and index remapping; caller metric conversion excluded,r5-v1,,excluded_precomputed,,True,,,fresh_retrieval,0.01790770329535,0.0093057937920093,0.0003005750477313,0.0275632580742239,0.0355696589685976,measured_excluding_encoding,"[230, 5, 4488, 80, 22, 3302, 116]","[32, 2, 42, 18, 15, 54, 11]",Python/DFS,3.11.15,,,<paper>/revision_campaign_20260914/default/airbnb/default.csv
12,eps-ILP g=4,1,feasible,complete,1,1,returned,0,17.0,3,0.0104166666666666,0.5067095624392199,0.0104166666666666,2.2926666638813917,2.300673064775765,140131,17,0,0,0,7,0,,,288,1,0.0378194632939994,0,8243,7,0,0.0080064008943736,,,,,,,,,,True,grid_complete,configured_grid,,1.7168931663036346e-05,solver final filtering and index remapping; caller metric conversion excluded,r5-v1,,excluded_precomputed,,True,,,fresh_retrieval,0.0,2.292609491851181,4.000309854745865e-05,2.2926666638813917,2.300673064775765,measured_excluding_encoding,"[230, 5, 4488, 80, 22, 3302, 116]","[230, 5, 4488, 80, 22, 3302, 116]",scipy.optimize.milp/HiGHS,1.17.1,1.12.0,1.0,<paper>/revision_campaign_20260914/default/airbnb/default.csv
12,eps-ILP g=16,1,feasible,complete,1,1,returned,0,257.0,33,0.1145833333333333,0.8711869305315287,0.1145833333333333,27.30822791904211,27.316234319936484,2118451,257,0,0,0,39,0,,,288,1,0.0378194632939994,0,8243,7,0,0.0080064008943736,,,,,,,,,,True,grid_complete,configured_grid,,9.35560092329979e-05,solver final filtering and index remapping; caller metric conversion excluded,r5-v1,,excluded_precomputed,,True,,,fresh_retrieval,0.0,27.30273678479716,0.0053975782357156,27.30822791904211,27.316234319936484,measured_excluding_encoding,"[230, 5, 4488, 80, 22, 3302, 116]","[230, 5, 4488, 80, 22, 3302, 116]",scipy.optimize.milp/HiGHS,1.17.1,1.12.0,1.0,<paper>/revision_campaign_20260914/default/airbnb/default.csv
12,PBF,0,feasible,complete,1,1,work_limit,0,,0,0.0,0.0,0.0,2.7564819902181625e-05,0.0080339657142758,0,1,0,0,0,0,0,,,288,1,0.0378194632939994,0,8243,7,0,0.0080064008943736,False,,,,,,,,,False,combination_limit,full_input,,2.7564819902181625e-05,solver final filtering and index remapping; caller metric conversion excluded,r5-v1,,excluded_precomputed,,True,,,fresh_retrieval,,,,2.7564819902181625e-05,0.0080339657142758,measured_excluding_encoding,"[230, 5, 4488, 80, 22, 3302, 116]",,Python/PBF,3.11.15,,,<paper>/revision_campaign_20260914/default/airbnb/default.csv
13,PACS,1,feasible,complete,1,1,returned,0,,47,1.0,1.0,1.0,0.0013284860178828,0.0030790856108069,288,1,0,0,0,0,0,409.0,38.0,47,1,0.0012445477768778,0,409,3,1,0.0017505995929241,True,,,,,,,,,True,completed,all_reduced_candidates,"[5, 31, 2]",1.4704186469316484e-05,solver final filtering and index remapping; caller metric conversion excluded,r5-v1,,excluded_precomputed,,True,,,fresh_retrieval,0.00044955778867,0.0006234520114958,0.0002407720312476,0.0013284860178828,0.0030790856108069,measured_excluding_encoding,"[41, 365, 3]","[5, 31, 2]",Python/PACS+,3.11.15,,,<paper>/revision_campaign_20260914/default/airbnb/default.csv
13,PACS_dC,1,feasible,complete,1,1,returned,0,,11,0.2340425531914893,0.8566539429674734,0.2340425531914893,0.0005789082497358,0.0023295078426599,91,1,0,0,0,0,0,,,47,1,0.0012445477768778,0,409,3,1,0.0017505995929241,False,,,,,,,,,True,completed,beam_search,"[5, 31, 2]",1.1461321264505386e-05,solver final filtering and index remapping; caller metric conversion excluded,r5-v1,,excluded_precomputed,,True,,,fresh_retrieval,0.0002734838053584,0.0002546142786741,3.934884443879128e-05,0.0005789082497358,0.0023295078426599,measured_excluding_encoding,"[41, 365, 3]","[5, 31, 2]",Python/PACS_dC,3.11.15,,,<paper>/revision_campaign_20260914/default/airbnb/default.csv
13,PBS-unbounded,1,feasible,complete,1,1,returned,0,,47,1.0,1.0,1.0,0.0011456948705017,0.0028962944634258,288,1,0,0,0,0,0,409.0,38.0,47,1,0.0012445477768778,0,409,3,1,0.0017505995929241,True,,,,,,,,,True,completed,all_reduced_candidates,"[5, 31, 2]",1.4988705515861511e-05,solver final filtering and index remapping; caller metric conversion excluded,r5-v1,,excluded_precomputed,,True,,,fresh_retrieval,0.0002693352289497,0.0006246259436011,0.0002367449924349,0.0011456948705017,0.0028962944634258,measured_excluding_encoding,"[41, 365, 3]","[5, 31, 2]",Python/PBS-unbounded,3.11.15,,,<paper>/revision_campaign_20260914/default/airbnb/default.csv
13,PTS,1,feasible,complete,1,1,returned,0,,47,1.0,1.0,1.0,0.0021894099190831,0.0039400095120072,525,1,0,0,0,0,0,409.0,38.0,47,1,0.0012445477768778,0,409,3,1,0.0017505995929241,True,,,,,,,500.0,,True,completed,fixed_candidate_tree,"[5, 31, 2]",3.103073686361313e-05,solver final filtering and index remapping; caller metric conversion excluded,r5-v1,,excluded_precomputed,,True,,,fresh_retrieval,0.000265996903181,0.0017240312881767,0.0001683509908616,0.0021894099190831,0.0039400095120072,measured_excluding_encoding,"[41, 365, 3]","[5, 31, 2]",Python/DFS,3.11.15,,,<paper>/revision_campaign_20260914/default/airbnb/default.csv
13,eps-ILP g=4,1,feasible,complete,1,1,returned,0,17.0,4,0.0851063829787234,0.452108955775211,0.0851063829787234,0.1481879660859704,0.1499385656788945,6953,17,0,0,0,3,0,,,47,1,0.0012445477768778,0,409,3,1,0.0017505995929241,,,,,,,,,,True,grid_complete,configured_grid,,1.559033989906311e-05,solver final filtering and index remapping; caller metric conversion excluded,r5-v1,,excluded_precomputed,,True,,,fresh_retrieval,0.0,0.1481170277111232,5.534803494811058e-05,0.1481879660859704,0.1499385656788945,measured_excluding_encoding,"[41, 365, 3]","[41, 365, 3]",scipy.optimize.milp/HiGHS,1.17.1,1.12.0,1.0,<paper>/revision_campaign_20260914/default/airbnb/default.csv
13,eps-ILP g=16,1,feasible,complete,1,1,returned,0,257.0,18,0.3829787234042553,0.9500389449508064,0.3829787234042553,2.407446850091219,2.409197449684143,105113,257,0,0,0,24,0,,,47,1,0.0012445477768778,0,409,3,1,0.0017505995929241,,,,,,,,,,True,grid_complete,configured_grid,,5.526328459382057e-05,solver final filtering and index remapping; caller metric conversion excluded,r5-v1,,excluded_precomputed,,True,,,fresh_retrieval,0.0,2.4005795870907605,0.0068119997158646,2.407446850091219,2.409197449684143,measured_excluding_encoding,"[41, 365, 3]","[41, 365, 3]",scipy.optimize.milp/HiGHS,1.17.1,1.12.0,1.0,<paper>/revision_campaign_20260914/default/airbnb/default.csv
13,PBF,1,feasible,complete,1,1,returned,0,,47,1.0,0.9999999999999998,1.0,0.038810612168163,0.0405612117610871,134685,1,0,0,0,0,0,,,47,1,0.0012445477768778,0,409,3,1,0.0017505995929241,True,,,,,,,,,True,complete,full_input,,0.038810612168163,solver final filtering and index remapping; caller metric conversion excluded,r5-v1,,excluded_precomputed,,True,,,fresh_retrieval,,,,0.038810612168163,0.0405612117610871,measured_excluding_encoding,"[41, 365, 3]",,Python/PBF,3.11.15,,,<paper>/revision_campaign_20260914/default/airbnb/default.csv
14,PACS,1,feasible,complete,1,1,returned,0,,23,0.062330623306233,0.6098199817259631,0.062330623306233,0.0165824806317687,0.019460707437247,5439,1,0,0,0,0,0,1732.0,86.0,369,1,0.2740405639633536,0,1732,7,1,0.0028782268054783,False,,,,,,,,,True,completed,beam_search,"[5, 10, 12, 5, 27, 12, 15]",0.0001014675945043,solver final filtering and index remapping; caller metric conversion excluded,r5-v1,,excluded_precomputed,,True,,,fresh_retrieval,0.0020229569636285,0.0141330962069332,0.0003249598667025,0.0165824806317687,0.019460707437247,measured_excluding_encoding,"[9, 97, 53, 40, 981, 441, 111]","[5, 10, 12, 5, 27, 12, 15]",Python/PACS+,3.11.15,,,<paper>/revision_campaign_20260914/default/airbnb/default.csv
14,PACS_dC,1,feasible,complete,1,1,returned,0,,100,0.0,0.44236611802031,0.0,0.0115044647827744,0.0143826915882527,4347,1,0,0,0,0,0,,,369,1,0.2740405639633536,0,1732,7,1,0.0028782268054783,False,,,,,,,,,True,completed,beam_search,"[5, 10, 12, 5, 27, 12, 15]",8.344277739524841e-05,solver final filtering and index remapping; caller metric conversion excluded,r5-v1,,excluded_precomputed,,True,,,fresh_retrieval,0.0015914891846477,0.0094640059396624,0.0003655268810689,0.0115044647827744,0.0143826915882527,measured_excluding_encoding,"[9, 97, 53, 40, 981, 441, 111]","[5, 10, 12, 5, 27, 12, 15]",Python/PACS_dC,3.11.15,,,<paper>/revision_campaign_20260914/default/airbnb/default.csv
14,PBS-unbounded,1,feasible,complete,1,1,returned,0,,369,1.0,1.0,1.0,0.0315821883268654,0.0344604151323437,10329,1,0,0,0,0,0,1732.0,86.0,369,1,0.2740405639633536,0,1732,7,1,0.0028782268054783,True,,,,,,,,,True,completed,all_reduced_candidates,"[5, 10, 12, 5, 27, 12, 15]",0.000266449060291,solver final filtering and index remapping; caller metric conversion excluded,r5-v1,,excluded_precomputed,,True,,,fresh_retrieval,0.0015103281475603,0.027657666709274,0.0021477444097399,0.0315821883268654,0.0344604151323437,measured_excluding_encoding,"[9, 97, 53, 40, 981, 441, 111]","[5, 10, 12, 5, 27, 12, 15]",Python/PBS-unbounded,3.11.15,,,<paper>/revision_campaign_20260914/default/airbnb/default.csv
14,PTS,1,feasible,complete,1,1,returned,0,,143,0.0,0.4747046352025411,0.0,0.013939700089395,0.0168179268948733,4728,1,0,0,0,0,0,1732.0,86.0,369,1,0.2740405639633536,0,1732,7,1,0.0028782268054783,False,,,,,,,500.0,,False,iteration_limit,fixed_candidate_tree,"[5, 10, 12, 5, 27, 12, 15]",5.366513505578041e-05,solver final filtering and index remapping; caller metric conversion excluded,r5-v1,,excluded_precomputed,,True,,,fresh_retrieval,0.0014861039817333,0.0118840900249779,0.000515840947628,0.013939700089395,0.0168179268948733,measured_excluding_encoding,"[9, 97, 53, 40, 981, 441, 111]","[5, 10, 12, 5, 27, 12, 15]",Python/DFS,3.11.15,,,<paper>/revision_campaign_20260914/default/airbnb/default.csv
14,eps-ILP g=4,1,feasible,complete,1,1,returned,0,17.0,4,0.010840108401084,0.2682125719354397,0.010840108401084,0.4356875992380082,0.4385658260434866,29444,17,0,0,0,4,0,,,369,1,0.2740405639633536,0,1732,7,1,0.0028782268054783,,,,,,,,,,True,grid_complete,configured_grid,,1.7327256500720978e-05,solver final filtering and index remapping; caller metric conversion excluded,r5-v1,,excluded_precomputed,,True,,,fresh_retrieval,0.0,0.4356178320012986,5.243998020887375e-05,0.4356875992380082,0.4385658260434866,measured_excluding_encoding,"[9, 97, 53, 40, 981, 441, 111]","[9, 97, 53, 40, 981, 441, 111]",scipy.optimize.milp/HiGHS,1.17.1,1.12.0,1.0,<paper>/revision_campaign_20260914/default/airbnb/default.csv
14,eps-ILP g=16,1,feasible,complete,1,1,returned,0,257.0,32,0.086720867208672,0.8333144572675089,0.086720867208672,7.419281329959631,7.422159556765109,445124,257,0,0,0,26,0,,,369,1,0.2740405639633536,0,1732,7,1,0.0028782268054783,,,,,,,,,,True,grid_complete,configured_grid,,5.678413435816765e-05,solver final filtering and index remapping; caller metric conversion excluded,r5-v1,,excluded_precomputed,,True,,,fresh_retrieval,0.0,7.413138568866998,0.0060859769582748,7.419281329959631,7.422159556765109,measured_excluding_encoding,"[9, 97, 53, 40, 981, 441, 111]","[9, 97, 53, 40, 981, 441, 111]",scipy.optimize.milp/HiGHS,1.17.1,1.12.0,1.0,<paper>/revision_campaign_20260914/default/airbnb/default.csv
14,PBF,0,feasible,complete,1,1,work_limit,0,,0,0.0,0.0,0.0,2.645188942551613e-05,0.0029046786949038,0,1,0,0,0,0,0,,,369,1,0.2740405639633536,0,1732,7,1,0.0028782268054783,False,,,,,,,,,False,combination_limit,full_input,,2.645188942551613e-05,solver final filtering and index remapping; caller metric conversion excluded,r5-v1,,excluded_precomputed,,True,,,fresh_retrieval,,,,2.645188942551613e-05,0.0029046786949038,measured_excluding_encoding,"[9, 97, 53, 40, 981, 441, 111]",,Python/PBF,3.11.15,,,<paper>/revision_campaign_20260914/default/airbnb/default.csv
15,PACS,1,feasible,complete,1,1,returned,0,,100,0.2369668246445497,0.9015596945863278,0.2369668246445497,0.0275526782497763,0.0327788959257304,8176,1,0,0,0,0,0,5044.0,122.0,422,1,0.0468708309344947,0,5044,6,1,0.0052262176759541,False,,,,,,,,,True,completed,beam_search,"[24, 19, 12, 6, 48, 13]",3.148103132843971e-05,solver final filtering and index remapping; caller metric conversion excluded,r5-v1,,excluded_precomputed,,True,,,fresh_retrieval,0.004795460961759,0.0223794970661401,0.0003462391905486,0.0275526782497763,0.0327788959257304,measured_excluding_encoding,"[277, 135, 368, 6, 4131, 127]","[24, 19, 12, 6, 48, 13]",Python/PACS+,3.11.15,,,<paper>/revision_campaign_20260914/default/airbnb/default.csv
15,PACS_dC,1,feasible,complete,1,1,returned,0,,44,0.0236966824644549,0.2036348434878527,0.0236966824644549,0.008235849905759,0.0134620675817132,3154,1,0,0,0,0,0,,,422,1,0.0468708309344947,0,5044,6,1,0.0052262176759541,False,,,,,,,,,True,completed,beam_search,"[24, 19, 12, 6, 48, 13]",1.7887912690639496e-05,solver final filtering and index remapping; caller metric conversion excluded,r5-v1,,excluded_precomputed,,True,,,fresh_retrieval,0.0045737689360976,0.0034930310212075,0.0001511620357632,0.008235849905759,0.0134620675817132,measured_excluding_encoding,"[277, 135, 368, 6, 4131, 127]","[24, 19, 12, 6, 48, 13]",Python/PACS_dC,3.11.15,,,<paper>/revision_campaign_20260914/default/airbnb/default.csv
15,PBS-unbounded,1,feasible,complete,1,1,returned,0,,422,1.0,1.0,1.0,0.0464003691449761,0.0516265868209302,21924,1,0,0,0,0,0,5044.0,122.0,422,1,0.0468708309344947,0,5044,6,1,0.0052262176759541,True,,,,,,,,,True,completed,all_reduced_candidates,"[24, 19, 12, 6, 48, 13]",0.0001532575115561,solver final filtering and index remapping; caller metric conversion excluded,r5-v1,,excluded_precomputed,,True,,,fresh_retrieval,0.0047034146264195,0.0392127041704952,0.0023309928365051,0.0464003691449761,0.0516265868209302,measured_excluding_encoding,"[277, 135, 368, 6, 4131, 127]","[24, 19, 12, 6, 48, 13]",Python/PBS-unbounded,3.11.15,,,<paper>/revision_campaign_20260914/default/airbnb/default.csv
15,PTS,1,feasible,complete,1,1,returned,0,,135,0.0616113744075829,0.4662578969810197,0.0616113744075829,0.0169509188272058,0.02217713650316,9048,1,0,0,0,0,0,5044.0,122.0,422,1,0.0468708309344947,0,5044,6,1,0.0052262176759541,False,,,,,,,500.0,,False,iteration_limit,fixed_candidate_tree,"[24, 19, 12, 6, 48, 13]",5.45550137758255e-05,solver final filtering and index remapping; caller metric conversion excluded,r5-v1,,excluded_precomputed,,True,,,fresh_retrieval,0.0048075490631163,0.0116141997277736,0.00047461502254,0.0169509188272058,0.02217713650316,measured_excluding_encoding,"[277, 135, 368, 6, 4131, 127]","[24, 19, 12, 6, 48, 13]",Python/DFS,3.11.15,,,<paper>/revision_campaign_20260914/default/airbnb/default.csv
15,eps-ILP g=4,1,feasible,complete,1,1,returned,0,17.0,5,0.0118483412322274,0.3692669672489375,0.0118483412322274,1.322795961983502,1.328022179659456,85748,17,0,0,0,4,0,,,422,1,0.0468708309344947,0,5044,6,1,0.0052262176759541,,,,,,,,,,True,grid_complete,configured_grid,,2.323603257536888e-05,solver final filtering and index remapping; caller metric conversion excluded,r5-v1,,excluded_precomputed,,True,,,fresh_retrieval,0.0,1.3227190850302577,5.364092066884041e-05,1.322795961983502,1.328022179659456,measured_excluding_encoding,"[277, 135, 368, 6, 4131, 127]","[277, 135, 368, 6, 4131, 127]",scipy.optimize.milp/HiGHS,1.17.1,1.12.0,1.0,<paper>/revision_campaign_20260914/default/airbnb/default.csv
15,eps-ILP g=16,1,feasible,complete,1,1,returned,0,257.0,21,0.0497630331753554,0.7265661836459114,0.0497630331753554,17.216039679944515,17.22126589762047,1296308,257,0,0,0,30,0,,,422,1,0.0468708309344947,0,5044,6,1,0.0052262176759541,,,,,,,,,,True,grid_complete,configured_grid,,8.10590572655201e-05,solver final filtering and index remapping; caller metric conversion excluded,r5-v1,,excluded_precomputed,,True,,,fresh_retrieval,0.0,17.209985031746328,0.0059735891409218,17.216039679944515,17.22126589762047,measured_excluding_encoding,"[277, 135, 368, 6, 4131, 127]","[277, 135, 368, 6, 4131, 127]",scipy.optimize.milp/HiGHS,1.17.1,1.12.0,1.0,<paper>/revision_campaign_20260914/default/airbnb/default.csv
15,PBF,0,feasible,complete,1,1,work_limit,0,,0,0.0,0.0,0.0,2.95308418571949e-05,0.0052557485178112,0,1,0,0,0,0,0,,,422,1,0.0468708309344947,0,5044,6,1,0.0052262176759541,False,,,,,,,,,False,combination_limit,full_input,,2.95308418571949e-05,solver final filtering and index remapping; caller metric conversion excluded,r5-v1,,excluded_precomputed,,True,,,fresh_retrieval,,,,2.95308418571949e-05,0.0052557485178112,measured_excluding_encoding,"[277, 135, 368, 6, 4131, 127]",,Python/PBF,3.11.15,,,<paper>/revision_campaign_20260914/default/airbnb/default.csv
16,PACS,1,feasible,complete,1,1,returned,0,,26,0.0635696821515892,0.6849918987586744,0.0635696821515892,0.0213333978317677,0.0272403508424758,4329,1,0,0,0,0,0,5322.0,96.0,409,1,0.0560217229649424,0,5322,4,1,0.005906953010708,False,,,,,,,,,True,completed,beam_search,"[2, 35, 31, 28]",0.0001553599722683,solver final filtering and index remapping; caller metric conversion excluded,r5-v1,,excluded_precomputed,,True,,,fresh_retrieval,0.0057040620595216,0.0151443979702889,0.0003295778296887,0.0213333978317677,0.0272403508424758,measured_excluding_encoding,"[3, 222, 4727, 370]","[2, 35, 31, 28]",Python/PACS+,3.11.15,,,<paper>/revision_campaign_20260914/default/airbnb/default.csv
16,PACS_dC,1,feasible,complete,1,1,returned,0,,100,0.0635696821515892,0.8136163034642311,0.0635696821515892,0.0148563161492347,0.0207632691599428,2344,1,0,0,0,0,0,,,409,1,0.0560217229649424,0,5322,4,1,0.005906953010708,False,,,,,,,,,True,completed,beam_search,"[2, 35, 31, 28]",0.0001092720776796,solver final filtering and index remapping; caller metric conversion excluded,r5-v1,,excluded_precomputed,,True,,,fresh_retrieval,0.0055434228852391,0.0088411578908562,0.0003624632954597,0.0148563161492347,0.0207632691599428,measured_excluding_encoding,"[3, 222, 4727, 370]","[2, 35, 31, 28]",Python/PACS_dC,3.11.15,,,<paper>/revision_campaign_20260914/default/airbnb/default.csv
16,PBS-unbounded,1,feasible,complete,1,1,returned,0,,409,1.0,1.0,1.0,0.0556957703083753,0.0616027233190834,11665,1,0,0,0,0,0,5322.0,96.0,409,1,0.0560217229649424,0,5322,4,1,0.005906953010708,True,,,,,,,,,True,completed,all_reduced_candidates,"[2, 35, 31, 28]",0.0005713449791073,solver final filtering and index remapping; caller metric conversion excluded,r5-v1,,excluded_precomputed,,True,,,fresh_retrieval,0.0055484073236584,0.0458014458417892,0.0037745721638202,0.0556957703083753,0.0616027233190834,measured_excluding_encoding,"[3, 222, 4727, 370]","[2, 35, 31, 28]",Python/PBS-unbounded,3.11.15,,,<paper>/revision_campaign_20260914/default/airbnb/default.csv
16,PTS,1,feasible,complete,1,1,returned,0,,95,0.1564792176039119,0.7919914249549898,0.1564792176039119,0.017425037920475,0.0233319909311831,3089,1,0,0,0,0,0,5322.0,96.0,409,1,0.0560217229649424,0,5322,4,1,0.005906953010708,False,,,,,,,500.0,,False,iteration_limit,fixed_candidate_tree,"[2, 35, 31, 28]",4.4276006519794464e-05,solver final filtering and index remapping; caller metric conversion excluded,r5-v1,,excluded_precomputed,,True,,,fresh_retrieval,0.0054074949584901,0.0116312559694051,0.0003420109860599,0.017425037920475,0.0233319909311831,measured_excluding_encoding,"[3, 222, 4727, 370]","[2, 35, 31, 28]",Python/DFS,3.11.15,,,<paper>/revision_campaign_20260914/default/airbnb/default.csv
16,eps-ILP g=4,1,feasible,complete,1,1,returned,0,17.0,4,0.0097799511002444,0.4593501188819411,0.0097799511002444,1.332985681015998,1.3388926340267062,90474,17,0,0,0,1,0,,,409,1,0.0560217229649424,0,5322,4,1,0.005906953010708,,,,,,,,,,True,grid_complete,configured_grid,,1.7753802239894867e-05,solver final filtering and index remapping; caller metric conversion excluded,r5-v1,,excluded_precomputed,,True,,,fresh_retrieval,0.0,1.3328988561406732,6.907107308506966e-05,1.332985681015998,1.3388926340267062,measured_excluding_encoding,"[3, 222, 4727, 370]","[3, 222, 4727, 370]",scipy.optimize.milp/HiGHS,1.17.1,1.12.0,1.0,<paper>/revision_campaign_20260914/default/airbnb/default.csv
16,eps-ILP g=16,1,feasible,complete,1,1,returned,0,257.0,16,0.0391198044009779,0.7329870943109508,0.0391198044009779,17.050073709804565,17.055980662815273,1367754,257,0,0,0,2,0,,,409,1,0.0560217229649424,0,5322,4,1,0.005906953010708,,,,,,,,,,True,grid_complete,configured_grid,,5.819695070385933e-05,solver final filtering and index remapping; caller metric conversion excluded,r5-v1,,excluded_precomputed,,True,,,fresh_retrieval,0.0,17.04190172161907,0.0081137912347912,17.050073709804565,17.055980662815273,measured_excluding_encoding,"[3, 222, 4727, 370]","[3, 222, 4727, 370]",scipy.optimize.milp/HiGHS,1.17.1,1.12.0,1.0,<paper>/revision_campaign_20260914/default/airbnb/default.csv
16,PBF,0,feasible,complete,1,1,work_limit,0,,0,0.0,0.0,0.0,2.3543834686279297e-05,0.0059304968453943,0,1,0,0,0,0,0,,,409,1,0.0560217229649424,0,5322,4,1,0.005906953010708,False,,,,,,,,,False,combination_limit,full_input,,2.3543834686279297e-05,solver final filtering and index remapping; caller metric conversion excluded,r5-v1,,excluded_precomputed,,True,,,fresh_retrieval,,,,2.3543834686279297e-05,0.0059304968453943,measured_excluding_encoding,"[3, 222, 4727, 370]",,Python/PBF,3.11.15,,,<paper>/revision_campaign_20260914/default/airbnb/default.csv
17,PACS,1,feasible,complete,1,1,returned,0,,100,0.7246376811594203,0.9471004109319758,0.7246376811594203,0.0130960149690508,0.0163223962299525,8787,1,0,0,0,0,0,2288.0,131.0,138,1,0.0132850953377783,0,2288,8,0,0.0032263812609016,False,,,,,,,,,True,completed,beam_search,"[9, 14, 20, 13, 32, 20, 6, 17]",3.198767080903053e-05,solver final filtering and index remapping; caller metric conversion excluded,r5-v1,,excluded_precomputed,,True,,,fresh_retrieval,0.0019568931311368,0.010732295922935,0.0003748382441699,0.0130960149690508,0.0163223962299525,measured_excluding_encoding,"[46, 20, 92, 70, 457, 385, 23, 1195]","[9, 14, 20, 13, 32, 20, 6, 17]",Python/PACS+,3.11.15,,,<paper>/revision_campaign_20260914/default/airbnb/default.csv
17,PACS_dC,0,feasible,complete,1,1,no_assignment,0,,0,0.0,0.0,0.0,0.0024286098778247,0.0056549911387264,1913,1,0,0,0,0,0,,,138,1,0.0132850953377783,0,2288,8,0,0.0032263812609016,False,,,,,,,,,True,completed,beam_search,"[9, 14, 20, 13, 32, 20, 6, 17]",1.933518797159195e-05,solver final filtering and index remapping; caller metric conversion excluded,r5-v1,,excluded_precomputed,,True,,,fresh_retrieval,0.0016810158267617,0.0007249070331454,3.351829946041107e-06,0.0024286098778247,0.0056549911387264,measured_excluding_encoding,"[46, 20, 92, 70, 457, 385, 23, 1195]","[9, 14, 20, 13, 32, 20, 6, 17]",Python/PACS_dC,3.11.15,,,<paper>/revision_campaign_20260914/default/airbnb/default.csv
17,PBS-unbounded,1,feasible,complete,1,1,returned,0,,138,1.0,1.0,1.0,0.0132700786925852,0.0164964599534869,11115,1,0,0,0,0,0,2288.0,131.0,138,1,0.0132850953377783,0,2288,8,0,0.0032263812609016,True,,,,,,,,,True,completed,all_reduced_candidates,"[9, 14, 20, 13, 32, 20, 6, 17]",3.474066033959389e-05,solver final filtering and index remapping; caller metric conversion excluded,r5-v1,,excluded_precomputed,,True,,,fresh_retrieval,0.0016629360616207,0.011097066104412,0.0004753358662128,0.0132700786925852,0.0164964599534869,measured_excluding_encoding,"[46, 20, 92, 70, 457, 385, 23, 1195]","[9, 14, 20, 13, 32, 20, 6, 17]",Python/PBS-unbounded,3.11.15,,,<paper>/revision_campaign_20260914/default/airbnb/default.csv
17,PTS,1,feasible,complete,1,1,returned,0,,105,0.3840579710144927,0.8763458438987456,0.3840579710144927,0.0124432020820677,0.0156695833429694,12780,1,0,0,0,0,0,2288.0,131.0,138,1,0.0132850953377783,0,2288,8,0,0.0032263812609016,False,,,,,,,500.0,,False,iteration_limit,fixed_candidate_tree,"[9, 14, 20, 13, 32, 20, 6, 17]",5.5693089962005615e-05,solver final filtering and index remapping; caller metric conversion excluded,r5-v1,,excluded_precomputed,,True,,,fresh_retrieval,0.0016539343632757,0.0103539689444005,0.0003796056844294,0.0124432020820677,0.0156695833429694,measured_excluding_encoding,"[46, 20, 92, 70, 457, 385, 23, 1195]","[9, 14, 20, 13, 32, 20, 6, 17]",Python/DFS,3.11.15,,,<paper>/revision_campaign_20260914/default/airbnb/default.csv
17,eps-ILP g=4,1,feasible,complete,1,1,returned,0,17.0,2,0.0144927536231884,0.0765117526542527,0.0144927536231884,0.615369678940624,0.6185960602015257,38896,17,0,0,0,10,0,,,138,1,0.0132850953377783,0,2288,8,0,0.0032263812609016,,,,,,,,,,True,grid_complete,configured_grid,,1.660175621509552e-05,solver final filtering and index remapping; caller metric conversion excluded,r5-v1,,excluded_precomputed,,True,,,fresh_retrieval,0.0,0.6153237842954695,2.929288893938065e-05,0.615369678940624,0.6185960602015257,measured_excluding_encoding,"[46, 20, 92, 70, 457, 385, 23, 1195]","[46, 20, 92, 70, 457, 385, 23, 1195]",scipy.optimize.milp/HiGHS,1.17.1,1.12.0,1.0,<paper>/revision_campaign_20260914/default/airbnb/default.csv
17,eps-ILP g=16,1,feasible,complete,1,1,returned,0,257.0,19,0.1376811594202898,0.7889599776872274,0.1376811594202898,8.69917676737532,8.702403148636222,588016,257,0,0,0,131,0,,,138,1,0.0132850953377783,0,2288,8,0,0.0032263812609016,,,,,,,,,,True,grid_complete,configured_grid,,3.680912777781487e-05,solver final filtering and index remapping; caller metric conversion excluded,r5-v1,,excluded_precomputed,,True,,,fresh_retrieval,0.0,8.697240726090968,0.0018992321565747,8.69917676737532,8.702403148636222,measured_excluding_encoding,"[46, 20, 92, 70, 457, 385, 23, 1195]","[46, 20, 92, 70, 457, 385, 23, 1195]",scipy.optimize.milp/HiGHS,1.17.1,1.12.0,1.0,<paper>/revision_campaign_20260914/default/airbnb/default.csv
17,PBF,0,feasible,complete,1,1,work_limit,0,,0,0.0,0.0,0.0,1.5872064977884293e-05,0.0032422533258795,0,1,0,0,0,0,0,,,138,1,0.0132850953377783,0,2288,8,0,0.0032263812609016,False,,,,,,,,,False,combination_limit,full_input,,1.5872064977884293e-05,solver final filtering and index remapping; caller metric conversion excluded,r5-v1,,excluded_precomputed,,True,,,fresh_retrieval,,,,1.5872064977884293e-05,0.0032422533258795,measured_excluding_encoding,"[46, 20, 92, 70, 457, 385, 23, 1195]",,Python/PBF,3.11.15,,,<paper>/revision_campaign_20260914/default/airbnb/default.csv
18,PACS,1,feasible,complete,1,1,returned,0,,100,0.0037509377344336,0.6651305758145856,0.0037509377344336,0.0455579962581396,0.1520020551979541,11418,1,0,0,0,0,0,7283.0,155.0,1333,1,0.2405779277905821,0,7283,8,1,0.1064440589398145,False,,,,,,,,,True,completed,beam_search,"[20, 8, 34, 10, 46, 19, 9, 9]",4.8158224672079086e-05,solver final filtering and index remapping; caller metric conversion excluded,r5-v1,,excluded_precomputed,,True,,,fresh_retrieval,0.0086637428030371,0.0364760709926486,0.0003700242377817,0.0455579962581396,0.1520020551979541,measured_excluding_encoding,"[161, 51, 453, 93, 6180, 297, 19, 29]","[20, 8, 34, 10, 46, 19, 9, 9]",Python/PACS+,3.11.15,,,<paper>/revision_campaign_20260914/default/airbnb/default.csv
18,PACS_dC,1,feasible,complete,1,1,returned,0,,100,0.0,0.1609563070090461,0.0,0.0322008333168923,0.1386448922567069,8188,1,0,0,0,0,0,,,1333,1,0.2405779277905821,0,7283,8,1,0.1064440589398145,False,,,,,,,,,True,completed,beam_search,"[20, 8, 34, 10, 46, 19, 9, 9]",3.195274621248245e-05,solver final filtering and index remapping; caller metric conversion excluded,r5-v1,,excluded_precomputed,,True,,,fresh_retrieval,0.0084607326425611,0.0233576730825006,0.000350474845618,0.0322008333168923,0.1386448922567069,measured_excluding_encoding,"[161, 51, 453, 93, 6180, 297, 19, 29]","[20, 8, 34, 10, 46, 19, 9, 9]",Python/PACS_dC,3.11.15,,,<paper>/revision_campaign_20260914/default/airbnb/default.csv
18,PBS-unbounded,1,feasible,complete,1,1,returned,0,,1333,1.0,1.0,1.0,0.4665955589152872,0.5730396178551018,74762,1,0,0,0,0,0,7283.0,155.0,1333,1,0.2405779277905821,0,7283,8,1,0.1064440589398145,True,,,,,,,,,True,completed,all_reduced_candidates,"[20, 8, 34, 10, 46, 19, 9, 9]",0.0005825129337608,solver final filtering and index remapping; caller metric conversion excluded,r5-v1,,excluded_precomputed,,True,,,fresh_retrieval,0.0087789897806942,0.4498827559873462,0.0073513002134859,0.4665955589152872,0.5730396178551018,measured_excluding_encoding,"[161, 51, 453, 93, 6180, 297, 19, 29]","[20, 8, 34, 10, 46, 19, 9, 9]",Python/PBS-unbounded,3.11.15,,,<paper>/revision_campaign_20260914/default/airbnb/default.csv
18,PTS,1,feasible,complete,1,1,returned,0,,91,0.0,0.0865156758051844,0.0,0.0190774179063737,0.1255214768461883,10706,1,0,0,0,0,0,7283.0,155.0,1333,1,0.2405779277905821,0,7283,8,1,0.1064440589398145,False,,,,,,,500.0,,False,iteration_limit,fixed_candidate_tree,"[20, 8, 34, 10, 46, 19, 9, 9]",5.564652383327484e-05,solver final filtering and index remapping; caller metric conversion excluded,r5-v1,,excluded_precomputed,,True,,,fresh_retrieval,0.0085275182500481,0.0101581020280718,0.0003361511044204,0.0190774179063737,0.1255214768461883,measured_excluding_encoding,"[161, 51, 453, 93, 6180, 297, 19, 29]","[20, 8, 34, 10, 46, 19, 9, 9]",Python/DFS,3.11.15,,,<paper>/revision_campaign_20260914/default/airbnb/default.csv
18,eps-ILP g=4,1,feasible,complete,1,1,returned,0,17.0,4,0.0030007501875468,0.3492838753654987,0.0030007501875468,2.179382272064686,2.2858263310045004,123811,17,0,0,0,4,0,,,1333,1,0.2405779277905821,0,7283,8,1,0.1064440589398145,,,,,,,,,,True,grid_complete,configured_grid,,1.747114583849907e-05,solver final filtering and index remapping; caller metric conversion excluded,r5-v1,,excluded_precomputed,,True,,,fresh_retrieval,0.0,2.1793115311302245,5.326978862285614e-05,2.179382272064686,2.2858263310045004,measured_excluding_encoding,"[161, 51, 453, 93, 6180, 297, 19, 29]","[161, 51, 453, 93, 6180, 297, 19, 29]",scipy.optimize.milp/HiGHS,1.17.1,1.12.0,1.0,<paper>/revision_campaign_20260914/default/airbnb/default.csv
18,eps-ILP g=16,1,feasible,complete,1,1,returned,0,257.0,60,0.0450112528132033,0.9183482028046462,0.0450112528132033,28.74940471025184,28.855848769191653,1871731,257,0,0,0,16,0,,,1333,1,0.2405779277905821,0,7283,8,1,0.1064440589398145,,,,,,,,,,True,grid_complete,configured_grid,,7.828744128346443e-05,solver final filtering and index remapping; caller metric conversion excluded,r5-v1,,excluded_precomputed,,True,,,fresh_retrieval,0.0,28.74280579900369,0.006520623806864,28.74940471025184,28.855848769191653,measured_excluding_encoding,"[161, 51, 453, 93, 6180, 297, 19, 29]","[161, 51, 453, 93, 6180, 297, 19, 29]",scipy.optimize.milp/HiGHS,1.17.1,1.12.0,1.0,<paper>/revision_campaign_20260914/default/airbnb/default.csv
18,PBF,0,feasible,complete,1,1,work_limit,0,,0,0.0,0.0,0.0,3.108801320195198e-05,0.1064751469530165,0,1,0,0,0,0,0,,,1333,1,0.2405779277905821,0,7283,8,1,0.1064440589398145,False,,,,,,,,,False,combination_limit,full_input,,3.108801320195198e-05,solver final filtering and index remapping; caller metric conversion excluded,r5-v1,,excluded_precomputed,,True,,,fresh_retrieval,,,,3.108801320195198e-05,0.1064751469530165,measured_excluding_encoding,"[161, 51, 453, 93, 6180, 297, 19, 29]",,Python/PBF,3.11.15,,,<paper>/revision_campaign_20260914/default/airbnb/default.csv
19,PACS,1,feasible,complete,1,1,returned,0,,51,1.0,1.0,1.0,0.0026856367476284,0.0051144738681614,588,1,0,0,0,0,0,670.0,45.0,51,1,0.0025794277898967,0,670,3,0,0.0024288371205329,True,,,,,,,,,True,completed,all_reduced_candidates,"[12, 30, 3]",1.3640616089105606e-05,solver final filtering and index remapping; caller metric conversion excluded,r5-v1,,excluded_precomputed,,True,,,fresh_retrieval,0.0017819167114794,0.0007136473432183,0.0001764320768415,0.0026856367476284,0.0051144738681614,measured_excluding_encoding,"[158, 508, 4]","[12, 30, 3]",Python/PACS+,3.11.15,,,<paper>/revision_campaign_20260914/default/airbnb/default.csv
19,PACS_dC,1,feasible,complete,1,1,returned,0,,3,0.0392156862745098,0.4213643305546996,0.0392156862745098,0.0021243509836494,0.0045531881041824,393,1,0,0,0,0,0,,,51,1,0.0025794277898967,0,670,3,0,0.0024288371205329,False,,,,,,,,,True,completed,beam_search,"[12, 30, 3]",1.156982034444809e-05,solver final filtering and index remapping; caller metric conversion excluded,r5-v1,,excluded_precomputed,,True,,,fresh_retrieval,0.0015511852689087,0.0005448251031339,1.677079126238823e-05,0.0021243509836494,0.0045531881041824,measured_excluding_encoding,"[158, 508, 4]","[12, 30, 3]",Python/PACS_dC,3.11.15,,,<paper>/revision_campaign_20260914/default/airbnb/default.csv
19,PBS-unbounded,1,feasible,complete,1,1,returned,0,,51,1.0,1.0,1.0,0.00257926620543,0.005008103325963,588,1,0,0,0,0,0,670.0,45.0,51,1,0.0025794277898967,0,670,3,0,0.0024288371205329,True,,,,,,,,,True,completed,all_reduced_candidates,"[12, 30, 3]",1.930585131049156e-05,solver final filtering and index remapping; caller metric conversion excluded,r5-v1,,excluded_precomputed,,True,,,fresh_retrieval,0.0016588950529694,0.0007227370515465,0.0001783282496035,0.00257926620543,0.005008103325963,measured_excluding_encoding,"[158, 508, 4]","[12, 30, 3]",Python/PBS-unbounded,3.11.15,,,<paper>/revision_campaign_20260914/default/airbnb/default.csv
19,PTS,1,feasible,complete,1,1,returned,0,,51,1.0,1.0,1.0,0.0035353847779333,0.0059642218984663,705,1,0,0,0,0,0,670.0,45.0,51,1,0.0025794277898967,0,670,3,0,0.0024288371205329,True,,,,,,,500.0,,True,completed,fixed_candidate_tree,"[12, 30, 3]",2.8125476092100143e-05,solver final filtering and index remapping; caller metric conversion excluded,r5-v1,,excluded_precomputed,,True,,,fresh_retrieval,0.0015293392352759,0.0017965431325137,0.0001813769340515,0.0035353847779333,0.0059642218984663,measured_excluding_encoding,"[158, 508, 4]","[12, 30, 3]",Python/DFS,3.11.15,,,<paper>/revision_campaign_20260914/default/airbnb/default.csv
19,eps-ILP g=4,1,feasible,complete,1,1,returned,0,17.0,4,0.0784313725490196,0.7275896101758436,0.0784313725490196,0.1887620911002159,0.1911909282207489,11390,17,0,0,0,7,0,,,51,1,0.0025794277898967,0,670,3,0,0.0024288371205329,,,,,,,,,,True,grid_complete,configured_grid,,1.584179699420929e-05,solver final filtering and index remapping; caller metric conversion excluded,r5-v1,,excluded_precomputed,,True,,,fresh_retrieval,0.0,0.188706936314702,3.931298851966858e-05,0.1887620911002159,0.1911909282207489,measured_excluding_encoding,"[158, 508, 4]","[158, 508, 4]",scipy.optimize.milp/HiGHS,1.17.1,1.12.0,1.0,<paper>/revision_campaign_20260914/default/airbnb/default.csv
19,eps-ILP g=16,1,feasible,complete,1,1,returned,0,257.0,20,0.392156862745098,0.9615504258611156,0.392156862745098,2.7560341181233525,2.758462955243885,172190,257,0,0,0,61,0,,,51,1,0.0025794277898967,0,670,3,0,0.0024288371205329,,,,,,,,,,True,grid_complete,configured_grid,,3.958679735660553e-05,solver final filtering and index remapping; caller metric conversion excluded,r5-v1,,excluded_precomputed,,True,,,fresh_retrieval,0.0,2.751434517093003,0.0045600142329931,2.7560341181233525,2.758462955243885,measured_excluding_encoding,"[158, 508, 4]","[158, 508, 4]",scipy.optimize.milp/HiGHS,1.17.1,1.12.0,1.0,<paper>/revision_campaign_20260914/default/airbnb/default.csv
19,PBF,1,feasible,complete,1,1,returned,0,,51,1.0,1.0,1.0,0.0872022788971662,0.0896311160176992,963168,1,0,0,0,0,0,,,51,1,0.0025794277898967,0,670,3,0,0.0024288371205329,True,,,,,,,,,True,complete,full_input,,0.0872022788971662,solver final filtering and index remapping; caller metric conversion excluded,r5-v1,,excluded_precomputed,,True,,,fresh_retrieval,,,,0.0872022788971662,0.0896311160176992,measured_excluding_encoding,"[158, 508, 4]",,Python/PBF,3.11.15,,,<paper>/revision_campaign_20260914/default/airbnb/default.csv
20,PACS,1,feasible,complete,1,1,returned,0,,26,1.0,1.0,1.0,0.0012075011618435,0.0030390629544854,486,1,0,0,0,0,0,510.0,36.0,26,1,0.0010546869598329,0,510,4,1,0.0018315617926418,True,,,,,,,,,True,completed,all_reduced_candidates,"[18, 6, 9, 3]",1.2488104403018951e-05,solver final filtering and index remapping; caller metric conversion excluded,r5-v1,,excluded_precomputed,,True,,,fresh_retrieval,0.000431406777352,0.0006127823144197,0.0001508239656686,0.0012075011618435,0.0030390629544854,measured_excluding_encoding,"[274, 16, 197, 23]","[18, 6, 9, 3]",Python/PACS+,3.11.15,,,<paper>/revision_campaign_20260914/default/airbnb/default.csv
20,PACS_dC,1,feasible,complete,1,1,returned,0,,7,0.1923076923076923,0.6892930530271607,0.1923076923076923,0.0006103557534515,0.0024419175460934,168,1,0,0,0,0,0,,,26,1,0.0010546869598329,0,510,4,1,0.0018315617926418,False,,,,,,,,,True,completed,beam_search,"[18, 6, 9, 3]",1.7080456018447876e-05,solver final filtering and index remapping; caller metric conversion excluded,r5-v1,,excluded_precomputed,,True,,,fresh_retrieval,0.0003140931949019,0.000250571873039,2.86102294921875e-05,0.0006103557534515,0.0024419175460934,measured_excluding_encoding,"[274, 16, 197, 23]","[18, 6, 9, 3]",Python/PACS_dC,3.11.15,,,<paper>/revision_campaign_20260914/default/airbnb/default.csv
20,PBS-unbounded,1,feasible,complete,1,1,returned,0,,26,1.0,1.0,1.0,0.0010236892849206,0.0028552510775625,486,1,0,0,0,0,0,510.0,36.0,26,1,0.0010546869598329,0,510,4,1,0.0018315617926418,True,,,,,,,,,True,completed,all_reduced_candidates,"[18, 6, 9, 3]",1.2801960110664368e-05,solver final filtering and index remapping; caller metric conversion excluded,r5-v1,,excluded_precomputed,,True,,,fresh_retrieval,0.0002579321153461,0.0006120330654084,0.0001409221440553,0.0010236892849206,0.0028552510775625,measured_excluding_encoding,"[274, 16, 197, 23]","[18, 6, 9, 3]",Python/PBS-unbounded,3.11.15,,,<paper>/revision_campaign_20260914/default/airbnb/default.csv
20,PTS,1,feasible,complete,1,1,returned,0,,26,1.0,1.0,1.0,0.002390390727669,0.0042219525203108,933,1,0,0,0,0,0,510.0,36.0,26,1,0.0010546869598329,0,510,4,1,0.0018315617926418,True,,,,,,,500.0,,True,completed,fixed_candidate_tree,"[18, 6, 9, 3]",2.53189355134964e-05,solver final filtering and index remapping; caller metric conversion excluded,r5-v1,,excluded_precomputed,,True,,,fresh_retrieval,0.00025070970878,0.0020113363862037,0.0001030256971716,0.002390390727669,0.0042219525203108,measured_excluding_encoding,"[274, 16, 197, 23]","[18, 6, 9, 3]",Python/DFS,3.11.15,,,<paper>/revision_campaign_20260914/default/airbnb/default.csv
20,eps-ILP g=4,1,feasible,complete,1,1,returned,0,17.0,4,0.1538461538461538,0.5906546162634306,0.1538461538461538,0.1621389822103083,0.1639705440029502,8670,17,0,0,0,4,0,,,26,1,0.0010546869598329,0,510,4,1,0.0018315617926418,,,,,,,,,,True,grid_complete,configured_grid,,1.9278377294540405e-05,solver final filtering and index remapping; caller metric conversion excluded,r5-v1,,excluded_precomputed,,True,,,fresh_retrieval,0.0,0.1620695367455482,5.0167087465524673e-05,0.1621389822103083,0.1639705440029502,measured_excluding_encoding,"[274, 16, 197, 23]","[274, 16, 197, 23]",scipy.optimize.milp/HiGHS,1.17.1,1.12.0,1.0,<paper>/revision_campaign_20260914/default/airbnb/default.csv
20,eps-ILP g=16,1,feasible,complete,1,1,returned,0,257.0,12,0.4615384615384615,0.9363366954748988,0.4615384615384615,2.539706935174763,2.541538496967405,131070,257,0,0,0,19,0,,,26,1,0.0010546869598329,0,510,4,1,0.0018315617926418,,,,,,,,,,True,grid_complete,configured_grid,,3.783218562602997e-05,solver final filtering and index remapping; caller metric conversion excluded,r5-v1,,excluded_precomputed,,True,,,fresh_retrieval,0.0,2.533065326977521,0.0066037760116159,2.539706935174763,2.541538496967405,measured_excluding_encoding,"[274, 16, 197, 23]","[274, 16, 197, 23]",scipy.optimize.milp/HiGHS,1.17.1,1.12.0,1.0,<paper>/revision_campaign_20260914/default/airbnb/default.csv
20,PBF,1,feasible,complete,1,1,returned,0,,26,1.0,1.0,1.0,4.929509929846972,4.931341491639614,79455616,1,0,0,0,0,0,,,26,1,0.0010546869598329,0,510,4,1,0.0018315617926418,True,,,,,,,,,True,complete,full_input,,4.929509929846972,solver final filtering and index remapping; caller metric conversion excluded,r5-v1,,excluded_precomputed,,True,,,fresh_retrieval,,,,4.929509929846972,4.931341491639614,measured_excluding_encoding,"[274, 16, 197, 23]",,Python/PBF,3.11.15,,,<paper>/revision_campaign_20260914/default/airbnb/default.csv
21,PACS,1,feasible,complete,1,1,returned,0,,57,0.1425,0.8783527704100007,0.1425,0.0187786882743239,0.0218026344664394,5788,1,0,0,0,0,0,1720.0,92.0,400,1,0.0373201128095388,0,1720,6,1,0.0030239461921155,False,,,,,,,,,True,completed,beam_search,"[10, 12, 22, 16, 28, 4]",3.1328294426202774e-05,solver final filtering and index remapping; caller metric conversion excluded,r5-v1,,excluded_precomputed,,True,,,fresh_retrieval,0.0015025800094008,0.0169103988446295,0.0003343811258673,0.0187786882743239,0.0218026344664394,measured_excluding_encoding,"[72, 91, 92, 738, 682, 45]","[10, 12, 22, 16, 28, 4]",Python/PACS+,3.11.15,,,<paper>/revision_campaign_20260914/default/airbnb/default.csv
21,PACS_dC,1,feasible,complete,1,1,returned,0,,100,0.18,0.9000302591389312,0.18,0.0095040402375161,0.0125279864296317,3646,1,0,0,0,0,0,,,400,1,0.0373201128095388,0,1720,6,1,0.0030239461921155,False,,,,,,,,,True,completed,beam_search,"[10, 12, 22, 16, 28, 4]",3.159837797284126e-05,solver final filtering and index remapping; caller metric conversion excluded,r5-v1,,excluded_precomputed,,True,,,fresh_retrieval,0.0012566410005092,0.0078624747693538,0.0003533260896801,0.0095040402375161,0.0125279864296317,measured_excluding_encoding,"[72, 91, 92, 738, 682, 45]","[10, 12, 22, 16, 28, 4]",Python/PACS_dC,3.11.15,,,<paper>/revision_campaign_20260914/default/airbnb/default.csv
21,PBS-unbounded,1,feasible,complete,1,1,returned,0,,400,1.0,1.0,1.0,0.0369567330926656,0.0399806792847812,12148,1,0,0,0,0,0,1720.0,92.0,400,1,0.0373201128095388,0,1720,6,1,0.0030239461921155,True,,,,,,,,,True,completed,all_reduced_candidates,"[10, 12, 22, 16, 28, 4]",0.0001063151285052,solver final filtering and index remapping; caller metric conversion excluded,r5-v1,,excluded_precomputed,,True,,,fresh_retrieval,0.001226054970175,0.0331199588254094,0.002504404168576,0.0369567330926656,0.0399806792847812,measured_excluding_encoding,"[72, 91, 92, 738, 682, 45]","[10, 12, 22, 16, 28, 4]",Python/PBS-unbounded,3.11.15,,,<paper>/revision_campaign_20260914/default/airbnb/default.csv
21,PTS,1,feasible,complete,1,1,returned,0,,87,0.0,0.2565600113191925,0.0,0.0117101450450718,0.0147340912371873,6156,1,0,0,0,0,0,1720.0,92.0,400,1,0.0373201128095388,0,1720,6,1,0.0030239461921155,False,,,,,,,500.0,,False,iteration_limit,fixed_candidate_tree,"[10, 12, 22, 16, 28, 4]",4.909420385956764e-05,solver final filtering and index remapping; caller metric conversion excluded,r5-v1,,excluded_precomputed,,True,,,fresh_retrieval,0.0011546178720891,0.0101898927241563,0.0003165402449667,0.0117101450450718,0.0147340912371873,measured_excluding_encoding,"[72, 91, 92, 738, 682, 45]","[10, 12, 22, 16, 28, 4]",Python/DFS,3.11.15,,,<paper>/revision_campaign_20260914/default/airbnb/default.csv
21,eps-ILP g=4,1,feasible,complete,1,1,returned,0,17.0,6,0.015,0.5044927277669613,0.015,0.3876451211981475,0.3906690673902631,29240,17,0,0,0,2,0,,,400,1,0.0373201128095388,0,1720,6,1,0.0030239461921155,,,,,,,,,,True,grid_complete,configured_grid,,1.6141217201948166e-05,solver final filtering and index remapping; caller metric conversion excluded,r5-v1,,excluded_precomputed,,True,,,fresh_retrieval,0.0,0.3875680370256305,6.094295531511307e-05,0.3876451211981475,0.3906690673902631,measured_excluding_encoding,"[72, 91, 92, 738, 682, 45]","[72, 91, 92, 738, 682, 45]",scipy.optimize.milp/HiGHS,1.17.1,1.12.0,1.0,<paper>/revision_campaign_20260914/default/airbnb/default.csv
21,eps-ILP g=16,1,feasible,complete,1,1,returned,0,257.0,25,0.0625,0.8645443378791676,0.0625,6.2783431387506425,6.281367084942758,442040,257,0,0,0,10,0,,,400,1,0.0373201128095388,0,1720,6,1,0.0030239461921155,,,,,,,,,,True,grid_complete,configured_grid,,5.799485370516777e-05,solver final filtering and index remapping; caller metric conversion excluded,r5-v1,,excluded_precomputed,,True,,,fresh_retrieval,0.0,6.271461340598762,0.0068238032981753,6.2783431387506425,6.281367084942758,measured_excluding_encoding,"[72, 91, 92, 738, 682, 45]","[72, 91, 92, 738, 682, 45]",scipy.optimize.milp/HiGHS,1.17.1,1.12.0,1.0,<paper>/revision_campaign_20260914/default/airbnb/default.csv
21,PBF,0,feasible,complete,1,1,work_limit,0,,0,0.0,0.0,0.0,2.3399945348501205e-05,0.003047346137464,0,1,0,0,0,0,0,,,400,1,0.0373201128095388,0,1720,6,1,0.0030239461921155,False,,,,,,,,,False,combination_limit,full_input,,2.3399945348501205e-05,solver final filtering and index remapping; caller metric conversion excluded,r5-v1,,excluded_precomputed,,True,,,fresh_retrieval,,,,2.3399945348501205e-05,0.003047346137464,measured_excluding_encoding,"[72, 91, 92, 738, 682, 45]",,Python/PBF,3.11.15,,,<paper>/revision_campaign_20260914/default/airbnb/default.csv
22,PACS,1,feasible,complete,1,1,returned,0,,15,1.0,1.0,1.0,0.0003905799239873,0.0019664028659462,207,1,0,0,0,0,0,199.0,31.0,15,1,0.0003625210374593,0,199,3,1,0.0015758229419589,True,,,,,,,,,True,completed,all_reduced_candidates,"[9, 3, 19]",1.3236887753009796e-05,solver final filtering and index remapping; caller metric conversion excluded,r5-v1,,excluded_precomputed,,True,,,fresh_retrieval,0.0002040388062596,0.0001043523661792,6.895186379551888e-05,0.0003905799239873,0.0019664028659462,measured_excluding_encoding,"[54, 10, 135]","[9, 3, 19]",Python/PACS+,3.11.15,,,<paper>/revision_campaign_20260914/default/airbnb/default.csv
22,PACS_dC,1,feasible,complete,1,1,returned,0,,4,0.2,0.5557675350520412,0.2,0.0002415003255009,0.0018173232674598,122,1,0,0,0,0,0,,,15,1,0.0003625210374593,0,199,3,1,0.0015758229419589,False,,,,,,,,,True,completed,beam_search,"[9, 3, 19]",1.0612420737743378e-05,solver final filtering and index remapping; caller metric conversion excluded,r5-v1,,excluded_precomputed,,True,,,fresh_retrieval,0.0001154136843979,9.779399260878564e-05,1.7680227756500244e-05,0.0002415003255009,0.0018173232674598,measured_excluding_encoding,"[54, 10, 135]","[9, 3, 19]",Python/PACS_dC,3.11.15,,,<paper>/revision_campaign_20260914/default/airbnb/default.csv
22,PBS-unbounded,1,feasible,complete,1,1,returned,0,,15,1.0,1.0,1.0,0.0003038882277905,0.0018797111697494,207,1,0,0,0,0,0,199.0,31.0,15,1,0.0003625210374593,0,199,3,1,0.0015758229419589,True,,,,,,,,,True,completed,all_reduced_candidates,"[9, 3, 19]",1.4626886695623398e-05,solver final filtering and index remapping; caller metric conversion excluded,r5-v1,,excluded_precomputed,,True,,,fresh_retrieval,0.0001281513832509,9.971670806407928e-05,6.139324977993965e-05,0.0003038882277905,0.0018797111697494,measured_excluding_encoding,"[54, 10, 135]","[9, 3, 19]",Python/PBS-unbounded,3.11.15,,,<paper>/revision_campaign_20260914/default/airbnb/default.csv
22,PTS,1,feasible,complete,1,1,returned,0,,15,1.0,1.0,1.0,0.0007619126699864,0.0023377356119453,577,1,0,0,0,0,0,199.0,31.0,15,1,0.0003625210374593,0,199,3,1,0.0015758229419589,True,,,,,,,500.0,,True,completed,fixed_candidate_tree,"[9, 3, 19]",2.130679786205292e-05,solver final filtering and index remapping; caller metric conversion excluded,r5-v1,,excluded_precomputed,,True,,,fresh_retrieval,0.0001186360605061,0.0005613369867205,6.063282489776611e-05,0.0007619126699864,0.0023377356119453,measured_excluding_encoding,"[54, 10, 135]","[9, 3, 19]",Python/DFS,3.11.15,,,<paper>/revision_campaign_20260914/default/airbnb/default.csv
22,eps-ILP g=4,1,feasible,complete,1,1,returned,0,17.0,4,0.2666666666666666,0.872781134285844,0.2666666666666666,0.0898938570171594,0.0914696799591183,3383,17,0,0,0,4,0,,,15,1,0.0003625210374593,0,199,3,1,0.0015758229419589,,,,,,,,,,True,grid_complete,configured_grid,,1.627858728170395e-05,solver final filtering and index remapping; caller metric conversion excluded,r5-v1,,excluded_precomputed,,True,,,fresh_retrieval,0.0,0.0898273270577192,5.0251372158527374e-05,0.0898938570171594,0.0914696799591183,measured_excluding_encoding,"[54, 10, 135]","[54, 10, 135]",scipy.optimize.milp/HiGHS,1.17.1,1.12.0,1.0,<paper>/revision_campaign_20260914/default/airbnb/default.csv
22,eps-ILP g=16,1,feasible,complete,1,1,returned,0,257.0,10,0.6666666666666666,0.9782575351606796,0.6666666666666666,1.3766783382743597,1.3782541612163186,51143,257,0,0,0,44,0,,,15,1,0.0003625210374593,0,199,3,1,0.0015758229419589,,,,,,,,,,True,grid_complete,configured_grid,,3.205239772796631e-05,solver final filtering and index remapping; caller metric conversion excluded,r5-v1,,excluded_precomputed,,True,,,fresh_retrieval,0.0,1.3713477849960327,0.005298500880599,1.3766783382743597,1.3782541612163186,measured_excluding_encoding,"[54, 10, 135]","[54, 10, 135]",scipy.optimize.milp/HiGHS,1.17.1,1.12.0,1.0,<paper>/revision_campaign_20260914/default/airbnb/default.csv
22,PBF,1,feasible,complete,1,1,returned,0,,15,1.0,1.0,1.0,0.0185942822135984,0.0201701051555573,218700,1,0,0,0,0,0,,,15,1,0.0003625210374593,0,199,3,1,0.0015758229419589,True,,,,,,,,,True,complete,full_input,,0.0185942822135984,solver final filtering and index remapping; caller metric conversion excluded,r5-v1,,excluded_precomputed,,True,,,fresh_retrieval,,,,0.0185942822135984,0.0201701051555573,measured_excluding_encoding,"[54, 10, 135]",,Python/PBF,3.11.15,,,<paper>/revision_campaign_20260914/default/airbnb/default.csv
23,PACS,1,feasible,complete,1,1,returned,0,,100,0.1104783599088838,0.7874377826993885,0.1104783599088838,0.0352353230118751,0.038436222821474,11785,1,0,0,0,0,0,2149.0,152.0,878,1,0.1297511607408523,0,2149,7,1,0.0032008998095989,False,,,,,,,,,True,completed,beam_search,"[20, 8, 15, 41, 27, 22, 19]",4.920130595564842e-05,solver final filtering and index remapping; caller metric conversion excluded,r5-v1,,excluded_precomputed,,True,,,fresh_retrieval,0.0024445699527859,0.0323744877241551,0.0003670640289783,0.0352353230118751,0.038436222821474,measured_excluding_encoding,"[336, 15, 22, 1149, 372, 172, 83]","[20, 8, 15, 41, 27, 22, 19]",Python/PACS+,3.11.15,,,<paper>/revision_campaign_20260914/default/airbnb/default.csv
23,PACS_dC,1,feasible,complete,1,1,returned,0,,97,0.0068337129840546,0.4618166675297734,0.0068337129840546,0.0130876502953469,0.0162885501049458,8331,1,0,0,0,0,0,,,878,1,0.1297511607408523,0,2149,7,1,0.0032008998095989,False,,,,,,,,,True,completed,beam_search,"[20, 8, 15, 41, 27, 22, 19]",2.2021587938070297e-05,solver final filtering and index remapping; caller metric conversion excluded,r5-v1,,excluded_precomputed,,True,,,fresh_retrieval,0.0021268157288432,0.0105960578657686,0.000342755112797,0.0130876502953469,0.0162885501049458,measured_excluding_encoding,"[336, 15, 22, 1149, 372, 172, 83]","[20, 8, 15, 41, 27, 22, 19]",Python/PACS_dC,3.11.15,,,<paper>/revision_campaign_20260914/default/airbnb/default.csv
23,PBS-unbounded,1,feasible,complete,1,1,returned,0,,878,1.0,1.0,1.0,0.356780338101089,0.3599812379106879,52873,1,0,0,0,0,0,2149.0,152.0,878,1,0.1297511607408523,0,2149,7,1,0.0032008998095989,True,,,,,,,,,True,completed,all_reduced_candidates,"[20, 8, 15, 41, 27, 22, 19]",0.000418194103986,solver final filtering and index remapping; caller metric conversion excluded,r5-v1,,excluded_precomputed,,True,,,fresh_retrieval,0.0019863648340106,0.3498818892985582,0.0044938898645341,0.356780338101089,0.3599812379106879,measured_excluding_encoding,"[336, 15, 22, 1149, 372, 172, 83]","[20, 8, 15, 41, 27, 22, 19]",Python/PBS-unbounded,3.11.15,,,<paper>/revision_campaign_20260914/default/airbnb/default.csv
23,PTS,1,feasible,complete,1,1,returned,0,,86,0.0068337129840546,0.4464730913099706,0.0068337129840546,0.012143581174314,0.0153444809839129,12009,1,0,0,0,0,0,2149.0,152.0,878,1,0.1297511607408523,0,2149,7,1,0.0032008998095989,False,,,,,,,500.0,,False,iteration_limit,fixed_candidate_tree,"[20, 8, 15, 41, 27, 22, 19]",4.831422120332718e-05,solver final filtering and index remapping; caller metric conversion excluded,r5-v1,,excluded_precomputed,,True,,,fresh_retrieval,0.0020579346455633,0.0097267683595418,0.0003105639480054,0.012143581174314,0.0153444809839129,measured_excluding_encoding,"[336, 15, 22, 1149, 372, 172, 83]","[20, 8, 15, 41, 27, 22, 19]",Python/DFS,3.11.15,,,<paper>/revision_campaign_20260914/default/airbnb/default.csv
23,eps-ILP g=4,1,feasible,complete,1,1,returned,0,17.0,4,0.0045558086560364,0.2595337156333832,0.0045558086560364,0.5418353988789022,0.5450362986885011,36533,17,0,0,0,4,0,,,878,1,0.1297511607408523,0,2149,7,1,0.0032008998095989,,,,,,,,,,True,grid_complete,configured_grid,,1.7253216356039047e-05,solver final filtering and index remapping; caller metric conversion excluded,r5-v1,,excluded_precomputed,,True,,,fresh_retrieval,0.0,0.5417654057964683,5.273986607789993e-05,0.5418353988789022,0.5450362986885011,measured_excluding_encoding,"[336, 15, 22, 1149, 372, 172, 83]","[336, 15, 22, 1149, 372, 172, 83]",scipy.optimize.milp/HiGHS,1.17.1,1.12.0,1.0,<paper>/revision_campaign_20260914/default/airbnb/default.csv
23,eps-ILP g=16,1,feasible,complete,1,1,returned,0,257.0,52,0.0592255125284738,0.8407770029967161,0.0592255125284738,9.745060400106013,9.748261299915612,552293,257,0,0,0,24,0,,,878,1,0.1297511607408523,0,2149,7,1,0.0032008998095989,,,,,,,,,,True,grid_complete,configured_grid,,5.428725853562355e-05,solver final filtering and index remapping; caller metric conversion excluded,r5-v1,,excluded_precomputed,,True,,,fresh_retrieval,0.0,9.738844509702176,0.0061616031453013,9.745060400106013,9.748261299915612,measured_excluding_encoding,"[336, 15, 22, 1149, 372, 172, 83]","[336, 15, 22, 1149, 372, 172, 83]",scipy.optimize.milp/HiGHS,1.17.1,1.12.0,1.0,<paper>/revision_campaign_20260914/default/airbnb/default.csv
23,PBF,0,feasible,complete,1,1,work_limit,0,,0,0.0,0.0,0.0,2.980278804898262e-05,0.0032307025976479,0,1,0,0,0,0,0,,,878,1,0.1297511607408523,0,2149,7,1,0.0032008998095989,False,,,,,,,,,False,combination_limit,full_input,,2.980278804898262e-05,solver final filtering and index remapping; caller metric conversion excluded,r5-v1,,excluded_precomputed,,True,,,fresh_retrieval,,,,2.980278804898262e-05,0.0032307025976479,measured_excluding_encoding,"[336, 15, 22, 1149, 372, 172, 83]",,Python/PBF,3.11.15,,,<paper>/revision_campaign_20260914/default/airbnb/default.csv
24,PACS,1,feasible,complete,1,1,returned,0,,100,0.0304026294165981,0.5514160094820156,0.0304026294165981,0.0345292086713016,0.0451266216114163,11122,1,0,0,0,0,0,10732.0,171.0,1217,1,0.0843626190908253,0,10732,7,0,0.0105974129401147,False,,,,,,,,,True,completed,beam_search,"[26, 46, 21, 18, 19, 16, 25]",6.471388041973114e-05,solver final filtering and index remapping; caller metric conversion excluded,r5-v1,,excluded_precomputed,,True,,,fresh_retrieval,0.0101834218949079,0.0239075659774243,0.0003735069185495,0.0345292086713016,0.0451266216114163,measured_excluding_encoding,"[3427, 5513, 249, 231, 191, 928, 193]","[26, 46, 21, 18, 19, 16, 25]",Python/PACS+,3.11.15,,,<paper>/revision_campaign_20260914/default/airbnb/default.csv
24,PACS_dC,0,feasible,complete,1,1,no_assignment,0,,0,0.0,0.0,0.0,0.0110790207982063,0.021676433738321,3529,1,0,0,0,0,0,,,1217,1,0.0843626190908253,0,10732,7,0,0.0105974129401147,False,,,,,,,,,True,completed,beam_search,"[26, 46, 21, 18, 19, 16, 25]",2.149958163499832e-05,solver final filtering and index remapping; caller metric conversion excluded,r5-v1,,excluded_precomputed,,True,,,fresh_retrieval,0.009606450330466,0.0014473129995167,3.757886588573456e-06,0.0110790207982063,0.021676433738321,measured_excluding_encoding,"[3427, 5513, 249, 231, 191, 928, 193]","[26, 46, 21, 18, 19, 16, 25]",Python/PACS_dC,3.11.15,,,<paper>/revision_campaign_20260914/default/airbnb/default.csv
24,PBS-unbounded,1,feasible,complete,1,1,returned,0,,1217,1.0,1.0,1.0,0.0827268501743674,0.0933242631144821,48566,1,0,0,0,0,0,10732.0,171.0,1217,1,0.0843626190908253,0,10732,7,0,0.0105974129401147,True,,,,,,,,,True,completed,all_reduced_candidates,"[26, 46, 21, 18, 19, 16, 25]",0.0003965902142226,solver final filtering and index remapping; caller metric conversion excluded,r5-v1,,excluded_precomputed,,True,,,fresh_retrieval,0.009739956818521,0.0677793412469327,0.0048109618946909,0.0827268501743674,0.0933242631144821,measured_excluding_encoding,"[3427, 5513, 249, 231, 191, 928, 193]","[26, 46, 21, 18, 19, 16, 25]",Python/PBS-unbounded,3.11.15,,,<paper>/revision_campaign_20260914/default/airbnb/default.csv
24,PTS,1,feasible,complete,1,1,returned,0,,145,0.0,0.1467693027641393,0.0,0.0199109073728323,0.030508320312947,12144,1,0,0,0,0,0,10732.0,171.0,1217,1,0.0843626190908253,0,10732,7,0,0.0105974129401147,False,,,,,,,500.0,,False,iteration_limit,fixed_candidate_tree,"[26, 46, 21, 18, 19, 16, 25]",5.3310301154851913e-05,solver final filtering and index remapping; caller metric conversion excluded,r5-v1,,excluded_precomputed,,True,,,fresh_retrieval,0.0095930160023272,0.009738930966705,0.0005256501026451,0.0199109073728323,0.030508320312947,measured_excluding_encoding,"[3427, 5513, 249, 231, 191, 928, 193]","[26, 46, 21, 18, 19, 16, 25]",Python/DFS,3.11.15,,,<paper>/revision_campaign_20260914/default/airbnb/default.csv
24,eps-ILP g=4,1,feasible,complete,1,1,returned,0,17.0,3,0.0024650780608052,0.5154067878299803,0.0024650780608052,3.0884438659995794,3.099041278939694,182444,17,0,0,0,7,0,,,1217,1,0.0843626190908253,0,10732,7,0,0.0105974129401147,,,,,,,,,,True,grid_complete,configured_grid,,1.8466264009475708e-05,solver final filtering and index remapping; caller metric conversion excluded,r5-v1,,excluded_precomputed,,True,,,fresh_retrieval,0.0,3.088385599665344,3.980007022619248e-05,3.0884438659995794,3.099041278939694,measured_excluding_encoding,"[3427, 5513, 249, 231, 191, 928, 193]","[3427, 5513, 249, 231, 191, 928, 193]",scipy.optimize.milp/HiGHS,1.17.1,1.12.0,1.0,<paper>/revision_campaign_20260914/default/airbnb/default.csv
24,eps-ILP g=16,1,feasible,complete,1,1,returned,0,257.0,35,0.028759244042728,0.8312260490101557,0.028759244042728,39.7418042300269,39.752401642967016,2758124,257,0,0,0,34,0,,,1217,1,0.0843626190908253,0,10732,7,0,0.0105974129401147,,,,,,,,,,True,grid_complete,configured_grid,,9.033828973770142e-05,solver final filtering and index remapping; caller metric conversion excluded,r5-v1,,excluded_precomputed,,True,,,fresh_retrieval,0.0,39.73606237908825,0.0056515126489102,39.7418042300269,39.752401642967016,measured_excluding_encoding,"[3427, 5513, 249, 231, 191, 928, 193]","[3427, 5513, 249, 231, 191, 928, 193]",scipy.optimize.milp/HiGHS,1.17.1,1.12.0,1.0,<paper>/revision_campaign_20260914/default/airbnb/default.csv
24,PBF,0,feasible,complete,1,1,work_limit,0,,0,0.0,0.0,0.0,2.3087020963430405e-05,0.0106204999610781,0,1,0,0,0,0,0,,,1217,1,0.0843626190908253,0,10732,7,0,0.0105974129401147,False,,,,,,,,,False,combination_limit,full_input,,2.3087020963430405e-05,solver final filtering and index remapping; caller metric conversion excluded,r5-v1,,excluded_precomputed,,True,,,fresh_retrieval,,,,2.3087020963430405e-05,0.0106204999610781,measured_excluding_encoding,"[3427, 5513, 249, 231, 191, 928, 193]",,Python/PBF,3.11.15,,,<paper>/revision_campaign_20260914/default/airbnb/default.csv
25,PACS,1,feasible,complete,1,1,returned,0,,82,1.0,1.0,1.0,0.0018026358447968,0.0035776356235146,561,1,0,0,0,0,0,454.0,44.0,82,1,0.0017565037123858,0,454,3,1,0.0017749997787177,True,,,,,,,,,True,completed,all_reduced_candidates,"[3, 12, 29]",2.583954483270645e-05,solver final filtering and index remapping; caller metric conversion excluded,r5-v1,,excluded_precomputed,,True,,,fresh_retrieval,0.0004469230771064,0.0010093292221426,0.000320544000715,0.0018026358447968,0.0035776356235146,measured_excluding_encoding,"[4, 86, 364]","[3, 12, 29]",Python/PACS+,3.11.15,,,<paper>/revision_campaign_20260914/default/airbnb/default.csv
25,PACS_dC,1,feasible,complete,1,1,returned,0,,65,0.7804878048780488,0.9746139071843424,0.7804878048780488,0.0013602189719676,0.0031352187506854,404,1,0,0,0,0,0,,,82,1,0.0017565037123858,0,454,3,1,0.0017749997787177,False,,,,,,,,,True,completed,beam_search,"[3, 12, 29]",2.080667763948441e-05,solver final filtering and index remapping; caller metric conversion excluded,r5-v1,,excluded_precomputed,,True,,,fresh_retrieval,0.0003156559541821,0.0008019963279366,0.0002217600122094,0.0013602189719676,0.0031352187506854,measured_excluding_encoding,"[4, 86, 364]","[3, 12, 29]",Python/PACS_dC,3.11.15,,,<paper>/revision_campaign_20260914/default/airbnb/default.csv
25,PBS-unbounded,1,feasible,complete,1,1,returned,0,,82,1.0,1.0,1.0,0.0017268662340939,0.0035018660128116,561,1,0,0,0,0,0,454.0,44.0,82,1,0.0017565037123858,0,454,3,1,0.0017749997787177,True,,,,,,,,,True,completed,all_reduced_candidates,"[3, 12, 29]",2.648727968335152e-05,solver final filtering and index remapping; caller metric conversion excluded,r5-v1,,excluded_precomputed,,True,,,fresh_retrieval,0.0003197877667844,0.0010686861351132,0.0003119050525128,0.0017268662340939,0.0035018660128116,measured_excluding_encoding,"[4, 86, 364]","[3, 12, 29]",Python/PBS-unbounded,3.11.15,,,<paper>/revision_campaign_20260914/default/airbnb/default.csv
25,PTS,1,feasible,complete,1,1,returned,0,,82,1.0,1.0,1.0,0.0034620841033756,0.0052370838820934,1380,1,0,0,0,0,0,454.0,44.0,82,1,0.0017565037123858,0,454,3,1,0.0017749997787177,True,,,,,,,500.0,,True,completed,fixed_candidate_tree,"[3, 12, 29]",3.7686899304389954e-05,solver final filtering and index remapping; caller metric conversion excluded,r5-v1,,excluded_precomputed,,True,,,fresh_retrieval,0.0003581498749554,0.002764144912362,0.0003021024167537,0.0034620841033756,0.0052370838820934,measured_excluding_encoding,"[4, 86, 364]","[3, 12, 29]",Python/DFS,3.11.15,,,<paper>/revision_campaign_20260914/default/airbnb/default.csv
25,eps-ILP g=4,1,feasible,complete,1,1,returned,0,17.0,4,0.048780487804878,0.4534846474292426,0.048780487804878,0.1873991088941693,0.1891741086728871,7718,17,0,0,0,4,0,,,82,1,0.0017565037123858,0,454,3,1,0.0017749997787177,,,,,,,,,,True,grid_complete,configured_grid,,1.6559846699237823e-05,solver final filtering and index remapping; caller metric conversion excluded,r5-v1,,excluded_precomputed,,True,,,fresh_retrieval,0.0,0.1873309132643044,5.163578316569328e-05,0.1873991088941693,0.1891741086728871,measured_excluding_encoding,"[4, 86, 364]","[4, 86, 364]",scipy.optimize.milp/HiGHS,1.17.1,1.12.0,1.0,<paper>/revision_campaign_20260914/default/airbnb/default.csv
25,eps-ILP g=16,1,feasible,complete,1,1,returned,0,257.0,28,0.3414634146341463,0.9536481244016948,0.3414634146341463,2.8466869271360338,2.8484619269147515,116678,257,0,0,0,16,0,,,82,1,0.0017565037123858,0,454,3,1,0.0017749997787177,,,,,,,,,,True,grid_complete,configured_grid,,4.233000800013542e-05,solver final filtering and index remapping; caller metric conversion excluded,r5-v1,,excluded_precomputed,,True,,,fresh_retrieval,0.0,2.8398266872391105,0.0068179098889231,2.8466869271360338,2.8484619269147515,measured_excluding_encoding,"[4, 86, 364]","[4, 86, 364]",scipy.optimize.milp/HiGHS,1.17.1,1.12.0,1.0,<paper>/revision_campaign_20260914/default/airbnb/default.csv
25,PBF,1,feasible,complete,1,1,returned,0,,82,1.0,1.0,1.0,0.3111854800954461,0.3129604798741638,375648,1,0,0,0,0,0,,,82,1,0.0017565037123858,0,454,3,1,0.0017749997787177,True,,,,,,,,,True,complete,full_input,,0.3111854800954461,solver final filtering and index remapping; caller metric conversion excluded,r5-v1,,excluded_precomputed,,True,,,fresh_retrieval,,,,0.3111854800954461,0.3129604798741638,measured_excluding_encoding,"[4, 86, 364]",,Python/PBF,3.11.15,,,<paper>/revision_campaign_20260914/default/airbnb/default.csv
26,PACS,1,feasible,complete,1,1,returned,0,,71,1.0,1.0,1.0,0.0022278469987213,0.0040023648180067,2489,1,0,0,0,0,0,496.0,70.0,71,1,0.0024672267027199,0,496,5,0,0.0017745178192853,True,,,,,,,,,True,completed,all_reduced_candidates,"[1, 13, 13, 23, 20]",2.0030885934829712e-05,solver final filtering and index remapping; caller metric conversion excluded,r5-v1,,excluded_precomputed,,True,,,fresh_retrieval,0.0007365131750702,0.0012257345952093,0.0002455683425068,0.0022278469987213,0.0040023648180067,measured_excluding_encoding,"[1, 239, 56, 120, 80]","[1, 13, 13, 23, 20]",Python/PACS+,3.11.15,,,<paper>/revision_campaign_20260914/default/airbnb/default.csv
26,PACS_dC,1,feasible,complete,1,1,returned,0,,15,0.2112676056338028,0.4582281981948592,0.2112676056338028,0.0011400752700865,0.0029145930893719,1042,1,0,0,0,0,0,,,71,1,0.0024672267027199,0,496,5,0,0.0017745178192853,False,,,,,,,,,True,completed,beam_search,"[1, 13, 13, 23, 20]",1.1855270713567734e-05,solver final filtering and index remapping; caller metric conversion excluded,r5-v1,,excluded_precomputed,,True,,,fresh_retrieval,0.0006477013230323,0.0004279040731489,5.261460319161415e-05,0.0011400752700865,0.0029145930893719,measured_excluding_encoding,"[1, 239, 56, 120, 80]","[1, 13, 13, 23, 20]",Python/PACS_dC,3.11.15,,,<paper>/revision_campaign_20260914/default/airbnb/default.csv
26,PBS-unbounded,1,feasible,complete,1,1,returned,0,,71,1.0,1.0,1.0,0.0022618239745497,0.0040363417938351,2489,1,0,0,0,0,0,496.0,70.0,71,1,0.0024672267027199,0,496,5,0,0.0017745178192853,True,,,,,,,,,True,completed,all_reduced_candidates,"[1, 13, 13, 23, 20]",2.6654917746782303e-05,solver final filtering and index remapping; caller metric conversion excluded,r5-v1,,excluded_precomputed,,True,,,fresh_retrieval,0.0007343851029872,0.0012476285919547,0.0002531553618609,0.0022618239745497,0.0040363417938351,measured_excluding_encoding,"[1, 239, 56, 120, 80]","[1, 13, 13, 23, 20]",Python/PBS-unbounded,3.11.15,,,<paper>/revision_campaign_20260914/default/airbnb/default.csv
26,PTS,1,feasible,complete,1,1,returned,0,,71,1.0,1.0,1.0,0.0044007920660078,0.0061753098852932,4025,1,0,0,0,0,0,496.0,70.0,71,1,0.0024672267027199,0,496,5,0,0.0017745178192853,True,,,,,,,500.0,,True,completed,fixed_candidate_tree,"[1, 13, 13, 23, 20]",3.3360905945301056e-05,solver final filtering and index remapping; caller metric conversion excluded,r5-v1,,excluded_precomputed,,True,,,fresh_retrieval,0.0006343750283122,0.0034806849434971,0.0002523711882531,0.0044007920660078,0.0061753098852932,measured_excluding_encoding,"[1, 239, 56, 120, 80]","[1, 13, 13, 23, 20]",Python/DFS,3.11.15,,,<paper>/revision_campaign_20260914/default/airbnb/default.csv
26,eps-ILP g=4,1,feasible,complete,1,1,returned,0,17.0,6,0.0845070422535211,0.632837985490583,0.0845070422535211,0.1576819932088256,0.1594565110281109,8432,17,0,0,0,7,0,,,71,1,0.0024672267027199,0,496,5,0,0.0017745178192853,,,,,,,,,,True,grid_complete,configured_grid,,1.4766119420528412e-05,solver final filtering and index remapping; caller metric conversion excluded,r5-v1,,excluded_precomputed,,True,,,fresh_retrieval,0.0,0.1576261632144451,4.106387495994568e-05,0.1576819932088256,0.1594565110281109,measured_excluding_encoding,"[1, 239, 56, 120, 80]","[1, 239, 56, 120, 80]",scipy.optimize.milp/HiGHS,1.17.1,1.12.0,1.0,<paper>/revision_campaign_20260914/default/airbnb/default.csv
26,eps-ILP g=16,1,feasible,complete,1,1,returned,0,257.0,23,0.323943661971831,0.9434719129745124,0.323943661971831,2.3359062569215894,2.3376807747408748,127472,257,0,0,0,71,0,,,71,1,0.0024672267027199,0,496,5,0,0.0017745178192853,,,,,,,,,,True,grid_complete,configured_grid,,4.267366603016853e-05,solver final filtering and index remapping; caller metric conversion excluded,r5-v1,,excluded_precomputed,,True,,,fresh_retrieval,0.0,2.3317117583937943,0.0041518248617649,2.3359062569215894,2.3376807747408748,measured_excluding_encoding,"[1, 239, 56, 120, 80]","[1, 239, 56, 120, 80]",scipy.optimize.milp/HiGHS,1.17.1,1.12.0,1.0,<paper>/revision_campaign_20260914/default/airbnb/default.csv
26,PBF,1,feasible,complete,1,1,solver_timeout,0,,70,0.8028169014084507,0.9823352556959428,0.8028169014084507,30.01221113000065,30.013985647819936,494796800,1,1,0,0,0,1,,,71,1,0.0024672267027199,0,496,5,0,0.0017745178192853,False,,,,,,,,,False,timeout,full_input,,30.01221113000065,solver final filtering and index remapping; caller metric conversion excluded,r5-v1,,excluded_precomputed,,True,,,fresh_retrieval,,,,30.01221113000065,30.013985647819936,measured_excluding_encoding,"[1, 239, 56, 120, 80]",,Python/PBF,3.11.15,,,<paper>/revision_campaign_20260914/default/airbnb/default.csv
27,PACS,1,feasible,complete,1,1,returned,0,,31,0.0256410256410256,0.6128255118977306,0.0256410256410256,0.0400282433256506,0.0460024112835526,12018,1,0,0,0,0,0,5503.0,171.0,1209,1,0.1550563080236315,0,5503,8,1,0.0059741679579019,False,,,,,,,,,True,completed,beam_search,"[6, 42, 15, 12, 15, 31, 20, 30]",0.0001824144273996,solver final filtering and index remapping; caller metric conversion excluded,r5-v1,,excluded_precomputed,,True,,,fresh_retrieval,0.0095980642363429,0.0299082580022513,0.0003395066596567,0.0400282433256506,0.0460024112835526,measured_excluding_encoding,"[60, 1300, 341, 32, 151, 198, 332, 3089]","[6, 42, 15, 12, 15, 31, 20, 30]",Python/PACS+,3.11.15,,,<paper>/revision_campaign_20260914/default/airbnb/default.csv
27,PACS_dC,1,feasible,complete,1,1,returned,0,,100,0.0,0.5887154989882583,0.0,0.0205346569418907,0.0265088248997926,6941,1,0,0,0,0,0,,,1209,1,0.1550563080236315,0,5503,8,1,0.0059741679579019,False,,,,,,,,,True,completed,beam_search,"[6, 42, 15, 12, 15, 31, 20, 30]",0.0001181438565254,solver final filtering and index remapping; caller metric conversion excluded,r5-v1,,excluded_precomputed,,True,,,fresh_retrieval,0.0087344609200954,0.0113101499155163,0.0003719022497534,0.0205346569418907,0.0265088248997926,measured_excluding_encoding,"[60, 1300, 341, 32, 151, 198, 332, 3089]","[6, 42, 15, 12, 15, 31, 20, 30]",Python/PACS_dC,3.11.15,,,<paper>/revision_campaign_20260914/default/airbnb/default.csv
27,PBS-unbounded,1,feasible,complete,1,1,returned,0,,1209,1.0,1.0,1.0,0.1531704599037766,0.1591446278616786,54734,1,0,0,0,0,0,5503.0,171.0,1209,1,0.1550563080236315,0,5503,8,1,0.0059741679579019,True,,,,,,,,,True,completed,all_reduced_candidates,"[6, 42, 15, 12, 15, 31, 20, 30]",0.0009736237116158,solver final filtering and index remapping; caller metric conversion excluded,r5-v1,,excluded_precomputed,,True,,,fresh_retrieval,0.0086708469316363,0.137494056019932,0.0060319332405924,0.1531704599037766,0.1591446278616786,measured_excluding_encoding,"[60, 1300, 341, 32, 151, 198, 332, 3089]","[6, 42, 15, 12, 15, 31, 20, 30]",Python/PBS-unbounded,3.11.15,,,<paper>/revision_campaign_20260914/default/airbnb/default.csv
27,PTS,1,feasible,complete,1,1,returned,0,,81,0.0,0.0940264340907456,0.0,0.0193412629887461,0.0253154309466481,21379,1,0,0,0,0,0,5503.0,171.0,1209,1,0.1550563080236315,0,5503,8,1,0.0059741679579019,False,,,,,,,500.0,,False,iteration_limit,fixed_candidate_tree,"[6, 42, 15, 12, 15, 31, 20, 30]",5.961209535598755e-05,solver final filtering and index remapping; caller metric conversion excluded,r5-v1,,excluded_precomputed,,True,,,fresh_retrieval,0.0084493858739733,0.0105295330286026,0.0003027319908142,0.0193412629887461,0.0253154309466481,measured_excluding_encoding,"[60, 1300, 341, 32, 151, 198, 332, 3089]","[6, 42, 15, 12, 15, 31, 20, 30]",Python/DFS,3.11.15,,,<paper>/revision_campaign_20260914/default/airbnb/default.csv
27,eps-ILP g=4,1,feasible,complete,1,1,returned,0,17.0,4,0.0033085194375516,0.3137273131625671,0.0033085194375516,1.3259329260326922,1.331907093990594,93551,17,0,0,0,4,0,,,1209,1,0.1550563080236315,0,5503,8,1,0.0059741679579019,,,,,,,,,,True,grid_complete,configured_grid,,1.7758458852767944e-05,solver final filtering and index remapping; caller metric conversion excluded,r5-v1,,excluded_precomputed,,True,,,fresh_retrieval,0.0,1.325862413737923,5.2753835916519165e-05,1.3259329260326922,1.331907093990594,measured_excluding_encoding,"[60, 1300, 341, 32, 151, 198, 332, 3089]","[60, 1300, 341, 32, 151, 198, 332, 3089]",scipy.optimize.milp/HiGHS,1.17.1,1.12.0,1.0,<paper>/revision_campaign_20260914/default/airbnb/default.csv
27,eps-ILP g=16,1,feasible,complete,1,1,returned,0,257.0,57,0.0471464019851116,0.8595115887137299,0.0471464019851116,20.138906172011048,20.14488033996895,1414271,257,0,0,0,16,0,,,1209,1,0.1550563080236315,0,5503,8,1,0.0059741679579019,,,,,,,,,,True,grid_complete,configured_grid,,7.360707968473434e-05,solver final filtering and index remapping; caller metric conversion excluded,r5-v1,,excluded_precomputed,,True,,,fresh_retrieval,0.0,20.132326600141823,0.0065059647895395,20.138906172011048,20.14488033996895,measured_excluding_encoding,"[60, 1300, 341, 32, 151, 198, 332, 3089]","[60, 1300, 341, 32, 151, 198, 332, 3089]",scipy.optimize.milp/HiGHS,1.17.1,1.12.0,1.0,<paper>/revision_campaign_20260914/default/airbnb/default.csv
27,PBF,0,feasible,complete,1,1,work_limit,0,,0,0.0,0.0,0.0,3.188196569681168e-05,0.0060060499235987,0,1,0,0,0,0,0,,,1209,1,0.1550563080236315,0,5503,8,1,0.0059741679579019,False,,,,,,,,,False,combination_limit,full_input,,3.188196569681168e-05,solver final filtering and index remapping; caller metric conversion excluded,r5-v1,,excluded_precomputed,,True,,,fresh_retrieval,,,,3.188196569681168e-05,0.0060060499235987,measured_excluding_encoding,"[60, 1300, 341, 32, 151, 198, 332, 3089]",,Python/PBF,3.11.15,,,<paper>/revision_campaign_20260914/default/airbnb/default.csv
28,PACS,1,feasible,complete,1,1,returned,0,,100,0.0004755111745126,0.4612417340275223,0.0004755111745126,0.0511230216361582,0.0615884847939014,12864,1,0,0,0,0,0,9630.0,183.0,2103,1,0.6772839929908514,0,9630,8,1,0.0104654631577432,False,,,,,,,,,True,completed,beam_search,"[38, 27, 24, 34, 2, 4, 13, 41]",0.0002227034419775,solver final filtering and index remapping; caller metric conversion excluded,r5-v1,,excluded_precomputed,,True,,,fresh_retrieval,0.0103525700978934,0.040159863885492,0.0003878842107951,0.0511230216361582,0.0615884847939014,measured_excluding_encoding,"[1160, 777, 4195, 267, 6, 4, 38, 3183]","[38, 27, 24, 34, 2, 4, 13, 41]",Python/PACS+,3.11.15,,,<paper>/revision_campaign_20260914/default/airbnb/default.csv
28,PACS_dC,1,feasible,complete,1,1,returned,0,,43,0.0,0.041607443332536,0.0,0.0133136711083352,0.0237791342660784,2363,1,0,0,0,0,0,,,2103,1,0.6772839929908514,0,9630,8,1,0.0104654631577432,False,,,,,,,,,True,completed,beam_search,"[38, 27, 24, 34, 2, 4, 13, 41]",2.476852387189865e-05,solver final filtering and index remapping; caller metric conversion excluded,r5-v1,,excluded_precomputed,,True,,,fresh_retrieval,0.0093978787772357,0.0037386841140687,0.0001523396931588,0.0133136711083352,0.0237791342660784,measured_excluding_encoding,"[1160, 777, 4195, 267, 6, 4, 38, 3183]","[38, 27, 24, 34, 2, 4, 13, 41]",Python/PACS_dC,3.11.15,,,<paper>/revision_campaign_20260914/default/airbnb/default.csv
28,PBS-unbounded,1,feasible,complete,1,1,returned,0,,2103,1.0,1.0,1.0,0.667839135043323,0.6783045982010663,100620,1,0,0,0,0,0,9630.0,183.0,2103,1,0.6772839929908514,0,9630,8,1,0.0104654631577432,True,,,,,,,,,True,completed,all_reduced_candidates,"[38, 27, 24, 34, 2, 4, 13, 41]",0.0030228900723159,solver final filtering and index remapping; caller metric conversion excluded,r5-v1,,excluded_precomputed,,True,,,fresh_retrieval,0.0094416611827909,0.6414388846606016,0.0139356991276144,0.667839135043323,0.6783045982010663,measured_excluding_encoding,"[1160, 777, 4195, 267, 6, 4, 38, 3183]","[38, 27, 24, 34, 2, 4, 13, 41]",Python/PBS-unbounded,3.11.15,,,<paper>/revision_campaign_20260914/default/airbnb/default.csv
28,PTS,1,feasible,complete,1,1,returned,0,,139,0.0,0.1046351340512382,0.0,0.0213368968106806,0.0318023599684238,9641,1,0,0,0,0,0,9630.0,183.0,2103,1,0.6772839929908514,0,9630,8,1,0.0104654631577432,False,,,,,,,500.0,,False,iteration_limit,fixed_candidate_tree,"[38, 27, 24, 34, 2, 4, 13, 41]",5.7301949709653854e-05,solver final filtering and index remapping; caller metric conversion excluded,r5-v1,,excluded_precomputed,,True,,,fresh_retrieval,0.0096989190205931,0.0110609298571944,0.0005197459831833,0.0213368968106806,0.0318023599684238,measured_excluding_encoding,"[1160, 777, 4195, 267, 6, 4, 38, 3183]","[38, 27, 24, 34, 2, 4, 13, 41]",Python/DFS,3.11.15,,,<paper>/revision_campaign_20260914/default/airbnb/default.csv
28,eps-ILP g=4,1,feasible,complete,1,1,returned,0,17.0,4,0.0019020446980504,0.2872595876193147,0.0019020446980504,2.269652090966701,2.2801175541244447,163710,17,0,0,0,4,0,,,2103,1,0.6772839929908514,0,9630,8,1,0.0104654631577432,,,,,,,,,,True,grid_complete,configured_grid,,2.5165732949972156e-05,solver final filtering and index remapping; caller metric conversion excluded,r5-v1,,excluded_precomputed,,True,,,fresh_retrieval,0.0,2.269572908990085,5.4016243666410446e-05,2.269652090966701,2.2801175541244447,measured_excluding_encoding,"[1160, 777, 4195, 267, 6, 4, 38, 3183]","[1160, 777, 4195, 267, 6, 4, 38, 3183]",scipy.optimize.milp/HiGHS,1.17.1,1.12.0,1.0,<paper>/revision_campaign_20260914/default/airbnb/default.csv
28,eps-ILP g=16,1,feasible,complete,1,1,returned,0,257.0,59,0.0280551592962434,0.8478612012622652,0.0280551592962434,35.48106930963695,35.491534772794694,2474910,257,0,0,0,16,0,,,2103,1,0.6772839929908514,0,9630,8,1,0.0104654631577432,,,,,,,,,,True,grid_complete,configured_grid,,0.0001392369158565,solver final filtering and index remapping; caller metric conversion excluded,r5-v1,,excluded_precomputed,,True,,,fresh_retrieval,0.0,35.47417835891247,0.0067517138086259,35.48106930963695,35.491534772794694,measured_excluding_encoding,"[1160, 777, 4195, 267, 6, 4, 38, 3183]","[1160, 777, 4195, 267, 6, 4, 38, 3183]",scipy.optimize.milp/HiGHS,1.17.1,1.12.0,1.0,<paper>/revision_campaign_20260914/default/airbnb/default.csv
28,PBF,0,feasible,complete,1,1,work_limit,0,,0,0.0,0.0,0.0,2.8525013476610184e-05,0.0104939881712198,0,1,0,0,0,0,0,,,2103,1,0.6772839929908514,0,9630,8,1,0.0104654631577432,False,,,,,,,,,False,combination_limit,full_input,,2.8525013476610184e-05,solver final filtering and index remapping; caller metric conversion excluded,r5-v1,,excluded_precomputed,,True,,,fresh_retrieval,,,,2.8525013476610184e-05,0.0104939881712198,measured_excluding_encoding,"[1160, 777, 4195, 267, 6, 4, 38, 3183]",,Python/PBF,3.11.15,,,<paper>/revision_campaign_20260914/default/airbnb/default.csv
29,PACS,1,feasible,complete,1,1,returned,0,,10,1.0,1.0,1.0,0.0002801399677991,0.0018489779904484,102,1,0,0,0,0,0,208.0,39.0,10,1,0.0003126380033791,0,208,4,0,0.0015688380226492,True,,,,,,,,,True,completed,all_reduced_candidates,"[3, 3, 9, 24]",1.2618955224752426e-05,solver final filtering and index remapping; caller metric conversion excluded,r5-v1,,excluded_precomputed,,True,,,fresh_retrieval,0.0001572067849338,6.102211773395538e-05,4.929210990667343e-05,0.0002801399677991,0.0018489779904484,measured_excluding_encoding,"[4, 3, 27, 174]","[3, 3, 9, 24]",Python/PACS+,3.11.15,,,<paper>/revision_campaign_20260914/default/airbnb/default.csv
29,PACS_dC,0,feasible,complete,1,1,no_assignment,0,,0,0.0,0.0,0.0,0.0001855762675404,0.0017544142901897,42,1,0,0,0,0,0,,,10,1,0.0003126380033791,0,208,4,0,0.0015688380226492,False,,,,,,,,,True,completed,beam_search,"[3, 3, 9, 24]",1.040613278746605e-05,solver final filtering and index remapping; caller metric conversion excluded,r5-v1,,excluded_precomputed,,True,,,fresh_retrieval,0.0001325397752225,4.03793528676033e-05,2.251006662845612e-06,0.0001855762675404,0.0017544142901897,measured_excluding_encoding,"[4, 3, 27, 174]","[3, 3, 9, 24]",Python/PACS_dC,3.11.15,,,<paper>/revision_campaign_20260914/default/airbnb/default.csv
29,PBS-unbounded,1,feasible,complete,1,1,returned,0,,10,1.0,1.0,1.0,0.0002328660339117,0.0018017040565609,102,1,0,0,0,0,0,208.0,39.0,10,1,0.0003126380033791,0,208,4,0,0.0015688380226492,True,,,,,,,,,True,completed,all_reduced_candidates,"[3, 3, 9, 24]",1.0880641639232635e-05,solver final filtering and index remapping; caller metric conversion excluded,r5-v1,,excluded_precomputed,,True,,,fresh_retrieval,0.0001269481144845,5.488796159625053e-05,4.014931619167328e-05,0.0002328660339117,0.0018017040565609,measured_excluding_encoding,"[4, 3, 27, 174]","[3, 3, 9, 24]",Python/PBS-unbounded,3.11.15,,,<paper>/revision_campaign_20260914/default/airbnb/default.csv
29,PTS,1,feasible,complete,1,1,returned,0,,10,1.0,1.0,1.0,0.0003902409225702,0.0019590789452195,180,1,0,0,0,0,0,208.0,39.0,10,1,0.0003126380033791,0,208,4,0,0.0015688380226492,True,,,,,,,500.0,,True,completed,fixed_candidate_tree,"[3, 3, 9, 24]",1.8028076738119125e-05,solver final filtering and index remapping; caller metric conversion excluded,r5-v1,,excluded_precomputed,,True,,,fresh_retrieval,0.0001234938390552,0.0002043968997895,4.432210698723793e-05,0.0003902409225702,0.0019590789452195,measured_excluding_encoding,"[4, 3, 27, 174]","[3, 3, 9, 24]",Python/DFS,3.11.15,,,<paper>/revision_campaign_20260914/default/airbnb/default.csv
29,eps-ILP g=4,1,feasible,complete,1,1,returned,0,17.0,3,0.3,0.6255272665938173,0.3,0.074101448059082,0.0756702860817313,3536,17,0,0,0,7,0,,,10,1,0.0003126380033791,0,208,4,0,0.0015688380226492,,,,,,,,,,True,grid_complete,configured_grid,,1.608068123459816e-05,solver final filtering and index remapping; caller metric conversion excluded,r5-v1,,excluded_precomputed,,True,,,fresh_retrieval,0.0,0.0740478211082518,3.7546269595623016e-05,0.074101448059082,0.0756702860817313,measured_excluding_encoding,"[4, 3, 27, 174]","[4, 3, 27, 174]",scipy.optimize.milp/HiGHS,1.17.1,1.12.0,1.0,<paper>/revision_campaign_20260914/default/airbnb/default.csv
29,eps-ILP g=16,1,feasible,complete,1,1,returned,0,257.0,7,0.7,0.9387583746037924,0.7,0.97405199194327,0.9756208299659191,53456,257,0,0,0,74,0,,,10,1,0.0003126380033791,0,208,4,0,0.0015688380226492,,,,,,,,,,True,grid_complete,configured_grid,,3.1744129955768585e-05,solver final filtering and index remapping; caller metric conversion excluded,r5-v1,,excluded_precomputed,,True,,,fresh_retrieval,0.0,0.970037569757551,0.0039826780557632,0.97405199194327,0.9756208299659191,measured_excluding_encoding,"[4, 3, 27, 174]","[4, 3, 27, 174]",scipy.optimize.milp/HiGHS,1.17.1,1.12.0,1.0,<paper>/revision_campaign_20260914/default/airbnb/default.csv
29,PBF,1,feasible,complete,1,1,returned,0,,10,1.0,1.0,1.0,0.014948034659028,0.0165168726816773,225504,1,0,0,0,0,0,,,10,1,0.0003126380033791,0,208,4,0,0.0015688380226492,True,,,,,,,,,True,complete,full_input,,0.014948034659028,solver final filtering and index remapping; caller metric conversion excluded,r5-v1,,excluded_precomputed,,True,,,fresh_retrieval,,,,0.014948034659028,0.0165168726816773,measured_excluding_encoding,"[4, 3, 27, 174]",,Python/PBF,3.11.15,,,<paper>/revision_campaign_20260914/default/airbnb/default.csv
30,PACS,1,feasible,complete,1,1,returned,0,,46,0.2395833333333333,0.8646746863634308,0.2395833333333333,0.0159229622222483,0.022153987083584,2680,1,0,0,0,0,0,6628.0,75.0,192,1,0.0174207873642444,0,6628,4,1,0.0062310248613357,False,,,,,,,,,True,completed,beam_search,"[18, 9, 46, 2]",2.4186447262763977e-05,solver final filtering and index remapping; caller metric conversion excluded,r5-v1,,excluded_precomputed,,True,,,fresh_retrieval,0.0071478779427707,0.0084244390018284,0.0003264588303864,0.0159229622222483,0.022153987083584,measured_excluding_encoding,"[428, 43, 6151, 6]","[18, 9, 46, 2]",Python/PACS+,3.11.15,,,<paper>/revision_campaign_20260914/default/airbnb/default.csv
30,PACS_dC,1,feasible,complete,1,1,returned,0,,100,0.328125,0.8289083231973986,0.328125,0.0106499148532748,0.0168809397146105,1201,1,0,0,0,0,0,,,192,1,0.0174207873642444,0,6628,4,1,0.0062310248613357,False,,,,,,,,,True,completed,beam_search,"[18, 9, 46, 2]",1.763785257935524e-05,solver final filtering and index remapping; caller metric conversion excluded,r5-v1,,excluded_precomputed,,True,,,fresh_retrieval,0.0067897699773311,0.0035088271833956,0.0003336798399686,0.0106499148532748,0.0168809397146105,measured_excluding_encoding,"[428, 43, 6151, 6]","[18, 9, 46, 2]",Python/PACS_dC,3.11.15,,,<paper>/revision_campaign_20260914/default/airbnb/default.csv
30,PBS-unbounded,1,feasible,complete,1,1,returned,0,,192,1.0,1.0,1.0,0.0174450743943452,0.023676099255681,3170,1,0,0,0,0,0,6628.0,75.0,192,1,0.0174207873642444,0,6628,4,1,0.0062310248613357,True,,,,,,,,,True,completed,all_reduced_candidates,"[18, 9, 46, 2]",3.423914313316345e-05,solver final filtering and index remapping; caller metric conversion excluded,r5-v1,,excluded_precomputed,,True,,,fresh_retrieval,0.0070674549788236,0.0092583983205258,0.0010849819518625,0.0174450743943452,0.023676099255681,measured_excluding_encoding,"[428, 43, 6151, 6]","[18, 9, 46, 2]",Python/PBS-unbounded,3.11.15,,,<paper>/revision_campaign_20260914/default/airbnb/default.csv
30,PTS,1,feasible,complete,1,1,returned,0,,95,0.109375,0.7188638856398722,0.109375,0.0162758752703666,0.0225069001317024,1954,1,0,0,0,0,0,6628.0,75.0,192,1,0.0174207873642444,0,6628,4,1,0.0062310248613357,False,,,,,,,500.0,,False,iteration_limit,fixed_candidate_tree,"[18, 9, 46, 2]",5.054520443081856e-05,solver final filtering and index remapping; caller metric conversion excluded,r5-v1,,excluded_precomputed,,True,,,fresh_retrieval,0.0070223310030996,0.0088654579594731,0.000337541103363,0.0162758752703666,0.0225069001317024,measured_excluding_encoding,"[428, 43, 6151, 6]","[18, 9, 46, 2]",Python/DFS,3.11.15,,,<paper>/revision_campaign_20260914/default/airbnb/default.csv
30,eps-ILP g=4,1,feasible,complete,1,1,returned,0,17.0,3,0.015625,0.3480464191735604,0.015625,1.8096636370755728,1.815894661936909,112676,17,0,0,0,4,0,,,192,1,0.0174207873642444,0,6628,4,1,0.0062310248613357,,,,,,,,,,True,grid_complete,configured_grid,,2.348143607378006e-05,solver final filtering and index remapping; caller metric conversion excluded,r5-v1,,excluded_precomputed,,True,,,fresh_retrieval,0.0,1.8095869775861504,5.317805334925652e-05,1.8096636370755728,1.815894661936909,measured_excluding_encoding,"[428, 43, 6151, 6]","[428, 43, 6151, 6]",scipy.optimize.milp/HiGHS,1.17.1,1.12.0,1.0,<paper>/revision_campaign_20260914/default/airbnb/default.csv
30,eps-ILP g=16,1,feasible,complete,1,1,returned,0,257.0,12,0.0625,0.8094424397435146,0.0625,23.209382061846554,23.21561308670789,1703396,257,0,0,0,16,0,,,192,1,0.0174207873642444,0,6628,4,1,0.0062310248613357,,,,,,,,,,True,grid_complete,configured_grid,,8.838390931487083e-05,solver final filtering and index remapping; caller metric conversion excluded,r5-v1,,excluded_precomputed,,True,,,fresh_retrieval,0.0,23.20224686106667,0.0070468168705701,23.209382061846554,23.21561308670789,measured_excluding_encoding,"[428, 43, 6151, 6]","[428, 43, 6151, 6]",scipy.optimize.milp/HiGHS,1.17.1,1.12.0,1.0,<paper>/revision_campaign_20260914/default/airbnb/default.csv
30,PBF,0,feasible,complete,1,1,work_limit,0,,0,0.0,0.0,0.0,3.179209306836128e-05,0.0062628169544041,0,1,0,0,0,0,0,,,192,1,0.0174207873642444,0,6628,4,1,0.0062310248613357,False,,,,,,,,,False,combination_limit,full_input,,3.179209306836128e-05,solver final filtering and index remapping; caller metric conversion excluded,r5-v1,,excluded_precomputed,,True,,,fresh_retrieval,,,,3.179209306836128e-05,0.0062628169544041,measured_excluding_encoding,"[428, 43, 6151, 6]",,Python/PBF,3.11.15,,,<paper>/revision_campaign_20260914/default/airbnb/default.csv
31,PACS,1,feasible,complete,1,1,returned,0,,52,1.0,1.0,1.0,0.0020439280197024,0.0044225119054317,763,1,0,0,0,0,0,1347.0,60.0,52,1,0.0019997376948595,0,1347,3,0,0.0023785838857293,True,,,,,,,,,True,completed,all_reduced_candidates,"[40, 9, 11]",1.972634345293045e-05,solver final filtering and index remapping; caller metric conversion excluded,r5-v1,,excluded_precomputed,,True,,,fresh_retrieval,0.0013277758844196,0.0005157869309186,0.0001806388609111,0.0020439280197024,0.0044225119054317,measured_excluding_encoding,"[1246, 30, 71]","[40, 9, 11]",Python/PACS+,3.11.15,,,<paper>/revision_campaign_20260914/default/airbnb/default.csv
31,PACS_dC,0,feasible,complete,1,1,no_assignment,0,,0,0.0,0.0,0.0,0.0013597258366644,0.0037383097223937,223,1,0,0,0,0,0,,,52,1,0.0019997376948595,0,1347,3,0,0.0023785838857293,False,,,,,,,,,True,completed,beam_search,"[40, 9, 11]",1.466553658246994e-05,solver final filtering and index remapping; caller metric conversion excluded,r5-v1,,excluded_precomputed,,True,,,fresh_retrieval,0.0011605531908571,0.0001817340962588,2.7730129659175877e-06,0.0013597258366644,0.0037383097223937,measured_excluding_encoding,"[1246, 30, 71]","[40, 9, 11]",Python/PACS_dC,3.11.15,,,<paper>/revision_campaign_20260914/default/airbnb/default.csv
31,PBS-unbounded,1,feasible,complete,1,1,returned,0,,52,1.0,1.0,1.0,0.0019257590174674,0.0043043429031968,763,1,0,0,0,0,0,1347.0,60.0,52,1,0.0019997376948595,0,1347,3,0,0.0023785838857293,True,,,,,,,,,True,completed,all_reduced_candidates,"[40, 9, 11]",1.713493838906288e-05,solver final filtering and index remapping; caller metric conversion excluded,r5-v1,,excluded_precomputed,,True,,,fresh_retrieval,0.0011775218881666,0.0005575870163738,0.0001735151745378,0.0019257590174674,0.0043043429031968,measured_excluding_encoding,"[1246, 30, 71]","[40, 9, 11]",Python/PBS-unbounded,3.11.15,,,<paper>/revision_campaign_20260914/default/airbnb/default.csv
31,PTS,1,feasible,complete,1,1,returned,0,,52,1.0,1.0,1.0,0.0029198117554187,0.005298395641148,1131,1,0,0,0,0,0,1347.0,60.0,52,1,0.0019997376948595,0,1347,3,0,0.0023785838857293,True,,,,,,,500.0,,True,completed,fixed_candidate_tree,"[40, 9, 11]",2.7686823159456253e-05,solver final filtering and index remapping; caller metric conversion excluded,r5-v1,,excluded_precomputed,,True,,,fresh_retrieval,0.001149381045252,0.0015647830441594,0.0001779608428478,0.0029198117554187,0.005298395641148,measured_excluding_encoding,"[1246, 30, 71]","[40, 9, 11]",Python/DFS,3.11.15,,,<paper>/revision_campaign_20260914/default/airbnb/default.csv
31,eps-ILP g=4,1,feasible,complete,1,1,returned,0,17.0,3,0.0576923076923076,0.6523673121918812,0.0576923076923076,0.3830259246751666,0.3854045085608959,22899,17,0,0,0,7,0,,,52,1,0.0019997376948595,0,1347,3,0,0.0023785838857293,,,,,,,,,,True,grid_complete,configured_grid,,1.6569625586271286e-05,solver final filtering and index remapping; caller metric conversion excluded,r5-v1,,excluded_precomputed,,True,,,fresh_retrieval,0.0,0.3829700420610606,3.931298851966858e-05,0.3830259246751666,0.3854045085608959,measured_excluding_encoding,"[1246, 30, 71]","[1246, 30, 71]",scipy.optimize.milp/HiGHS,1.17.1,1.12.0,1.0,<paper>/revision_campaign_20260914/default/airbnb/default.csv
31,eps-ILP g=16,1,feasible,complete,1,1,returned,0,257.0,13,0.25,0.92388608880439,0.25,5.664077020250261,5.66645560413599,346179,257,0,0,0,36,0,,,52,1,0.0019997376948595,0,1347,3,0,0.0023785838857293,,,,,,,,,,True,grid_complete,configured_grid,,4.396634176373482e-05,solver final filtering and index remapping; caller metric conversion excluded,r5-v1,,excluded_precomputed,,True,,,fresh_retrieval,0.0,5.658366664778441,0.0056663891300559,5.664077020250261,5.66645560413599,measured_excluding_encoding,"[1246, 30, 71]","[1246, 30, 71]",scipy.optimize.milp/HiGHS,1.17.1,1.12.0,1.0,<paper>/revision_campaign_20260914/default/airbnb/default.csv
31,PBF,1,feasible,complete,1,1,returned,0,,52,1.0,1.0,1.0,0.6258942950516939,0.6282728789374232,7961940,1,0,0,0,0,0,,,52,1,0.0019997376948595,0,1347,3,0,0.0023785838857293,True,,,,,,,,,True,complete,full_input,,0.6258942950516939,solver final filtering and index remapping; caller metric conversion excluded,r5-v1,,excluded_precomputed,,True,,,fresh_retrieval,,,,0.6258942950516939,0.6282728789374232,measured_excluding_encoding,"[1246, 30, 71]",,Python/PBF,3.11.15,,,<paper>/revision_campaign_20260914/default/airbnb/default.csv
32,PACS,1,feasible,complete,1,1,returned,0,,100,0.9090909090909092,0.9991496812169846,0.9090909090909092,0.0056611360050737,0.0081245978362858,4307,1,0,0,0,0,0,1300.0,89.0,110,1,0.0054075890220701,0,1300,6,0,0.002463461831212,False,,,,,,,,,True,completed,beam_search,"[12, 6, 16, 27, 22, 6]",1.4310702681541445e-05,solver final filtering and index remapping; caller metric conversion excluded,r5-v1,,excluded_precomputed,,True,,,fresh_retrieval,0.0012102932669222,0.0040923287160694,0.0003442033194005,0.0056611360050737,0.0081245978362858,measured_excluding_encoding,"[19, 26, 82, 931, 234, 8]","[12, 6, 16, 27, 22, 6]",Python/PACS+,3.11.15,,,<paper>/revision_campaign_20260914/default/airbnb/default.csv
32,PACS_dC,1,feasible,complete,1,1,returned,0,,30,0.0,0.1359834487523409,0.0,0.0037913462147116,0.0062548080459237,3816,1,0,0,0,0,0,,,110,1,0.0054075890220701,0,1300,6,0,0.002463461831212,False,,,,,,,,,True,completed,beam_search,"[12, 6, 16, 27, 22, 6]",1.2339092791080477e-05,solver final filtering and index remapping; caller metric conversion excluded,r5-v1,,excluded_precomputed,,True,,,fresh_retrieval,0.0009497199207544,0.0027289539575576,0.0001003332436084,0.0037913462147116,0.0062548080459237,measured_excluding_encoding,"[19, 26, 82, 931, 234, 8]","[12, 6, 16, 27, 22, 6]",Python/PACS_dC,3.11.15,,,<paper>/revision_campaign_20260914/default/airbnb/default.csv
32,PBS-unbounded,1,feasible,complete,1,1,returned,0,,110,1.0,1.0,1.0,0.0054326448589563,0.0078961066901683,5067,1,0,0,0,0,0,1300.0,89.0,110,1,0.0054075890220701,0,1300,6,0,0.002463461831212,True,,,,,,,,,True,completed,all_reduced_candidates,"[12, 6, 16, 27, 22, 6]",1.798802986741066e-05,solver final filtering and index remapping; caller metric conversion excluded,r5-v1,,excluded_precomputed,,True,,,fresh_retrieval,0.0010101208463311,0.0040239342488348,0.0003806017339229,0.0054326448589563,0.0078961066901683,measured_excluding_encoding,"[19, 26, 82, 931, 234, 8]","[12, 6, 16, 27, 22, 6]",Python/PBS-unbounded,3.11.15,,,<paper>/revision_campaign_20260914/default/airbnb/default.csv
32,PTS,1,feasible,complete,1,1,returned,0,,73,0.6363636363636364,0.9016227353907732,0.6363636363636364,0.009410313796252,0.011873775627464,6545,1,0,0,0,0,0,1300.0,89.0,110,1,0.0054075890220701,0,1300,6,0,0.002463461831212,False,,,,,,,500.0,,False,iteration_limit,fixed_candidate_tree,"[12, 6, 16, 27, 22, 6]",4.486553370952606e-05,solver final filtering and index remapping; caller metric conversion excluded,r5-v1,,excluded_precomputed,,True,,,fresh_retrieval,0.0008942219428718,0.0082177151925861,0.0002535111270844,0.009410313796252,0.011873775627464,measured_excluding_encoding,"[19, 26, 82, 931, 234, 8]","[12, 6, 16, 27, 22, 6]",Python/DFS,3.11.15,,,<paper>/revision_campaign_20260914/default/airbnb/default.csv
32,eps-ILP g=4,1,feasible,complete,1,1,returned,0,17.0,3,0.0272727272727272,0.5863960086873208,0.0272727272727272,0.3787373849190771,0.3812008467502892,22100,17,0,0,0,7,0,,,110,1,0.0054075890220701,0,1300,6,0,0.002463461831212,,,,,,,,,,True,grid_complete,configured_grid,,1.7257872968912125e-05,solver final filtering and index remapping; caller metric conversion excluded,r5-v1,,excluded_precomputed,,True,,,fresh_retrieval,0.0,0.3786801309324801,3.999611362814903e-05,0.3787373849190771,0.3812008467502892,measured_excluding_encoding,"[19, 26, 82, 931, 234, 8]","[19, 26, 82, 931, 234, 8]",scipy.optimize.milp/HiGHS,1.17.1,1.12.0,1.0,<paper>/revision_campaign_20260914/default/airbnb/default.csv
32,eps-ILP g=16,1,feasible,complete,1,1,returned,0,257.0,18,0.1636363636363636,0.955202169492826,0.1636363636363636,5.779446448665112,5.781909910496324,334100,257,0,0,0,79,0,,,110,1,0.0054075890220701,0,1300,6,0,0.002463461831212,,,,,,,,,,True,grid_complete,configured_grid,,3.852555528283119e-05,solver final filtering and index remapping; caller metric conversion excluded,r5-v1,,excluded_precomputed,,True,,,fresh_retrieval,0.0,5.775632306933403,0.0037756161764264,5.779446448665112,5.781909910496324,measured_excluding_encoding,"[19, 26, 82, 931, 234, 8]","[19, 26, 82, 931, 234, 8]",scipy.optimize.milp/HiGHS,1.17.1,1.12.0,1.0,<paper>/revision_campaign_20260914/default/airbnb/default.csv
32,PBF,0,feasible,complete,1,1,work_limit,0,,0,0.0,0.0,0.0,2.312799915671349e-05,0.0024865898303687,0,1,0,0,0,0,0,,,110,1,0.0054075890220701,0,1300,6,0,0.002463461831212,False,,,,,,,,,False,combination_limit,full_input,,2.312799915671349e-05,solver final filtering and index remapping; caller metric conversion excluded,r5-v1,,excluded_precomputed,,True,,,fresh_retrieval,,,,2.312799915671349e-05,0.0024865898303687,measured_excluding_encoding,"[19, 26, 82, 931, 234, 8]",,Python/PBF,3.11.15,,,<paper>/revision_campaign_20260914/default/airbnb/default.csv
33,PACS,1,feasible,complete,1,1,returned,0,,48,0.0259938837920489,0.2238185921006438,0.0259938837920489,0.0136624323204159,0.0163755402900278,6035,1,0,0,0,0,0,1408.0,90.0,654,1,0.0508610159158706,0,1408,8,0,0.0027131079696118,False,,,,,,,,,True,completed,beam_search,"[20, 11, 5, 16, 9, 5, 17, 7]",1.4784280210733414e-05,solver final filtering and index remapping; caller metric conversion excluded,r5-v1,,excluded_precomputed,,True,,,fresh_retrieval,0.0012133307754993,0.0122578162699937,0.0001765009947121,0.0136624323204159,0.0163755402900278,measured_excluding_encoding,"[580, 127, 10, 434, 175, 6, 66, 10]","[20, 11, 5, 16, 9, 5, 17, 7]",Python/PACS+,3.11.15,,,<paper>/revision_campaign_20260914/default/airbnb/default.csv
33,PACS_dC,0,feasible,complete,1,1,no_assignment,0,,0,0.0,0.0,0.0,0.0073118661530315,0.0100249741226434,3196,1,0,0,0,0,0,,,654,1,0.0508610159158706,0,1408,8,0,0.0027131079696118,False,,,,,,,,,True,completed,beam_search,"[20, 11, 5, 16, 9, 5, 17, 7]",1.7311424016952515e-05,solver final filtering and index remapping; caller metric conversion excluded,r5-v1,,excluded_precomputed,,True,,,fresh_retrieval,0.0008952617645263,0.0063958680257201,3.4249387681484222e-06,0.0073118661530315,0.0100249741226434,measured_excluding_encoding,"[580, 127, 10, 434, 175, 6, 66, 10]","[20, 11, 5, 16, 9, 5, 17, 7]",Python/PACS_dC,3.11.15,,,<paper>/revision_campaign_20260914/default/airbnb/default.csv
33,PBS-unbounded,1,feasible,complete,1,1,returned,0,,654,1.0,1.0,1.0,0.0507470890879631,0.0534601970575749,30039,1,0,0,0,0,0,1408.0,90.0,654,1,0.0508610159158706,0,1408,8,0,0.0027131079696118,True,,,,,,,,,True,completed,all_reduced_candidates,"[20, 11, 5, 16, 9, 5, 17, 7]",6.487127393484116e-05,solver final filtering and index remapping; caller metric conversion excluded,r5-v1,,excluded_precomputed,,True,,,fresh_retrieval,0.0008297297172248,0.0473316432908177,0.0025208448059856,0.0507470890879631,0.0534601970575749,measured_excluding_encoding,"[580, 127, 10, 434, 175, 6, 66, 10]","[20, 11, 5, 16, 9, 5, 17, 7]",Python/PBS-unbounded,3.11.15,,,<paper>/revision_campaign_20260914/default/airbnb/default.csv
33,PTS,1,feasible,complete,1,1,returned,0,,69,0.0259938837920489,0.6180856780220937,0.0259938837920489,0.0104665551334619,0.0131796631030738,8965,1,0,0,0,0,0,1408.0,90.0,654,1,0.0508610159158706,0,1408,8,0,0.0027131079696118,False,,,,,,,500.0,,False,iteration_limit,fixed_candidate_tree,"[20, 11, 5, 16, 9, 5, 17, 7]",5.5351294577121735e-05,solver final filtering and index remapping; caller metric conversion excluded,r5-v1,,excluded_precomputed,,True,,,fresh_retrieval,0.0008306768722832,0.0093222227878868,0.0002583041787147,0.0104665551334619,0.0131796631030738,measured_excluding_encoding,"[580, 127, 10, 434, 175, 6, 66, 10]","[20, 11, 5, 16, 9, 5, 17, 7]",Python/DFS,3.11.15,,,<paper>/revision_campaign_20260914/default/airbnb/default.csv
33,eps-ILP g=4,1,feasible,complete,1,1,returned,0,17.0,4,0.0061162079510703,0.4217024025791568,0.0061162079510703,0.3542678100056946,0.3569809179753065,23936,17,0,0,0,10,0,,,654,1,0.0508610159158706,0,1408,8,0,0.0027131079696118,,,,,,,,,,True,grid_complete,configured_grid,,1.6345176845788956e-05,solver final filtering and index remapping; caller metric conversion excluded,r5-v1,,excluded_precomputed,,True,,,fresh_retrieval,0.0,0.3542236657813191,2.7799047529697415e-05,0.3542678100056946,0.3569809179753065,measured_excluding_encoding,"[580, 127, 10, 434, 175, 6, 66, 10]","[580, 127, 10, 434, 175, 6, 66, 10]",scipy.optimize.milp/HiGHS,1.17.1,1.12.0,1.0,<paper>/revision_campaign_20260914/default/airbnb/default.csv
33,eps-ILP g=16,1,feasible,complete,1,1,returned,0,257.0,32,0.0489296636085626,0.8669127504049888,0.0489296636085626,5.794517365749925,5.797230473719537,361856,257,0,0,0,126,0,,,654,1,0.0508610159158706,0,1408,8,0,0.0027131079696118,,,,,,,,,,True,grid_complete,configured_grid,,3.263307735323906e-05,solver final filtering and index remapping; caller metric conversion excluded,r5-v1,,excluded_precomputed,,True,,,fresh_retrieval,0.0,5.792399291880429,0.0020854407921433,5.794517365749925,5.797230473719537,measured_excluding_encoding,"[580, 127, 10, 434, 175, 6, 66, 10]","[580, 127, 10, 434, 175, 6, 66, 10]",scipy.optimize.milp/HiGHS,1.17.1,1.12.0,1.0,<paper>/revision_campaign_20260914/default/airbnb/default.csv
33,PBF,0,feasible,complete,1,1,work_limit,0,,0,0.0,0.0,0.0,2.7264002710580822e-05,0.0027403719723224,0,1,0,0,0,0,0,,,654,1,0.0508610159158706,0,1408,8,0,0.0027131079696118,False,,,,,,,,,False,combination_limit,full_input,,2.7264002710580822e-05,solver final filtering and index remapping; caller metric conversion excluded,r5-v1,,excluded_precomputed,,True,,,fresh_retrieval,,,,2.7264002710580822e-05,0.0027403719723224,measured_excluding_encoding,"[580, 127, 10, 434, 175, 6, 66, 10]",,Python/PBF,3.11.15,,,<paper>/revision_campaign_20260914/default/airbnb/default.csv
34,PACS,1,feasible,complete,1,1,returned,0,,99,0.054140127388535,0.8293061414780606,0.054140127388535,0.0385712580755353,0.0438776537775993,12107,1,0,0,0,0,0,4185.0,165.0,1256,1,0.2283634450286626,0,4185,8,1,0.005306395702064,False,,,,,,,,,True,completed,beam_search,"[24, 7, 45, 18, 19, 29, 10, 13]",5.9830956161022186e-05,solver final filtering and index remapping; caller metric conversion excluded,r5-v1,,excluded_precomputed,,True,,,fresh_retrieval,0.0035155359655618,0.0346287740394473,0.0003671171143651,0.0385712580755353,0.0438776537775993,measured_excluding_encoding,"[670, 36, 1844, 462, 740, 362, 49, 22]","[24, 7, 45, 18, 19, 29, 10, 13]",Python/PACS+,3.11.15,,,<paper>/revision_campaign_20260914/default/airbnb/default.csv
34,PACS_dC,1,feasible,complete,1,1,returned,0,,66,0.0,0.0895213808818141,0.0,0.0159422606229782,0.0212486563250422,9411,1,0,0,0,0,0,,,1256,1,0.2283634450286626,0,4185,8,1,0.005306395702064,False,,,,,,,,,True,completed,beam_search,"[24, 7, 45, 18, 19, 29, 10, 13]",1.6856472939252853e-05,solver final filtering and index remapping; caller metric conversion excluded,r5-v1,,excluded_precomputed,,True,,,fresh_retrieval,0.0032286061905324,0.0124688087962567,0.0002279891632497,0.0159422606229782,0.0212486563250422,measured_excluding_encoding,"[670, 36, 1844, 462, 740, 362, 49, 22]","[24, 7, 45, 18, 19, 29, 10, 13]",Python/PACS_dC,3.11.15,,,<paper>/revision_campaign_20260914/default/airbnb/default.csv
34,PBS-unbounded,1,feasible,complete,1,1,returned,0,,1256,1.0,1.0,1.0,0.4671361590735614,0.4724425547756254,78466,1,0,0,0,0,0,4185.0,165.0,1256,1,0.2283634450286626,0,4185,8,1,0.005306395702064,True,,,,,,,,,True,completed,all_reduced_candidates,"[24, 7, 45, 18, 19, 29, 10, 13]",0.0006535649299621,solver final filtering and index remapping; caller metric conversion excluded,r5-v1,,excluded_precomputed,,True,,,fresh_retrieval,0.0031776311807334,0.4563155379146337,0.006989425048232,0.4671361590735614,0.4724425547756254,measured_excluding_encoding,"[670, 36, 1844, 462, 740, 362, 49, 22]","[24, 7, 45, 18, 19, 29, 10, 13]",Python/PBS-unbounded,3.11.15,,,<paper>/revision_campaign_20260914/default/airbnb/default.csv
34,PTS,1,feasible,complete,1,1,returned,0,,47,0.0,0.085990412353924,0.0,0.0131673454307019,0.018473741132766,17548,1,0,0,0,0,0,4185.0,165.0,1256,1,0.2283634450286626,0,4185,8,1,0.005306395702064,False,,,,,,,500.0,,False,iteration_limit,fixed_candidate_tree,"[24, 7, 45, 18, 19, 29, 10, 13]",6.0057733207941055e-05,solver final filtering and index remapping; caller metric conversion excluded,r5-v1,,excluded_precomputed,,True,,,fresh_retrieval,0.0033410917967557,0.0095793469808995,0.0001868489198386,0.0131673454307019,0.018473741132766,measured_excluding_encoding,"[670, 36, 1844, 462, 740, 362, 49, 22]","[24, 7, 45, 18, 19, 29, 10, 13]",Python/DFS,3.11.15,,,<paper>/revision_campaign_20260914/default/airbnb/default.csv
34,eps-ILP g=4,1,feasible,complete,1,1,returned,0,17.0,4,0.0031847133757961,0.3656122471608997,0.0031847133757961,1.0478075230494142,1.0531139187514782,71145,17,0,0,0,4,0,,,1256,1,0.2283634450286626,0,4185,8,1,0.005306395702064,,,,,,,,,,True,grid_complete,configured_grid,,1.852307468652725e-05,solver final filtering and index remapping; caller metric conversion excluded,r5-v1,,excluded_precomputed,,True,,,fresh_retrieval,0.0,1.0477350461296735,5.395384505391121e-05,1.0478075230494142,1.0531139187514782,measured_excluding_encoding,"[670, 36, 1844, 462, 740, 362, 49, 22]","[670, 36, 1844, 462, 740, 362, 49, 22]",scipy.optimize.milp/HiGHS,1.17.1,1.12.0,1.0,<paper>/revision_campaign_20260914/default/airbnb/default.csv
34,eps-ILP g=16,1,feasible,complete,1,1,returned,0,257.0,43,0.0342356687898089,0.8371386783412078,0.0342356687898089,16.199327948037535,16.2046343437396,1075545,257,0,0,0,16,0,,,1256,1,0.2283634450286626,0,4185,8,1,0.005306395702064,,,,,,,,,,True,grid_complete,configured_grid,,0.0001068939454853,solver final filtering and index remapping; caller metric conversion excluded,r5-v1,,excluded_precomputed,,True,,,fresh_retrieval,0.0,16.192785039078444,0.0064360150136053,16.199327948037535,16.2046343437396,measured_excluding_encoding,"[670, 36, 1844, 462, 740, 362, 49, 22]","[670, 36, 1844, 462, 740, 362, 49, 22]",scipy.optimize.milp/HiGHS,1.17.1,1.12.0,1.0,<paper>/revision_campaign_20260914/default/airbnb/default.csv
34,PBF,0,feasible,complete,1,1,work_limit,0,,0,0.0,0.0,0.0,3.971671685576439e-05,0.0053461124189198,0,1,0,0,0,0,0,,,1256,1,0.2283634450286626,0,4185,8,1,0.005306395702064,False,,,,,,,,,False,combination_limit,full_input,,3.971671685576439e-05,solver final filtering and index remapping; caller metric conversion excluded,r5-v1,,excluded_precomputed,,True,,,fresh_retrieval,,,,3.971671685576439e-05,0.0053461124189198,measured_excluding_encoding,"[670, 36, 1844, 462, 740, 362, 49, 22]",,Python/PBF,3.11.15,,,<paper>/revision_campaign_20260914/default/airbnb/default.csv
35,PACS,1,feasible,complete,1,1,returned,0,,13,1.0,1.0,1.0,0.0011165612377226,0.0034397528506815,623,1,0,0,0,0,0,485.0,49.0,13,1,0.0010583321563899,0,485,4,0,0.0023231916129589,True,,,,,,,,,True,completed,all_reduced_candidates,"[10, 25, 1, 13]",2.010958269238472e-05,solver final filtering and index remapping; caller metric conversion excluded,r5-v1,,excluded_precomputed,,True,,,fresh_retrieval,0.0004088687710464,0.0006271679885685,6.041489541530609e-05,0.0011165612377226,0.0034397528506815,measured_excluding_encoding,"[20, 407, 1, 57]","[10, 25, 1, 13]",Python/PACS+,3.11.15,,,<paper>/revision_campaign_20260914/default/airbnb/default.csv
35,PACS_dC,0,feasible,complete,1,1,no_assignment,0,,0,0.0,0.0,0.0,0.0005387240089476,0.0028619156219065,129,1,0,0,0,0,0,,,13,1,0.0010583321563899,0,485,4,0,0.0023231916129589,False,,,,,,,,,True,completed,beam_search,"[10, 25, 1, 13]",1.2625940144062042e-05,solver final filtering and index remapping; caller metric conversion excluded,r5-v1,,excluded_precomputed,,True,,,fresh_retrieval,0.0003446931950747,0.0001786961220204,2.7087517082691197e-06,0.0005387240089476,0.0028619156219065,measured_excluding_encoding,"[20, 407, 1, 57]","[10, 25, 1, 13]",Python/PACS_dC,3.11.15,,,<paper>/revision_campaign_20260914/default/airbnb/default.csv
35,PBS-unbounded,1,feasible,complete,1,1,returned,0,,13,1.0,1.0,1.0,0.0009454539977014,0.0032686456106603,623,1,0,0,0,0,0,485.0,49.0,13,1,0.0010583321563899,0,485,4,0,0.0023231916129589,True,,,,,,,,,True,completed,all_reduced_candidates,"[10, 25, 1, 13]",1.299101859331131e-05,solver final filtering and index remapping; caller metric conversion excluded,r5-v1,,excluded_precomputed,,True,,,fresh_retrieval,0.0003290851600468,0.0005562459118664,4.713190719485283e-05,0.0009454539977014,0.0032686456106603,measured_excluding_encoding,"[20, 407, 1, 57]","[10, 25, 1, 13]",Python/PBS-unbounded,3.11.15,,,<paper>/revision_campaign_20260914/default/airbnb/default.csv
35,PTS,1,feasible,complete,1,1,returned,0,,13,1.0,1.0,1.0,0.0010022390633821,0.003325430676341,737,1,0,0,0,0,0,485.0,49.0,13,1,0.0010583321563899,0,485,4,0,0.0023231916129589,True,,,,,,,500.0,,True,completed,fixed_candidate_tree,"[10, 25, 1, 13]",2.4551060050725937e-05,solver final filtering and index remapping; caller metric conversion excluded,r5-v1,,excluded_precomputed,,True,,,fresh_retrieval,0.0003180508501827,0.0006056851707398,5.395198240876198e-05,0.0010022390633821,0.003325430676341,measured_excluding_encoding,"[20, 407, 1, 57]","[10, 25, 1, 13]",Python/DFS,3.11.15,,,<paper>/revision_campaign_20260914/default/airbnb/default.csv
35,eps-ILP g=4,1,feasible,complete,1,1,returned,0,17.0,3,0.2307692307692307,0.8866910199997591,0.2307692307692307,0.0859190179035067,0.0882422095164656,8245,17,0,0,0,7,0,,,13,1,0.0010583321563899,0,485,4,0,0.0023231916129589,,,,,,,,,,True,grid_complete,configured_grid,,1.6332603991031647e-05,solver final filtering and index remapping; caller metric conversion excluded,r5-v1,,excluded_precomputed,,True,,,fresh_retrieval,0.0,0.085863531101495,3.915419802069664e-05,0.0859190179035067,0.0882422095164656,measured_excluding_encoding,"[20, 407, 1, 57]","[20, 407, 1, 57]",scipy.optimize.milp/HiGHS,1.17.1,1.12.0,1.0,<paper>/revision_campaign_20260914/default/airbnb/default.csv
35,eps-ILP g=16,1,feasible,complete,1,1,returned,0,257.0,10,0.7692307692307693,0.9860531562090744,0.7692307692307693,1.4455903922207654,1.4479135838337245,124645,257,0,0,0,99,0,,,13,1,0.0010583321563899,0,485,4,0,0.0023231916129589,,,,,,,,,,True,grid_complete,configured_grid,,2.847285941243172e-05,solver final filtering and index remapping; caller metric conversion excluded,r5-v1,,excluded_precomputed,,True,,,fresh_retrieval,0.0,1.442532637156546,0.0030292822048068,1.4455903922207654,1.4479135838337245,measured_excluding_encoding,"[20, 407, 1, 57]","[20, 407, 1, 57]",scipy.optimize.milp/HiGHS,1.17.1,1.12.0,1.0,<paper>/revision_campaign_20260914/default/airbnb/default.csv
35,PBF,1,feasible,complete,1,1,returned,0,,13,1.0,1.0,1.0,0.1169119183905422,0.1192351100035011,1855920,1,0,0,0,0,0,,,13,1,0.0010583321563899,0,485,4,0,0.0023231916129589,True,,,,,,,,,True,complete,full_input,,0.1169119183905422,solver final filtering and index remapping; caller metric conversion excluded,r5-v1,,excluded_precomputed,,True,,,fresh_retrieval,,,,0.1169119183905422,0.1192351100035011,measured_excluding_encoding,"[20, 407, 1, 57]",,Python/PBF,3.11.15,,,<paper>/revision_campaign_20260914/default/airbnb/default.csv
36,PACS,1,feasible,complete,1,1,returned,0,,100,0.2169197396963123,0.5782686718016096,0.2169197396963123,0.0195055841468274,0.0238961479626595,8793,1,0,0,0,0,0,3122.0,120.0,461,1,0.0269615300931036,0,3122,7,0,0.0043905638158321,False,,,,,,,,,True,completed,beam_search,"[25, 4, 9, 19, 13, 34, 16]",7.125921547412872e-05,solver final filtering and index remapping; caller metric conversion excluded,r5-v1,,excluded_precomputed,,True,,,fresh_retrieval,0.003151748329401,0.0159163908101618,0.0003661857917904,0.0195055841468274,0.0238961479626595,measured_excluding_encoding,"[300, 4, 56, 730, 63, 444, 1525]","[25, 4, 9, 19, 13, 34, 16]",Python/PACS+,3.11.15,,,<paper>/revision_campaign_20260914/default/airbnb/default.csv
36,PACS_dC,1,feasible,complete,1,1,returned,0,,65,0.0,0.1867264983702832,0.0,0.0058122612535953,0.0102028250694274,3945,1,0,0,0,0,0,,,461,1,0.0269615300931036,0,3122,7,0,0.0043905638158321,False,,,,,,,,,True,completed,beam_search,"[25, 4, 9, 19, 13, 34, 16]",2.5354325771331787e-05,solver final filtering and index remapping; caller metric conversion excluded,r5-v1,,excluded_precomputed,,True,,,fresh_retrieval,0.0030614887364208,0.0024922080338001,0.000233210157603,0.0058122612535953,0.0102028250694274,measured_excluding_encoding,"[300, 4, 56, 730, 63, 444, 1525]","[25, 4, 9, 19, 13, 34, 16]",Python/PACS_dC,3.11.15,,,<paper>/revision_campaign_20260914/default/airbnb/default.csv
36,PBS-unbounded,1,feasible,complete,1,1,returned,0,,461,1.0,1.0,1.0,0.0270208748988807,0.0314114387147128,18912,1,0,0,0,0,0,3122.0,120.0,461,1,0.0269615300931036,0,3122,7,0,0.0043905638158321,True,,,,,,,,,True,completed,all_reduced_candidates,"[25, 4, 9, 19, 13, 34, 16]",0.0001254579983651,solver final filtering and index remapping; caller metric conversion excluded,r5-v1,,excluded_precomputed,,True,,,fresh_retrieval,0.0030796937644481,0.0220763790421187,0.0017393440939486,0.0270208748988807,0.0314114387147128,measured_excluding_encoding,"[300, 4, 56, 730, 63, 444, 1525]","[25, 4, 9, 19, 13, 34, 16]",Python/PBS-unbounded,3.11.15,,,<paper>/revision_campaign_20260914/default/airbnb/default.csv
36,PTS,1,feasible,complete,1,1,returned,0,,69,0.0,0.3259816180495185,0.0,0.0126092201098799,0.0169997839257121,12695,1,0,0,0,0,0,3122.0,120.0,461,1,0.0269615300931036,0,3122,7,0,0.0043905638158321,False,,,,,,,500.0,,False,iteration_limit,fixed_candidate_tree,"[25, 4, 9, 19, 13, 34, 16]",5.637621507048607e-05,solver final filtering and index remapping; caller metric conversion excluded,r5-v1,,excluded_precomputed,,True,,,fresh_retrieval,0.0029819989576935,0.0093168448656797,0.0002540000714361,0.0126092201098799,0.0169997839257121,measured_excluding_encoding,"[300, 4, 56, 730, 63, 444, 1525]","[25, 4, 9, 19, 13, 34, 16]",Python/DFS,3.11.15,,,<paper>/revision_campaign_20260914/default/airbnb/default.csv
36,eps-ILP g=4,1,feasible,complete,1,1,returned,0,17.0,3,0.0065075921908893,0.2866756259726019,0.0065075921908893,0.8267553821206093,0.8311459459364414,53074,17,0,0,0,7,0,,,461,1,0.0269615300931036,0,3122,7,0,0.0043905638158321,,,,,,,,,,True,grid_complete,configured_grid,,1.6771256923675537e-05,solver final filtering and index remapping; caller metric conversion excluded,r5-v1,,excluded_precomputed,,True,,,fresh_retrieval,0.0,0.8266977937892079,4.081707447767258e-05,0.8267553821206093,0.8311459459364414,measured_excluding_encoding,"[300, 4, 56, 730, 63, 444, 1525]","[300, 4, 56, 730, 63, 444, 1525]",scipy.optimize.milp/HiGHS,1.17.1,1.12.0,1.0,<paper>/revision_campaign_20260914/default/airbnb/default.csv
36,eps-ILP g=16,1,feasible,complete,1,1,returned,0,257.0,28,0.0607375271149674,0.7717240873264127,0.0607375271149674,12.751037039794028,12.75542760360986,802354,257,0,0,0,75,0,,,461,1,0.0269615300931036,0,3122,7,0,0.0043905638158321,,,,,,,,,,True,grid_complete,configured_grid,,5.292100831866264e-05,solver final filtering and index remapping; caller metric conversion excluded,r5-v1,,excluded_precomputed,,True,,,fresh_retrieval,0.0,12.74699591472745,0.0039882040582597,12.751037039794028,12.75542760360986,measured_excluding_encoding,"[300, 4, 56, 730, 63, 444, 1525]","[300, 4, 56, 730, 63, 444, 1525]",scipy.optimize.milp/HiGHS,1.17.1,1.12.0,1.0,<paper>/revision_campaign_20260914/default/airbnb/default.csv
36,PBF,0,feasible,complete,1,1,work_limit,0,,0,0.0,0.0,0.0,2.4303793907165527e-05,0.0044148676097393,0,1,0,0,0,0,0,,,461,1,0.0269615300931036,0,3122,7,0,0.0043905638158321,False,,,,,,,,,False,combination_limit,full_input,,2.4303793907165527e-05,solver final filtering and index remapping; caller metric conversion excluded,r5-v1,,excluded_precomputed,,True,,,fresh_retrieval,,,,2.4303793907165527e-05,0.0044148676097393,measured_excluding_encoding,"[300, 4, 56, 730, 63, 444, 1525]",,Python/PBF,3.11.15,,,<paper>/revision_campaign_20260914/default/airbnb/default.csv
37,PACS,1,feasible,complete,1,1,returned,0,,99,0.0266539742979533,0.7666171712728048,0.0266539742979533,0.0416587856598198,0.045912894885987,10792,1,0,0,0,0,0,2840.0,142.0,2101,1,1.0559310312382877,0,2840,8,1,0.0042541092261672,False,,,,,,,,,True,completed,beam_search,"[22, 15, 5, 2, 24, 21, 21, 32]",0.0001958543434739,solver final filtering and index remapping; caller metric conversion excluded,r5-v1,,excluded_precomputed,,True,,,fresh_retrieval,0.0032562282867729,0.0378199187107384,0.0003867843188345,0.0416587856598198,0.045912894885987,measured_excluding_encoding,"[839, 237, 41, 3, 306, 725, 261, 428]","[22, 15, 5, 2, 24, 21, 21, 32]",Python/PACS+,3.11.15,,,<paper>/revision_campaign_20260914/default/airbnb/default.csv
37,PACS_dC,1,feasible,complete,1,1,returned,0,,100,0.0166587339362208,0.6701493790092495,0.0166587339362208,0.0297706890851259,0.0340247983112931,6871,1,0,0,0,0,0,,,2101,1,1.0559310312382877,0,2840,8,1,0.0042541092261672,False,,,,,,,,,True,completed,beam_search,"[22, 15, 5, 2, 24, 21, 21, 32]",0.0002058781683444,solver final filtering and index remapping; caller metric conversion excluded,r5-v1,,excluded_precomputed,,True,,,fresh_retrieval,0.0028675966896116,0.0263230102136731,0.0003742040134966,0.0297706890851259,0.0340247983112931,measured_excluding_encoding,"[839, 237, 41, 3, 306, 725, 261, 428]","[22, 15, 5, 2, 24, 21, 21, 32]",Python/PACS_dC,3.11.15,,,<paper>/revision_campaign_20260914/default/airbnb/default.csv
37,PBS-unbounded,1,feasible,complete,1,1,returned,0,,2101,1.0,1.0,1.0,0.8100698878988624,0.8143239971250296,121379,1,0,0,0,0,0,2840.0,142.0,2101,1,1.0559310312382877,0,2840,8,1,0.0042541092261672,True,,,,,,,,,True,completed,all_reduced_candidates,"[22, 15, 5, 2, 24, 21, 21, 32]",0.0037956158630549,solver final filtering and index remapping; caller metric conversion excluded,r5-v1,,excluded_precomputed,,True,,,fresh_retrieval,0.0028367550112307,0.7890103748068213,0.0144271422177553,0.8100698878988624,0.8143239971250296,measured_excluding_encoding,"[839, 237, 41, 3, 306, 725, 261, 428]","[22, 15, 5, 2, 24, 21, 21, 32]",Python/PBS-unbounded,3.11.15,,,<paper>/revision_campaign_20260914/default/airbnb/default.csv
37,PTS,1,feasible,complete,1,1,returned,0,,225,0.0,0.4720169569460501,0.0,0.02590087428689,0.0301549835130572,6798,1,0,0,0,0,0,2840.0,142.0,2101,1,1.0559310312382877,0,2840,8,1,0.0042541092261672,False,,,,,,,500.0,,False,iteration_limit,fixed_candidate_tree,"[22, 15, 5, 2, 24, 21, 21, 32]",5.4194126278162e-05,solver final filtering and index remapping; caller metric conversion excluded,r5-v1,,excluded_precomputed,,True,,,fresh_retrieval,0.0028914040885865,0.0221520299091935,0.0008032461628317,0.02590087428689,0.0301549835130572,measured_excluding_encoding,"[839, 237, 41, 3, 306, 725, 261, 428]","[22, 15, 5, 2, 24, 21, 21, 32]",Python/DFS,3.11.15,,,<paper>/revision_campaign_20260914/default/airbnb/default.csv
37,eps-ILP g=4,1,feasible,complete,1,1,returned,0,17.0,5,0.0023798191337458,0.5247079261696176,0.0023798191337458,0.6093318071216345,0.6135859163478017,48280,17,0,0,0,3,0,,,2101,1,1.0559310312382877,0,2840,8,1,0.0042541092261672,,,,,,,,,,True,grid_complete,configured_grid,,1.7534475773572922e-05,solver final filtering and index remapping; caller metric conversion excluded,r5-v1,,excluded_precomputed,,True,,,fresh_retrieval,0.0,0.6092574028298259,5.686981603503227e-05,0.6093318071216345,0.6135859163478017,measured_excluding_encoding,"[839, 237, 41, 3, 306, 725, 261, 428]","[839, 237, 41, 3, 306, 725, 261, 428]",scipy.optimize.milp/HiGHS,1.17.1,1.12.0,1.0,<paper>/revision_campaign_20260914/default/airbnb/default.csv
37,eps-ILP g=16,1,feasible,complete,1,1,returned,0,257.0,44,0.0209424083769633,0.8832285934886424,0.0209424083769633,10.299721197690817,10.303975306916982,729880,257,0,0,0,14,0,,,2101,1,1.0559310312382877,0,2840,8,1,0.0042541092261672,,,,,,,,,,True,grid_complete,configured_grid,,6.346404552459717e-05,solver final filtering and index remapping; caller metric conversion excluded,r5-v1,,excluded_precomputed,,True,,,fresh_retrieval,0.0,10.29296495905146,0.0066927745938301,10.299721197690817,10.303975306916982,measured_excluding_encoding,"[839, 237, 41, 3, 306, 725, 261, 428]","[839, 237, 41, 3, 306, 725, 261, 428]",scipy.optimize.milp/HiGHS,1.17.1,1.12.0,1.0,<paper>/revision_campaign_20260914/default/airbnb/default.csv
37,PBF,0,feasible,complete,1,1,work_limit,0,,0,0.0,0.0,0.0,3.038812428712845e-05,0.0042844973504543,0,1,0,0,0,0,0,,,2101,1,1.0559310312382877,0,2840,8,1,0.0042541092261672,False,,,,,,,,,False,combination_limit,full_input,,3.038812428712845e-05,solver final filtering and index remapping; caller metric conversion excluded,r5-v1,,excluded_precomputed,,True,,,fresh_retrieval,,,,3.038812428712845e-05,0.0042844973504543,measured_excluding_encoding,"[839, 237, 41, 3, 306, 725, 261, 428]",,Python/PBF,3.11.15,,,<paper>/revision_campaign_20260914/default/airbnb/default.csv
38,PACS,1,feasible,complete,1,1,returned,0,,96,0.5818181818181818,0.9698638105257886,0.5818181818181818,0.004514695610851,0.0072237248532474,2264,1,0,0,0,0,0,1353.0,68.0,165,1,0.0046466840431094,0,1353,4,1,0.0027090292423963,False,,,,,,,,,True,completed,beam_search,"[22, 21, 18, 7]",3.1348783522844315e-05,solver final filtering and index remapping; caller metric conversion excluded,r5-v1,,excluded_precomputed,,True,,,fresh_retrieval,0.0012824209406971,0.0028540790081024,0.0003468468785285,0.004514695610851,0.0072237248532474,measured_excluding_encoding,"[1067, 117, 155, 14]","[22, 21, 18, 7]",Python/PACS+,3.11.15,,,<paper>/revision_campaign_20260914/default/airbnb/default.csv
38,PACS_dC,0,feasible,complete,1,1,no_assignment,0,,0,0.0,0.0,0.0,0.0011584651656448,0.0038674944080412,323,1,0,0,0,0,0,,,165,1,0.0046466840431094,0,1353,4,1,0.0027090292423963,False,,,,,,,,,True,completed,beam_search,"[22, 21, 18, 7]",1.4225952327251434e-05,solver final filtering and index remapping; caller metric conversion excluded,r5-v1,,excluded_precomputed,,True,,,fresh_retrieval,0.0009566391818225,0.0001843408681452,3.259163349866867e-06,0.0011584651656448,0.0038674944080412,measured_excluding_encoding,"[1067, 117, 155, 14]","[22, 21, 18, 7]",Python/PACS_dC,3.11.15,,,<paper>/revision_campaign_20260914/default/airbnb/default.csv
38,PBS-unbounded,1,feasible,complete,1,1,returned,0,,165,1.0,1.0,1.0,0.0046415920369327,0.007350621279329,2950,1,0,0,0,0,0,1353.0,68.0,165,1,0.0046466840431094,0,1353,4,1,0.0027090292423963,True,,,,,,,,,True,completed,all_reduced_candidates,"[22, 21, 18, 7]",3.112992271780968e-05,solver final filtering and index remapping; caller metric conversion excluded,r5-v1,,excluded_precomputed,,True,,,fresh_retrieval,0.0010973550379276,0.0029469178989529,0.0005661891773343,0.0046415920369327,0.007350621279329,measured_excluding_encoding,"[1067, 117, 155, 14]","[22, 21, 18, 7]",Python/PBS-unbounded,3.11.15,,,<paper>/revision_campaign_20260914/default/airbnb/default.csv
38,PTS,1,feasible,complete,1,1,returned,0,,165,1.0,1.0,1.0,0.0102692181244492,0.0129782473668456,3902,1,0,0,0,0,0,1353.0,68.0,165,1,0.0046466840431094,0,1353,4,1,0.0027090292423963,True,,,,,,,500.0,,True,completed,fixed_candidate_tree,"[22, 21, 18, 7]",4.762643948197365e-05,solver final filtering and index remapping; caller metric conversion excluded,r5-v1,,excluded_precomputed,,True,,,fresh_retrieval,0.0010911799035966,0.0085693481378257,0.0005610636435449,0.0102692181244492,0.0129782473668456,measured_excluding_encoding,"[1067, 117, 155, 14]","[22, 21, 18, 7]",Python/DFS,3.11.15,,,<paper>/revision_campaign_20260914/default/airbnb/default.csv
38,eps-ILP g=4,1,feasible,complete,1,1,returned,0,17.0,4,0.0242424242424242,0.4556129042812397,0.0242424242424242,0.3769846903160214,0.3796937195584178,23001,17,0,0,0,4,0,,,165,1,0.0046466840431094,0,1353,4,1,0.0027090292423963,,,,,,,,,,True,grid_complete,configured_grid,,1.7420388758182526e-05,solver final filtering and index remapping; caller metric conversion excluded,r5-v1,,excluded_precomputed,,True,,,fresh_retrieval,0.0,0.3769147722050547,5.249772220849991e-05,0.3769846903160214,0.3796937195584178,measured_excluding_encoding,"[1067, 117, 155, 14]","[1067, 117, 155, 14]",scipy.optimize.milp/HiGHS,1.17.1,1.12.0,1.0,<paper>/revision_campaign_20260914/default/airbnb/default.csv
38,eps-ILP g=16,1,feasible,complete,1,1,returned,0,257.0,31,0.1818181818181818,0.9020785029476248,0.1818181818181818,6.074803942814469,6.077512972056866,347721,257,0,0,0,30,0,,,165,1,0.0046466840431094,0,1353,4,1,0.0027090292423963,,,,,,,,,,True,grid_complete,configured_grid,,5.411449819803238e-05,solver final filtering and index remapping; caller metric conversion excluded,r5-v1,,excluded_precomputed,,True,,,fresh_retrieval,0.0,6.068728975951672,0.0060208523645997,6.074803942814469,6.077512972056866,measured_excluding_encoding,"[1067, 117, 155, 14]","[1067, 117, 155, 14]",scipy.optimize.milp/HiGHS,1.17.1,1.12.0,1.0,<paper>/revision_campaign_20260914/default/airbnb/default.csv
38,PBF,0,feasible,complete,1,1,work_limit,0,,0,0.0,0.0,0.0,3.095995634794235e-05,0.0027399891987442,0,1,0,0,0,0,0,,,165,1,0.0046466840431094,0,1353,4,1,0.0027090292423963,False,,,,,,,,,False,combination_limit,full_input,,3.095995634794235e-05,solver final filtering and index remapping; caller metric conversion excluded,r5-v1,,excluded_precomputed,,True,,,fresh_retrieval,,,,3.095995634794235e-05,0.0027399891987442,measured_excluding_encoding,"[1067, 117, 155, 14]",,Python/PBF,3.11.15,,,<paper>/revision_campaign_20260914/default/airbnb/default.csv
39,PACS,1,feasible,complete,1,1,returned,0,,84,0.875,0.9954407463782576,0.875,0.0036741071380674,0.00647479807958,3513,1,0,0,0,0,0,1445.0,71.0,96,1,0.0035850503481924,0,1445,5,1,0.0028006909415125,False,,,,,,,,,True,completed,beam_search,"[9, 10, 10, 22, 20]",2.169515937566757e-05,solver final filtering and index remapping; caller metric conversion excluded,r5-v1,,excluded_precomputed,,True,,,fresh_retrieval,0.0010926928371191,0.0022050240077078,0.0003546951338648,0.0036741071380674,0.00647479807958,measured_excluding_encoding,"[994, 41, 144, 131, 135]","[9, 10, 10, 22, 20]",Python/PACS+,3.11.15,,,<paper>/revision_campaign_20260914/default/airbnb/default.csv
39,PACS_dC,1,feasible,complete,1,1,returned,0,,29,0.25,0.6297744759647734,0.25,0.0014882362447679,0.0042889271862804,1255,1,0,0,0,0,0,,,96,1,0.0035850503481924,0,1445,5,1,0.0028006909415125,False,,,,,,,,,True,completed,beam_search,"[9, 10, 10, 22, 20]",1.3488344848155975e-05,solver final filtering and index remapping; caller metric conversion excluded,r5-v1,,excluded_precomputed,,True,,,fresh_retrieval,0.0008586240001022,0.0005184742622077,9.764963760972024e-05,0.0014882362447679,0.0042889271862804,measured_excluding_encoding,"[994, 41, 144, 131, 135]","[9, 10, 10, 22, 20]",Python/PACS_dC,3.11.15,,,<paper>/revision_campaign_20260914/default/airbnb/default.csv
39,PBS-unbounded,1,feasible,complete,1,1,returned,0,,96,1.0,1.0,1.0,0.0036422349512577,0.0064429258927702,4033,1,0,0,0,0,0,1445.0,71.0,96,1,0.0035850503481924,0,1445,5,1,0.0028006909415125,True,,,,,,,,,True,completed,all_reduced_candidates,"[9, 10, 10, 22, 20]",2.608494833111763e-05,solver final filtering and index remapping; caller metric conversion excluded,r5-v1,,excluded_precomputed,,True,,,fresh_retrieval,0.0009628259576857,0.0022621378302574,0.0003911862149834,0.0036422349512577,0.0064429258927702,measured_excluding_encoding,"[994, 41, 144, 131, 135]","[9, 10, 10, 22, 20]",Python/PBS-unbounded,3.11.15,,,<paper>/revision_campaign_20260914/default/airbnb/default.csv
39,PTS,1,feasible,complete,1,1,returned,0,,96,1.0,1.0,1.0,0.0096281948499381,0.0124288857914507,10289,1,0,0,0,0,0,1445.0,71.0,96,1,0.0035850503481924,0,1445,5,1,0.0028006909415125,True,,,,,,,500.0,,True,completed,fixed_candidate_tree,"[9, 10, 10, 22, 20]",4.751048982143402e-05,solver final filtering and index remapping; caller metric conversion excluded,r5-v1,,excluded_precomputed,,True,,,fresh_retrieval,0.0008194423280656,0.0084085036069154,0.0003527384251356,0.0096281948499381,0.0124288857914507,measured_excluding_encoding,"[994, 41, 144, 131, 135]","[9, 10, 10, 22, 20]",Python/DFS,3.11.15,,,<paper>/revision_campaign_20260914/default/airbnb/default.csv
39,eps-ILP g=4,1,feasible,complete,1,1,returned,0,17.0,4,0.0416666666666666,0.2569541467321299,0.0416666666666666,0.4136507166549563,0.4164514075964689,24565,17,0,0,0,4,0,,,96,1,0.0035850503481924,0,1445,5,1,0.0028006909415125,,,,,,,,,,True,grid_complete,configured_grid,,1.7006881535053253e-05,solver final filtering and index remapping; caller metric conversion excluded,r5-v1,,excluded_precomputed,,True,,,fresh_retrieval,0.0,0.4135822467505932,5.146302282810211e-05,0.4136507166549563,0.4164514075964689,measured_excluding_encoding,"[994, 41, 144, 131, 135]","[994, 41, 144, 131, 135]",scipy.optimize.milp/HiGHS,1.17.1,1.12.0,1.0,<paper>/revision_campaign_20260914/default/airbnb/default.csv
39,eps-ILP g=16,1,feasible,complete,1,1,returned,0,257.0,23,0.2395833333333333,0.840355752658188,0.2395833333333333,6.277805116027594,6.280605806969106,371365,257,0,0,0,30,0,,,96,1,0.0035850503481924,0,1445,5,1,0.0028006909415125,,,,,,,,,,True,grid_complete,configured_grid,,5.311425775289536e-05,solver final filtering and index remapping; caller metric conversion excluded,r5-v1,,excluded_precomputed,,True,,,fresh_retrieval,0.0,6.271797359921038,0.0059546418488025,6.277805116027594,6.280605806969106,measured_excluding_encoding,"[994, 41, 144, 131, 135]","[994, 41, 144, 131, 135]",scipy.optimize.milp/HiGHS,1.17.1,1.12.0,1.0,<paper>/revision_campaign_20260914/default/airbnb/default.csv
39,PBF,0,feasible,complete,1,1,work_limit,0,,0,0.0,0.0,0.0,1.6828998923301697e-05,0.0028175199404358,0,1,0,0,0,0,0,,,96,1,0.0035850503481924,0,1445,5,1,0.0028006909415125,False,,,,,,,,,False,combination_limit,full_input,,1.6828998923301697e-05,solver final filtering and index remapping; caller metric conversion excluded,r5-v1,,excluded_precomputed,,True,,,fresh_retrieval,,,,1.6828998923301697e-05,0.0028175199404358,measured_excluding_encoding,"[994, 41, 144, 131, 135]",,Python/PBF,3.11.15,,,<paper>/revision_campaign_20260914/default/airbnb/default.csv
40,PACS,1,feasible,complete,1,1,returned,0,,63,0.0987654320987654,0.5251769698480898,0.0987654320987654,0.0167051581665873,0.0203066682443022,6930,1,0,0,0,0,0,2433.0,115.0,405,1,0.0549338771961629,0,2433,8,0,0.0036015100777149,False,,,,,,,,,True,completed,beam_search,"[18, 34, 8, 9, 7, 20, 14, 5]",1.6802456229925156e-05,solver final filtering and index remapping; caller metric conversion excluded,r5-v1,,excluded_precomputed,,True,,,fresh_retrieval,0.0021540997549891,0.0143015091307461,0.0002327468246221,0.0167051581665873,0.0203066682443022,measured_excluding_encoding,"[222, 1877, 39, 38, 80, 135, 33, 9]","[18, 34, 8, 9, 7, 20, 14, 5]",Python/PACS+,3.11.15,,,<paper>/revision_campaign_20260914/default/airbnb/default.csv
40,PACS_dC,0,feasible,complete,1,1,no_assignment,0,,0,0.0,0.0,0.0,0.0051865270361304,0.0087880371138453,4838,1,0,0,0,0,0,,,405,1,0.0549338771961629,0,2433,8,0,0.0036015100777149,False,,,,,,,,,True,completed,beam_search,"[18, 34, 8, 9, 7, 20, 14, 5]",2.209190279245377e-05,solver final filtering and index remapping; caller metric conversion excluded,r5-v1,,excluded_precomputed,,True,,,fresh_retrieval,0.0019392929971218,0.0032218443229794,3.297813236713409e-06,0.0051865270361304,0.0087880371138453,measured_excluding_encoding,"[222, 1877, 39, 38, 80, 135, 33, 9]","[18, 34, 8, 9, 7, 20, 14, 5]",Python/PACS_dC,3.11.15,,,<paper>/revision_campaign_20260914/default/airbnb/default.csv
40,PBS-unbounded,1,feasible,complete,1,1,returned,0,,405,1.0,1.0,1.0,0.0540014011785388,0.0576029112562537,30935,1,0,0,0,0,0,2433.0,115.0,405,1,0.0549338771961629,0,2433,8,0,0.0036015100777149,True,,,,,,,,,True,completed,all_reduced_candidates,"[18, 34, 8, 9, 7, 20, 14, 5]",5.385885015130043e-05,solver final filtering and index remapping; caller metric conversion excluded,r5-v1,,excluded_precomputed,,True,,,fresh_retrieval,0.0019171461462974,0.0505532389506697,0.0014771572314202,0.0540014011785388,0.0576029112562537,measured_excluding_encoding,"[222, 1877, 39, 38, 80, 135, 33, 9]","[18, 34, 8, 9, 7, 20, 14, 5]",Python/PBS-unbounded,3.11.15,,,<paper>/revision_campaign_20260914/default/airbnb/default.csv
40,PTS,1,feasible,complete,1,1,returned,0,,70,0.037037037037037,0.6480256581385881,0.037037037037037,0.0107127982191741,0.014314308296889,10150,1,0,0,0,0,0,2433.0,115.0,405,1,0.0549338771961629,0,2433,8,0,0.0036015100777149,False,,,,,,,500.0,,False,iteration_limit,fixed_candidate_tree,"[18, 34, 8, 9, 7, 20, 14, 5]",4.07160259783268e-05,solver final filtering and index remapping; caller metric conversion excluded,r5-v1,,excluded_precomputed,,True,,,fresh_retrieval,0.0018214769661426,0.0085921147838234,0.0002584904432296,0.0107127982191741,0.014314308296889,measured_excluding_encoding,"[222, 1877, 39, 38, 80, 135, 33, 9]","[18, 34, 8, 9, 7, 20, 14, 5]",Python/DFS,3.11.15,,,<paper>/revision_campaign_20260914/default/airbnb/default.csv
40,eps-ILP g=4,1,feasible,complete,1,1,returned,0,17.0,3,0.0074074074074074,0.4362028365576857,0.0074074074074074,0.6573390602134168,0.6609405702911317,41361,17,0,0,0,7,0,,,405,1,0.0549338771961629,0,2433,8,0,0.0036015100777149,,,,,,,,,,True,grid_complete,configured_grid,,1.6772188246250153e-05,solver final filtering and index remapping; caller metric conversion excluded,r5-v1,,excluded_precomputed,,True,,,fresh_retrieval,0.0,0.6572824101895094,3.987783566117287e-05,0.6573390602134168,0.6609405702911317,measured_excluding_encoding,"[222, 1877, 39, 38, 80, 135, 33, 9]","[222, 1877, 39, 38, 80, 135, 33, 9]",scipy.optimize.milp/HiGHS,1.17.1,1.12.0,1.0,<paper>/revision_campaign_20260914/default/airbnb/default.csv
40,eps-ILP g=16,1,feasible,complete,1,1,returned,0,257.0,20,0.0493827160493827,0.7410924066921223,0.0493827160493827,9.902346934657544,9.90594844473526,625281,257,0,0,0,62,0,,,405,1,0.0549338771961629,0,2433,8,0,0.0036015100777149,,,,,,,,,,True,grid_complete,configured_grid,,7.390789687633514e-05,solver final filtering and index remapping; caller metric conversion excluded,r5-v1,,excluded_precomputed,,True,,,fresh_retrieval,0.0,9.897901969961822,0.0043710567988455,9.902346934657544,9.90594844473526,measured_excluding_encoding,"[222, 1877, 39, 38, 80, 135, 33, 9]","[222, 1877, 39, 38, 80, 135, 33, 9]",scipy.optimize.milp/HiGHS,1.17.1,1.12.0,1.0,<paper>/revision_campaign_20260914/default/airbnb/default.csv
40,PBF,0,feasible,complete,1,1,work_limit,0,,0,0.0,0.0,0.0,3.750622272491455e-05,0.0036390163004398,0,1,0,0,0,0,0,,,405,1,0.0549338771961629,0,2433,8,0,0.0036015100777149,False,,,,,,,,,False,combination_limit,full_input,,3.750622272491455e-05,solver final filtering and index remapping; caller metric conversion excluded,r5-v1,,excluded_precomputed,,True,,,fresh_retrieval,,,,3.750622272491455e-05,0.0036390163004398,measured_excluding_encoding,"[222, 1877, 39, 38, 80, 135, 33, 9]",,Python/PBF,3.11.15,,,<paper>/revision_campaign_20260914/default/airbnb/default.csv
41,PACS,1,feasible,complete,1,1,returned,0,,44,0.058252427184466,0.5094130132960476,0.058252427184466,0.0147405550815165,0.0180568089708685,4632,1,0,0,0,0,0,1976.0,85.0,412,1,0.0358017431572079,0,1976,6,0,0.003316253889352,False,,,,,,,,,True,completed,beam_search,"[14, 23, 8, 25, 1, 14]",2.406816929578781e-05,solver final filtering and index remapping; caller metric conversion excluded,r5-v1,,excluded_precomputed,,True,,,fresh_retrieval,0.002020149026066,0.0125331892631948,0.0001631486229598,0.0147405550815165,0.0180568089708685,measured_excluding_encoding,"[109, 260, 77, 767, 1, 762]","[14, 23, 8, 25, 1, 14]",Python/PACS+,3.11.15,,,<paper>/revision_campaign_20260914/default/airbnb/default.csv
41,PACS_dC,0,feasible,complete,1,1,no_assignment,0,,0,0.0,0.0,0.0,0.0042203092016279,0.00753656309098,1172,1,0,0,0,0,0,,,412,1,0.0358017431572079,0,1976,6,0,0.003316253889352,False,,,,,,,,,True,completed,beam_search,"[14, 23, 8, 25, 1, 14]",2.654409036040306e-05,solver final filtering and index remapping; caller metric conversion excluded,r5-v1,,excluded_precomputed,,True,,,fresh_retrieval,0.0014571491628885,0.0027327570132911,3.858935087919235e-06,0.0042203092016279,0.00753656309098,measured_excluding_encoding,"[109, 260, 77, 767, 1, 762]","[14, 23, 8, 25, 1, 14]",Python/PACS_dC,3.11.15,,,<paper>/revision_campaign_20260914/default/airbnb/default.csv
41,PBS-unbounded,1,feasible,complete,1,1,returned,0,,412,1.0,1.0,1.0,0.0349250859580934,0.0382413398474454,11193,1,0,0,0,0,0,1976.0,85.0,412,1,0.0358017431572079,0,1976,6,0,0.003316253889352,True,,,,,,,,,True,completed,all_reduced_candidates,"[14, 23, 8, 25, 1, 14]",0.0001409868709743,solver final filtering and index remapping; caller metric conversion excluded,r5-v1,,excluded_precomputed,,True,,,fresh_retrieval,0.0013797674328088,0.031843036878854,0.0015612947754561,0.0349250859580934,0.0382413398474454,measured_excluding_encoding,"[109, 260, 77, 767, 1, 762]","[14, 23, 8, 25, 1, 14]",Python/PBS-unbounded,3.11.15,,,<paper>/revision_campaign_20260914/default/airbnb/default.csv
41,PTS,1,feasible,complete,1,1,returned,0,,61,0.0097087378640776,0.5171801643139438,0.0097087378640776,0.0102384099736809,0.013554663863033,6583,1,0,0,0,0,0,1976.0,85.0,412,1,0.0358017431572079,0,1976,6,0,0.003316253889352,False,,,,,,,500.0,,False,iteration_limit,fixed_candidate_tree,"[14, 23, 8, 25, 1, 14]",6.177183240652084e-05,solver final filtering and index remapping; caller metric conversion excluded,r5-v1,,excluded_precomputed,,True,,,fresh_retrieval,0.0013323100283741,0.0086172181181609,0.0002271099947392,0.0102384099736809,0.013554663863033,measured_excluding_encoding,"[109, 260, 77, 767, 1, 762]","[14, 23, 8, 25, 1, 14]",Python/DFS,3.11.15,,,<paper>/revision_campaign_20260914/default/airbnb/default.csv
41,eps-ILP g=4,1,feasible,complete,1,1,returned,0,17.0,3,0.0072815533980582,0.4547800832934766,0.0072815533980582,0.3758832416497171,0.3791994955390692,33592,17,0,0,0,7,0,,,412,1,0.0358017431572079,0,1976,6,0,0.003316253889352,,,,,,,,,,True,grid_complete,configured_grid,,1.743622124195099e-05,solver final filtering and index remapping; caller metric conversion excluded,r5-v1,,excluded_precomputed,,True,,,fresh_retrieval,0.0,0.3758253729902208,4.0432438254356384e-05,0.3758832416497171,0.3791994955390692,measured_excluding_encoding,"[109, 260, 77, 767, 1, 762]","[109, 260, 77, 767, 1, 762]",scipy.optimize.milp/HiGHS,1.17.1,1.12.0,1.0,<paper>/revision_campaign_20260914/default/airbnb/default.csv
41,eps-ILP g=16,1,feasible,complete,1,1,returned,0,257.0,32,0.0776699029126213,0.855172610554304,0.0776699029126213,6.351901039015502,6.355217292904854,507832,257,0,0,0,53,0,,,412,1,0.0358017431572079,0,1976,6,0,0.003316253889352,,,,,,,,,,True,grid_complete,configured_grid,,5.839439108967781e-05,solver final filtering and index remapping; caller metric conversion excluded,r5-v1,,excluded_precomputed,,True,,,fresh_retrieval,0.0,6.347124398685992,0.0047182459384202,6.351901039015502,6.355217292904854,measured_excluding_encoding,"[109, 260, 77, 767, 1, 762]","[109, 260, 77, 767, 1, 762]",scipy.optimize.milp/HiGHS,1.17.1,1.12.0,1.0,<paper>/revision_campaign_20260914/default/airbnb/default.csv
41,PBF,0,feasible,complete,1,1,work_limit,0,,0,0.0,0.0,0.0,2.8720125555992126e-05,0.003344974014908,0,1,0,0,0,0,0,,,412,1,0.0358017431572079,0,1976,6,0,0.003316253889352,False,,,,,,,,,False,combination_limit,full_input,,2.8720125555992126e-05,solver final filtering and index remapping; caller metric conversion excluded,r5-v1,,excluded_precomputed,,True,,,fresh_retrieval,,,,2.8720125555992126e-05,0.003344974014908,measured_excluding_encoding,"[109, 260, 77, 767, 1, 762]",,Python/PBF,3.11.15,,,<paper>/revision_campaign_20260914/default/airbnb/default.csv
42,PACS,1,feasible,complete,1,1,returned,0,,64,1.0,1.0,1.0,0.0016514100134372,0.0033821100369095,823,1,0,0,0,0,0,396.0,44.0,64,1,0.0017392388544976,0,396,3,1,0.0017307000234723,True,,,,,,,,,True,completed,all_reduced_candidates,"[6, 19, 19]",2.3453030735254288e-05,solver final filtering and index remapping; caller metric conversion excluded,r5-v1,,excluded_precomputed,,True,,,fresh_retrieval,0.0002871728502213,0.001070013269782,0.0002707708626985,0.0016514100134372,0.0033821100369095,measured_excluding_encoding,"[24, 226, 146]","[6, 19, 19]",Python/PACS+,3.11.15,,,<paper>/revision_campaign_20260914/default/airbnb/default.csv
42,PACS_dC,1,feasible,complete,1,1,returned,0,,48,0.546875,0.8923359656064387,0.546875,0.0011741118505597,0.002904811874032,576,1,0,0,0,0,0,,,64,1,0.0017392388544976,0,396,3,1,0.0017307000234723,False,,,,,,,,,True,completed,beam_search,"[6, 19, 19]",1.763598993420601e-05,solver final filtering and index remapping; caller metric conversion excluded,r5-v1,,excluded_precomputed,,True,,,fresh_retrieval,0.0002136691473424,0.0007834658026695,0.0001593409106135,0.0011741118505597,0.002904811874032,measured_excluding_encoding,"[24, 226, 146]","[6, 19, 19]",Python/PACS_dC,3.11.15,,,<paper>/revision_campaign_20260914/default/airbnb/default.csv
42,PBS-unbounded,1,feasible,complete,1,1,returned,0,,64,1.0,1.0,1.0,0.0016852128319442,0.0034159128554165,823,1,0,0,0,0,0,396.0,44.0,64,1,0.0017392388544976,0,396,3,1,0.0017307000234723,True,,,,,,,,,True,completed,all_reduced_candidates,"[6, 19, 19]",2.9659830033779144e-05,solver final filtering and index remapping; caller metric conversion excluded,r5-v1,,excluded_precomputed,,True,,,fresh_retrieval,0.0002247579395771,0.0011679488234221,0.0002628462389111,0.0016852128319442,0.0034159128554165,measured_excluding_encoding,"[24, 226, 146]","[6, 19, 19]",Python/PBS-unbounded,3.11.15,,,<paper>/revision_campaign_20260914/default/airbnb/default.csv
42,PTS,1,feasible,complete,1,1,returned,0,,64,1.0,1.0,1.0,0.0033979658037424,0.0051286658272147,1963,1,0,0,0,0,0,396.0,44.0,64,1,0.0017392388544976,0,396,3,1,0.0017307000234723,True,,,,,,,500.0,,True,completed,fixed_candidate_tree,"[6, 19, 19]",3.40915285050869e-05,solver final filtering and index remapping; caller metric conversion excluded,r5-v1,,excluded_precomputed,,True,,,fresh_retrieval,0.0002178489230573,0.0028992122970521,0.0002468130551278,0.0033979658037424,0.0051286658272147,measured_excluding_encoding,"[24, 226, 146]","[6, 19, 19]",Python/DFS,3.11.15,,,<paper>/revision_campaign_20260914/default/airbnb/default.csv
42,eps-ILP g=4,1,feasible,complete,1,1,returned,0,17.0,5,0.078125,0.8131532446105767,0.078125,0.1505417269654572,0.1522724269889295,6732,17,0,0,0,4,0,,,64,1,0.0017392388544976,0,396,3,1,0.0017307000234723,,,,,,,,,,True,grid_complete,configured_grid,,1.571420580148697e-05,solver final filtering and index remapping; caller metric conversion excluded,r5-v1,,excluded_precomputed,,True,,,fresh_retrieval,0.0,0.1504727709107101,5.324184894561768e-05,0.1505417269654572,0.1522724269889295,measured_excluding_encoding,"[24, 226, 146]","[24, 226, 146]",scipy.optimize.milp/HiGHS,1.17.1,1.12.0,1.0,<paper>/revision_campaign_20260914/default/airbnb/default.csv
42,eps-ILP g=16,1,feasible,complete,1,1,returned,0,257.0,10,0.15625,0.949549962272704,0.15625,2.305212147999555,2.306942848023027,101772,257,0,0,0,16,0,,,64,1,0.0017392388544976,0,396,3,1,0.0017307000234723,,,,,,,,,,True,grid_complete,configured_grid,,4.1993334889411926e-05,solver final filtering and index remapping; caller metric conversion excluded,r5-v1,,excluded_precomputed,,True,,,fresh_retrieval,0.0,2.298080538865179,0.0070896157994866,2.305212147999555,2.306942848023027,measured_excluding_encoding,"[24, 226, 146]","[24, 226, 146]",scipy.optimize.milp/HiGHS,1.17.1,1.12.0,1.0,<paper>/revision_campaign_20260914/default/airbnb/default.csv
42,PBF,1,feasible,complete,1,1,returned,0,,64,1.0,1.0,1.0,0.3034791550599038,0.3052098550833761,2375712,1,0,0,0,0,0,,,64,1,0.0017392388544976,0,396,3,1,0.0017307000234723,True,,,,,,,,,True,complete,full_input,,0.3034791550599038,solver final filtering and index remapping; caller metric conversion excluded,r5-v1,,excluded_precomputed,,True,,,fresh_retrieval,,,,0.3034791550599038,0.3052098550833761,measured_excluding_encoding,"[24, 226, 146]",,Python/PBF,3.11.15,,,<paper>/revision_campaign_20260914/default/airbnb/default.csv
43,PACS,1,feasible,complete,1,1,returned,0,,11,1.0,1.0,1.0,0.0002345512621104,0.0015804124996066,104,1,0,0,0,0,0,35.0,18.0,11,1,0.0002190759405493,0,35,3,1,0.0013458612374961,True,,,,,,,,,True,completed,all_reduced_candidates,"[7, 9, 2]",1.0812189429998398e-05,solver final filtering and index remapping; caller metric conversion excluded,r5-v1,,excluded_precomputed,,True,,,fresh_retrieval,4.505692049860954e-05,0.0001231073401868,5.557481199502945e-05,0.0002345512621104,0.0015804124996066,measured_excluding_encoding,"[11, 22, 2]","[7, 9, 2]",Python/PACS+,3.11.15,,,<paper>/revision_campaign_20260914/default/airbnb/default.csv
43,PACS_dC,1,feasible,complete,1,1,returned,0,,6,0.5454545454545454,0.9091934586823244,0.5454545454545454,0.0002240720205008,0.001569933257997,96,1,0,0,0,0,0,,,11,1,0.0002190759405493,0,35,3,1,0.0013458612374961,False,,,,,,,,,True,completed,beam_search,"[7, 9, 2]",1.058308407664299e-05,solver final filtering and index remapping; caller metric conversion excluded,r5-v1,,excluded_precomputed,,True,,,fresh_retrieval,2.5447923690080643e-05,0.0001637828536331,2.425815910100937e-05,0.0002240720205008,0.001569933257997,measured_excluding_encoding,"[11, 22, 2]","[7, 9, 2]",Python/PACS_dC,3.11.15,,,<paper>/revision_campaign_20260914/default/airbnb/default.csv
43,PBS-unbounded,1,feasible,complete,1,1,returned,0,,11,1.0,1.0,1.0,0.0002005961723625,0.0015464574098587,104,1,0,0,0,0,0,35.0,18.0,11,1,0.0002190759405493,0,35,3,1,0.0013458612374961,True,,,,,,,,,True,completed,all_reduced_candidates,"[7, 9, 2]",1.1480879038572311e-05,solver final filtering and index remapping; caller metric conversion excluded,r5-v1,,excluded_precomputed,,True,,,fresh_retrieval,2.394802868366241e-05,0.0001182602718472,4.690699279308319e-05,0.0002005961723625,0.0015464574098587,measured_excluding_encoding,"[11, 22, 2]","[7, 9, 2]",Python/PBS-unbounded,3.11.15,,,<paper>/revision_campaign_20260914/default/airbnb/default.csv
43,PTS,1,feasible,complete,1,1,returned,0,,11,1.0,1.0,1.0,0.0004873620346188,0.0018332232721149,119,1,0,0,0,0,0,35.0,18.0,11,1,0.0002190759405493,0,35,3,1,0.0013458612374961,True,,,,,,,500.0,,True,completed,fixed_candidate_tree,"[7, 9, 2]",2.14921310544014e-05,solver final filtering and index remapping; caller metric conversion excluded,r5-v1,,excluded_precomputed,,True,,,fresh_retrieval,2.2456981241703037e-05,0.0003960556350648,4.7357287257909775e-05,0.0004873620346188,0.0018332232721149,measured_excluding_encoding,"[11, 22, 2]","[7, 9, 2]",Python/DFS,3.11.15,,,<paper>/revision_campaign_20260914/default/airbnb/default.csv
43,eps-ILP g=4,1,feasible,complete,1,1,returned,0,17.0,5,0.4545454545454545,0.8737660360676596,0.4545454545454545,0.0838820282369852,0.0852278894744813,595,17,0,0,0,4,0,,,11,1,0.0002190759405493,0,35,3,1,0.0013458612374961,,,,,,,,,,True,grid_complete,configured_grid,,1.5807338058948517e-05,solver final filtering and index remapping; caller metric conversion excluded,r5-v1,,excluded_precomputed,,True,,,fresh_retrieval,0.0,0.0838091867044568,5.7034194469451904e-05,0.0838820282369852,0.0852278894744813,measured_excluding_encoding,"[11, 22, 2]","[11, 22, 2]",scipy.optimize.milp/HiGHS,1.17.1,1.12.0,1.0,<paper>/revision_campaign_20260914/default/airbnb/default.csv
43,eps-ILP g=16,1,feasible,complete,1,1,returned,0,257.0,8,0.7272727272727273,0.9883745133721604,0.7272727272727273,1.1932023530825973,1.1945482143200934,8995,257,0,0,0,72,0,,,11,1,0.0002190759405493,0,35,3,1,0.0013458612374961,,,,,,,,,,True,grid_complete,configured_grid,,4.278542473912239e-05,solver final filtering and index remapping; caller metric conversion excluded,r5-v1,,excluded_precomputed,,True,,,fresh_retrieval,0.0,1.1888710130006075,0.0042885546572506,1.1932023530825973,1.1945482143200934,measured_excluding_encoding,"[11, 22, 2]","[11, 22, 2]",scipy.optimize.milp/HiGHS,1.17.1,1.12.0,1.0,<paper>/revision_campaign_20260914/default/airbnb/default.csv
43,PBF,1,feasible,complete,1,1,returned,0,,11,1.0,1.0,1.0,0.0002306522801518,0.0015765135176479,1452,1,0,0,0,0,0,,,11,1,0.0002190759405493,0,35,3,1,0.0013458612374961,True,,,,,,,,,True,complete,full_input,,0.0002306522801518,solver final filtering and index remapping; caller metric conversion excluded,r5-v1,,excluded_precomputed,,True,,,fresh_retrieval,,,,0.0002306522801518,0.0015765135176479,measured_excluding_encoding,"[11, 22, 2]",,Python/PBF,3.11.15,,,<paper>/revision_campaign_20260914/default/airbnb/default.csv
44,PACS,1,feasible,complete,1,1,returned,0,,98,0.2191780821917808,0.923230996802166,0.2191780821917808,0.0218812990933656,0.0283883088268339,6858,1,0,0,0,0,0,5124.0,112.0,438,1,0.2885452252812683,0,5124,6,1,0.0065070097334682,False,,,,,,,,,True,completed,beam_search,"[16, 29, 23, 18, 2, 24]",4.777871072292328e-05,solver final filtering and index remapping; caller metric conversion excluded,r5-v1,,excluded_precomputed,,True,,,fresh_retrieval,0.0043754749931395,0.0170959350652992,0.0003621103242039,0.0218812990933656,0.0283883088268339,measured_excluding_encoding,"[151, 2318, 2205, 213, 4, 233]","[16, 29, 23, 18, 2, 24]",Python/PACS+,3.11.15,,,<paper>/revision_campaign_20260914/default/airbnb/default.csv
44,PACS_dC,1,feasible,complete,1,1,returned,0,,22,0.0273972602739726,0.1968224059829253,0.0273972602739726,0.0061082602478563,0.0126152699813246,1409,1,0,0,0,0,0,,,438,1,0.2885452252812683,0,5124,6,1,0.0065070097334682,False,,,,,,,,,True,completed,beam_search,"[16, 29, 23, 18, 2, 24]",1.8108170479536057e-05,solver final filtering and index remapping; caller metric conversion excluded,r5-v1,,excluded_precomputed,,True,,,fresh_retrieval,0.0037287129089236,0.002279729116708,8.171005174517632e-05,0.0061082602478563,0.0126152699813246,measured_excluding_encoding,"[151, 2318, 2205, 213, 4, 233]","[16, 29, 23, 18, 2, 24]",Python/PACS_dC,3.11.15,,,<paper>/revision_campaign_20260914/default/airbnb/default.csv
44,PBS-unbounded,1,feasible,complete,1,1,returned,0,,438,1.0,1.0,1.0,0.0529590751975774,0.0594660849310457,19744,1,0,0,0,0,0,5124.0,112.0,438,1,0.2885452252812683,0,5124,6,1,0.0065070097334682,True,,,,,,,,,True,completed,all_reduced_candidates,"[16, 29, 23, 18, 2, 24]",0.0002329992130398,solver final filtering and index remapping; caller metric conversion excluded,r5-v1,,excluded_precomputed,,True,,,fresh_retrieval,0.0037091611884534,0.0467426357790827,0.0022742790170013,0.0529590751975774,0.0594660849310457,measured_excluding_encoding,"[151, 2318, 2205, 213, 4, 233]","[16, 29, 23, 18, 2, 24]",Python/PBS-unbounded,3.11.15,,,<paper>/revision_campaign_20260914/default/airbnb/default.csv
44,PTS,1,feasible,complete,1,1,returned,0,,98,0.2031963470319634,0.7827576226568411,0.2031963470319634,0.0134685859084129,0.0199755956418812,8155,1,0,0,0,0,0,5124.0,112.0,438,1,0.2885452252812683,0,5124,6,1,0.0065070097334682,False,,,,,,,500.0,,False,iteration_limit,fixed_candidate_tree,"[16, 29, 23, 18, 2, 24]",4.759477451443672e-05,solver final filtering and index remapping; caller metric conversion excluded,r5-v1,,excluded_precomputed,,True,,,fresh_retrieval,0.003712564241141,0.0093479077331721,0.0003605191595852,0.0134685859084129,0.0199755956418812,measured_excluding_encoding,"[151, 2318, 2205, 213, 4, 233]","[16, 29, 23, 18, 2, 24]",Python/DFS,3.11.15,,,<paper>/revision_campaign_20260914/default/airbnb/default.csv
44,eps-ILP g=4,1,feasible,complete,1,1,returned,0,17.0,4,0.0091324200913242,0.1724167883508288,0.0091324200913242,1.1807537246495483,1.1872607343830168,87108,17,0,0,0,4,0,,,438,1,0.2885452252812683,0,5124,6,1,0.0065070097334682,,,,,,,,,,True,grid_complete,configured_grid,,1.7471611499786377e-05,solver final filtering and index remapping; caller metric conversion excluded,r5-v1,,excluded_precomputed,,True,,,fresh_retrieval,0.0,1.180681343190372,5.4909847676754e-05,1.1807537246495483,1.1872607343830168,measured_excluding_encoding,"[151, 2318, 2205, 213, 4, 233]","[151, 2318, 2205, 213, 4, 233]",scipy.optimize.milp/HiGHS,1.17.1,1.12.0,1.0,<paper>/revision_campaign_20260914/default/airbnb/default.csv
44,eps-ILP g=16,1,feasible,complete,1,1,returned,0,257.0,28,0.0639269406392694,0.7911383104208624,0.0639269406392694,17.277455873321742,17.28396288305521,1316868,257,0,0,0,16,0,,,438,1,0.2885452252812683,0,5124,6,1,0.0065070097334682,,,,,,,,,,True,grid_complete,configured_grid,,6.425147876143456e-05,solver final filtering and index remapping; caller metric conversion excluded,r5-v1,,excluded_precomputed,,True,,,fresh_retrieval,0.0,17.270831261761487,0.0065603600814938,17.277455873321742,17.28396288305521,measured_excluding_encoding,"[151, 2318, 2205, 213, 4, 233]","[151, 2318, 2205, 213, 4, 233]",scipy.optimize.milp/HiGHS,1.17.1,1.12.0,1.0,<paper>/revision_campaign_20260914/default/airbnb/default.csv
44,PBF,0,feasible,complete,1,1,work_limit,0,,0,0.0,0.0,0.0,3.261072561144829e-05,0.0065396204590797,0,1,0,0,0,0,0,,,438,1,0.2885452252812683,0,5124,6,1,0.0065070097334682,False,,,,,,,,,False,combination_limit,full_input,,3.261072561144829e-05,solver final filtering and index remapping; caller metric conversion excluded,r5-v1,,excluded_precomputed,,True,,,fresh_retrieval,,,,3.261072561144829e-05,0.0065396204590797,measured_excluding_encoding,"[151, 2318, 2205, 213, 4, 233]",,Python/PBF,3.11.15,,,<paper>/revision_campaign_20260914/default/airbnb/default.csv
45,PACS,1,feasible,complete,1,1,returned,0,,99,0.0604770017035775,0.6797214100817204,0.0604770017035775,0.0318989721126854,0.0347319208085536,12288,1,0,0,0,0,0,1551.0,155.0,1174,1,0.1188800390809774,0,1551,7,1,0.0028329486958682,False,,,,,,,,,True,completed,beam_search,"[12, 23, 19, 11, 32, 44, 14]",6.417231634259224e-05,solver final filtering and index remapping; caller metric conversion excluded,r5-v1,,excluded_precomputed,,True,,,fresh_retrieval,0.0017252368852496,0.0297442828305065,0.0003652800805866,0.0318989721126854,0.0347319208085536,measured_excluding_encoding,"[87, 244, 171, 299, 366, 306, 78]","[12, 23, 19, 11, 32, 44, 14]",Python/PACS+,3.11.15,,,<paper>/revision_campaign_20260914/default/airbnb/default.csv
45,PACS_dC,1,feasible,complete,1,1,returned,0,,100,0.0,0.3384853913864278,0.0,0.0203605596907436,0.0231935083866119,11007,1,0,0,0,0,0,,,1174,1,0.1188800390809774,0,1551,7,1,0.0028329486958682,False,,,,,,,,,True,completed,beam_search,"[12, 23, 19, 11, 32, 44, 14]",4.443759098649025e-05,solver final filtering and index remapping; caller metric conversion excluded,r5-v1,,excluded_precomputed,,True,,,fresh_retrieval,0.0016472740098834,0.0183119028806686,0.0003569452092051,0.0203605596907436,0.0231935083866119,measured_excluding_encoding,"[87, 244, 171, 299, 366, 306, 78]","[12, 23, 19, 11, 32, 44, 14]",Python/PACS_dC,3.11.15,,,<paper>/revision_campaign_20260914/default/airbnb/default.csv
45,PBS-unbounded,1,feasible,complete,1,1,returned,0,,1174,1.0,1.0,1.0,0.1175294127315282,0.1203623614273965,69122,1,0,0,0,0,0,1551.0,155.0,1174,1,0.1188800390809774,0,1551,7,1,0.0028329486958682,True,,,,,,,,,True,completed,all_reduced_candidates,"[12, 23, 19, 11, 32, 44, 14]",0.0004715807735919,solver final filtering and index remapping; caller metric conversion excluded,r5-v1,,excluded_precomputed,,True,,,fresh_retrieval,0.0016633737832307,0.1101016323082149,0.0052928258664906,0.1175294127315282,0.1203623614273965,measured_excluding_encoding,"[87, 244, 171, 299, 366, 306, 78]","[12, 23, 19, 11, 32, 44, 14]",Python/PBS-unbounded,3.11.15,,,<paper>/revision_campaign_20260914/default/airbnb/default.csv
45,PTS,1,feasible,complete,1,1,returned,0,,88,0.0,0.1318906024650492,0.0,0.011118612717837,0.0139515614137053,10141,1,0,0,0,0,0,1551.0,155.0,1174,1,0.1188800390809774,0,1551,7,1,0.0028329486958682,False,,,,,,,500.0,,False,iteration_limit,fixed_candidate_tree,"[12, 23, 19, 11, 32, 44, 14]",4.985183477401733e-05,solver final filtering and index remapping; caller metric conversion excluded,r5-v1,,excluded_precomputed,,True,,,fresh_retrieval,0.0016646059229969,0.0090764639899134,0.0003276909701526,0.011118612717837,0.0139515614137053,measured_excluding_encoding,"[87, 244, 171, 299, 366, 306, 78]","[12, 23, 19, 11, 32, 44, 14]",Python/DFS,3.11.15,,,<paper>/revision_campaign_20260914/default/airbnb/default.csv
45,eps-ILP g=4,1,feasible,complete,1,1,returned,0,17.0,4,0.0034071550255536,0.4496573372729651,0.0034071550255536,0.3964444072917104,0.3992773559875786,26367,17,0,0,0,4,0,,,1174,1,0.1188800390809774,0,1551,7,1,0.0028329486958682,,,,,,,,,,True,grid_complete,configured_grid,,1.7414335161447525e-05,solver final filtering and index remapping; caller metric conversion excluded,r5-v1,,excluded_precomputed,,True,,,fresh_retrieval,0.0,0.3963740989565849,5.28939999639988e-05,0.3964444072917104,0.3992773559875786,measured_excluding_encoding,"[87, 244, 171, 299, 366, 306, 78]","[87, 244, 171, 299, 366, 306, 78]",scipy.optimize.milp/HiGHS,1.17.1,1.12.0,1.0,<paper>/revision_campaign_20260914/default/airbnb/default.csv
45,eps-ILP g=16,1,feasible,complete,1,1,returned,0,257.0,53,0.045144804088586,0.8766403907324837,0.045144804088586,7.610632990021259,7.613465938717127,398607,257,0,0,0,24,0,,,1174,1,0.1188800390809774,0,1551,7,1,0.0028329486958682,,,,,,,,,,True,grid_complete,configured_grid,,4.009576514363289e-05,solver final filtering and index remapping; caller metric conversion excluded,r5-v1,,excluded_precomputed,,True,,,fresh_retrieval,0.0,7.604497878346592,0.0060950159095227,7.610632990021259,7.613465938717127,measured_excluding_encoding,"[87, 244, 171, 299, 366, 306, 78]","[87, 244, 171, 299, 366, 306, 78]",scipy.optimize.milp/HiGHS,1.17.1,1.12.0,1.0,<paper>/revision_campaign_20260914/default/airbnb/default.csv
45,PBF,0,feasible,complete,1,1,work_limit,0,,0,0.0,0.0,0.0,3.664707764983177e-05,0.002869595773518,0,1,0,0,0,0,0,,,1174,1,0.1188800390809774,0,1551,7,1,0.0028329486958682,False,,,,,,,,,False,combination_limit,full_input,,3.664707764983177e-05,solver final filtering and index remapping; caller metric conversion excluded,r5-v1,,excluded_precomputed,,True,,,fresh_retrieval,,,,3.664707764983177e-05,0.002869595773518,measured_excluding_encoding,"[87, 244, 171, 299, 366, 306, 78]",,Python/PBF,3.11.15,,,<paper>/revision_campaign_20260914/default/airbnb/default.csv
46,PACS,1,feasible,complete,1,1,returned,0,,100,0.6802721088435374,0.9739897010161064,0.6802721088435374,0.0053971870802342,0.0080162240192294,3529,1,0,0,0,0,0,1460.0,63.0,147,1,0.0054890699684619,0,1460,6,0,0.0026190369389951,False,,,,,,,,,True,completed,beam_search,"[7, 18, 8, 4, 12, 14]",3.83337028324604e-05,solver final filtering and index remapping; caller metric conversion excluded,r5-v1,,excluded_precomputed,,True,,,fresh_retrieval,0.0008198511786758,0.0041784048080444,0.0003605973906815,0.0053971870802342,0.0080162240192294,measured_excluding_encoding,"[98, 540, 19, 18, 570, 215]","[7, 18, 8, 4, 12, 14]",Python/PACS+,3.11.15,,,<paper>/revision_campaign_20260914/default/airbnb/default.csv
46,PACS_dC,1,feasible,complete,1,1,returned,0,,2,0.0,0.0071324080482721,0.0,0.0011096373200416,0.0037286742590367,247,1,0,0,0,0,0,,,147,1,0.0054890699684619,0,1460,6,0,0.0026190369389951,False,,,,,,,,,True,completed,beam_search,"[7, 18, 8, 4, 12, 14]",1.2677162885665894e-05,solver final filtering and index remapping; caller metric conversion excluded,r5-v1,,excluded_precomputed,,True,,,fresh_retrieval,0.0007551410235464,0.0003287722356617,1.304689794778824e-05,0.0011096373200416,0.0037286742590367,measured_excluding_encoding,"[98, 540, 19, 18, 570, 215]","[7, 18, 8, 4, 12, 14]",Python/PACS_dC,3.11.15,,,<paper>/revision_campaign_20260914/default/airbnb/default.csv
46,PBS-unbounded,1,feasible,complete,1,1,returned,0,,147,1.0,1.0,1.0,0.0055257137864828,0.0081447507254779,3807,1,0,0,0,0,0,1460.0,63.0,147,1,0.0054890699684619,0,1460,6,0,0.0026190369389951,True,,,,,,,,,True,completed,all_reduced_candidates,"[7, 18, 8, 4, 12, 14]",3.918306902050972e-05,solver final filtering and index remapping; caller metric conversion excluded,r5-v1,,excluded_precomputed,,True,,,fresh_retrieval,0.0008142190054059,0.004155445843935,0.0005168658681213,0.0055257137864828,0.0081447507254779,measured_excluding_encoding,"[98, 540, 19, 18, 570, 215]","[7, 18, 8, 4, 12, 14]",Python/PBS-unbounded,3.11.15,,,<paper>/revision_campaign_20260914/default/airbnb/default.csv
46,PTS,1,feasible,complete,1,1,returned,0,,104,0.673469387755102,0.9773905124166936,0.673469387755102,0.0102362548932433,0.0128552918322384,7215,1,0,0,0,0,0,1460.0,63.0,147,1,0.0054890699684619,0,1460,6,0,0.0026190369389951,False,,,,,,,500.0,,False,iteration_limit,fixed_candidate_tree,"[7, 18, 8, 4, 12, 14]",4.908815026283264e-05,solver final filtering and index remapping; caller metric conversion excluded,r5-v1,,excluded_precomputed,,True,,,fresh_retrieval,0.0007285438477993,0.0090854251757264,0.0003731977194547,0.0102362548932433,0.0128552918322384,measured_excluding_encoding,"[98, 540, 19, 18, 570, 215]","[7, 18, 8, 4, 12, 14]",Python/DFS,3.11.15,,,<paper>/revision_campaign_20260914/default/airbnb/default.csv
46,eps-ILP g=4,1,feasible,complete,1,1,returned,0,17.0,3,0.0204081632653061,0.4363303336706935,0.0204081632653061,0.3131832117214799,0.315802248660475,24820,17,0,0,0,7,0,,,147,1,0.0054890699684619,0,1460,6,0,0.0026190369389951,,,,,,,,,,True,grid_complete,configured_grid,,1.6870908439159393e-05,solver final filtering and index remapping; caller metric conversion excluded,r5-v1,,excluded_precomputed,,True,,,fresh_retrieval,0.0,0.3131271726451814,3.916816785931587e-05,0.3131832117214799,0.315802248660475,measured_excluding_encoding,"[98, 540, 19, 18, 570, 215]","[98, 540, 19, 18, 570, 215]",scipy.optimize.milp/HiGHS,1.17.1,1.12.0,1.0,<paper>/revision_campaign_20260914/default/airbnb/default.csv
46,eps-ILP g=16,1,feasible,complete,1,1,returned,0,257.0,21,0.1428571428571428,0.8785175899861315,0.1428571428571428,4.507211259566248,4.509830296505243,375220,257,0,0,0,103,0,,,147,1,0.0054890699684619,0,1460,6,0,0.0026190369389951,,,,,,,,,,True,grid_complete,configured_grid,,3.878911957144737e-05,solver final filtering and index remapping; caller metric conversion excluded,r5-v1,,excluded_precomputed,,True,,,fresh_retrieval,0.0,4.504339776001871,0.0028326944448053,4.507211259566248,4.509830296505243,measured_excluding_encoding,"[98, 540, 19, 18, 570, 215]","[98, 540, 19, 18, 570, 215]",scipy.optimize.milp/HiGHS,1.17.1,1.12.0,1.0,<paper>/revision_campaign_20260914/default/airbnb/default.csv
46,PBF,0,feasible,complete,1,1,work_limit,0,,0,0.0,0.0,0.0,2.7651898562908173e-05,0.002646688837558,0,1,0,0,0,0,0,,,147,1,0.0054890699684619,0,1460,6,0,0.0026190369389951,False,,,,,,,,,False,combination_limit,full_input,,2.7651898562908173e-05,solver final filtering and index remapping; caller metric conversion excluded,r5-v1,,excluded_precomputed,,True,,,fresh_retrieval,,,,2.7651898562908173e-05,0.002646688837558,measured_excluding_encoding,"[98, 540, 19, 18, 570, 215]",,Python/PBF,3.11.15,,,<paper>/revision_campaign_20260914/default/airbnb/default.csv
47,PACS,1,feasible,complete,1,1,returned,0,,100,0.2976190476190476,0.6766718080630608,0.2976190476190476,0.0178379169665277,0.0219968459568917,7101,1,0,0,0,0,0,2445.0,114.0,336,1,0.0220625330694019,0,2445,7,0,0.004158928990364,False,,,,,,,,,True,completed,beam_search,"[7, 30, 17, 14, 12, 16, 18]",8.217105641961098e-05,solver final filtering and index remapping; caller metric conversion excluded,r5-v1,,excluded_precomputed,,True,,,fresh_retrieval,0.0021468307822942,0.0152402119711041,0.0003687031567096,0.0178379169665277,0.0219968459568917,measured_excluding_encoding,"[17, 288, 234, 31, 79, 1226, 570]","[7, 30, 17, 14, 12, 16, 18]",Python/PACS+,3.11.15,,,<paper>/revision_campaign_20260914/default/airbnb/default.csv
47,PACS_dC,1,feasible,complete,1,1,returned,0,,9,0.0,0.0220417097213425,0.0,0.004147573839873,0.0083065028302371,2728,1,0,0,0,0,0,,,336,1,0.0220625330694019,0,2445,7,0,0.004158928990364,False,,,,,,,,,True,completed,beam_search,"[7, 30, 17, 14, 12, 16, 18]",1.705065369606018e-05,solver final filtering and index remapping; caller metric conversion excluded,r5-v1,,excluded_precomputed,,True,,,fresh_retrieval,0.0021554669365286,0.0019381903111934,3.686593845486641e-05,0.004147573839873,0.0083065028302371,measured_excluding_encoding,"[17, 288, 234, 31, 79, 1226, 570]","[7, 30, 17, 14, 12, 16, 18]",Python/PACS_dC,3.11.15,,,<paper>/revision_campaign_20260914/default/airbnb/default.csv
47,PBS-unbounded,1,feasible,complete,1,1,returned,0,,336,1.0,1.0,1.0,0.0214915117248892,0.0256504407152533,12407,1,0,0,0,0,0,2445.0,114.0,336,1,0.0220625330694019,0,2445,7,0,0.004158928990364,True,,,,,,,,,True,completed,all_reduced_candidates,"[7, 30, 17, 14, 12, 16, 18]",0.0001023286022245,solver final filtering and index remapping; caller metric conversion excluded,r5-v1,,excluded_precomputed,,True,,,fresh_retrieval,0.0021079126745462,0.0180221232585608,0.0012591471895575,0.0214915117248892,0.0256504407152533,measured_excluding_encoding,"[17, 288, 234, 31, 79, 1226, 570]","[7, 30, 17, 14, 12, 16, 18]",Python/PBS-unbounded,3.11.15,,,<paper>/revision_campaign_20260914/default/airbnb/default.csv
47,PTS,1,feasible,complete,1,1,returned,0,,106,0.0029761904761904,0.3117668291341076,0.0029761904761904,0.0111565119586884,0.0153154409490525,10612,1,0,0,0,0,0,2445.0,114.0,336,1,0.0220625330694019,0,2445,7,0,0.004158928990364,False,,,,,,,500.0,,False,iteration_limit,fixed_candidate_tree,"[7, 30, 17, 14, 12, 16, 18]",5.060480907559395e-05,solver final filtering and index remapping; caller metric conversion excluded,r5-v1,,excluded_precomputed,,True,,,fresh_retrieval,0.0020695351995527,0.0086503750644624,0.0003859968855977,0.0111565119586884,0.0153154409490525,measured_excluding_encoding,"[17, 288, 234, 31, 79, 1226, 570]","[7, 30, 17, 14, 12, 16, 18]",Python/DFS,3.11.15,,,<paper>/revision_campaign_20260914/default/airbnb/default.csv
47,eps-ILP g=4,1,feasible,complete,1,1,returned,0,17.0,4,0.0119047619047619,0.3811937279047283,0.0119047619047619,0.5287833763286471,0.5329423053190112,41565,17,0,0,0,7,0,,,336,1,0.0220625330694019,0,2445,7,0,0.004158928990364,,,,,,,,,,True,grid_complete,configured_grid,,1.6485340893268585e-05,solver final filtering and index remapping; caller metric conversion excluded,r5-v1,,excluded_precomputed,,True,,,fresh_retrieval,0.0,0.5287262033671141,4.068762063980103e-05,0.5287833763286471,0.5329423053190112,measured_excluding_encoding,"[17, 288, 234, 31, 79, 1226, 570]","[17, 288, 234, 31, 79, 1226, 570]",scipy.optimize.milp/HiGHS,1.17.1,1.12.0,1.0,<paper>/revision_campaign_20260914/default/airbnb/default.csv
47,eps-ILP g=16,1,feasible,complete,1,1,returned,0,257.0,32,0.0952380952380952,0.8782903601526182,0.0952380952380952,8.027265292126685,8.03142422111705,628365,257,0,0,0,94,0,,,336,1,0.0220625330694019,0,2445,7,0,0.004158928990364,,,,,,,,,,True,grid_complete,configured_grid,,4.140706732869148e-05,solver final filtering and index remapping; caller metric conversion excluded,r5-v1,,excluded_precomputed,,True,,,fresh_retrieval,0.0,8.024044013116509,0.0031798719428479,8.027265292126685,8.03142422111705,measured_excluding_encoding,"[17, 288, 234, 31, 79, 1226, 570]","[17, 288, 234, 31, 79, 1226, 570]",scipy.optimize.milp/HiGHS,1.17.1,1.12.0,1.0,<paper>/revision_campaign_20260914/default/airbnb/default.csv
47,PBF,0,feasible,complete,1,1,work_limit,0,,0,0.0,0.0,0.0,2.6248861104249958e-05,0.0041851778514683,0,1,0,0,0,0,0,,,336,1,0.0220625330694019,0,2445,7,0,0.004158928990364,False,,,,,,,,,False,combination_limit,full_input,,2.6248861104249958e-05,solver final filtering and index remapping; caller metric conversion excluded,r5-v1,,excluded_precomputed,,True,,,fresh_retrieval,,,,2.6248861104249958e-05,0.0041851778514683,measured_excluding_encoding,"[17, 288, 234, 31, 79, 1226, 570]",,Python/PBF,3.11.15,,,<paper>/revision_campaign_20260914/default/airbnb/default.csv
48,PACS,1,feasible,complete,1,1,returned,0,,93,0.068259385665529,0.8898947230475247,0.0693181818181818,0.0215974790044128,0.0251547307707369,6454,1,0,0,0,0,0,2412.0,105.0,879,1,0.331198017578572,0,2412,7,1,0.003557251766324,False,,,,,,,,,True,completed,beam_search,"[12, 1, 28, 18, 10, 12, 24]",0.0001160451211035,solver final filtering and index remapping; caller metric conversion excluded,r5-v1,,excluded_precomputed,,True,,,fresh_retrieval,0.0021193078719079,0.0189912668429315,0.0003708591684699,0.0215974790044128,0.0251547307707369,measured_excluding_encoding,"[721, 5, 370, 496, 43, 86, 691]","[12, 1, 28, 18, 10, 12, 24]",Python/PACS+,3.11.15,,,<paper>/revision_campaign_20260914/default/airbnb/default.csv
48,PACS_dC,1,feasible,complete,1,1,returned,0,,54,0.0318543799772468,0.6821306339386386,0.0318181818181818,0.0042219697497785,0.0077792215161025,2063,1,0,0,0,0,0,,,879,1,0.331198017578572,0,2412,7,1,0.003557251766324,False,,,,,,,,,True,completed,beam_search,"[12, 1, 28, 18, 10, 12, 24]",3.122957423329353e-05,solver final filtering and index remapping; caller metric conversion excluded,r5-v1,,excluded_precomputed,,True,,,fresh_retrieval,0.0017159944400191,0.0022819838486611,0.0001927618868649,0.0042219697497785,0.0077792215161025,measured_excluding_encoding,"[721, 5, 370, 496, 43, 86, 691]","[12, 1, 28, 18, 10, 12, 24]",Python/PACS_dC,3.11.15,,,<paper>/revision_campaign_20260914/default/airbnb/default.csv
48,PBS-unbounded,1,feasible,complete,1,1,returned,0,,879,1.0,1.0,0.9988636363636364,0.0928352600894868,0.0963925118558108,30190,1,0,0,0,0,0,2412.0,105.0,879,1,0.331198017578572,0,2412,7,1,0.003557251766324,True,,,,,,,,,True,completed,all_reduced_candidates,"[12, 1, 28, 18, 10, 12, 24]",0.0007223500870168,solver final filtering and index remapping; caller metric conversion excluded,r5-v1,,excluded_precomputed,,True,,,fresh_retrieval,0.0015424420125782,0.0860792146995663,0.0044912532903254,0.0928352600894868,0.0963925118558108,measured_excluding_encoding,"[721, 5, 370, 496, 43, 86, 691]","[12, 1, 28, 18, 10, 12, 24]",Python/PBS-unbounded,3.11.15,,,<paper>/revision_campaign_20260914/default/airbnb/default.csv
48,PTS,1,feasible,complete,1,1,returned,0,,142,0.0022753128555176,0.6921586880168604,0.0022727272727272,0.012900523841381,0.0164577756077051,8058,1,0,0,0,0,0,2412.0,105.0,879,1,0.331198017578572,0,2412,7,1,0.003557251766324,False,,,,,,,500.0,,False,iteration_limit,fixed_candidate_tree,"[12, 1, 28, 18, 10, 12, 24]",5.672359839081764e-05,solver final filtering and index remapping; caller metric conversion excluded,r5-v1,,excluded_precomputed,,True,,,fresh_retrieval,0.0016199401579797,0.0107095306739211,0.0005143294110894,0.012900523841381,0.0164577756077051,measured_excluding_encoding,"[721, 5, 370, 496, 43, 86, 691]","[12, 1, 28, 18, 10, 12, 24]",Python/DFS,3.11.15,,,<paper>/revision_campaign_20260914/default/airbnb/default.csv
48,eps-ILP g=4,1,feasible,complete,1,1,returned,0,17.0,4,0.0045506257110352,0.7683346311495014,0.0045454545454545,0.5126903420314193,0.5162475937977433,41004,17,0,0,0,4,0,,,879,1,0.331198017578572,0,2412,7,1,0.003557251766324,,,,,,,,,,True,grid_complete,configured_grid,,1.8265098333358765e-05,solver final filtering and index remapping; caller metric conversion excluded,r5-v1,,excluded_precomputed,,True,,,fresh_retrieval,0.0,0.5126189077273011,5.316920578479767e-05,0.5126903420314193,0.5162475937977433,measured_excluding_encoding,"[721, 5, 370, 496, 43, 86, 691]","[721, 5, 370, 496, 43, 86, 691]",scipy.optimize.milp/HiGHS,1.17.1,1.12.0,1.0,<paper>/revision_campaign_20260914/default/airbnb/default.csv
48,eps-ILP g=16,1,feasible,complete,1,1,returned,0,257.0,35,0.0398179749715585,0.915901717970885,0.0397727272727272,8.212073964998126,8.21563121676445,619884,257,0,0,0,16,0,,,879,1,0.331198017578572,0,2412,7,1,0.003557251766324,,,,,,,,,,True,grid_complete,configured_grid,,6.532389670610428e-05,solver final filtering and index remapping; caller metric conversion excluded,r5-v1,,excluded_precomputed,,True,,,fresh_retrieval,0.0,8.20554547291249,0.0064631681889295,8.212073964998126,8.21563121676445,measured_excluding_encoding,"[721, 5, 370, 496, 43, 86, 691]","[721, 5, 370, 496, 43, 86, 691]",scipy.optimize.milp/HiGHS,1.17.1,1.12.0,1.0,<paper>/revision_campaign_20260914/default/airbnb/default.csv
48,PBF,0,feasible,complete,1,1,work_limit,0,,0,0.0,0.0,0.0,3.540515899658203e-05,0.0035926569253206,0,1,0,0,0,0,0,,,879,1,0.331198017578572,0,2412,7,1,0.003557251766324,False,,,,,,,,,False,combination_limit,full_input,,3.540515899658203e-05,solver final filtering and index remapping; caller metric conversion excluded,r5-v1,,excluded_precomputed,,True,,,fresh_retrieval,,,,3.540515899658203e-05,0.0035926569253206,measured_excluding_encoding,"[721, 5, 370, 496, 43, 86, 691]",,Python/PBF,3.11.15,,,<paper>/revision_campaign_20260914/default/airbnb/default.csv
49,PACS,1,feasible,complete,1,1,returned,0,,80,0.3181818181818182,0.84373529148498,0.3181818181818182,0.008255282882601,0.0109565048478543,4102,1,0,0,0,0,0,1595.0,94.0,242,1,0.0110500459559261,0,1595,4,1,0.0027012219652533,False,,,,,,,,,True,completed,beam_search,"[41, 21, 12, 20]",5.620624870061874e-05,solver final filtering and index remapping; caller metric conversion excluded,r5-v1,,excluded_precomputed,,True,,,fresh_retrieval,0.0012266216799616,0.0066225002519786,0.00034995470196,0.008255282882601,0.0109565048478543,measured_excluding_encoding,"[1150, 117, 57, 271]","[41, 21, 12, 20]",Python/PACS+,3.11.15,,,<paper>/revision_campaign_20260914/default/airbnb/default.csv
49,PACS_dC,1,feasible,complete,1,1,returned,0,,15,0.0041322314049586,0.2509045431104534,0.0041322314049586,0.0020565781742334,0.0047578001394867,901,1,0,0,0,0,0,,,242,1,0.0110500459559261,0,1595,4,1,0.0027012219652533,False,,,,,,,,,True,completed,beam_search,"[41, 21, 12, 20]",1.8410850316286087e-05,solver final filtering and index remapping; caller metric conversion excluded,r5-v1,,excluded_precomputed,,True,,,fresh_retrieval,0.001269738189876,0.0007130219601094,5.540717393159866e-05,0.0020565781742334,0.0047578001394867,measured_excluding_encoding,"[1150, 117, 57, 271]","[41, 21, 12, 20]",Python/PACS_dC,3.11.15,,,<paper>/revision_campaign_20260914/default/airbnb/default.csv
49,PBS-unbounded,1,feasible,complete,1,1,returned,0,,242,1.0,1.0,1.0,0.0110184247605502,0.0137196467258036,6458,1,0,0,0,0,0,1595.0,94.0,242,1,0.0110500459559261,0,1595,4,1,0.0027012219652533,True,,,,,,,,,True,completed,all_reduced_candidates,"[41, 21, 12, 20]",7.586460560560226e-05,solver final filtering and index remapping; caller metric conversion excluded,r5-v1,,excluded_precomputed,,True,,,fresh_retrieval,0.0012403512373566,0.0086705260910093,0.0010316828265786,0.0110184247605502,0.0137196467258036,measured_excluding_encoding,"[1150, 117, 57, 271]","[41, 21, 12, 20]",Python/PBS-unbounded,3.11.15,,,<paper>/revision_campaign_20260914/default/airbnb/default.csv
49,PTS,1,feasible,complete,1,1,returned,0,,128,0.5,0.98517919869444,0.5,0.011470478028059,0.0141716999933123,7110,1,0,0,0,0,0,1595.0,94.0,242,1,0.0110500459559261,0,1595,4,1,0.0027012219652533,False,,,,,,,500.0,,False,iteration_limit,fixed_candidate_tree,"[41, 21, 12, 20]",5.5324286222457886e-05,solver final filtering and index remapping; caller metric conversion excluded,r5-v1,,excluded_precomputed,,True,,,fresh_retrieval,0.0012349518947303,0.0097130318172276,0.0004671700298786,0.011470478028059,0.0141716999933123,measured_excluding_encoding,"[1150, 117, 57, 271]","[41, 21, 12, 20]",Python/DFS,3.11.15,,,<paper>/revision_campaign_20260914/default/airbnb/default.csv
49,eps-ILP g=4,1,feasible,complete,1,1,returned,0,17.0,4,0.0165289256198347,0.4459209027044239,0.0165289256198347,0.403708899859339,0.4064101218245923,27115,17,0,0,0,4,0,,,242,1,0.0110500459559261,0,1595,4,1,0.0027012219652533,,,,,,,,,,True,grid_complete,configured_grid,,1.6604550182819366e-05,solver final filtering and index remapping; caller metric conversion excluded,r5-v1,,excluded_precomputed,,True,,,fresh_retrieval,0.0,0.4036395349539816,5.2760355174541473e-05,0.403708899859339,0.4064101218245923,measured_excluding_encoding,"[1150, 117, 57, 271]","[1150, 117, 57, 271]",scipy.optimize.milp/HiGHS,1.17.1,1.12.0,1.0,<paper>/revision_campaign_20260914/default/airbnb/default.csv
49,eps-ILP g=16,1,feasible,complete,1,1,returned,0,257.0,29,0.1198347107438016,0.9089198705216714,0.1198347107438016,6.498127014841884,6.500828236807138,409915,257,0,0,0,26,0,,,242,1,0.0110500459559261,0,1595,4,1,0.0027012219652533,,,,,,,,,,True,grid_complete,configured_grid,,4.3657608330249786e-05,solver final filtering and index remapping; caller metric conversion excluded,r5-v1,,excluded_precomputed,,True,,,fresh_retrieval,0.0,6.49190068198368,0.0061826752498745,6.498127014841884,6.500828236807138,measured_excluding_encoding,"[1150, 117, 57, 271]","[1150, 117, 57, 271]",scipy.optimize.milp/HiGHS,1.17.1,1.12.0,1.0,<paper>/revision_campaign_20260914/default/airbnb/default.csv
49,PBF,0,feasible,complete,1,1,work_limit,0,,0,0.0,0.0,0.0,2.353917807340622e-05,0.0027247611433267,0,1,0,0,0,0,0,,,242,1,0.0110500459559261,0,1595,4,1,0.0027012219652533,False,,,,,,,,,False,combination_limit,full_input,,2.353917807340622e-05,solver final filtering and index remapping; caller metric conversion excluded,r5-v1,,excluded_precomputed,,True,,,fresh_retrieval,,,,2.353917807340622e-05,0.0027247611433267,measured_excluding_encoding,"[1150, 117, 57, 271]",,Python/PBF,3.11.15,,,<paper>/revision_campaign_20260914/default/airbnb/default.csv
50,PACS,1,feasible,complete,1,1,returned,0,,91,0.4690721649484536,0.888934164863908,0.4690721649484536,0.0146461022086441,0.0171285141259431,3678,1,0,0,0,0,0,1269.0,77.0,194,1,0.0241958536207675,0,1269,6,1,0.002482411917299,False,,,,,,,,,True,completed,beam_search,"[1, 32, 11, 7, 23, 3]",2.408027648925781e-05,solver final filtering and index remapping; caller metric conversion excluded,r5-v1,,excluded_precomputed,,True,,,fresh_retrieval,0.0018578418530523,0.0124059598892927,0.0003582201898097,0.0146461022086441,0.0171285141259431,measured_excluding_encoding,"[1, 426, 330, 12, 483, 17]","[1, 32, 11, 7, 23, 3]",Python/PACS+,3.11.15,,,<paper>/revision_campaign_20260914/default/airbnb/default.csv
50,PACS_dC,1,feasible,complete,1,1,returned,0,,69,0.2938144329896907,0.8022145586734887,0.2938144329896907,0.0038232528604567,0.0063056647777557,654,1,0,0,0,0,0,,,194,1,0.0241958536207675,0,1269,6,1,0.002482411917299,False,,,,,,,,,True,completed,beam_search,"[1, 32, 11, 7, 23, 3]",1.9295141100883484e-05,solver final filtering and index remapping; caller metric conversion excluded,r5-v1,,excluded_precomputed,,True,,,fresh_retrieval,0.001879799645394,0.0016860230825841,0.0002381349913775,0.0038232528604567,0.0063056647777557,measured_excluding_encoding,"[1, 426, 330, 12, 483, 17]","[1, 32, 11, 7, 23, 3]",Python/PACS_dC,3.11.15,,,<paper>/revision_campaign_20260914/default/airbnb/default.csv
50,PBS-unbounded,1,feasible,complete,1,1,returned,0,,194,1.0,1.0,1.0,0.0239948690868914,0.0264772810041904,6268,1,0,0,0,0,0,1269.0,77.0,194,1,0.0241958536207675,0,1269,6,1,0.002482411917299,True,,,,,,,,,True,completed,all_reduced_candidates,"[1, 32, 11, 7, 23, 3]",7.546273991465569e-05,solver final filtering and index remapping; caller metric conversion excluded,r5-v1,,excluded_precomputed,,True,,,fresh_retrieval,0.0018313671462237,0.0204961248673498,0.0015919143334031,0.0239948690868914,0.0264772810041904,measured_excluding_encoding,"[1, 426, 330, 12, 483, 17]","[1, 32, 11, 7, 23, 3]",Python/PBS-unbounded,3.11.15,,,<paper>/revision_campaign_20260914/default/airbnb/default.csv
50,PTS,1,feasible,complete,1,1,returned,0,,131,0.2371134020618556,0.878428949913469,0.2371134020618556,0.0113851050846278,0.0138675170019268,2454,1,0,0,0,0,0,1269.0,77.0,194,1,0.0241958536207675,0,1269,6,1,0.002482411917299,False,,,,,,,500.0,,False,iteration_limit,fixed_candidate_tree,"[1, 32, 11, 7, 23, 3]",4.883483052253723e-05,solver final filtering and index remapping; caller metric conversion excluded,r5-v1,,excluded_precomputed,,True,,,fresh_retrieval,0.0018105129711329,0.0090561509132385,0.0004696063697338,0.0113851050846278,0.0138675170019268,measured_excluding_encoding,"[1, 426, 330, 12, 483, 17]","[1, 32, 11, 7, 23, 3]",Python/DFS,3.11.15,,,<paper>/revision_campaign_20260914/default/airbnb/default.csv
50,eps-ILP g=4,1,feasible,complete,1,1,returned,0,17.0,3,0.0154639175257731,0.0815972977815958,0.0154639175257731,0.2868563421070575,0.2893387540243566,21573,17,0,0,0,4,0,,,194,1,0.0241958536207675,0,1269,6,1,0.002482411917299,,,,,,,,,,True,grid_complete,configured_grid,,1.982087269425392e-05,solver final filtering and index remapping; caller metric conversion excluded,r5-v1,,excluded_precomputed,,True,,,fresh_retrieval,0.0,0.2867768411524594,5.968008190393448e-05,0.2868563421070575,0.2893387540243566,measured_excluding_encoding,"[1, 426, 330, 12, 483, 17]","[1, 426, 330, 12, 483, 17]",scipy.optimize.milp/HiGHS,1.17.1,1.12.0,1.0,<paper>/revision_campaign_20260914/default/airbnb/default.csv
50,eps-ILP g=16,1,feasible,complete,1,1,returned,0,257.0,17,0.0876288659793814,0.7528317062550545,0.0876288659793814,4.654080794658512,4.656563206575811,326133,257,0,0,0,16,0,,,194,1,0.0241958536207675,0,1269,6,1,0.002482411917299,,,,,,,,,,True,grid_complete,configured_grid,,4.527391865849495e-05,solver final filtering and index remapping; caller metric conversion excluded,r5-v1,,excluded_precomputed,,True,,,fresh_retrieval,0.0,4.647262021899223,0.00677349884063,4.654080794658512,4.656563206575811,measured_excluding_encoding,"[1, 426, 330, 12, 483, 17]","[1, 426, 330, 12, 483, 17]",scipy.optimize.milp/HiGHS,1.17.1,1.12.0,1.0,<paper>/revision_campaign_20260914/default/airbnb/default.csv
50,PBF,0,feasible,complete,1,1,work_limit,0,,0,0.0,0.0,0.0,1.2808945029973984e-05,0.002495220862329,0,1,0,0,0,0,0,,,194,1,0.0241958536207675,0,1269,6,1,0.002482411917299,False,,,,,,,,,False,combination_limit,full_input,,1.2808945029973984e-05,solver final filtering and index remapping; caller metric conversion excluded,r5-v1,,excluded_precomputed,,True,,,fresh_retrieval,,,,1.2808945029973984e-05,0.002495220862329,measured_excluding_encoding,"[1, 426, 330, 12, 483, 17]",,Python/PBF,3.11.15,,,<paper>/revision_campaign_20260914/default/airbnb/default.csv
51,PACS,1,feasible,complete,1,1,returned,0,,65,1.0,1.0,1.0,0.0040933727286756,0.0061665368266403,4570,1,0,0,0,0,0,790.0,92.0,65,1,0.0037995418533682,0,790,6,0,0.0020731640979647,True,,,,,,,,,True,completed,all_reduced_candidates,"[12, 10, 21, 13, 21, 15]",2.0784791558980945e-05,solver final filtering and index remapping; caller metric conversion excluded,r5-v1,,excluded_precomputed,,True,,,fresh_retrieval,0.0014008078724145,0.0024341368116438,0.0002376432530581,0.0040933727286756,0.0061665368266403,measured_excluding_encoding,"[38, 312, 118, 24, 184, 114]","[12, 10, 21, 13, 21, 15]",Python/PACS+,3.11.15,,,<paper>/revision_campaign_20260914/default/airbnb/default.csv
51,PACS_dC,1,feasible,complete,1,1,returned,0,,14,0.0,0.2731344125880823,0.0,0.0018651480786502,0.003938312176615,1561,1,0,0,0,0,0,,,65,1,0.0037995418533682,0,790,6,0,0.0020731640979647,False,,,,,,,,,True,completed,beam_search,"[12, 10, 21, 13, 21, 15]",1.2040138244628906e-05,solver final filtering and index remapping; caller metric conversion excluded,r5-v1,,excluded_precomputed,,True,,,fresh_retrieval,0.0010450878180563,0.0007584472186863,4.957290366292e-05,0.0018651480786502,0.003938312176615,measured_excluding_encoding,"[38, 312, 118, 24, 184, 114]","[12, 10, 21, 13, 21, 15]",Python/PACS_dC,3.11.15,,,<paper>/revision_campaign_20260914/default/airbnb/default.csv
51,PBS-unbounded,1,feasible,complete,1,1,returned,0,,65,1.0,1.0,1.0,0.0038507478311657,0.0059239119291305,4570,1,0,0,0,0,0,790.0,92.0,65,1,0.0037995418533682,0,790,6,0,0.0020731640979647,True,,,,,,,,,True,completed,all_reduced_candidates,"[12, 10, 21, 13, 21, 15]",2.1466519683599472e-05,solver final filtering and index remapping; caller metric conversion excluded,r5-v1,,excluded_precomputed,,True,,,fresh_retrieval,0.00111726205796,0.0024722903035581,0.000239728949964,0.0038507478311657,0.0059239119291305,measured_excluding_encoding,"[38, 312, 118, 24, 184, 114]","[12, 10, 21, 13, 21, 15]",Python/PBS-unbounded,3.11.15,,,<paper>/revision_campaign_20260914/default/airbnb/default.csv
51,PTS,1,feasible,complete,1,1,returned,0,,65,1.0,1.0,1.0,0.007573926821351,0.0096470909193158,7057,1,0,0,0,0,0,790.0,92.0,65,1,0.0037995418533682,0,790,6,0,0.0020731640979647,True,,,,,,,500.0,,True,completed,fixed_candidate_tree,"[12, 10, 21, 13, 21, 15]",3.93139198422432e-05,solver final filtering and index remapping; caller metric conversion excluded,r5-v1,,excluded_precomputed,,True,,,fresh_retrieval,0.0010183928534388,0.0062746000476181,0.0002416200004518,0.007573926821351,0.0096470909193158,measured_excluding_encoding,"[38, 312, 118, 24, 184, 114]","[12, 10, 21, 13, 21, 15]",Python/DFS,3.11.15,,,<paper>/revision_campaign_20260914/default/airbnb/default.csv
51,eps-ILP g=4,1,feasible,complete,1,1,returned,0,17.0,3,0.0461538461538461,0.398209947232112,0.0461538461538461,0.220362305175513,0.2224354692734778,13430,17,0,0,0,7,0,,,65,1,0.0037995418533682,0,790,6,0,0.0020731640979647,,,,,,,,,,True,grid_complete,configured_grid,,1.5568453818559647e-05,solver final filtering and index remapping; caller metric conversion excluded,r5-v1,,excluded_precomputed,,True,,,fresh_retrieval,0.0,0.2203079578466713,3.87788750231266e-05,0.220362305175513,0.2224354692734778,measured_excluding_encoding,"[38, 312, 118, 24, 184, 114]","[38, 312, 118, 24, 184, 114]",scipy.optimize.milp/HiGHS,1.17.1,1.12.0,1.0,<paper>/revision_campaign_20260914/default/airbnb/default.csv
51,eps-ILP g=16,1,feasible,complete,1,1,returned,0,257.0,13,0.2,0.8763175214241271,0.2,3.448517083656043,3.450590247754008,203030,257,0,0,0,57,0,,,65,1,0.0037995418533682,0,790,6,0,0.0020731640979647,,,,,,,,,,True,grid_complete,configured_grid,,6.516138091683388e-05,solver final filtering and index remapping; caller metric conversion excluded,r5-v1,,excluded_precomputed,,True,,,fresh_retrieval,0.0,3.4435534491203725,0.0048984731547534,3.448517083656043,3.450590247754008,measured_excluding_encoding,"[38, 312, 118, 24, 184, 114]","[38, 312, 118, 24, 184, 114]",scipy.optimize.milp/HiGHS,1.17.1,1.12.0,1.0,<paper>/revision_campaign_20260914/default/airbnb/default.csv
51,PBF,0,feasible,complete,1,1,work_limit,0,,0,0.0,0.0,0.0,2.108188346028328e-05,0.002094245981425,0,1,0,0,0,0,0,,,65,1,0.0037995418533682,0,790,6,0,0.0020731640979647,False,,,,,,,,,False,combination_limit,full_input,,2.108188346028328e-05,solver final filtering and index remapping; caller metric conversion excluded,r5-v1,,excluded_precomputed,,True,,,fresh_retrieval,,,,2.108188346028328e-05,0.002094245981425,measured_excluding_encoding,"[38, 312, 118, 24, 184, 114]",,Python/PBF,3.11.15,,,<paper>/revision_campaign_20260914/default/airbnb/default.csv
52,PACS,1,feasible,complete,1,1,returned,0,,86,0.5733333333333334,0.8956810877223643,0.5733333333333334,0.0044457386247813,0.0063853096216917,2758,1,0,0,0,0,0,810.0,64.0,150,1,0.0046503562480211,0,810,4,1,0.0019395709969103,False,,,,,,,,,True,completed,beam_search,"[18, 6, 19, 21]",4.468252882361412e-05,solver final filtering and index remapping; caller metric conversion excluded,r5-v1,,excluded_precomputed,,True,,,fresh_retrieval,0.0007811477407813,0.003271940164268,0.0003479681909084,0.0044457386247813,0.0063853096216917,measured_excluding_encoding,"[95, 21, 602, 92]","[18, 6, 19, 21]",Python/PACS+,3.11.15,,,<paper>/revision_campaign_20260914/default/airbnb/default.csv
52,PACS_dC,1,feasible,complete,1,1,returned,0,,75,0.0866666666666666,0.7355914591877617,0.0866666666666666,0.0022540166974067,0.0041935876943171,1622,1,0,0,0,0,0,,,150,1,0.0046503562480211,0,810,4,1,0.0019395709969103,False,,,,,,,,,True,completed,beam_search,"[18, 6, 19, 21]",2.1210405975580212e-05,solver final filtering and index remapping; caller metric conversion excluded,r5-v1,,excluded_precomputed,,True,,,fresh_retrieval,0.0006554741412401,0.0013216440565884,0.0002556880936026,0.0022540166974067,0.0041935876943171,measured_excluding_encoding,"[95, 21, 602, 92]","[18, 6, 19, 21]",Python/PACS_dC,3.11.15,,,<paper>/revision_campaign_20260914/default/airbnb/default.csv
52,PBS-unbounded,1,feasible,complete,1,1,returned,0,,150,1.0,1.0,1.0,0.0045050592161715,0.0064446302130818,3010,1,0,0,0,0,0,810.0,64.0,150,1,0.0046503562480211,0,810,4,1,0.0019395709969103,True,,,,,,,,,True,completed,all_reduced_candidates,"[18, 6, 19, 21]",4.3750274926424026e-05,solver final filtering and index remapping; caller metric conversion excluded,r5-v1,,excluded_precomputed,,True,,,fresh_retrieval,0.000684639904648,0.0032068132422864,0.0005698557943105,0.0045050592161715,0.0064446302130818,measured_excluding_encoding,"[95, 21, 602, 92]","[18, 6, 19, 21]",Python/PBS-unbounded,3.11.15,,,<paper>/revision_campaign_20260914/default/airbnb/default.csv
52,PTS,1,feasible,complete,1,1,returned,0,,123,0.7333333333333333,0.9831816276258756,0.7333333333333333,0.0111699579283595,0.0131095289252698,4389,1,0,0,0,0,0,810.0,64.0,150,1,0.0046503562480211,0,810,4,1,0.0019395709969103,False,,,,,,,500.0,,False,iteration_limit,fixed_candidate_tree,"[18, 6, 19, 21]",4.864297807216644e-05,solver final filtering and index remapping; caller metric conversion excluded,r5-v1,,excluded_precomputed,,True,,,fresh_retrieval,0.0006464342586696,0.0100396429188549,0.0004352377727627,0.0111699579283595,0.0131095289252698,measured_excluding_encoding,"[95, 21, 602, 92]","[18, 6, 19, 21]",Python/DFS,3.11.15,,,<paper>/revision_campaign_20260914/default/airbnb/default.csv
52,eps-ILP g=4,1,feasible,complete,1,1,returned,0,17.0,3,0.02,0.5946193139096173,0.02,0.2436908343806862,0.2456304053775966,13770,17,0,0,0,4,0,,,150,1,0.0046503562480211,0,810,4,1,0.0019395709969103,,,,,,,,,,True,grid_complete,configured_grid,,1.5830621123313904e-05,solver final filtering and index remapping; caller metric conversion excluded,r5-v1,,excluded_precomputed,,True,,,fresh_retrieval,0.0,0.2436222718097269,5.27319498360157e-05,0.2436908343806862,0.2456304053775966,measured_excluding_encoding,"[95, 21, 602, 92]","[95, 21, 602, 92]",scipy.optimize.milp/HiGHS,1.17.1,1.12.0,1.0,<paper>/revision_campaign_20260914/default/airbnb/default.csv
52,eps-ILP g=16,1,feasible,complete,1,1,returned,0,257.0,23,0.1533333333333333,0.8764056870981567,0.1533333333333333,3.9705044883303344,3.9724440593272448,208170,257,0,0,0,36,0,,,150,1,0.0046503562480211,0,810,4,1,0.0019395709969103,,,,,,,,,,True,grid_complete,configured_grid,,3.804638981819153e-05,solver final filtering and index remapping; caller metric conversion excluded,r5-v1,,excluded_precomputed,,True,,,fresh_retrieval,0.0,3.964735615067184,0.0057308268733322,3.9705044883303344,3.9724440593272448,measured_excluding_encoding,"[95, 21, 602, 92]","[95, 21, 602, 92]",scipy.optimize.milp/HiGHS,1.17.1,1.12.0,1.0,<paper>/revision_campaign_20260914/default/airbnb/default.csv
52,PBF,1,feasible,complete,1,1,returned,0,,150,1.0,1.0,1.0,27.22556202998385,27.22750160098076,441964320,1,0,0,0,0,0,,,150,1,0.0046503562480211,0,810,4,1,0.0019395709969103,True,,,,,,,,,True,complete,full_input,,27.22556202998385,solver final filtering and index remapping; caller metric conversion excluded,r5-v1,,excluded_precomputed,,True,,,fresh_retrieval,,,,27.22556202998385,27.22750160098076,measured_excluding_encoding,"[95, 21, 602, 92]",,Python/PBF,3.11.15,,,<paper>/revision_campaign_20260914/default/airbnb/default.csv
53,PACS,1,feasible,complete,1,1,returned,0,,100,0.0,0.3939980542005226,0.0,0.0382575243711471,0.0421000039204955,12333,1,0,0,0,0,0,2585.0,183.0,2212,1,0.627387123182416,0,2585,8,1,0.0038424795493483,False,,,,,,,,,True,completed,beam_search,"[31, 42, 41, 18, 11, 25, 9, 6]",3.001326695084572e-05,solver final filtering and index remapping; caller metric conversion excluded,r5-v1,,excluded_precomputed,,True,,,fresh_retrieval,0.0030738990753889,0.0347814098931849,0.0003722021356225,0.0382575243711471,0.0421000039204955,measured_excluding_encoding,"[321, 1348, 211, 187, 197, 278, 33, 10]","[31, 42, 41, 18, 11, 25, 9, 6]",Python/PACS+,3.11.15,,,<paper>/revision_campaign_20260914/default/airbnb/default.csv
53,PACS_dC,1,feasible,complete,1,1,returned,0,,72,0.0,0.0590644918873121,0.0,0.0191278182901442,0.0229702978394925,8003,1,0,0,0,0,0,,,2212,1,0.627387123182416,0,2585,8,1,0.0038424795493483,False,,,,,,,,,True,completed,beam_search,"[31, 42, 41, 18, 11, 25, 9, 6]",2.0304229110479355e-05,solver final filtering and index remapping; caller metric conversion excluded,r5-v1,,excluded_precomputed,,True,,,fresh_retrieval,0.002468975726515,0.0163810262456536,0.000257512088865,0.0191278182901442,0.0229702978394925,measured_excluding_encoding,"[321, 1348, 211, 187, 197, 278, 33, 10]","[31, 42, 41, 18, 11, 25, 9, 6]",Python/PACS_dC,3.11.15,,,<paper>/revision_campaign_20260914/default/airbnb/default.csv
53,PBS-unbounded,1,feasible,complete,1,1,returned,0,,2212,1.0,1.0,1.0,0.6644046199508011,0.6682470995001495,120504,1,0,0,0,0,0,2585.0,183.0,2212,1,0.627387123182416,0,2585,8,1,0.0038424795493483,True,,,,,,,,,True,completed,all_reduced_candidates,"[31, 42, 41, 18, 11, 25, 9, 6]",0.0007666852325201,solver final filtering and index remapping; caller metric conversion excluded,r5-v1,,excluded_precomputed,,True,,,fresh_retrieval,0.0024371277540922,0.6473233932629228,0.013877413701266,0.6644046199508011,0.6682470995001495,measured_excluding_encoding,"[321, 1348, 211, 187, 197, 278, 33, 10]","[31, 42, 41, 18, 11, 25, 9, 6]",Python/PBS-unbounded,3.11.15,,,<paper>/revision_campaign_20260914/default/airbnb/default.csv
53,PTS,1,feasible,complete,1,1,returned,0,,92,0.0,0.1015029699833681,0.0,0.0127745876088738,0.0166170671582222,11000,1,0,0,0,0,0,2585.0,183.0,2212,1,0.627387123182416,0,2585,8,1,0.0038424795493483,False,,,,,,,500.0,,False,iteration_limit,fixed_candidate_tree,"[31, 42, 41, 18, 11, 25, 9, 6]",7.197074592113495e-05,solver final filtering and index remapping; caller metric conversion excluded,r5-v1,,excluded_precomputed,,True,,,fresh_retrieval,0.0025146659463644,0.0098459282889962,0.000342022627592,0.0127745876088738,0.0166170671582222,measured_excluding_encoding,"[321, 1348, 211, 187, 197, 278, 33, 10]","[31, 42, 41, 18, 11, 25, 9, 6]",Python/DFS,3.11.15,,,<paper>/revision_campaign_20260914/default/airbnb/default.csv
53,eps-ILP g=4,1,feasible,complete,1,1,returned,0,17.0,5,0.002260397830018,0.2562743687083416,0.002260397830018,0.6832267139106989,0.6870691934600472,43945,17,0,0,0,4,0,,,2212,1,0.627387123182416,0,2585,8,1,0.0038424795493483,,,,,,,,,,True,grid_complete,configured_grid,,1.6530975699424744e-05,solver final filtering and index remapping; caller metric conversion excluded,r5-v1,,excluded_precomputed,,True,,,fresh_retrieval,0.0,0.6831560479477048,5.413498729467392e-05,0.6832267139106989,0.6870691934600472,measured_excluding_encoding,"[321, 1348, 211, 187, 197, 278, 33, 10]","[321, 1348, 211, 187, 197, 278, 33, 10]",scipy.optimize.milp/HiGHS,1.17.1,1.12.0,1.0,<paper>/revision_campaign_20260914/default/airbnb/default.csv
53,eps-ILP g=16,1,feasible,complete,1,1,returned,0,257.0,68,0.0307414104882459,0.8852378854176889,0.0307414104882459,13.889154200907797,13.892996680457143,664345,257,0,0,0,16,0,,,2212,1,0.627387123182416,0,2585,8,1,0.0038424795493483,,,,,,,,,,True,grid_complete,configured_grid,,5.140388384461403e-05,solver final filtering and index remapping; caller metric conversion excluded,r5-v1,,excluded_precomputed,,True,,,fresh_retrieval,0.0,13.882643457036464,0.0064593399874866,13.889154200907797,13.892996680457143,measured_excluding_encoding,"[321, 1348, 211, 187, 197, 278, 33, 10]","[321, 1348, 211, 187, 197, 278, 33, 10]",scipy.optimize.milp/HiGHS,1.17.1,1.12.0,1.0,<paper>/revision_campaign_20260914/default/airbnb/default.csv
53,PBF,0,feasible,complete,1,1,work_limit,0,,0,0.0,0.0,0.0,3.2039824873209e-05,0.0038745193742215,0,1,0,0,0,0,0,,,2212,1,0.627387123182416,0,2585,8,1,0.0038424795493483,False,,,,,,,,,False,combination_limit,full_input,,3.2039824873209e-05,solver final filtering and index remapping; caller metric conversion excluded,r5-v1,,excluded_precomputed,,True,,,fresh_retrieval,,,,3.2039824873209e-05,0.0038745193742215,measured_excluding_encoding,"[321, 1348, 211, 187, 197, 278, 33, 10]",,Python/PBF,3.11.15,,,<paper>/revision_campaign_20260914/default/airbnb/default.csv
54,PACS,0,feasible,complete,1,1,no_assignment,0,,0,0.0,0.0,0.0,0.0198648730292916,0.0243122251704335,7832,1,0,0,0,0,0,3396.0,125.0,135,1,0.0515829510986804,0,3396,8,0,0.0044473521411418,False,,,,,,,,,True,completed,beam_search,"[18, 27, 27, 21, 9, 9, 7, 7]",1.937523484230041e-05,solver final filtering and index remapping; caller metric conversion excluded,r5-v1,,excluded_precomputed,,True,,,fresh_retrieval,0.0028480729088187,0.0169935398735106,3.885012120008469e-06,0.0198648730292916,0.0243122251704335,measured_excluding_encoding,"[99, 195, 2100, 899, 19, 42, 31, 11]","[18, 27, 27, 21, 9, 9, 7, 7]",Python/PACS+,3.11.15,,,<paper>/revision_campaign_20260914/default/airbnb/default.csv
54,PACS_dC,0,feasible,complete,1,1,no_assignment,0,,0,0.0,0.0,0.0,0.007921224925667,0.0123685770668089,3809,1,0,0,0,0,0,,,135,1,0.0515829510986804,0,3396,8,0,0.0044473521411418,False,,,,,,,,,True,completed,beam_search,"[18, 27, 27, 21, 9, 9, 7, 7]",1.8373597413301468e-05,solver final filtering and index remapping; caller metric conversion excluded,r5-v1,,excluded_precomputed,,True,,,fresh_retrieval,0.0027102241292595,0.0051889312453567,3.6959536373615273e-06,0.007921224925667,0.0123685770668089,measured_excluding_encoding,"[99, 195, 2100, 899, 19, 42, 31, 11]","[18, 27, 27, 21, 9, 9, 7, 7]",Python/PACS_dC,3.11.15,,,<paper>/revision_campaign_20260914/default/airbnb/default.csv
54,PBS-unbounded,1,feasible,complete,1,1,returned,0,,135,1.0,1.0,1.0,0.0502259521745145,0.0546733043156564,30186,1,0,0,0,0,0,3396.0,125.0,135,1,0.0515829510986804,0,3396,8,0,0.0044473521411418,True,,,,,,,,,True,completed,all_reduced_candidates,"[18, 27, 27, 21, 9, 9, 7, 7]",2.368912100791931e-05,solver final filtering and index remapping; caller metric conversion excluded,r5-v1,,excluded_precomputed,,True,,,fresh_retrieval,0.0025959461927413,0.0471124886535108,0.0004938282072544,0.0502259521745145,0.0546733043156564,measured_excluding_encoding,"[99, 195, 2100, 899, 19, 42, 31, 11]","[18, 27, 27, 21, 9, 9, 7, 7]",Python/PBS-unbounded,3.11.15,,,<paper>/revision_campaign_20260914/default/airbnb/default.csv
54,PTS,1,feasible,complete,1,1,returned,0,,69,0.5037037037037037,0.8284829542020858,0.5037037037037037,0.013909765984863,0.0183571181260049,22175,1,0,0,0,0,0,3396.0,125.0,135,1,0.0515829510986804,0,3396,8,0,0.0044473521411418,False,,,,,,,500.0,,False,iteration_limit,fixed_candidate_tree,"[18, 27, 27, 21, 9, 9, 7, 7]",5.672266706824303e-05,solver final filtering and index remapping; caller metric conversion excluded,r5-v1,,excluded_precomputed,,True,,,fresh_retrieval,0.0026851999573409,0.0109096663072705,0.0002581770531833,0.013909765984863,0.0183571181260049,measured_excluding_encoding,"[99, 195, 2100, 899, 19, 42, 31, 11]","[18, 27, 27, 21, 9, 9, 7, 7]",Python/DFS,3.11.15,,,<paper>/revision_campaign_20260914/default/airbnb/default.csv
54,eps-ILP g=4,1,feasible,complete,1,1,returned,0,17.0,4,0.0296296296296296,0.3607130723504628,0.0296296296296296,0.8394664623774588,0.8439138145186007,57732,17,0,0,0,10,0,,,135,1,0.0515829510986804,0,3396,8,0,0.0044473521411418,,,,,,,,,,True,grid_complete,configured_grid,,1.754704862833023e-05,solver final filtering and index remapping; caller metric conversion excluded,r5-v1,,excluded_precomputed,,True,,,fresh_retrieval,0.0,0.8394151204265654,3.379490226507187e-05,0.8394664623774588,0.8439138145186007,measured_excluding_encoding,"[99, 195, 2100, 899, 19, 42, 31, 11]","[99, 195, 2100, 899, 19, 42, 31, 11]",scipy.optimize.milp/HiGHS,1.17.1,1.12.0,1.0,<paper>/revision_campaign_20260914/default/airbnb/default.csv
54,eps-ILP g=16,1,feasible,complete,1,1,returned,0,257.0,18,0.1333333333333333,0.7721249285926661,0.1333333333333333,11.449555410072207,11.45400276221335,872772,257,0,0,0,152,0,,,135,1,0.0515829510986804,0,3396,8,0,0.0044473521411418,,,,,,,,,,True,grid_complete,configured_grid,,6.115343421697617e-05,solver final filtering and index remapping; caller metric conversion excluded,r5-v1,,excluded_precomputed,,True,,,fresh_retrieval,0.0,11.448067310731858,0.0014269459061324,11.449555410072207,11.45400276221335,measured_excluding_encoding,"[99, 195, 2100, 899, 19, 42, 31, 11]","[99, 195, 2100, 899, 19, 42, 31, 11]",scipy.optimize.milp/HiGHS,1.17.1,1.12.0,1.0,<paper>/revision_campaign_20260914/default/airbnb/default.csv
54,PBF,0,feasible,complete,1,1,work_limit,0,,0,0.0,0.0,0.0,3.700563684105873e-05,0.0044843577779829,0,1,0,0,0,0,0,,,135,1,0.0515829510986804,0,3396,8,0,0.0044473521411418,False,,,,,,,,,False,combination_limit,full_input,,3.700563684105873e-05,solver final filtering and index remapping; caller metric conversion excluded,r5-v1,,excluded_precomputed,,True,,,fresh_retrieval,,,,3.700563684105873e-05,0.0044843577779829,measured_excluding_encoding,"[99, 195, 2100, 899, 19, 42, 31, 11]",,Python/PBF,3.11.15,,,<paper>/revision_campaign_20260914/default/airbnb/default.csv
55,PACS,1,feasible,complete,1,1,returned,0,,66,1.0,1.0,1.0,0.0019052741117775,0.0037384699098765,1537,1,0,0,0,0,0,525.0,61.0,66,1,0.0018638530746102,0,525,5,0,0.001833195798099,True,,,,,,,,,True,completed,all_reduced_candidates,"[25, 10, 10, 9, 7]",1.6055069863796234e-05,solver final filtering and index remapping; caller metric conversion excluded,r5-v1,,excluded_precomputed,,True,,,fresh_retrieval,0.0004163868725299,0.0012326501309871,0.0002401820383965,0.0019052741117775,0.0037384699098765,measured_excluding_encoding,"[394, 31, 47, 25, 28]","[25, 10, 10, 9, 7]",Python/PACS+,3.11.15,,,<paper>/revision_campaign_20260914/default/airbnb/default.csv
55,PACS_dC,1,feasible,complete,1,1,returned,0,,28,0.3787878787878788,0.7201557628738527,0.3787878787878788,0.0009114681743085,0.0027446639724075,621,1,0,0,0,0,0,,,66,1,0.0018638530746102,0,525,5,0,0.001833195798099,False,,,,,,,,,True,completed,beam_search,"[25, 10, 10, 9, 7]",1.375097781419754e-05,solver final filtering and index remapping; caller metric conversion excluded,r5-v1,,excluded_precomputed,,True,,,fresh_retrieval,0.0002930620685219,0.0005104248411953,9.42302867770195e-05,0.0009114681743085,0.0027446639724075,measured_excluding_encoding,"[394, 31, 47, 25, 28]","[25, 10, 10, 9, 7]",Python/PACS_dC,3.11.15,,,<paper>/revision_campaign_20260914/default/airbnb/default.csv
55,PBS-unbounded,1,feasible,complete,1,1,returned,0,,66,1.0,1.0,1.0,0.0018402012065052,0.0036733970046043,1537,1,0,0,0,0,0,525.0,61.0,66,1,0.0018638530746102,0,525,5,0,0.001833195798099,True,,,,,,,,,True,completed,all_reduced_candidates,"[25, 10, 10, 9, 7]",1.6618985682725906e-05,solver final filtering and index remapping; caller metric conversion excluded,r5-v1,,excluded_precomputed,,True,,,fresh_retrieval,0.000301003921777,0.0012913420796394,0.0002312362194061,0.0018402012065052,0.0036733970046043,measured_excluding_encoding,"[394, 31, 47, 25, 28]","[25, 10, 10, 9, 7]",Python/PBS-unbounded,3.11.15,,,<paper>/revision_campaign_20260914/default/airbnb/default.csv
55,PTS,1,feasible,complete,1,1,returned,0,,66,1.0,1.0,1.0,0.0033211349509656,0.0051543307490646,1987,1,0,0,0,0,0,525.0,61.0,66,1,0.0018638530746102,0,525,5,0,0.001833195798099,True,,,,,,,500.0,,True,completed,fixed_candidate_tree,"[25, 10, 10, 9, 7]",3.113783895969391e-05,solver final filtering and index remapping; caller metric conversion excluded,r5-v1,,excluded_precomputed,,True,,,fresh_retrieval,0.0003037257120013,0.0027425251901149,0.0002437462098896,0.0033211349509656,0.0051543307490646,measured_excluding_encoding,"[394, 31, 47, 25, 28]","[25, 10, 10, 9, 7]",Python/DFS,3.11.15,,,<paper>/revision_campaign_20260914/default/airbnb/default.csv
55,eps-ILP g=4,1,feasible,complete,1,1,returned,0,17.0,3,0.0454545454545454,0.2575925702335126,0.0454545454545454,0.1703833541832864,0.1722165499813854,8925,17,0,0,0,7,0,,,66,1,0.0018638530746102,0,525,5,0,0.001833195798099,,,,,,,,,,True,grid_complete,configured_grid,,1.627625897526741e-05,solver final filtering and index remapping; caller metric conversion excluded,r5-v1,,excluded_precomputed,,True,,,fresh_retrieval,0.0,0.1703276615589857,3.94163653254509e-05,0.1703833541832864,0.1722165499813854,measured_excluding_encoding,"[394, 31, 47, 25, 28]","[394, 31, 47, 25, 28]",scipy.optimize.milp/HiGHS,1.17.1,1.12.0,1.0,<paper>/revision_campaign_20260914/default/airbnb/default.csv
55,eps-ILP g=16,1,feasible,complete,1,1,returned,0,257.0,17,0.2575757575757575,0.914902839215788,0.2575757575757575,2.6654997603036463,2.6673329561017454,134925,257,0,0,0,76,0,,,66,1,0.0018638530746102,0,525,5,0,0.001833195798099,,,,,,,,,,True,grid_complete,configured_grid,,3.724126145243645e-05,solver final filtering and index remapping; caller metric conversion excluded,r5-v1,,excluded_precomputed,,True,,,fresh_retrieval,0.0,2.661473715212196,0.0039888038299977,2.6654997603036463,2.6673329561017454,measured_excluding_encoding,"[394, 31, 47, 25, 28]","[394, 31, 47, 25, 28]",scipy.optimize.milp/HiGHS,1.17.1,1.12.0,1.0,<paper>/revision_campaign_20260914/default/airbnb/default.csv
55,PBF,0,feasible,complete,1,1,work_limit,0,,0,0.0,0.0,0.0,2.304697409272194e-05,0.0018562427721917,0,1,0,0,0,0,0,,,66,1,0.0018638530746102,0,525,5,0,0.001833195798099,False,,,,,,,,,False,combination_limit,full_input,,2.304697409272194e-05,solver final filtering and index remapping; caller metric conversion excluded,r5-v1,,excluded_precomputed,,True,,,fresh_retrieval,,,,2.304697409272194e-05,0.0018562427721917,measured_excluding_encoding,"[394, 31, 47, 25, 28]",,Python/PBF,3.11.15,,,<paper>/revision_campaign_20260914/default/airbnb/default.csv
56,PACS,1,feasible,complete,1,1,returned,0,,30,0.1034482758620689,0.5973650279008624,0.1034482758620689,0.0101813697256147,0.0124017256312072,4147,1,0,0,0,0,0,1031.0,87.0,290,1,0.0170386568643152,0,1031,6,1,0.0022203559055924,False,,,,,,,,,True,completed,beam_search,"[26, 13, 7, 4, 20, 17]",5.570473149418831e-05,solver final filtering and index remapping; caller metric conversion excluded,r5-v1,,excluded_precomputed,,True,,,fresh_retrieval,0.0010256357491016,0.0087799951434135,0.0003200341016054,0.0101813697256147,0.0124017256312072,measured_excluding_encoding,"[241, 21, 91, 62, 453, 163]","[26, 13, 7, 4, 20, 17]",Python/PACS+,3.11.15,,,<paper>/revision_campaign_20260914/default/airbnb/default.csv
56,PACS_dC,1,feasible,complete,1,1,returned,0,,67,0.1103448275862069,0.6048471000809944,0.1103448275862069,0.0031292722560465,0.0053496281616389,1654,1,0,0,0,0,0,,,290,1,0.0170386568643152,0,1031,6,1,0.0022203559055924,False,,,,,,,,,True,completed,beam_search,"[26, 13, 7, 4, 20, 17]",2.3536384105682373e-05,solver final filtering and index remapping; caller metric conversion excluded,r5-v1,,excluded_precomputed,,True,,,fresh_retrieval,0.0007850630208849,0.0020781569182872,0.0002425159327685,0.0031292722560465,0.0053496281616389,measured_excluding_encoding,"[241, 21, 91, 62, 453, 163]","[26, 13, 7, 4, 20, 17]",Python/PACS_dC,3.11.15,,,<paper>/revision_campaign_20260914/default/airbnb/default.csv
56,PBS-unbounded,1,feasible,complete,1,1,returned,0,,290,1.0,1.0,1.0,0.016989923082292,0.0192102789878845,7309,1,0,0,0,0,0,1031.0,87.0,290,1,0.0170386568643152,0,1031,6,1,0.0022203559055924,True,,,,,,,,,True,completed,all_reduced_candidates,"[26, 13, 7, 4, 20, 17]",0.0001375288702547,solver final filtering and index remapping; caller metric conversion excluded,r5-v1,,excluded_precomputed,,True,,,fresh_retrieval,0.0007568569853901,0.0143282120116055,0.0017673252150416,0.016989923082292,0.0192102789878845,measured_excluding_encoding,"[241, 21, 91, 62, 453, 163]","[26, 13, 7, 4, 20, 17]",Python/PBS-unbounded,3.11.15,,,<paper>/revision_campaign_20260914/default/airbnb/default.csv
56,PTS,1,feasible,complete,1,1,returned,0,,46,0.0758620689655172,0.6083496425947337,0.0758620689655172,0.0097072450444102,0.0119276009500026,5403,1,0,0,0,0,0,1031.0,87.0,290,1,0.0170386568643152,0,1031,6,1,0.0022203559055924,False,,,,,,,500.0,,False,iteration_limit,fixed_candidate_tree,"[26, 13, 7, 4, 20, 17]",4.554074257612229e-05,solver final filtering and index remapping; caller metric conversion excluded,r5-v1,,excluded_precomputed,,True,,,fresh_retrieval,0.0006725341081619,0.0088114100508391,0.0001777601428329,0.0097072450444102,0.0119276009500026,measured_excluding_encoding,"[241, 21, 91, 62, 453, 163]","[26, 13, 7, 4, 20, 17]",Python/DFS,3.11.15,,,<paper>/revision_campaign_20260914/default/airbnb/default.csv
56,eps-ILP g=4,1,feasible,complete,1,1,returned,0,17.0,4,0.0137931034482758,0.3796803934690718,0.0137931034482758,0.3617321397177875,0.3639524956233799,17527,17,0,0,0,4,0,,,290,1,0.0170386568643152,0,1031,6,1,0.0022203559055924,,,,,,,,,,True,grid_complete,configured_grid,,1.57100148499012e-05,solver final filtering and index remapping; caller metric conversion excluded,r5-v1,,excluded_precomputed,,True,,,fresh_retrieval,0.0,0.3616659278050065,5.050189793109894e-05,0.3617321397177875,0.3639524956233799,measured_excluding_encoding,"[241, 21, 91, 62, 453, 163]","[241, 21, 91, 62, 453, 163]",scipy.optimize.milp/HiGHS,1.17.1,1.12.0,1.0,<paper>/revision_campaign_20260914/default/airbnb/default.csv
56,eps-ILP g=16,1,feasible,complete,1,1,returned,0,257.0,41,0.1413793103448276,0.9129637571643856,0.1413793103448276,5.792132616043091,5.794352971948683,264967,257,0,0,0,16,0,,,290,1,0.0170386568643152,0,1031,6,1,0.0022203559055924,,,,,,,,,,True,grid_complete,configured_grid,,4.578288644552231e-05,solver final filtering and index remapping; caller metric conversion excluded,r5-v1,,excluded_precomputed,,True,,,fresh_retrieval,0.0,5.785496959928423,0.0065898732282221,5.792132616043091,5.794352971948683,measured_excluding_encoding,"[241, 21, 91, 62, 453, 163]","[241, 21, 91, 62, 453, 163]",scipy.optimize.milp/HiGHS,1.17.1,1.12.0,1.0,<paper>/revision_campaign_20260914/default/airbnb/default.csv
56,PBF,0,feasible,complete,1,1,work_limit,0,,0,0.0,0.0,0.0,2.7555041015148163e-05,0.0022479109466075,0,1,0,0,0,0,0,,,290,1,0.0170386568643152,0,1031,6,1,0.0022203559055924,False,,,,,,,,,False,combination_limit,full_input,,2.7555041015148163e-05,solver final filtering and index remapping; caller metric conversion excluded,r5-v1,,excluded_precomputed,,True,,,fresh_retrieval,,,,2.7555041015148163e-05,0.0022479109466075,measured_excluding_encoding,"[241, 21, 91, 62, 453, 163]",,Python/PBF,3.11.15,,,<paper>/revision_campaign_20260914/default/airbnb/default.csv
57,PACS,1,feasible,complete,1,1,returned,0,,75,0.2695652173913043,0.7993296410057077,0.2695652173913043,0.0117525686509907,0.0136159565299749,4390,1,0,0,0,0,0,565.0,76.0,230,1,0.0202247910201549,0,565,7,1,0.0018633878789842,False,,,,,,,,,True,completed,beam_search,"[10, 6, 24, 6, 13, 7, 10]",4.942668601870537e-05,solver final filtering and index remapping; caller metric conversion excluded,r5-v1,,excluded_precomputed,,True,,,fresh_retrieval,0.0008961190469563,0.0104541112668812,0.0003529116511344,0.0117525686509907,0.0136159565299749,measured_excluding_encoding,"[161, 8, 212, 30, 83, 22, 49]","[10, 6, 24, 6, 13, 7, 10]",Python/PACS+,3.11.15,,,<paper>/revision_campaign_20260914/default/airbnb/default.csv
57,PACS_dC,1,feasible,complete,1,1,returned,0,,36,0.0,0.4346241759651398,0.0,0.0023376238532364,0.0042010117322206,1448,1,0,0,0,0,0,,,230,1,0.0202247910201549,0,565,7,1,0.0018633878789842,False,,,,,,,,,True,completed,beam_search,"[10, 6, 24, 6, 13, 7, 10]",1.948373392224312e-05,solver final filtering and index remapping; caller metric conversion excluded,r5-v1,,excluded_precomputed,,True,,,fresh_retrieval,0.0008003399707376,0.0013914331793785,0.0001263669691979,0.0023376238532364,0.0042010117322206,measured_excluding_encoding,"[161, 8, 212, 30, 83, 22, 49]","[10, 6, 24, 6, 13, 7, 10]",Python/PACS_dC,3.11.15,,,<paper>/revision_campaign_20260914/default/airbnb/default.csv
57,PBS-unbounded,1,feasible,complete,1,1,returned,0,,230,1.0,1.0,1.0,0.0198204317130148,0.021683819591999,10189,1,0,0,0,0,0,565.0,76.0,230,1,0.0202247910201549,0,565,7,1,0.0018633878789842,True,,,,,,,,,True,completed,all_reduced_candidates,"[10, 6, 24, 6, 13, 7, 10]",8.004065603017807e-05,solver final filtering and index remapping; caller metric conversion excluded,r5-v1,,excluded_precomputed,,True,,,fresh_retrieval,0.0007984293624758,0.0179170318879187,0.00102492980659,0.0198204317130148,0.021683819591999,measured_excluding_encoding,"[161, 8, 212, 30, 83, 22, 49]","[10, 6, 24, 6, 13, 7, 10]",Python/PBS-unbounded,3.11.15,,,<paper>/revision_campaign_20260914/default/airbnb/default.csv
57,PTS,1,feasible,complete,1,1,returned,0,,59,0.0347826086956521,0.6789503790925624,0.0347826086956521,0.0092718731611967,0.0111352610401809,7818,1,0,0,0,0,0,565.0,76.0,230,1,0.0202247910201549,0,565,7,1,0.0018633878789842,False,,,,,,,500.0,,False,iteration_limit,fixed_candidate_tree,"[10, 6, 24, 6, 13, 7, 10]",4.40194271504879e-05,solver final filtering and index remapping; caller metric conversion excluded,r5-v1,,excluded_precomputed,,True,,,fresh_retrieval,0.0007247179746627,0.0082859708927571,0.0002171648666262,0.0092718731611967,0.0111352610401809,measured_excluding_encoding,"[161, 8, 212, 30, 83, 22, 49]","[10, 6, 24, 6, 13, 7, 10]",Python/DFS,3.11.15,,,<paper>/revision_campaign_20260914/default/airbnb/default.csv
57,eps-ILP g=4,1,feasible,complete,1,1,returned,0,17.0,8,0.0347826086956521,0.5017484745300702,0.0347826086956521,0.3173426492139697,0.3192060370929539,9605,17,0,0,0,4,0,,,230,1,0.0202247910201549,0,565,7,1,0.0018633878789842,,,,,,,,,,True,grid_complete,configured_grid,,2.0509585738182068e-05,solver final filtering and index remapping; caller metric conversion excluded,r5-v1,,excluded_precomputed,,True,,,fresh_retrieval,0.0,0.3172679478302598,5.419179797172546e-05,0.3173426492139697,0.3192060370929539,measured_excluding_encoding,"[161, 8, 212, 30, 83, 22, 49]","[161, 8, 212, 30, 83, 22, 49]",scipy.optimize.milp/HiGHS,1.17.1,1.12.0,1.0,<paper>/revision_campaign_20260914/default/airbnb/default.csv
57,eps-ILP g=16,1,feasible,complete,1,1,returned,0,257.0,51,0.2217391304347826,0.9372249537924514,0.2217391304347826,4.2086383029818535,4.210501690860838,145205,257,0,0,0,47,0,,,230,1,0.0202247910201549,0,565,7,1,0.0018633878789842,,,,,,,,,,True,grid_complete,configured_grid,,4.318775609135628e-05,solver final filtering and index remapping; caller metric conversion excluded,r5-v1,,excluded_precomputed,,True,,,fresh_retrieval,0.0,4.203437493182719,0.0051576220430433,4.2086383029818535,4.210501690860838,measured_excluding_encoding,"[161, 8, 212, 30, 83, 22, 49]","[161, 8, 212, 30, 83, 22, 49]",scipy.optimize.milp/HiGHS,1.17.1,1.12.0,1.0,<paper>/revision_campaign_20260914/default/airbnb/default.csv
57,PBF,0,feasible,complete,1,1,work_limit,0,,0,0.0,0.0,0.0,2.2687949240207672e-05,0.0018860758282244,0,1,0,0,0,0,0,,,230,1,0.0202247910201549,0,565,7,1,0.0018633878789842,False,,,,,,,,,False,combination_limit,full_input,,2.2687949240207672e-05,solver final filtering and index remapping; caller metric conversion excluded,r5-v1,,excluded_precomputed,,True,,,fresh_retrieval,,,,2.2687949240207672e-05,0.0018860758282244,measured_excluding_encoding,"[161, 8, 212, 30, 83, 22, 49]",,Python/PBF,3.11.15,,,<paper>/revision_campaign_20260914/default/airbnb/default.csv
58,PACS,1,feasible,complete,1,1,returned,0,,9,0.0313725490196078,0.3546120629050808,0.0313725490196078,0.01143179833889,0.0147465053014457,3040,1,0,0,0,0,0,2266.0,80.0,255,1,0.019605444278568,0,2266,5,0,0.0033147069625556,False,,,,,,,,,True,completed,beam_search,"[35, 23, 7, 13, 2]",1.6351696103811264e-05,solver final filtering and index remapping; caller metric conversion excluded,r5-v1,,excluded_precomputed,,True,,,fresh_retrieval,0.0022009429521858,0.0091583039611577,5.619972944259644e-05,0.01143179833889,0.0147465053014457,measured_excluding_encoding,"[1501, 680, 12, 70, 3]","[35, 23, 7, 13, 2]",Python/PACS+,3.11.15,,,<paper>/revision_campaign_20260914/default/airbnb/default.csv
58,PACS_dC,0,feasible,complete,1,1,no_assignment,0,,0,0.0,0.0,0.0,0.0034012873657047,0.0067159943282604,726,1,0,0,0,0,0,,,255,1,0.019605444278568,0,2266,5,0,0.0033147069625556,False,,,,,,,,,True,completed,beam_search,"[35, 23, 7, 13, 2]",1.842249184846878e-05,solver final filtering and index remapping; caller metric conversion excluded,r5-v1,,excluded_precomputed,,True,,,fresh_retrieval,0.0018125139176845,0.0015669278800487,3.4230761229991917e-06,0.0034012873657047,0.0067159943282604,measured_excluding_encoding,"[1501, 680, 12, 70, 3]","[35, 23, 7, 13, 2]",Python/PACS_dC,3.11.15,,,<paper>/revision_campaign_20260914/default/airbnb/default.csv
58,PBS-unbounded,1,feasible,complete,1,1,returned,0,,255,1.0,1.0,1.0,0.0200541680678725,0.0233688750304281,5729,1,0,0,0,0,0,2266.0,80.0,255,1,0.019605444278568,0,2266,5,0,0.0033147069625556,True,,,,,,,,,True,completed,all_reduced_candidates,"[35, 23, 7, 13, 2]",2.9073096811771396e-05,solver final filtering and index remapping; caller metric conversion excluded,r5-v1,,excluded_precomputed,,True,,,fresh_retrieval,0.0018971287645399,0.0172382900491356,0.0008896761573851,0.0200541680678725,0.0233688750304281,measured_excluding_encoding,"[1501, 680, 12, 70, 3]","[35, 23, 7, 13, 2]",Python/PBS-unbounded,3.11.15,,,<paper>/revision_campaign_20260914/default/airbnb/default.csv
58,PTS,1,feasible,complete,1,1,returned,0,,99,0.0117647058823529,0.3678215991006756,0.0117647058823529,0.0117785139009356,0.0150932208634912,4300,1,0,0,0,0,0,2266.0,80.0,255,1,0.019605444278568,0,2266,5,0,0.0033147069625556,False,,,,,,,500.0,,False,iteration_limit,fixed_candidate_tree,"[35, 23, 7, 13, 2]",5.478691309690476e-05,solver final filtering and index remapping; caller metric conversion excluded,r5-v1,,excluded_precomputed,,True,,,fresh_retrieval,0.0018670838326215,0.009494159836322,0.0003624833188951,0.0117785139009356,0.0150932208634912,measured_excluding_encoding,"[1501, 680, 12, 70, 3]","[35, 23, 7, 13, 2]",Python/DFS,3.11.15,,,<paper>/revision_campaign_20260914/default/airbnb/default.csv
58,eps-ILP g=4,1,feasible,complete,1,1,returned,0,17.0,3,0.0117647058823529,0.3846387046809557,0.0117647058823529,0.6075262981466949,0.6108410051092505,38522,17,0,0,0,7,0,,,255,1,0.019605444278568,0,2266,5,0,0.0033147069625556,,,,,,,,,,True,grid_complete,configured_grid,,1.7768237739801407e-05,solver final filtering and index remapping; caller metric conversion excluded,r5-v1,,excluded_precomputed,,True,,,fresh_retrieval,0.0,0.6074697431176901,3.8786791265010834e-05,0.6075262981466949,0.6108410051092505,measured_excluding_encoding,"[1501, 680, 12, 70, 3]","[1501, 680, 12, 70, 3]",scipy.optimize.milp/HiGHS,1.17.1,1.12.0,1.0,<paper>/revision_campaign_20260914/default/airbnb/default.csv
58,eps-ILP g=16,1,feasible,complete,1,1,returned,0,257.0,40,0.1568627450980392,0.9443555958704564,0.1568627450980392,8.979279931169003,8.982594638131559,582362,257,0,0,0,70,0,,,255,1,0.019605444278568,0,2266,5,0,0.0033147069625556,,,,,,,,,,True,grid_complete,configured_grid,,6.28824345767498e-05,solver final filtering and index remapping; caller metric conversion excluded,r5-v1,,excluded_precomputed,,True,,,fresh_retrieval,0.0,8.975135462824255,0.0040815859101712,8.979279931169003,8.982594638131559,measured_excluding_encoding,"[1501, 680, 12, 70, 3]","[1501, 680, 12, 70, 3]",scipy.optimize.milp/HiGHS,1.17.1,1.12.0,1.0,<paper>/revision_campaign_20260914/default/airbnb/default.csv
58,PBF,0,feasible,complete,1,1,work_limit,0,,0,0.0,0.0,0.0,3.299489617347717e-05,0.0033477018587291,0,1,0,0,0,0,0,,,255,1,0.019605444278568,0,2266,5,0,0.0033147069625556,False,,,,,,,,,False,combination_limit,full_input,,3.299489617347717e-05,solver final filtering and index remapping; caller metric conversion excluded,r5-v1,,excluded_precomputed,,True,,,fresh_retrieval,,,,3.299489617347717e-05,0.0033477018587291,measured_excluding_encoding,"[1501, 680, 12, 70, 3]",,Python/PBF,3.11.15,,,<paper>/revision_campaign_20260914/default/airbnb/default.csv
59,PACS,1,feasible,complete,1,1,returned,0,,90,0.0751173708920187,0.7373006804503018,0.0751173708920187,0.0336399781517684,0.0368246478028595,9751,1,0,0,0,0,0,2135.0,142.0,852,1,0.1642280369997024,0,2135,8,1,0.003184669651091,False,,,,,,,,,True,completed,beam_search,"[1, 26, 24, 26, 33, 6, 7, 19]",0.0001122681424021,solver final filtering and index remapping; caller metric conversion excluded,r5-v1,,excluded_precomputed,,True,,,fresh_retrieval,0.0019796909764409,0.0311790648847818,0.0003689541481435,0.0336399781517684,0.0368246478028595,measured_excluding_encoding,"[1, 417, 306, 177, 1012, 15, 29, 178]","[1, 26, 24, 26, 33, 6, 7, 19]",Python/PACS+,3.11.15,,,<paper>/revision_campaign_20260914/default/airbnb/default.csv
59,PACS_dC,1,feasible,complete,1,1,returned,0,,100,0.0,0.5296335489490593,0.0,0.0233314810320734,0.0265161506831645,7503,1,0,0,0,0,0,,,852,1,0.1642280369997024,0,2135,8,1,0.003184669651091,False,,,,,,,,,True,completed,beam_search,"[1, 26, 24, 26, 33, 6, 7, 19]",9.666197001934052e-05,solver final filtering and index remapping; caller metric conversion excluded,r5-v1,,excluded_precomputed,,True,,,fresh_retrieval,0.0015963888727128,0.0212742988951504,0.0003641312941908,0.0233314810320734,0.0265161506831645,measured_excluding_encoding,"[1, 417, 306, 177, 1012, 15, 29, 178]","[1, 26, 24, 26, 33, 6, 7, 19]",Python/PACS_dC,3.11.15,,,<paper>/revision_campaign_20260914/default/airbnb/default.csv
59,PBS-unbounded,1,feasible,complete,1,1,returned,0,,852,1.0,1.0,1.0,0.4096020138822496,0.4127866835333407,47447,1,0,0,0,0,0,2135.0,142.0,852,1,0.1642280369997024,0,2135,8,1,0.003184669651091,True,,,,,,,,,True,completed,all_reduced_candidates,"[1, 26, 24, 26, 33, 6, 7, 19]",0.0009477757848799,solver final filtering and index remapping; caller metric conversion excluded,r5-v1,,excluded_precomputed,,True,,,fresh_retrieval,0.0015400201082229,0.402272667735815,0.0048415502533316,0.4096020138822496,0.4127866835333407,measured_excluding_encoding,"[1, 417, 306, 177, 1012, 15, 29, 178]","[1, 26, 24, 26, 33, 6, 7, 19]",Python/PBS-unbounded,3.11.15,,,<paper>/revision_campaign_20260914/default/airbnb/default.csv
59,PTS,1,feasible,complete,1,1,returned,0,,143,0.0,0.3869739686670309,0.0,0.0134373330511152,0.0166220027022063,5939,1,0,0,0,0,0,2135.0,142.0,852,1,0.1642280369997024,0,2135,8,1,0.003184669651091,False,,,,,,,500.0,,False,iteration_limit,fixed_candidate_tree,"[1, 26, 24, 26, 33, 6, 7, 19]",5.42718917131424e-05,solver final filtering and index remapping; caller metric conversion excluded,r5-v1,,excluded_precomputed,,True,,,fresh_retrieval,0.001564544159919,0.0112896850332617,0.0005288319662213,0.0134373330511152,0.0166220027022063,measured_excluding_encoding,"[1, 417, 306, 177, 1012, 15, 29, 178]","[1, 26, 24, 26, 33, 6, 7, 19]",Python/DFS,3.11.15,,,<paper>/revision_campaign_20260914/default/airbnb/default.csv
59,eps-ILP g=4,1,feasible,complete,1,1,returned,0,17.0,4,0.0046948356807511,0.4036588222102324,0.0046948356807511,0.5081769800744951,0.5113616497255862,36295,17,0,0,0,4,0,,,852,1,0.1642280369997024,0,2135,8,1,0.003184669651091,,,,,,,,,,True,grid_complete,configured_grid,,2.395501360297203e-05,solver final filtering and index remapping; caller metric conversion excluded,r5-v1,,excluded_precomputed,,True,,,fresh_retrieval,0.0,0.5080997762270272,5.324883386492729e-05,0.5081769800744951,0.5113616497255862,measured_excluding_encoding,"[1, 417, 306, 177, 1012, 15, 29, 178]","[1, 417, 306, 177, 1012, 15, 29, 178]",scipy.optimize.milp/HiGHS,1.17.1,1.12.0,1.0,<paper>/revision_campaign_20260914/default/airbnb/default.csv
59,eps-ILP g=16,1,feasible,complete,1,1,returned,0,257.0,46,0.0539906103286385,0.8872567123090483,0.0539906103286385,9.071604575961828,9.07478924561292,548695,257,0,0,0,20,0,,,852,1,0.1642280369997024,0,2135,8,1,0.003184669651091,,,,,,,,,,True,grid_complete,configured_grid,,6.320467218756676e-05,solver final filtering and index remapping; caller metric conversion excluded,r5-v1,,excluded_precomputed,,True,,,fresh_retrieval,0.0,9.06518348492682,0.0063578863628208,9.071604575961828,9.07478924561292,measured_excluding_encoding,"[1, 417, 306, 177, 1012, 15, 29, 178]","[1, 417, 306, 177, 1012, 15, 29, 178]",scipy.optimize.milp/HiGHS,1.17.1,1.12.0,1.0,<paper>/revision_campaign_20260914/default/airbnb/default.csv
59,PBF,0,feasible,complete,1,1,work_limit,0,,0,0.0,0.0,0.0,3.179488703608513e-05,0.0032164645381271,0,1,0,0,0,0,0,,,852,1,0.1642280369997024,0,2135,8,1,0.003184669651091,False,,,,,,,,,False,combination_limit,full_input,,3.179488703608513e-05,solver final filtering and index remapping; caller metric conversion excluded,r5-v1,,excluded_precomputed,,True,,,fresh_retrieval,,,,3.179488703608513e-05,0.0032164645381271,measured_excluding_encoding,"[1, 417, 306, 177, 1012, 15, 29, 178]",,Python/PBF,3.11.15,,,<paper>/revision_campaign_20260914/default/airbnb/default.csv
60,PACS,1,feasible,complete,1,1,returned,0,,100,0.625,0.97430759979476,0.625,0.0248029180802404,0.034167957957834,11740,1,0,0,0,0,0,8734.0,160.0,160,1,0.0284208161756396,0,8734,8,0,0.0093650398775935,False,,,,,,,,,True,completed,beam_search,"[13, 33, 17, 14, 33, 17, 20, 13]",3.4982338547706604e-05,solver final filtering and index remapping; caller metric conversion excluded,r5-v1,,excluded_precomputed,,True,,,fresh_retrieval,0.0089587927795946,0.0154403122141957,0.0003688307479023,0.0248029180802404,0.034167957957834,measured_excluding_encoding,"[51, 6640, 64, 56, 1272, 257, 311, 83]","[13, 33, 17, 14, 33, 17, 20, 13]",Python/PACS+,3.11.15,,,<paper>/revision_campaign_20260914/default/airbnb/default.csv
60,PACS_dC,0,feasible,complete,1,1,no_assignment,0,,0,0.0,0.0,0.0,0.0111003038473427,0.0204653437249362,4712,1,0,0,0,0,0,,,160,1,0.0284208161756396,0,8734,8,0,0.0093650398775935,False,,,,,,,,,True,completed,beam_search,"[13, 33, 17, 14, 33, 17, 20, 13]",1.76955945789814e-05,solver final filtering and index remapping; caller metric conversion excluded,r5-v1,,excluded_precomputed,,True,,,fresh_retrieval,0.008446941152215,0.0026320680044591,3.5990960896015167e-06,0.0111003038473427,0.0204653437249362,measured_excluding_encoding,"[51, 6640, 64, 56, 1272, 257, 311, 83]","[13, 33, 17, 14, 33, 17, 20, 13]",Python/PACS_dC,3.11.15,,,<paper>/revision_campaign_20260914/default/airbnb/default.csv
60,PBS-unbounded,1,feasible,complete,1,1,returned,0,,160,1.0,1.0,1.0,0.0284967832267284,0.0378618231043219,24318,1,0,0,0,0,0,8734.0,160.0,160,1,0.0284208161756396,0,8734,8,0,0.0093650398775935,True,,,,,,,,,True,completed,all_reduced_candidates,"[13, 33, 17, 14, 33, 17, 20, 13]",3.7783291190862656e-05,solver final filtering and index remapping; caller metric conversion excluded,r5-v1,,excluded_precomputed,,True,,,fresh_retrieval,0.0088037941604852,0.0190716381184756,0.0005835676565766,0.0284967832267284,0.0378618231043219,measured_excluding_encoding,"[51, 6640, 64, 56, 1272, 257, 311, 83]","[13, 33, 17, 14, 33, 17, 20, 13]",Python/PBS-unbounded,3.11.15,,,<paper>/revision_campaign_20260914/default/airbnb/default.csv
60,PTS,1,feasible,complete,1,1,returned,0,,89,0.45,0.8566367168543473,0.45,0.0187717471271753,0.0281367870047688,19157,1,0,0,0,0,0,8734.0,160.0,160,1,0.0284208161756396,0,8734,8,0,0.0093650398775935,False,,,,,,,500.0,,False,iteration_limit,fixed_candidate_tree,"[13, 33, 17, 14, 33, 17, 20, 13]",5.382299423217773e-05,solver final filtering and index remapping; caller metric conversion excluded,r5-v1,,excluded_precomputed,,True,,,fresh_retrieval,0.0084220012649893,0.0099639636464416,0.000331959221512,0.0187717471271753,0.0281367870047688,measured_excluding_encoding,"[51, 6640, 64, 56, 1272, 257, 311, 83]","[13, 33, 17, 14, 33, 17, 20, 13]",Python/DFS,3.11.15,,,<paper>/revision_campaign_20260914/default/airbnb/default.csv
60,eps-ILP g=4,1,feasible,complete,1,1,returned,0,17.0,2,0.0125,0.0190380646671161,0.0125,2.325267849024385,2.3346328889019787,148478,17,0,0,0,10,0,,,160,1,0.0284208161756396,0,8734,8,0,0.0093650398775935,,,,,,,,,,True,grid_complete,configured_grid,,2.368120476603508e-05,solver final filtering and index remapping; caller metric conversion excluded,r5-v1,,excluded_precomputed,,True,,,fresh_retrieval,0.0,2.3252143152058125,2.985261380672455e-05,2.325267849024385,2.3346328889019787,measured_excluding_encoding,"[51, 6640, 64, 56, 1272, 257, 311, 83]","[51, 6640, 64, 56, 1272, 257, 311, 83]",scipy.optimize.milp/HiGHS,1.17.1,1.12.0,1.0,<paper>/revision_campaign_20260914/default/airbnb/default.csv
60,eps-ILP g=16,1,feasible,complete,1,1,returned,0,257.0,16,0.1,0.8566278915672505,0.1,29.008525485172868,29.01789052505046,2244638,257,0,0,0,119,0,,,160,1,0.0284208161756396,0,8734,8,0,0.0093650398775935,,,,,,,,,,True,grid_complete,configured_grid,,8.48262570798397e-05,solver final filtering and index remapping; caller metric conversion excluded,r5-v1,,excluded_precomputed,,True,,,fresh_retrieval,0.0,29.006103295832872,0.0023373630829155,29.008525485172868,29.01789052505046,measured_excluding_encoding,"[51, 6640, 64, 56, 1272, 257, 311, 83]","[51, 6640, 64, 56, 1272, 257, 311, 83]",scipy.optimize.milp/HiGHS,1.17.1,1.12.0,1.0,<paper>/revision_campaign_20260914/default/airbnb/default.csv
60,PBF,0,feasible,complete,1,1,work_limit,0,,0,0.0,0.0,0.0,3.223307430744171e-05,0.0093972729519009,0,1,0,0,0,0,0,,,160,1,0.0284208161756396,0,8734,8,0,0.0093650398775935,False,,,,,,,,,False,combination_limit,full_input,,3.223307430744171e-05,solver final filtering and index remapping; caller metric conversion excluded,r5-v1,,excluded_precomputed,,True,,,fresh_retrieval,,,,3.223307430744171e-05,0.0093972729519009,measured_excluding_encoding,"[51, 6640, 64, 56, 1272, 257, 311, 83]",,Python/PBF,3.11.15,,,<paper>/revision_campaign_20260914/default/airbnb/default.csv
61,PACS,1,feasible,complete,1,1,returned,0,,100,0.0003318951211417,0.6171008837074194,0.0003318951211417,0.038926376029849,0.0428627519868314,9879,1,0,0,0,0,0,3103.0,130.0,3013,1,0.6114197121933103,0,3103,8,1,0.0039363759569823,False,,,,,,,,,True,completed,beam_search,"[12, 19, 9, 26, 21, 30, 4, 9]",5.5688899010419846e-05,solver final filtering and index remapping; caller metric conversion excluded,r5-v1,,excluded_precomputed,,True,,,fresh_retrieval,0.0047727650962769,0.0337222190573811,0.0003757029771804,0.038926376029849,0.0428627519868314,measured_excluding_encoding,"[58, 46, 19, 1976, 249, 713, 7, 35]","[12, 19, 9, 26, 21, 30, 4, 9]",Python/PACS+,3.11.15,,,<paper>/revision_campaign_20260914/default/airbnb/default.csv
61,PACS_dC,1,feasible,complete,1,1,returned,0,,100,0.0,0.1179616765381159,0.0,0.0318443491123616,0.035780725069344,8148,1,0,0,0,0,0,,,3013,1,0.6114197121933103,0,3103,8,1,0.0039363759569823,False,,,,,,,,,True,completed,beam_search,"[12, 19, 9, 26, 21, 30, 4, 9]",4.555797204375267e-05,solver final filtering and index remapping; caller metric conversion excluded,r5-v1,,excluded_precomputed,,True,,,fresh_retrieval,0.0042743640951812,0.0271764858625829,0.0003479411825537,0.0318443491123616,0.035780725069344,measured_excluding_encoding,"[58, 46, 19, 1976, 249, 713, 7, 35]","[12, 19, 9, 26, 21, 30, 4, 9]",Python/PACS_dC,3.11.15,,,<paper>/revision_campaign_20260914/default/airbnb/default.csv
61,PBS-unbounded,1,feasible,complete,1,1,returned,0,,3013,1.0,1.0,1.0,0.6212191418744624,0.6251555178314447,88274,1,0,0,0,0,0,3103.0,130.0,3013,1,0.6114197121933103,0,3103,8,1,0.0039363759569823,True,,,,,,,,,True,completed,all_reduced_candidates,"[12, 19, 9, 26, 21, 30, 4, 9]",0.0013793921098113,solver final filtering and index remapping; caller metric conversion excluded,r5-v1,,excluded_precomputed,,True,,,fresh_retrieval,0.0042882999405264,0.5975263230502605,0.018025126773864,0.6212191418744624,0.6251555178314447,measured_excluding_encoding,"[58, 46, 19, 1976, 249, 713, 7, 35]","[12, 19, 9, 26, 21, 30, 4, 9]",Python/PBS-unbounded,3.11.15,,,<paper>/revision_campaign_20260914/default/airbnb/default.csv
61,PTS,1,feasible,complete,1,1,returned,0,,111,0.0,0.0225905611455328,0.0,0.0152548789046704,0.0191912548616528,8989,1,0,0,0,0,0,3103.0,130.0,3013,1,0.6114197121933103,0,3103,8,1,0.0039363759569823,False,,,,,,,500.0,,False,iteration_limit,fixed_candidate_tree,"[12, 19, 9, 26, 21, 30, 4, 9]",7.0211011916399e-05,solver final filtering and index remapping; caller metric conversion excluded,r5-v1,,excluded_precomputed,,True,,,fresh_retrieval,0.0044299443252384,0.0103511586785316,0.0004035648889839,0.0152548789046704,0.0191912548616528,measured_excluding_encoding,"[58, 46, 19, 1976, 249, 713, 7, 35]","[12, 19, 9, 26, 21, 30, 4, 9]",Python/DFS,3.11.15,,,<paper>/revision_campaign_20260914/default/airbnb/default.csv
61,eps-ILP g=4,1,feasible,complete,1,1,returned,0,17.0,4,0.0013275804845668,0.3221244282998367,0.0013275804845668,0.7690240489318967,0.7729604248888791,52751,17,0,0,0,4,0,,,3013,1,0.6114197121933103,0,3103,8,1,0.0039363759569823,,,,,,,,,,True,grid_complete,configured_grid,,1.830793917179108e-05,solver final filtering and index remapping; caller metric conversion excluded,r5-v1,,excluded_precomputed,,True,,,fresh_retrieval,0.0,0.7689515380188823,5.420297384262085e-05,0.7690240489318967,0.7729604248888791,measured_excluding_encoding,"[58, 46, 19, 1976, 249, 713, 7, 35]","[58, 46, 19, 1976, 249, 713, 7, 35]",scipy.optimize.milp/HiGHS,1.17.1,1.12.0,1.0,<paper>/revision_campaign_20260914/default/airbnb/default.csv
61,eps-ILP g=16,1,feasible,complete,1,1,returned,0,257.0,58,0.0189180219050779,0.8803677358889492,0.0189180219050779,13.108726338017732,13.112662713974714,797471,257,0,0,0,22,0,,,3013,1,0.6114197121933103,0,3103,8,1,0.0039363759569823,,,,,,,,,,True,grid_complete,configured_grid,,5.584675818681717e-05,solver final filtering and index remapping; caller metric conversion excluded,r5-v1,,excluded_precomputed,,True,,,fresh_retrieval,0.0,13.10249537229538,0.0061751189641654,13.108726338017732,13.112662713974714,measured_excluding_encoding,"[58, 46, 19, 1976, 249, 713, 7, 35]","[58, 46, 19, 1976, 249, 713, 7, 35]",scipy.optimize.milp/HiGHS,1.17.1,1.12.0,1.0,<paper>/revision_campaign_20260914/default/airbnb/default.csv
61,PBF,0,feasible,complete,1,1,work_limit,0,,0,0.0,0.0,0.0,2.9581133276224136e-05,0.0039659570902585,0,1,0,0,0,0,0,,,3013,1,0.6114197121933103,0,3103,8,1,0.0039363759569823,False,,,,,,,,,False,combination_limit,full_input,,2.9581133276224136e-05,solver final filtering and index remapping; caller metric conversion excluded,r5-v1,,excluded_precomputed,,True,,,fresh_retrieval,,,,2.9581133276224136e-05,0.0039659570902585,measured_excluding_encoding,"[58, 46, 19, 1976, 249, 713, 7, 35]",,Python/PBF,3.11.15,,,<paper>/revision_campaign_20260914/default/airbnb/default.csv
62,PACS,1,feasible,complete,1,1,returned,0,,100,0.1781818181818182,0.5219710290369213,0.1781818181818182,0.0220790277235209,0.0257222997024655,8765,1,0,0,0,0,0,2699.0,126.0,550,1,0.0359363392926752,0,2699,7,0,0.0036432719789445,False,,,,,,,,,True,completed,beam_search,"[23, 15, 13, 5, 30, 4, 36]",0.0001265816390514,solver final filtering and index remapping; caller metric conversion excluded,r5-v1,,excluded_precomputed,,True,,,fresh_retrieval,0.0023417021147906,0.0192347951233387,0.0003759488463401,0.0220790277235209,0.0257222997024655,measured_excluding_encoding,"[160, 110, 25, 26, 172, 6, 2200]","[23, 15, 13, 5, 30, 4, 36]",Python/PACS+,3.11.15,,,<paper>/revision_campaign_20260914/default/airbnb/default.csv
62,PACS_dC,0,feasible,complete,1,1,no_assignment,0,,0,0.0,0.0,0.0,0.0028636832721531,0.0065069552510976,1177,1,0,0,0,0,0,,,550,1,0.0359363392926752,0,2699,7,0,0.0036432719789445,False,,,,,,,,,True,completed,beam_search,"[23, 15, 13, 5, 30, 4, 36]",2.415524795651436e-05,solver final filtering and index remapping; caller metric conversion excluded,r5-v1,,excluded_precomputed,,True,,,fresh_retrieval,0.0022360212169587,0.0005998685956001,3.638211637735367e-06,0.0028636832721531,0.0065069552510976,measured_excluding_encoding,"[160, 110, 25, 26, 172, 6, 2200]","[23, 15, 13, 5, 30, 4, 36]",Python/PACS_dC,3.11.15,,,<paper>/revision_campaign_20260914/default/airbnb/default.csv
62,PBS-unbounded,1,feasible,complete,1,1,returned,0,,550,1.0,1.0,1.0,0.0353090846911072,0.0389523566700518,22003,1,0,0,0,0,0,2699.0,126.0,550,1,0.0359363392926752,0,2699,7,0,0.0036432719789445,True,,,,,,,,,True,completed,all_reduced_candidates,"[23, 15, 13, 5, 30, 4, 36]",0.0002240468747913,solver final filtering and index remapping; caller metric conversion excluded,r5-v1,,excluded_precomputed,,True,,,fresh_retrieval,0.0022462466731667,0.0307555180042982,0.0020832731388509,0.0353090846911072,0.0389523566700518,measured_excluding_encoding,"[160, 110, 25, 26, 172, 6, 2200]","[23, 15, 13, 5, 30, 4, 36]",Python/PBS-unbounded,3.11.15,,,<paper>/revision_campaign_20260914/default/airbnb/default.csv
62,PTS,1,feasible,complete,1,1,returned,0,,146,0.0,0.338416062433519,0.0,0.013598607853055,0.0172418798319995,10309,1,0,0,0,0,0,2699.0,126.0,550,1,0.0359363392926752,0,2699,7,0,0.0036432719789445,False,,,,,,,500.0,,False,iteration_limit,fixed_candidate_tree,"[23, 15, 13, 5, 30, 4, 36]",6.102072075009346e-05,solver final filtering and index remapping; caller metric conversion excluded,r5-v1,,excluded_precomputed,,True,,,fresh_retrieval,0.0022344030439853,0.0107636470347642,0.0005395370535552,0.013598607853055,0.0172418798319995,measured_excluding_encoding,"[160, 110, 25, 26, 172, 6, 2200]","[23, 15, 13, 5, 30, 4, 36]",Python/DFS,3.11.15,,,<paper>/revision_campaign_20260914/default/airbnb/default.csv
62,eps-ILP g=4,1,feasible,complete,1,1,returned,0,17.0,3,0.0054545454545454,0.4187325473306658,0.0054545454545454,0.6598763060756028,0.6635195780545473,45883,17,0,0,0,7,0,,,550,1,0.0359363392926752,0,2699,7,0,0.0036432719789445,,,,,,,,,,True,grid_complete,configured_grid,,1.627020537853241e-05,solver final filtering and index remapping; caller metric conversion excluded,r5-v1,,excluded_precomputed,,True,,,fresh_retrieval,0.0,0.659820235799998,3.980007022619248e-05,0.6598763060756028,0.6635195780545473,measured_excluding_encoding,"[160, 110, 25, 26, 172, 6, 2200]","[160, 110, 25, 26, 172, 6, 2200]",scipy.optimize.milp/HiGHS,1.17.1,1.12.0,1.0,<paper>/revision_campaign_20260914/default/airbnb/default.csv
62,eps-ILP g=16,1,feasible,complete,1,1,returned,0,257.0,38,0.069090909090909,0.8766143174665091,0.069090909090909,9.357708682771772,9.361351954750717,693643,257,0,0,0,94,0,,,550,1,0.0359363392926752,0,2699,7,0,0.0036432719789445,,,,,,,,,,True,grid_complete,configured_grid,,0.0001048306003212,solver final filtering and index remapping; caller metric conversion excluded,r5-v1,,excluded_precomputed,,True,,,fresh_retrieval,0.0,9.354418724309651,0.0031851278617978,9.357708682771772,9.361351954750717,measured_excluding_encoding,"[160, 110, 25, 26, 172, 6, 2200]","[160, 110, 25, 26, 172, 6, 2200]",scipy.optimize.milp/HiGHS,1.17.1,1.12.0,1.0,<paper>/revision_campaign_20260914/default/airbnb/default.csv
62,PBF,0,feasible,complete,1,1,work_limit,0,,0,0.0,0.0,0.0,3.215111792087555e-05,0.0036754230968654,0,1,0,0,0,0,0,,,550,1,0.0359363392926752,0,2699,7,0,0.0036432719789445,False,,,,,,,,,False,combination_limit,full_input,,3.215111792087555e-05,solver final filtering and index remapping; caller metric conversion excluded,r5-v1,,excluded_precomputed,,True,,,fresh_retrieval,,,,3.215111792087555e-05,0.0036754230968654,measured_excluding_encoding,"[160, 110, 25, 26, 172, 6, 2200]",,Python/PBF,3.11.15,,,<paper>/revision_campaign_20260914/default/airbnb/default.csv
63,PACS,1,feasible,complete,1,1,returned,0,,10,1.0,1.0,1.0,0.000490581151098,0.0020063454285264,270,1,0,0,0,0,0,167.0,31.0,10,1,0.0004599783569574,0,167,3,1,0.0015157642774283,True,,,,,,,,,True,completed,all_reduced_candidates,"[19, 11, 1]",1.1361204087734222e-05,solver final filtering and index remapping; caller metric conversion excluded,r5-v1,,excluded_precomputed,,True,,,fresh_retrieval,0.0001313090324401,0.0003000278957188,4.788301885128021e-05,0.000490581151098,0.0020063454285264,measured_excluding_encoding,"[88, 78, 1]","[19, 11, 1]",Python/PACS+,3.11.15,,,<paper>/revision_campaign_20260914/default/airbnb/default.csv
63,PACS_dC,1,feasible,complete,1,1,returned,0,,2,0.2,0.266891446953445,0.2,0.0004260968416929,0.0019418611191213,223,1,0,0,0,0,0,,,10,1,0.0004599783569574,0,167,3,1,0.0015157642774283,False,,,,,,,,,True,completed,beam_search,"[19, 11, 1]",1.3789627701044084e-05,solver final filtering and index remapping; caller metric conversion excluded,r5-v1,,excluded_precomputed,,True,,,fresh_retrieval,0.0001165941357612,0.00028260005638,1.3113021850585938e-05,0.0004260968416929,0.0019418611191213,measured_excluding_encoding,"[88, 78, 1]","[19, 11, 1]",Python/PACS_dC,3.11.15,,,<paper>/revision_campaign_20260914/default/airbnb/default.csv
63,PBS-unbounded,1,feasible,complete,1,1,returned,0,,10,1.0,1.0,1.0,0.0004356950521469,0.0019514593295753,270,1,0,0,0,0,0,167.0,31.0,10,1,0.0004599783569574,0,167,3,1,0.0015157642774283,True,,,,,,,,,True,completed,all_reduced_candidates,"[19, 11, 1]",1.0360032320022585e-05,solver final filtering and index remapping; caller metric conversion excluded,r5-v1,,excluded_precomputed,,True,,,fresh_retrieval,9.602401405572893e-05,0.0002914769574999,3.78340482711792e-05,0.0004356950521469,0.0019514593295753,measured_excluding_encoding,"[88, 78, 1]","[19, 11, 1]",Python/PBS-unbounded,3.11.15,,,<paper>/revision_campaign_20260914/default/airbnb/default.csv
63,PTS,1,feasible,complete,1,1,returned,0,,10,1.0,1.0,1.0,0.0004163146950304,0.0019320789724588,158,1,0,0,0,0,0,167.0,31.0,10,1,0.0004599783569574,0,167,3,1,0.0015157642774283,True,,,,,,,500.0,,True,completed,fixed_candidate_tree,"[19, 11, 1]",1.8924474716186523e-05,solver final filtering and index remapping; caller metric conversion excluded,r5-v1,,excluded_precomputed,,True,,,fresh_retrieval,9.397696703672408e-05,0.0002616122364997,4.180101677775383e-05,0.0004163146950304,0.0019320789724588,measured_excluding_encoding,"[88, 78, 1]","[19, 11, 1]",Python/DFS,3.11.15,,,<paper>/revision_campaign_20260914/default/airbnb/default.csv
63,eps-ILP g=4,1,feasible,complete,1,1,returned,0,17.0,3,0.3,0.4390941503155646,0.3,0.0567817720584571,0.0582975363358855,2839,17,0,0,0,4,0,,,10,1,0.0004599783569574,0,167,3,1,0.0015157642774283,,,,,,,,,,True,grid_complete,configured_grid,,1.5250872820615768e-05,solver final filtering and index remapping; caller metric conversion excluded,r5-v1,,excluded_precomputed,,True,,,fresh_retrieval,0.0,0.0567167517729103,4.976941272616386e-05,0.0567817720584571,0.0582975363358855,measured_excluding_encoding,"[88, 78, 1]","[88, 78, 1]",scipy.optimize.milp/HiGHS,1.17.1,1.12.0,1.0,<paper>/revision_campaign_20260914/default/airbnb/default.csv
63,eps-ILP g=16,1,feasible,complete,1,1,returned,0,257.0,7,0.7,0.9874786405549456,0.7,0.7825728165917099,0.7840885808691382,42919,257,0,0,0,57,0,,,10,1,0.0004599783569574,0,167,3,1,0.0015157642774283,,,,,,,,,,True,grid_complete,configured_grid,,2.9369723051786423e-05,solver final filtering and index remapping; caller metric conversion excluded,r5-v1,,excluded_precomputed,,True,,,fresh_retrieval,0.0,0.7771970578469336,0.0053463890217244,0.7825728165917099,0.7840885808691382,measured_excluding_encoding,"[88, 78, 1]","[88, 78, 1]",scipy.optimize.milp/HiGHS,1.17.1,1.12.0,1.0,<paper>/revision_campaign_20260914/default/airbnb/default.csv
63,PBF,1,feasible,complete,1,1,returned,0,,10,1.0,1.0,1.0,0.0019009276293218,0.0034166919067502,20592,1,0,0,0,0,0,,,10,1,0.0004599783569574,0,167,3,1,0.0015157642774283,True,,,,,,,,,True,complete,full_input,,0.0019009276293218,solver final filtering and index remapping; caller metric conversion excluded,r5-v1,,excluded_precomputed,,True,,,fresh_retrieval,,,,0.0019009276293218,0.0034166919067502,measured_excluding_encoding,"[88, 78, 1]",,Python/PBF,3.11.15,,,<paper>/revision_campaign_20260914/default/airbnb/default.csv
64,PACS,1,feasible,complete,1,1,returned,0,,77,0.9047619047619048,0.961468655634656,0.9047619047619048,0.0175618659704923,0.0199655350297689,7372,1,0,0,0,0,0,1275.0,103.0,84,1,0.0247883219271898,0,1275,7,0,0.0024036690592765,False,,,,,,,,,True,completed,beam_search,"[8, 8, 20, 18, 21, 16, 12]",1.7823651432991028e-05,solver final filtering and index remapping; caller metric conversion excluded,r5-v1,,excluded_precomputed,,True,,,fresh_retrieval,0.0010619992390275,0.0161997769027948,0.000282266177237,0.0175618659704923,0.0199655350297689,measured_excluding_encoding,"[30, 264, 522, 190, 127, 123, 19]","[8, 8, 20, 18, 21, 16, 12]",Python/PACS+,3.11.15,,,<paper>/revision_campaign_20260914/default/airbnb/default.csv
64,PACS_dC,0,feasible,complete,1,1,no_assignment,0,,0,0.0,0.0,0.0,0.0031471922993659,0.0055508613586425,4304,1,0,0,0,0,0,,,84,1,0.0247883219271898,0,1275,7,0,0.0024036690592765,False,,,,,,,,,True,completed,beam_search,"[8, 8, 20, 18, 21, 16, 12]",1.4069490134716034e-05,solver final filtering and index remapping; caller metric conversion excluded,r5-v1,,excluded_precomputed,,True,,,fresh_retrieval,0.0010100649669766,0.0021196831949055,3.3746473491191864e-06,0.0031471922993659,0.0055508613586425,measured_excluding_encoding,"[30, 264, 522, 190, 127, 123, 19]","[8, 8, 20, 18, 21, 16, 12]",Python/PACS_dC,3.11.15,,,<paper>/revision_campaign_20260914/default/airbnb/default.csv
64,PBS-unbounded,1,feasible,complete,1,1,returned,0,,84,1.0,1.0,1.0,0.0241851569153368,0.0265888259746134,19684,1,0,0,0,0,0,1275.0,103.0,84,1,0.0247883219271898,0,1275,7,0,0.0024036690592765,True,,,,,,,,,True,completed,all_reduced_candidates,"[8, 8, 20, 18, 21, 16, 12]",1.949165016412735e-05,solver final filtering and index remapping; caller metric conversion excluded,r5-v1,,excluded_precomputed,,True,,,fresh_retrieval,0.0009597740136086,0.0229028142057359,0.0003030770458281,0.0241851569153368,0.0265888259746134,measured_excluding_encoding,"[30, 264, 522, 190, 127, 123, 19]","[8, 8, 20, 18, 21, 16, 12]",Python/PBS-unbounded,3.11.15,,,<paper>/revision_campaign_20260914/default/airbnb/default.csv
64,PTS,1,feasible,complete,1,1,returned,0,,59,0.6547619047619048,0.9406698658381024,0.6547619047619048,0.0113207078538835,0.01372437691316,16400,1,0,0,0,0,0,1275.0,103.0,84,1,0.0247883219271898,0,1275,7,0,0.0024036690592765,False,,,,,,,500.0,,False,iteration_limit,fixed_candidate_tree,"[8, 8, 20, 18, 21, 16, 12]",5.101645365357399e-05,solver final filtering and index remapping; caller metric conversion excluded,r5-v1,,excluded_precomputed,,True,,,fresh_retrieval,0.0010142400860786,0.0100370389409363,0.0002184123732149,0.0113207078538835,0.01372437691316,measured_excluding_encoding,"[30, 264, 522, 190, 127, 123, 19]","[8, 8, 20, 18, 21, 16, 12]",Python/DFS,3.11.15,,,<paper>/revision_campaign_20260914/default/airbnb/default.csv
64,eps-ILP g=4,1,feasible,complete,1,1,returned,0,17.0,2,0.0238095238095238,0.5760190673092446,0.0238095238095238,0.3342419229447841,0.3366455920040607,21675,17,0,0,0,10,0,,,84,1,0.0247883219271898,0,1275,7,0,0.0024036690592765,,,,,,,,,,True,grid_complete,configured_grid,,1.619802787899971e-05,solver final filtering and index remapping; caller metric conversion excluded,r5-v1,,excluded_precomputed,,True,,,fresh_retrieval,0.0,0.3341972450725734,2.8479844331741333e-05,0.3342419229447841,0.3366455920040607,measured_excluding_encoding,"[30, 264, 522, 190, 127, 123, 19]","[30, 264, 522, 190, 127, 123, 19]",scipy.optimize.milp/HiGHS,1.17.1,1.12.0,1.0,<paper>/revision_campaign_20260914/default/airbnb/default.csv
64,eps-ILP g=16,1,feasible,complete,1,1,returned,0,257.0,11,0.1309523809523809,0.8328992596014612,0.1309523809523809,4.964578448794782,4.966982117854059,327675,257,0,0,0,127,0,,,84,1,0.0247883219271898,0,1275,7,0,0.0024036690592765,,,,,,,,,,True,grid_complete,configured_grid,,4.1923485696315765e-05,solver final filtering and index remapping; caller metric conversion excluded,r5-v1,,excluded_precomputed,,True,,,fresh_retrieval,0.0,4.962394887115806,0.0021416381932795,4.964578448794782,4.966982117854059,measured_excluding_encoding,"[30, 264, 522, 190, 127, 123, 19]","[30, 264, 522, 190, 127, 123, 19]",scipy.optimize.milp/HiGHS,1.17.1,1.12.0,1.0,<paper>/revision_campaign_20260914/default/airbnb/default.csv
64,PBF,0,feasible,complete,1,1,work_limit,0,,0,0.0,0.0,0.0,1.3512559235095978e-05,0.0024171816185116,0,1,0,0,0,0,0,,,84,1,0.0247883219271898,0,1275,7,0,0.0024036690592765,False,,,,,,,,,False,combination_limit,full_input,,1.3512559235095978e-05,solver final filtering and index remapping; caller metric conversion excluded,r5-v1,,excluded_precomputed,,True,,,fresh_retrieval,,,,1.3512559235095978e-05,0.0024171816185116,measured_excluding_encoding,"[30, 264, 522, 190, 127, 123, 19]",,Python/PBF,3.11.15,,,<paper>/revision_campaign_20260914/default/airbnb/default.csv
65,PACS,1,feasible,complete,1,1,returned,0,,51,0.1401098901098901,0.5916604440584158,0.1401098901098901,0.0178021378815174,0.0219918666407465,7290,1,0,0,0,0,0,3383.0,110.0,364,1,0.0242258617654442,0,3383,7,1,0.0041897287592291,False,,,,,,,,,True,completed,beam_search,"[14, 24, 10, 19, 9, 8, 26]",9.498372673988342e-05,solver final filtering and index remapping; caller metric conversion excluded,r5-v1,,excluded_precomputed,,True,,,fresh_retrieval,0.0030715339817106,0.0142886359244585,0.0003469842486083,0.0178021378815174,0.0219918666407465,measured_excluding_encoding,"[131, 2395, 77, 84, 338, 12, 346]","[14, 24, 10, 19, 9, 8, 26]",Python/PACS+,3.11.15,,,<paper>/revision_campaign_20260914/default/airbnb/default.csv
65,PACS_dC,1,feasible,complete,1,1,returned,0,,20,0.0054945054945054,0.0802122102584397,0.0054945054945054,0.0043759290128946,0.0085656577721238,1536,1,0,0,0,0,0,,,364,1,0.0242258617654442,0,3383,7,1,0.0041897287592291,False,,,,,,,,,True,completed,beam_search,"[14, 24, 10, 19, 9, 8, 26]",2.0450912415981293e-05,solver final filtering and index remapping; caller metric conversion excluded,r5-v1,,excluded_precomputed,,True,,,fresh_retrieval,0.002647815272212,0.0016371966339647,7.046619430184364e-05,0.0043759290128946,0.0085656577721238,measured_excluding_encoding,"[131, 2395, 77, 84, 338, 12, 346]","[14, 24, 10, 19, 9, 8, 26]",Python/PACS_dC,3.11.15,,,<paper>/revision_campaign_20260914/default/airbnb/default.csv
65,PBS-unbounded,1,feasible,complete,1,1,returned,0,,364,1.0,1.0,1.0,0.0241583688184618,0.028348097577691,14291,1,0,0,0,0,0,3383.0,110.0,364,1,0.0242258617654442,0,3383,7,1,0.0041897287592291,True,,,,,,,,,True,completed,all_reduced_candidates,"[14, 24, 10, 19, 9, 8, 26]",0.0001324159093201,solver final filtering and index remapping; caller metric conversion excluded,r5-v1,,excluded_precomputed,,True,,,fresh_retrieval,0.0025572851300239,0.0199289037846028,0.0015397639945149,0.0241583688184618,0.028348097577691,measured_excluding_encoding,"[131, 2395, 77, 84, 338, 12, 346]","[14, 24, 10, 19, 9, 8, 26]",Python/PBS-unbounded,3.11.15,,,<paper>/revision_campaign_20260914/default/airbnb/default.csv
65,PTS,1,feasible,complete,1,1,returned,0,,57,0.0,0.1616504455444356,0.0,0.0113125536590814,0.0155022824183106,13218,1,0,0,0,0,0,3383.0,110.0,364,1,0.0242258617654442,0,3383,7,1,0.0041897287592291,False,,,,,,,500.0,,False,iteration_limit,fixed_candidate_tree,"[14, 24, 10, 19, 9, 8, 26]",4.607439041137695e-05,solver final filtering and index remapping; caller metric conversion excluded,r5-v1,,excluded_precomputed,,True,,,fresh_retrieval,0.0025063231587409,0.0085508851334452,0.0002092709764838,0.0113125536590814,0.0155022824183106,measured_excluding_encoding,"[131, 2395, 77, 84, 338, 12, 346]","[14, 24, 10, 19, 9, 8, 26]",Python/DFS,3.11.15,,,<paper>/revision_campaign_20260914/default/airbnb/default.csv
65,eps-ILP g=4,1,feasible,complete,1,1,returned,0,17.0,4,0.0109890109890109,0.4163439443552173,0.0109890109890109,0.7291284101083875,0.7333181388676167,57511,17,0,0,0,4,0,,,364,1,0.0242258617654442,0,3383,7,1,0.0041897287592291,,,,,,,,,,True,grid_complete,configured_grid,,1.7635058611631393e-05,solver final filtering and index remapping; caller metric conversion excluded,r5-v1,,excluded_precomputed,,True,,,fresh_retrieval,0.0,0.729057686869055,5.308818072080612e-05,0.7291284101083875,0.7333181388676167,measured_excluding_encoding,"[131, 2395, 77, 84, 338, 12, 346]","[131, 2395, 77, 84, 338, 12, 346]",scipy.optimize.milp/HiGHS,1.17.1,1.12.0,1.0,<paper>/revision_campaign_20260914/default/airbnb/default.csv
65,eps-ILP g=16,1,feasible,complete,1,1,returned,0,257.0,40,0.1098901098901098,0.8971211367953148,0.1098901098901098,12.049228134099394,12.053417862858623,869431,257,0,0,0,30,0,,,364,1,0.0242258617654442,0,3383,7,1,0.0041897287592291,,,,,,,,,,True,grid_complete,configured_grid,,6.377929821610451e-05,solver final filtering and index remapping; caller metric conversion excluded,r5-v1,,excluded_precomputed,,True,,,fresh_retrieval,0.0,12.043292184825988,0.0058721699751913,12.049228134099394,12.053417862858623,measured_excluding_encoding,"[131, 2395, 77, 84, 338, 12, 346]","[131, 2395, 77, 84, 338, 12, 346]",scipy.optimize.milp/HiGHS,1.17.1,1.12.0,1.0,<paper>/revision_campaign_20260914/default/airbnb/default.csv
65,PBF,0,feasible,complete,1,1,work_limit,0,,0,0.0,0.0,0.0,3.799935802817345e-05,0.0042277281172573,0,1,0,0,0,0,0,,,364,1,0.0242258617654442,0,3383,7,1,0.0041897287592291,False,,,,,,,,,False,combination_limit,full_input,,3.799935802817345e-05,solver final filtering and index remapping; caller metric conversion excluded,r5-v1,,excluded_precomputed,,True,,,fresh_retrieval,,,,3.799935802817345e-05,0.0042277281172573,measured_excluding_encoding,"[131, 2395, 77, 84, 338, 12, 346]",,Python/PBF,3.11.15,,,<paper>/revision_campaign_20260914/default/airbnb/default.csv
66,PACS,1,feasible,complete,1,1,returned,0,,75,1.0,1.0,1.0,0.0027741161175072,0.0059392591938376,804,1,0,0,0,0,0,1671.0,42.0,75,1,0.0028554839082062,0,1671,3,1,0.0031651430763304,True,,,,,,,,,True,completed,all_reduced_candidates,"[23, 11, 8]",2.229819074273109e-05,solver final filtering and index remapping; caller metric conversion excluded,r5-v1,,excluded_precomputed,,True,,,fresh_retrieval,0.0012896200641989,0.0011527258902788,0.0003094719722867,0.0027741161175072,0.0059392591938376,measured_excluding_encoding,"[1555, 59, 57]","[23, 11, 8]",Python/PACS+,3.11.15,,,<paper>/revision_campaign_20260914/default/airbnb/default.csv
66,PACS_dC,1,feasible,complete,1,1,returned,0,,19,0.24,0.6918147497702503,0.24,0.0015203617513179,0.0046855048276484,211,1,0,0,0,0,0,,,75,1,0.0028554839082062,0,1671,3,1,0.0031651430763304,False,,,,,,,,,True,completed,beam_search,"[23, 11, 8]",1.311255618929863e-05,solver final filtering and index remapping; caller metric conversion excluded,r5-v1,,excluded_precomputed,,True,,,fresh_retrieval,0.0011857682839035,0.000254884827882,6.659608334302902e-05,0.0015203617513179,0.0046855048276484,measured_excluding_encoding,"[1555, 59, 57]","[23, 11, 8]",Python/PACS_dC,3.11.15,,,<paper>/revision_campaign_20260914/default/airbnb/default.csv
66,PBS-unbounded,1,feasible,complete,1,1,returned,0,,75,1.0,1.0,1.0,0.0028862673789262,0.0060514104552567,804,1,0,0,0,0,0,1671.0,42.0,75,1,0.0028554839082062,0,1671,3,1,0.0031651430763304,True,,,,,,,,,True,completed,all_reduced_candidates,"[23, 11, 8]",2.65161506831646e-05,solver final filtering and index remapping; caller metric conversion excluded,r5-v1,,excluded_precomputed,,True,,,fresh_retrieval,0.0013332390226423,0.0012153149582445,0.0003111972473561,0.0028862673789262,0.0060514104552567,measured_excluding_encoding,"[1555, 59, 57]","[23, 11, 8]",Python/PBS-unbounded,3.11.15,,,<paper>/revision_campaign_20260914/default/airbnb/default.csv
66,PTS,1,feasible,complete,1,1,returned,0,,75,1.0,1.0000000000000002,1.0,0.0046642962843179,0.0078294393606483,1533,1,0,0,0,0,0,1671.0,42.0,75,1,0.0028554839082062,0,1671,3,1,0.0031651430763304,True,,,,,,,500.0,,True,completed,fixed_candidate_tree,"[23, 11, 8]",3.729946911334992e-05,solver final filtering and index remapping; caller metric conversion excluded,r5-v1,,excluded_precomputed,,True,,,fresh_retrieval,0.0012087170034646,0.0031529790721833,0.0002653007395565,0.0046642962843179,0.0078294393606483,measured_excluding_encoding,"[1555, 59, 57]","[23, 11, 8]",Python/DFS,3.11.15,,,<paper>/revision_campaign_20260914/default/airbnb/default.csv
66,eps-ILP g=4,1,feasible,complete,1,1,returned,0,17.0,4,0.0533333333333333,0.4130911780346524,0.0533333333333333,0.4048071028664708,0.4079722459428012,28407,17,0,0,0,4,0,,,75,1,0.0028554839082062,0,1671,3,1,0.0031651430763304,,,,,,,,,,True,grid_complete,configured_grid,,1.6376841813325882e-05,solver final filtering and index remapping; caller metric conversion excluded,r5-v1,,excluded_precomputed,,True,,,fresh_retrieval,0.0,0.4047393403016031,5.138572305440903e-05,0.4048071028664708,0.4079722459428012,measured_excluding_encoding,"[1555, 59, 57]","[1555, 59, 57]",scipy.optimize.milp/HiGHS,1.17.1,1.12.0,1.0,<paper>/revision_campaign_20260914/default/airbnb/default.csv
66,eps-ILP g=16,1,feasible,complete,1,1,returned,0,257.0,22,0.2933333333333333,0.9049302731807802,0.2933333333333333,5.322475667111576,5.325640810187906,429447,257,0,0,0,16,0,,,75,1,0.0028554839082062,0,1671,3,1,0.0031651430763304,,,,,,,,,,True,grid_complete,configured_grid,,5.344580858945847e-05,solver final filtering and index remapping; caller metric conversion excluded,r5-v1,,excluded_precomputed,,True,,,fresh_retrieval,0.0,5.31582923932001,0.0065929819829761,5.322475667111576,5.325640810187906,measured_excluding_encoding,"[1555, 59, 57]","[1555, 59, 57]",scipy.optimize.milp/HiGHS,1.17.1,1.12.0,1.0,<paper>/revision_campaign_20260914/default/airbnb/default.csv
66,PBF,1,feasible,complete,1,1,returned,0,,75,1.0,1.0,1.0,1.910958212334663,1.914123355410993,15688395,1,0,0,0,0,0,,,75,1,0.0028554839082062,0,1671,3,1,0.0031651430763304,True,,,,,,,,,True,complete,full_input,,1.910958212334663,solver final filtering and index remapping; caller metric conversion excluded,r5-v1,,excluded_precomputed,,True,,,fresh_retrieval,,,,1.910958212334663,1.914123355410993,measured_excluding_encoding,"[1555, 59, 57]",,Python/PBF,3.11.15,,,<paper>/revision_campaign_20260914/default/airbnb/default.csv
67,PACS,1,feasible,complete,1,1,returned,0,,69,0.0744680851063829,0.7704376510019519,0.0744680851063829,0.0653904732316732,0.0751141882501542,10641,1,0,0,0,0,0,9226.0,134.0,846,1,0.1196593516506254,0,9226,8,1,0.009723715018481,False,,,,,,,,,True,completed,beam_search,"[8, 11, 7, 17, 9, 6, 19, 57]",0.0002843430265784,solver final filtering and index remapping; caller metric conversion excluded,r5-v1,,excluded_precomputed,,True,,,fresh_retrieval,0.0354728079400956,0.0292617068625986,0.0003716154024004,0.0653904732316732,0.0751141882501542,measured_excluding_encoding,"[31, 522, 276, 142, 24, 13, 76, 8142]","[8, 11, 7, 17, 9, 6, 19, 57]",Python/PACS+,3.11.15,,,<paper>/revision_campaign_20260914/default/airbnb/default.csv
67,PACS_dC,1,feasible,complete,1,1,returned,0,,100,0.0,0.4504248404114809,0.0,0.0384477581828832,0.0481714732013642,4557,1,0,0,0,0,0,,,846,1,0.1196593516506254,0,9226,8,1,0.009723715018481,False,,,,,,,,,True,completed,beam_search,"[8, 11, 7, 17, 9, 6, 19, 57]",3.65283340215683e-05,solver final filtering and index remapping; caller metric conversion excluded,r5-v1,,excluded_precomputed,,True,,,fresh_retrieval,0.0348077896051108,0.0032393401488661,0.0003641000948846,0.0384477581828832,0.0481714732013642,measured_excluding_encoding,"[31, 522, 276, 142, 24, 13, 76, 8142]","[8, 11, 7, 17, 9, 6, 19, 57]",Python/PACS_dC,3.11.15,,,<paper>/revision_campaign_20260914/default/airbnb/default.csv
67,PBS-unbounded,1,feasible,complete,1,1,returned,0,,846,1.0,1.0,1.0,0.1187426750548183,0.1284663900732994,37683,1,0,0,0,0,0,9226.0,134.0,846,1,0.1196593516506254,0,9226,8,1,0.009723715018481,True,,,,,,,,,True,completed,all_reduced_candidates,"[8, 11, 7, 17, 9, 6, 19, 57]",0.0008385349065065,solver final filtering and index remapping; caller metric conversion excluded,r5-v1,,excluded_precomputed,,True,,,fresh_retrieval,0.0354634723626077,0.0784303988330066,0.0040102689526975,0.1187426750548183,0.1284663900732994,measured_excluding_encoding,"[31, 522, 276, 142, 24, 13, 76, 8142]","[8, 11, 7, 17, 9, 6, 19, 57]",Python/PBS-unbounded,3.11.15,,,<paper>/revision_campaign_20260914/default/airbnb/default.csv
67,PTS,1,feasible,complete,1,1,returned,0,,169,0.0035460992907801,0.5718171661614366,0.0035460992907801,0.047523430082947,0.057247145101428,16464,1,0,0,0,0,0,9226.0,134.0,846,1,0.1196593516506254,0,9226,8,1,0.009723715018481,False,,,,,,,500.0,,False,iteration_limit,fixed_candidate_tree,"[8, 11, 7, 17, 9, 6, 19, 50]",4.790863022208214e-05,solver final filtering and index remapping; caller metric conversion excluded,r5-v1,,excluded_precomputed,,True,,,fresh_retrieval,0.0344397663138806,0.0124186538159847,0.0006171013228595,0.047523430082947,0.057247145101428,measured_excluding_encoding,"[31, 522, 276, 142, 24, 13, 76, 8142]","[8, 11, 7, 17, 9, 6, 19, 57]",Python/DFS,3.11.15,,,<paper>/revision_campaign_20260914/default/airbnb/default.csv
67,eps-ILP g=4,1,feasible,complete,1,1,returned,0,17.0,4,0.0047281323877068,0.4487863561088551,0.0047281323877068,3.001845947932452,3.011569662950933,156842,17,0,0,0,4,0,,,846,1,0.1196593516506254,0,9226,8,1,0.009723715018481,,,,,,,,,,True,grid_complete,configured_grid,,1.8319115042686462e-05,solver final filtering and index remapping; caller metric conversion excluded,r5-v1,,excluded_precomputed,,True,,,fresh_retrieval,0.0,3.0017737899906933,5.38388267159462e-05,3.001845947932452,3.011569662950933,measured_excluding_encoding,"[31, 522, 276, 142, 24, 13, 76, 8142]","[31, 522, 276, 142, 24, 13, 76, 8142]",scipy.optimize.milp/HiGHS,1.17.1,1.12.0,1.0,<paper>/revision_campaign_20260914/default/airbnb/default.csv
67,eps-ILP g=16,1,feasible,complete,1,1,returned,0,257.0,39,0.0460992907801418,0.8116015573325015,0.0460992907801418,35.15651724440977,35.16624095942825,2371082,257,0,0,0,18,0,,,846,1,0.1196593516506254,0,9226,8,1,0.009723715018481,,,,,,,,,,True,grid_complete,configured_grid,,9.391922503709792e-05,solver final filtering and index remapping; caller metric conversion excluded,r5-v1,,excluded_precomputed,,True,,,fresh_retrieval,0.0,35.15005464712158,0.0063686780631542,35.15651724440977,35.16624095942825,measured_excluding_encoding,"[31, 522, 276, 142, 24, 13, 76, 8142]","[31, 522, 276, 142, 24, 13, 76, 8142]",scipy.optimize.milp/HiGHS,1.17.1,1.12.0,1.0,<paper>/revision_campaign_20260914/default/airbnb/default.csv
67,PBF,0,feasible,complete,1,1,work_limit,0,,0,0.0,0.0,0.0,3.9250124245882034e-05,0.0097629651427268,0,1,0,0,0,0,0,,,846,1,0.1196593516506254,0,9226,8,1,0.009723715018481,False,,,,,,,,,False,combination_limit,full_input,,3.9250124245882034e-05,solver final filtering and index remapping; caller metric conversion excluded,r5-v1,,excluded_precomputed,,True,,,fresh_retrieval,,,,3.9250124245882034e-05,0.0097629651427268,measured_excluding_encoding,"[31, 522, 276, 142, 24, 13, 76, 8142]",,Python/PBF,3.11.15,,,<paper>/revision_campaign_20260914/default/airbnb/default.csv
68,PACS,1,feasible,complete,1,1,returned,0,,100,0.4405286343612334,0.7568358938652792,0.4405286343612334,0.0205086921341717,0.0252796970307827,5066,1,0,0,0,0,0,3806.0,90.0,227,1,0.023286014329642,0,3806,8,0,0.0047710048966109,False,,,,,,,,,True,completed,beam_search,"[9, 8, 30, 1, 3, 33, 1, 5]",3.675930202007294e-05,solver final filtering and index remapping; caller metric conversion excluded,r5-v1,,excluded_precomputed,,True,,,fresh_retrieval,0.0039760898798704,0.0161115936934947,0.0003842492587864,0.0205086921341717,0.0252796970307827,measured_excluding_encoding,"[24, 394, 360, 5, 13, 2941, 2, 67]","[9, 8, 30, 1, 3, 33, 1, 5]",Python/PACS+,3.11.15,,,<paper>/revision_campaign_20260914/default/airbnb/default.csv
68,PACS_dC,0,feasible,complete,1,1,no_assignment,0,,0,0.0,0.0,0.0,0.0044778496958315,0.0092488545924425,741,1,0,0,0,0,0,,,227,1,0.023286014329642,0,3806,8,0,0.0047710048966109,False,,,,,,,,,True,completed,beam_search,"[9, 8, 30, 1, 3, 33, 1, 5]",2.325279638171196e-05,solver final filtering and index remapping; caller metric conversion excluded,r5-v1,,excluded_precomputed,,True,,,fresh_retrieval,0.0033411178737878,0.0011095493100583,3.929715603590012e-06,0.0044778496958315,0.0092488545924425,measured_excluding_encoding,"[24, 394, 360, 5, 13, 2941, 2, 67]","[9, 8, 30, 1, 3, 33, 1, 5]",Python/PACS_dC,3.11.15,,,<paper>/revision_campaign_20260914/default/airbnb/default.csv
68,PBS-unbounded,1,feasible,complete,1,1,returned,0,,227,1.0,1.0,1.0,0.0227937847375869,0.0275647896341979,6909,1,0,0,0,0,0,3806.0,90.0,227,1,0.023286014329642,0,3806,8,0,0.0047710048966109,True,,,,,,,,,True,completed,all_reduced_candidates,"[9, 8, 30, 1, 3, 33, 1, 5]",4.90196980535984e-05,solver final filtering and index remapping; caller metric conversion excluded,r5-v1,,excluded_precomputed,,True,,,fresh_retrieval,0.0037784571759402,0.0181354638189077,0.0008308440446853,0.0227937847375869,0.0275647896341979,measured_excluding_encoding,"[24, 394, 360, 5, 13, 2941, 2, 67]","[9, 8, 30, 1, 3, 33, 1, 5]",Python/PBS-unbounded,3.11.15,,,<paper>/revision_campaign_20260914/default/airbnb/default.csv
68,PTS,1,feasible,complete,1,1,returned,0,,77,0.13215859030837,0.6286289266998131,0.13215859030837,0.0134271420538425,0.0181981469504535,5003,1,0,0,0,0,0,3806.0,90.0,227,1,0.023286014329642,0,3806,8,0,0.0047710048966109,False,,,,,,,500.0,,False,iteration_limit,fixed_candidate_tree,"[9, 8, 30, 1, 3, 33, 1, 5]",6.042094901204109e-05,solver final filtering and index remapping; caller metric conversion excluded,r5-v1,,excluded_precomputed,,True,,,fresh_retrieval,0.0034258244559168,0.0096514909528195,0.000289405696094,0.0134271420538425,0.0181981469504535,measured_excluding_encoding,"[24, 394, 360, 5, 13, 2941, 2, 67]","[9, 8, 30, 1, 3, 33, 1, 5]",Python/DFS,3.11.15,,,<paper>/revision_campaign_20260914/default/airbnb/default.csv
68,eps-ILP g=4,1,feasible,complete,1,1,returned,0,17.0,3,0.013215859030837,0.4789484418618698,0.013215859030837,0.9158279760740696,0.9205989809706808,64702,17,0,0,0,7,0,,,227,1,0.023286014329642,0,3806,8,0,0.0047710048966109,,,,,,,,,,True,grid_complete,configured_grid,,1.763179898262024e-05,solver final filtering and index remapping; caller metric conversion excluded,r5-v1,,excluded_precomputed,,True,,,fresh_retrieval,0.0,0.9157701870426536,4.015723243355751e-05,0.9158279760740696,0.9205989809706808,measured_excluding_encoding,"[24, 394, 360, 5, 13, 2941, 2, 67]","[24, 394, 360, 5, 13, 2941, 2, 67]",scipy.optimize.milp/HiGHS,1.17.1,1.12.0,1.0,<paper>/revision_campaign_20260914/default/airbnb/default.csv
68,eps-ILP g=16,1,feasible,complete,1,1,returned,0,257.0,23,0.1013215859030837,0.9027177603254471,0.1013215859030837,12.589570802170783,12.594341807067394,978142,257,0,0,0,62,0,,,227,1,0.023286014329642,0,3806,8,0,0.0047710048966109,,,,,,,,,,True,grid_complete,configured_grid,,7.980410009622574e-05,solver final filtering and index remapping; caller metric conversion excluded,r5-v1,,excluded_precomputed,,True,,,fresh_retrieval,0.0,12.58493473334238,0.0045562647283077,12.589570802170783,12.594341807067394,measured_excluding_encoding,"[24, 394, 360, 5, 13, 2941, 2, 67]","[24, 394, 360, 5, 13, 2941, 2, 67]",scipy.optimize.milp/HiGHS,1.17.1,1.12.0,1.0,<paper>/revision_campaign_20260914/default/airbnb/default.csv
68,PBF,0,feasible,complete,1,1,work_limit,0,,0,0.0,0.0,0.0,3.171898424625397e-05,0.0048027238808572,0,1,0,0,0,0,0,,,227,1,0.023286014329642,0,3806,8,0,0.0047710048966109,False,,,,,,,,,False,combination_limit,full_input,,3.171898424625397e-05,solver final filtering and index remapping; caller metric conversion excluded,r5-v1,,excluded_precomputed,,True,,,fresh_retrieval,,,,3.171898424625397e-05,0.0048027238808572,measured_excluding_encoding,"[24, 394, 360, 5, 13, 2941, 2, 67]",,Python/PBF,3.11.15,,,<paper>/revision_campaign_20260914/default/airbnb/default.csv
69,PACS,1,feasible,complete,1,1,returned,0,,100,0.0440917107583774,0.6086475183914679,0.0440917107583774,0.0238637747243046,0.0300362245179712,6860,1,0,0,0,0,0,4997.0,102.0,1134,1,0.1076420443132519,0,4997,7,1,0.0061724497936666,False,,,,,,,,,True,completed,beam_search,"[18, 19, 16, 5, 24, 7, 13]",7.245782762765884e-05,solver final filtering and index remapping; caller metric conversion excluded,r5-v1,,excluded_precomputed,,True,,,fresh_retrieval,0.0038472767919301,0.0195960560813546,0.0003479840233922,0.0238637747243046,0.0300362245179712,measured_excluding_encoding,"[1815, 169, 167, 68, 1775, 12, 991]","[18, 19, 16, 5, 24, 7, 13]",Python/PACS+,3.11.15,,,<paper>/revision_campaign_20260914/default/airbnb/default.csv
69,PACS_dC,1,feasible,complete,1,1,returned,0,,100,0.0,0.1403275280565626,0.0,0.0136266550980508,0.0197991048917174,4474,1,0,0,0,0,0,,,1134,1,0.1076420443132519,0,4997,7,1,0.0061724497936666,False,,,,,,,,,True,completed,beam_search,"[18, 19, 16, 5, 24, 7, 13]",5.130702629685402e-05,solver final filtering and index remapping; caller metric conversion excluded,r5-v1,,excluded_precomputed,,True,,,fresh_retrieval,0.00326734688133,0.0099645052105188,0.0003434959799051,0.0136266550980508,0.0197991048917174,measured_excluding_encoding,"[1815, 169, 167, 68, 1775, 12, 991]","[18, 19, 16, 5, 24, 7, 13]",Python/PACS_dC,3.11.15,,,<paper>/revision_campaign_20260914/default/airbnb/default.csv
69,PBS-unbounded,1,feasible,complete,1,1,returned,0,,1134,1.0,1.0,1.0,0.3524589771404862,0.3586314269341528,31181,1,0,0,0,0,0,4997.0,102.0,1134,1,0.1076420443132519,0,4997,7,1,0.0061724497936666,True,,,,,,,,,True,completed,all_reduced_candidates,"[18, 19, 16, 5, 24, 7, 13]",0.0008501843549311,solver final filtering and index remapping; caller metric conversion excluded,r5-v1,,excluded_precomputed,,True,,,fresh_retrieval,0.0033949529752135,0.341882383916527,0.0063314558938145,0.3524589771404862,0.3586314269341528,measured_excluding_encoding,"[1815, 169, 167, 68, 1775, 12, 991]","[18, 19, 16, 5, 24, 7, 13]",Python/PBS-unbounded,3.11.15,,,<paper>/revision_campaign_20260914/default/airbnb/default.csv
69,PTS,1,feasible,complete,1,1,returned,0,,79,0.0,0.1084255991099321,0.0,0.0126374801620841,0.0188099299557507,6126,1,0,0,0,0,0,4997.0,102.0,1134,1,0.1076420443132519,0,4997,7,1,0.0061724497936666,False,,,,,,,500.0,,False,iteration_limit,fixed_candidate_tree,"[18, 19, 16, 5, 24, 7, 13]",5.073612555861473e-05,solver final filtering and index remapping; caller metric conversion excluded,r5-v1,,excluded_precomputed,,True,,,fresh_retrieval,0.0034154900349676,0.0088841831311583,0.0002870708703994,0.0126374801620841,0.0188099299557507,measured_excluding_encoding,"[1815, 169, 167, 68, 1775, 12, 991]","[18, 19, 16, 5, 24, 7, 13]",Python/DFS,3.11.15,,,<paper>/revision_campaign_20260914/default/airbnb/default.csv
69,eps-ILP g=4,1,feasible,complete,1,1,returned,0,17.0,4,0.0035273368606701,0.3392844315010928,0.0035273368606701,1.3349430970847609,1.3411155468784273,84949,17,0,0,0,4,0,,,1134,1,0.1076420443132519,0,4997,7,1,0.0061724497936666,,,,,,,,,,True,grid_complete,configured_grid,,2.185814082622528e-05,solver final filtering and index remapping; caller metric conversion excluded,r5-v1,,excluded_precomputed,,True,,,fresh_retrieval,0.0,1.334866337943822,5.490100011229515e-05,1.3349430970847609,1.3411155468784273,measured_excluding_encoding,"[1815, 169, 167, 68, 1775, 12, 991]","[1815, 169, 167, 68, 1775, 12, 991]",scipy.optimize.milp/HiGHS,1.17.1,1.12.0,1.0,<paper>/revision_campaign_20260914/default/airbnb/default.csv
69,eps-ILP g=16,1,feasible,complete,1,1,returned,0,257.0,53,0.0458553791887125,0.8787842981753435,0.0458553791887125,21.69296490494162,21.699137354735285,1284229,257,0,0,0,20,0,,,1134,1,0.1076420443132519,0,4997,7,1,0.0061724497936666,,,,,,,,,,True,grid_complete,configured_grid,,6.998330354690552e-05,solver final filtering and index remapping; caller metric conversion excluded,r5-v1,,excluded_precomputed,,True,,,fresh_retrieval,0.0,21.68655314901844,0.0063417726196348,21.69296490494162,21.699137354735285,measured_excluding_encoding,"[1815, 169, 167, 68, 1775, 12, 991]","[1815, 169, 167, 68, 1775, 12, 991]",scipy.optimize.milp/HiGHS,1.17.1,1.12.0,1.0,<paper>/revision_campaign_20260914/default/airbnb/default.csv
69,PBF,0,feasible,complete,1,1,work_limit,0,,0,0.0,0.0,0.0,3.731157630681992e-05,0.0062097613699734,0,1,0,0,0,0,0,,,1134,1,0.1076420443132519,0,4997,7,1,0.0061724497936666,False,,,,,,,,,False,combination_limit,full_input,,3.731157630681992e-05,solver final filtering and index remapping; caller metric conversion excluded,r5-v1,,excluded_precomputed,,True,,,fresh_retrieval,,,,3.731157630681992e-05,0.0062097613699734,measured_excluding_encoding,"[1815, 169, 167, 68, 1775, 12, 991]",,Python/PBF,3.11.15,,,<paper>/revision_campaign_20260914/default/airbnb/default.csv
70,PACS,1,feasible,complete,1,1,returned,0,,97,0.6597222222222222,0.7472696303019336,0.6597222222222222,0.0075097130611538,0.0096257152035832,4641,1,0,0,0,0,0,781.0,82.0,144,1,0.0085978400893509,0,781,5,0,0.0021160021424293,False,,,,,,,,,True,completed,beam_search,"[15, 14, 26, 1, 26]",3.7115998566150665e-05,solver final filtering and index remapping; caller metric conversion excluded,r5-v1,,excluded_precomputed,,True,,,fresh_retrieval,0.0006383289583027,0.0064844680018723,0.0003498001024127,0.0075097130611538,0.0096257152035832,measured_excluding_encoding,"[116, 29, 370, 5, 261]","[15, 14, 26, 1, 26]",Python/PACS+,3.11.15,,,<paper>/revision_campaign_20260914/default/airbnb/default.csv
70,PACS_dC,1,feasible,complete,1,1,returned,0,,4,0.0138888888888888,0.1413187978652791,0.0138888888888888,0.002376124728471,0.0044921268709003,1388,1,0,0,0,0,0,,,144,1,0.0085978400893509,0,781,5,0,0.0021160021424293,False,,,,,,,,,True,completed,beam_search,"[15, 14, 26, 1, 26]",1.4042016118764876e-05,solver final filtering and index remapping; caller metric conversion excluded,r5-v1,,excluded_precomputed,,True,,,fresh_retrieval,0.0006135269068181,0.0017292080447077,1.934776082634926e-05,0.002376124728471,0.0044921268709003,measured_excluding_encoding,"[116, 29, 370, 5, 261]","[15, 14, 26, 1, 26]",Python/PACS_dC,3.11.15,,,<paper>/revision_campaign_20260914/default/airbnb/default.csv
70,PBS-unbounded,1,feasible,complete,1,1,returned,0,,144,1.0,1.0,1.0,0.0086743398569524,0.0107903419993817,5634,1,0,0,0,0,0,781.0,82.0,144,1,0.0085978400893509,0,781,5,0,0.0021160021424293,True,,,,,,,,,True,completed,all_reduced_candidates,"[15, 14, 26, 1, 26]",4.427088424563408e-05,solver final filtering and index remapping; caller metric conversion excluded,r5-v1,,excluded_precomputed,,True,,,fresh_retrieval,0.0006061000749468,0.007508419919759,0.0005155489780008,0.0086743398569524,0.0107903419993817,measured_excluding_encoding,"[116, 29, 370, 5, 261]","[15, 14, 26, 1, 26]",Python/PBS-unbounded,3.11.15,,,<paper>/revision_campaign_20260914/default/airbnb/default.csv
70,PTS,1,feasible,complete,1,1,returned,0,,105,0.6666666666666666,0.8868689117002458,0.6666666666666666,0.0108467461541295,0.0129627482965588,10996,1,0,0,0,0,0,781.0,82.0,144,1,0.0085978400893509,0,781,5,0,0.0021160021424293,False,,,,,,,500.0,,False,iteration_limit,fixed_candidate_tree,"[15, 14, 26, 1, 26]",5.694618448615074e-05,solver final filtering and index remapping; caller metric conversion excluded,r5-v1,,excluded_precomputed,,True,,,fresh_retrieval,0.0005999119020998,0.0098171550780534,0.00037273298949,0.0108467461541295,0.0129627482965588,measured_excluding_encoding,"[116, 29, 370, 5, 261]","[15, 14, 26, 1, 26]",Python/DFS,3.11.15,,,<paper>/revision_campaign_20260914/default/airbnb/default.csv
70,eps-ILP g=4,1,feasible,complete,1,1,returned,0,17.0,3,0.0208333333333333,0.6111828629227068,0.0208333333333333,0.2498997920192778,0.2520157941617071,13277,17,0,0,0,7,0,,,144,1,0.0085978400893509,0,781,5,0,0.0021160021424293,,,,,,,,,,True,grid_complete,configured_grid,,1.607229933142662e-05,solver final filtering and index remapping; caller metric conversion excluded,r5-v1,,excluded_precomputed,,True,,,fresh_retrieval,0.0,0.2498449198901653,3.879982978105545e-05,0.2498997920192778,0.2520157941617071,measured_excluding_encoding,"[116, 29, 370, 5, 261]","[116, 29, 370, 5, 261]",scipy.optimize.milp/HiGHS,1.17.1,1.12.0,1.0,<paper>/revision_campaign_20260914/default/airbnb/default.csv
70,eps-ILP g=16,1,feasible,complete,1,1,returned,0,257.0,22,0.1527777777777778,0.9173051053644802,0.1527777777777778,4.035864809993655,4.037980812136084,200717,257,0,0,0,56,0,,,144,1,0.0085978400893509,0,781,5,0,0.0021160021424293,,,,,,,,,,True,grid_complete,configured_grid,,3.679003566503525e-05,solver final filtering and index remapping; caller metric conversion excluded,r5-v1,,excluded_precomputed,,True,,,fresh_retrieval,0.0,4.03107527596876,0.0047527439892292,4.035864809993655,4.037980812136084,measured_excluding_encoding,"[116, 29, 370, 5, 261]","[116, 29, 370, 5, 261]",scipy.optimize.milp/HiGHS,1.17.1,1.12.0,1.0,<paper>/revision_campaign_20260914/default/airbnb/default.csv
70,PBF,0,feasible,complete,1,1,work_limit,0,,0,0.0,0.0,0.0,2.7516856789588928e-05,0.0021435189992189,0,1,0,0,0,0,0,,,144,1,0.0085978400893509,0,781,5,0,0.0021160021424293,False,,,,,,,,,False,combination_limit,full_input,,2.7516856789588928e-05,solver final filtering and index remapping; caller metric conversion excluded,r5-v1,,excluded_precomputed,,True,,,fresh_retrieval,,,,2.7516856789588928e-05,0.0021435189992189,measured_excluding_encoding,"[116, 29, 370, 5, 261]",,Python/PBF,3.11.15,,,<paper>/revision_campaign_20260914/default/airbnb/default.csv
71,PACS,1,feasible,complete,1,1,returned,0,,65,1.0,1.0,1.0,0.0038046147674322,0.0057713584974408,3866,1,0,0,0,0,0,690.0,80.0,65,1,0.0038805804215371,0,690,5,1,0.0019667437300086,True,,,,,,,,,True,completed,all_reduced_candidates,"[8, 10, 24, 6, 32]",3.653205931186676e-05,solver final filtering and index remapping; caller metric conversion excluded,r5-v1,,excluded_precomputed,,True,,,fresh_retrieval,0.0004933029413223,0.0029901838861405,0.0002845958806574,0.0038046147674322,0.0057713584974408,measured_excluding_encoding,"[119, 16, 288, 20, 247]","[8, 10, 24, 6, 32]",Python/PACS+,3.11.15,,,<paper>/revision_campaign_20260914/default/airbnb/default.csv
71,PACS_dC,1,feasible,complete,1,1,returned,0,,7,0.0461538461538461,0.3630677757731489,0.0461538461538461,0.0012540277093648,0.0032207714393734,1440,1,0,0,0,0,0,,,65,1,0.0038805804215371,0,690,5,1,0.0019667437300086,False,,,,,,,,,True,completed,beam_search,"[8, 10, 24, 6, 32]",1.794053241610527e-05,solver final filtering and index remapping; caller metric conversion excluded,r5-v1,,excluded_precomputed,,True,,,fresh_retrieval,0.0004948838613927,0.0007103029638528,3.090035170316696e-05,0.0012540277093648,0.0032207714393734,measured_excluding_encoding,"[119, 16, 288, 20, 247]","[8, 10, 24, 6, 32]",Python/PACS_dC,3.11.15,,,<paper>/revision_campaign_20260914/default/airbnb/default.csv
71,PBS-unbounded,1,feasible,complete,1,1,returned,0,,65,1.0,1.0,1.0,0.0038557960651814,0.00582253979519,3866,1,0,0,0,0,0,690.0,80.0,65,1,0.0038805804215371,0,690,5,1,0.0019667437300086,True,,,,,,,,,True,completed,all_reduced_candidates,"[8, 10, 24, 6, 32]",4.080310463905335e-05,solver final filtering and index remapping; caller metric conversion excluded,r5-v1,,excluded_precomputed,,True,,,fresh_retrieval,0.0004905592650175,0.0030369306914508,0.000287503004074,0.0038557960651814,0.00582253979519,measured_excluding_encoding,"[119, 16, 288, 20, 247]","[8, 10, 24, 6, 32]",Python/PBS-unbounded,3.11.15,,,<paper>/revision_campaign_20260914/default/airbnb/default.csv
71,PTS,1,feasible,complete,1,1,returned,0,,65,1.0,1.0,1.0,0.0064836922101676,0.0084504359401762,7092,1,0,0,0,0,0,690.0,80.0,65,1,0.0038805804215371,0,690,5,1,0.0019667437300086,True,,,,,,,500.0,,True,completed,fixed_candidate_tree,"[8, 10, 24, 6, 32]",3.924313932657242e-05,solver final filtering and index remapping; caller metric conversion excluded,r5-v1,,excluded_precomputed,,True,,,fresh_retrieval,0.0004239780828356,0.0057806628756225,0.0002398081123828,0.0064836922101676,0.0084504359401762,measured_excluding_encoding,"[119, 16, 288, 20, 247]","[8, 10, 24, 6, 32]",Python/DFS,3.11.15,,,<paper>/revision_campaign_20260914/default/airbnb/default.csv
71,eps-ILP g=4,1,feasible,complete,1,1,returned,0,17.0,4,0.0615384615384615,0.3478697680758412,0.0615384615384615,0.2372870091348886,0.2392537528648972,11730,17,0,0,0,4,0,,,65,1,0.0038805804215371,0,690,5,1,0.0019667437300086,,,,,,,,,,True,grid_complete,configured_grid,,1.5628989785909653e-05,solver final filtering and index remapping; caller metric conversion excluded,r5-v1,,excluded_precomputed,,True,,,fresh_retrieval,0.0,0.2372201103717088,5.12697733938694e-05,0.2372870091348886,0.2392537528648972,measured_excluding_encoding,"[119, 16, 288, 20, 247]","[119, 16, 288, 20, 247]",scipy.optimize.milp/HiGHS,1.17.1,1.12.0,1.0,<paper>/revision_campaign_20260914/default/airbnb/default.csv
71,eps-ILP g=16,1,feasible,complete,1,1,returned,0,257.0,25,0.3846153846153846,0.9141219220246892,0.3846153846153846,3.728099543135613,3.730066286865622,177330,257,0,0,0,41,0,,,65,1,0.0038805804215371,0,690,5,1,0.0019667437300086,,,,,,,,,,True,grid_complete,configured_grid,,4.045385867357254e-05,solver final filtering and index remapping; caller metric conversion excluded,r5-v1,,excluded_precomputed,,True,,,fresh_retrieval,0.0,3.7225519199855626,0.005507169291377,3.728099543135613,3.730066286865622,measured_excluding_encoding,"[119, 16, 288, 20, 247]","[119, 16, 288, 20, 247]",scipy.optimize.milp/HiGHS,1.17.1,1.12.0,1.0,<paper>/revision_campaign_20260914/default/airbnb/default.csv
71,PBF,0,feasible,complete,1,1,work_limit,0,,0,0.0,0.0,0.0,2.2666994482278824e-05,0.0019894107244908,0,1,0,0,0,0,0,,,65,1,0.0038805804215371,0,690,5,1,0.0019667437300086,False,,,,,,,,,False,combination_limit,full_input,,2.2666994482278824e-05,solver final filtering and index remapping; caller metric conversion excluded,r5-v1,,excluded_precomputed,,True,,,fresh_retrieval,,,,2.2666994482278824e-05,0.0019894107244908,measured_excluding_encoding,"[119, 16, 288, 20, 247]",,Python/PBF,3.11.15,,,<paper>/revision_campaign_20260914/default/airbnb/default.csv
72,PACS,1,feasible,complete,1,1,returned,0,,24,0.0387596899224806,0.1468812313653261,0.0387596899224806,0.0218174583278596,0.0275463266298174,8000,1,0,0,0,0,0,4827.0,131.0,129,1,0.0307126720435917,0,4827,7,0,0.0057288683019578,False,,,,,,,,,True,completed,beam_search,"[25, 35, 32, 11, 6, 18, 4]",1.590140163898468e-05,solver final filtering and index remapping; caller metric conversion excluded,r5-v1,,excluded_precomputed,,True,,,fresh_retrieval,0.0050688749179244,0.0166339101269841,9.877188131213188e-05,0.0218174583278596,0.0275463266298174,measured_excluding_encoding,"[304, 759, 3449, 21, 8, 280, 6]","[25, 35, 32, 11, 6, 18, 4]",Python/PACS+,3.11.15,,,<paper>/revision_campaign_20260914/default/airbnb/default.csv
72,PACS_dC,0,feasible,complete,1,1,no_assignment,0,,0,0.0,0.0,0.0,0.005922838114202,0.0116517064161598,1844,1,0,0,0,0,0,,,129,1,0.0307126720435917,0,4827,7,0,0.0057288683019578,False,,,,,,,,,True,completed,beam_search,"[25, 35, 32, 11, 6, 18, 4]",1.9117258489131927e-05,solver final filtering and index remapping; caller metric conversion excluded,r5-v1,,excluded_precomputed,,True,,,fresh_retrieval,0.0046006417833268,0.0012996620498597,3.4170225262641907e-06,0.005922838114202,0.0116517064161598,measured_excluding_encoding,"[304, 759, 3449, 21, 8, 280, 6]","[25, 35, 32, 11, 6, 18, 4]",Python/PACS_dC,3.11.15,,,<paper>/revision_campaign_20260914/default/airbnb/default.csv
72,PBS-unbounded,1,feasible,complete,1,1,returned,0,,129,1.0,1.0,1.0,0.0308570507913827,0.0365859190933406,14246,1,0,0,0,0,0,4827.0,131.0,129,1,0.0307126720435917,0,4827,7,0,0.0057288683019578,True,,,,,,,,,True,completed,all_reduced_candidates,"[25, 35, 32, 11, 6, 18, 4]",1.954520121216774e-05,solver final filtering and index remapping; caller metric conversion excluded,r5-v1,,excluded_precomputed,,True,,,fresh_retrieval,0.0050420225597918,0.0253307833336293,0.0004646996967494,0.0308570507913827,0.0365859190933406,measured_excluding_encoding,"[304, 759, 3449, 21, 8, 280, 6]","[25, 35, 32, 11, 6, 18, 4]",Python/PBS-unbounded,3.11.15,,,<paper>/revision_campaign_20260914/default/airbnb/default.csv
72,PTS,1,feasible,complete,1,1,returned,0,,73,0.3875968992248062,0.8363270798655729,0.3875968992248062,0.0147501258179545,0.0204789941199123,9604,1,0,0,0,0,0,4827.0,131.0,129,1,0.0307126720435917,0,4827,7,0,0.0057288683019578,False,,,,,,,500.0,,False,iteration_limit,fixed_candidate_tree,"[25, 35, 32, 11, 6, 18, 4]",5.153147503733635e-05,solver final filtering and index remapping; caller metric conversion excluded,r5-v1,,excluded_precomputed,,True,,,fresh_retrieval,0.0046329591423273,0.0097923120483756,0.0002733231522142,0.0147501258179545,0.0204789941199123,measured_excluding_encoding,"[304, 759, 3449, 21, 8, 280, 6]","[25, 35, 32, 11, 6, 18, 4]",Python/DFS,3.11.15,,,<paper>/revision_campaign_20260914/default/airbnb/default.csv
72,eps-ILP g=4,1,feasible,complete,1,1,returned,0,17.0,2,0.0155038759689922,0.26463167411124,0.0155038759689922,1.1192461578175426,1.1249750261195004,82059,17,0,0,0,10,0,,,129,1,0.0307126720435917,0,4827,7,0,0.0057288683019578,,,,,,,,,,True,grid_complete,configured_grid,,2.320948988199234e-05,solver final filtering and index remapping; caller metric conversion excluded,r5-v1,,excluded_precomputed,,True,,,fresh_retrieval,0.0,1.119193660095334,2.928823232650757e-05,1.1192461578175426,1.1249750261195004,measured_excluding_encoding,"[304, 759, 3449, 21, 8, 280, 6]","[304, 759, 3449, 21, 8, 280, 6]",scipy.optimize.milp/HiGHS,1.17.1,1.12.0,1.0,<paper>/revision_campaign_20260914/default/airbnb/default.csv
72,eps-ILP g=16,1,feasible,complete,1,1,returned,0,257.0,18,0.1395348837209302,0.8801308642998127,0.1395348837209302,16.10430605011061,16.110034918412566,1240539,257,0,0,0,118,0,,,129,1,0.0307126720435917,0,4827,7,0,0.0057288683019578,,,,,,,,,,True,grid_complete,configured_grid,,7.440010085701942e-05,solver final filtering and index remapping; caller metric conversion excluded,r5-v1,,excluded_precomputed,,True,,,fresh_retrieval,0.0,16.10193080129102,0.0023008487187325,16.10430605011061,16.110034918412566,measured_excluding_encoding,"[304, 759, 3449, 21, 8, 280, 6]","[304, 759, 3449, 21, 8, 280, 6]",scipy.optimize.milp/HiGHS,1.17.1,1.12.0,1.0,<paper>/revision_campaign_20260914/default/airbnb/default.csv
72,PBF,0,feasible,complete,1,1,work_limit,0,,0,0.0,0.0,0.0,3.765802830457688e-05,0.0057665263302624,0,1,0,0,0,0,0,,,129,1,0.0307126720435917,0,4827,7,0,0.0057288683019578,False,,,,,,,,,False,combination_limit,full_input,,3.765802830457688e-05,solver final filtering and index remapping; caller metric conversion excluded,r5-v1,,excluded_precomputed,,True,,,fresh_retrieval,,,,3.765802830457688e-05,0.0057665263302624,measured_excluding_encoding,"[304, 759, 3449, 21, 8, 280, 6]",,Python/PBF,3.11.15,,,<paper>/revision_campaign_20260914/default/airbnb/default.csv
73,PACS,1,feasible,complete,1,1,returned,0,,35,0.0525291828793774,0.6814861696614075,0.0524271844660194,0.0198367103002965,0.0222789449617266,6574,1,0,0,0,0,0,1106.0,103.0,514,1,0.0584709369577467,0,1106,7,1,0.0024422346614301,False,,,,,,,,,True,completed,beam_search,"[1, 13, 26, 15, 10, 15, 23]",0.0001449952833354,solver final filtering and index remapping; caller metric conversion excluded,r5-v1,,excluded_precomputed,,True,,,fresh_retrieval,0.0015485752373933,0.0178104508668184,0.0003326889127492,0.0198367103002965,0.0222789449617266,measured_excluding_encoding,"[2, 65, 398, 95, 311, 56, 179]","[1, 13, 26, 15, 10, 15, 23]",Python/PACS+,3.11.15,,,<paper>/revision_campaign_20260914/default/airbnb/default.csv
73,PACS_dC,1,feasible,complete,1,1,returned,0,,100,0.0038910505836575,0.3935640720273489,0.0058252427184466,0.0067336899228394,0.0091759245842695,3218,1,0,0,0,0,0,,,514,1,0.0584709369577467,0,1106,7,1,0.0024422346614301,False,,,,,,,,,True,completed,beam_search,"[1, 13, 26, 15, 10, 15, 23]",4.425784572958946e-05,solver final filtering and index remapping; caller metric conversion excluded,r5-v1,,excluded_precomputed,,True,,,fresh_retrieval,0.0011091888882219,0.0052243331447243,0.0003559100441634,0.0067336899228394,0.0091759245842695,measured_excluding_encoding,"[2, 65, 398, 95, 311, 56, 179]","[1, 13, 26, 15, 10, 15, 23]",Python/PACS_dC,3.11.15,,,<paper>/revision_campaign_20260914/default/airbnb/default.csv
73,PBS-unbounded,1,feasible,complete,1,1,returned,0,,514,1.0,1.0,0.9980582524271844,0.0563507820479571,0.0587930167093873,17632,1,0,0,0,0,0,1106.0,103.0,514,1,0.0584709369577467,0,1106,7,1,0.0024422346614301,True,,,,,,,,,True,completed,all_reduced_candidates,"[1, 13, 26, 15, 10, 15, 23]",0.0005170856602489,solver final filtering and index remapping; caller metric conversion excluded,r5-v1,,excluded_precomputed,,True,,,fresh_retrieval,0.0010891342535614,0.0511546130292117,0.0035899491049349,0.0563507820479571,0.0587930167093873,measured_excluding_encoding,"[2, 65, 398, 95, 311, 56, 179]","[1, 13, 26, 15, 10, 15, 23]",Python/PBS-unbounded,3.11.15,,,<paper>/revision_campaign_20260914/default/airbnb/default.csv
73,PTS,1,feasible,complete,1,1,returned,0,,94,0.0272373540856031,0.6283801972922584,0.0271844660194174,0.0120597877539694,0.0145020224153995,5914,1,0,0,0,0,0,1106.0,103.0,514,1,0.0584709369577467,0,1106,7,1,0.0024422346614301,False,,,,,,,500.0,,False,iteration_limit,fixed_candidate_tree,"[1, 13, 26, 15, 10, 15, 23]",5.921488627791405e-05,solver final filtering and index remapping; caller metric conversion excluded,r5-v1,,excluded_precomputed,,True,,,fresh_retrieval,0.0010771895758807,0.0105828302912414,0.0003405530005693,0.0120597877539694,0.0145020224153995,measured_excluding_encoding,"[2, 65, 398, 95, 311, 56, 179]","[1, 13, 26, 15, 10, 15, 23]",Python/DFS,3.11.15,,,<paper>/revision_campaign_20260914/default/airbnb/default.csv
73,eps-ILP g=4,1,feasible,complete,1,1,returned,0,17.0,4,0.0077821011673151,0.2613964901005003,0.0077669902912621,0.3598816399462521,0.3623238746076822,18802,17,0,0,0,4,0,,,514,1,0.0584709369577467,0,1106,7,1,0.0024422346614301,,,,,,,,,,True,grid_complete,configured_grid,,1.6965903341770172e-05,solver final filtering and index remapping; caller metric conversion excluded,r5-v1,,excluded_precomputed,,True,,,fresh_retrieval,0.0,0.3598128743469715,5.179969593882561e-05,0.3598816399462521,0.3623238746076822,measured_excluding_encoding,"[2, 65, 398, 95, 311, 56, 179]","[2, 65, 398, 95, 311, 56, 179]",scipy.optimize.milp/HiGHS,1.17.1,1.12.0,1.0,<paper>/revision_campaign_20260914/default/airbnb/default.csv
73,eps-ILP g=16,1,feasible,complete,1,1,returned,0,257.0,40,0.0778210116731517,0.8984563530242601,0.0776699029126213,5.759776458144188,5.762218692805618,284242,257,0,0,0,16,0,,,514,1,0.0584709369577467,0,1106,7,1,0.0024422346614301,,,,,,,,,,True,grid_complete,configured_grid,,4.988536238670349e-05,solver final filtering and index remapping; caller metric conversion excluded,r5-v1,,excluded_precomputed,,True,,,fresh_retrieval,0.0,5.75315786106512,0.0065687117166817,5.759776458144188,5.762218692805618,measured_excluding_encoding,"[2, 65, 398, 95, 311, 56, 179]","[2, 65, 398, 95, 311, 56, 179]",scipy.optimize.milp/HiGHS,1.17.1,1.12.0,1.0,<paper>/revision_campaign_20260914/default/airbnb/default.csv
73,PBF,0,feasible,complete,1,1,work_limit,0,,0,0.0,0.0,0.0,2.400577068328857e-05,0.0024662404321134,0,1,0,0,0,0,0,,,514,1,0.0584709369577467,0,1106,7,1,0.0024422346614301,False,,,,,,,,,False,combination_limit,full_input,,2.400577068328857e-05,solver final filtering and index remapping; caller metric conversion excluded,r5-v1,,excluded_precomputed,,True,,,fresh_retrieval,,,,2.400577068328857e-05,0.0024662404321134,measured_excluding_encoding,"[2, 65, 398, 95, 311, 56, 179]",,Python/PBF,3.11.15,,,<paper>/revision_campaign_20260914/default/airbnb/default.csv
74,PACS,1,feasible,complete,1,1,returned,0,,41,1.0,1.0,1.0,0.0008745682425796,0.0024792631156742,588,1,0,0,0,0,0,257.0,47.0,41,1,0.0008398187346756,0,257,4,0,0.0016046948730945,True,,,,,,,,,True,completed,all_reduced_candidates,"[1, 14, 17, 15]",1.545250415802002e-05,solver final filtering and index remapping; caller metric conversion excluded,r5-v1,,excluded_precomputed,,True,,,fresh_retrieval,0.000317296013236,0.0003930586390197,0.0001487610861659,0.0008745682425796,0.0024792631156742,measured_excluding_encoding,"[4, 107, 36, 110]","[1, 14, 17, 15]",Python/PACS+,3.11.15,,,<paper>/revision_campaign_20260914/default/airbnb/default.csv
74,PACS_dC,1,feasible,complete,1,1,returned,0,,33,0.8048780487804879,0.9916098181933451,0.8048780487804879,0.0007307832129299,0.0023354780860245,419,1,0,0,0,0,0,,,41,1,0.0008398187346756,0,257,4,0,0.0016046948730945,False,,,,,,,,,True,completed,beam_search,"[1, 14, 17, 15]",1.3431068509817123e-05,solver final filtering and index remapping; caller metric conversion excluded,r5-v1,,excluded_precomputed,,True,,,fresh_retrieval,0.0002133580856025,0.0003885617479681,0.0001154323108494,0.0007307832129299,0.0023354780860245,measured_excluding_encoding,"[4, 107, 36, 110]","[1, 14, 17, 15]",Python/PACS_dC,3.11.15,,,<paper>/revision_campaign_20260914/default/airbnb/default.csv
74,PBS-unbounded,1,feasible,complete,1,1,returned,0,,41,1.0,1.0,1.0,0.0007628402672708,0.0023675351403653,588,1,0,0,0,0,0,257.0,47.0,41,1,0.0008398187346756,0,257,4,0,0.0016046948730945,True,,,,,,,,,True,completed,all_reduced_candidates,"[1, 14, 17, 15]",1.6724225133657455e-05,solver final filtering and index remapping; caller metric conversion excluded,r5-v1,,excluded_precomputed,,True,,,fresh_retrieval,0.0002132020890712,0.0003925622440874,0.0001403517089784,0.0007628402672708,0.0023675351403653,measured_excluding_encoding,"[4, 107, 36, 110]","[1, 14, 17, 15]",Python/PBS-unbounded,3.11.15,,,<paper>/revision_campaign_20260914/default/airbnb/default.csv
74,PTS,1,feasible,complete,1,1,returned,0,,41,1.0,1.0,1.0,0.0018373150378465,0.0034420099109411,1075,1,0,0,0,0,0,257.0,47.0,41,1,0.0008398187346756,0,257,4,0,0.0016046948730945,True,,,,,,,500.0,,True,completed,fixed_candidate_tree,"[1, 14, 17, 15]",2.46390700340271e-05,solver final filtering and index remapping; caller metric conversion excluded,r5-v1,,excluded_precomputed,,True,,,fresh_retrieval,0.0002070059999823,0.00145950820297,0.0001461617648601,0.0018373150378465,0.0034420099109411,measured_excluding_encoding,"[4, 107, 36, 110]","[1, 14, 17, 15]",Python/DFS,3.11.15,,,<paper>/revision_campaign_20260914/default/airbnb/default.csv
74,eps-ILP g=4,1,feasible,complete,1,1,returned,0,17.0,3,0.073170731707317,0.2035293208638368,0.073170731707317,0.1151194651611149,0.1167241600342094,4369,17,0,0,0,7,0,,,41,1,0.0008398187346756,0,257,4,0,0.0016046948730945,,,,,,,,,,True,grid_complete,configured_grid,,1.564808189868927e-05,solver final filtering and index remapping; caller metric conversion excluded,r5-v1,,excluded_precomputed,,True,,,fresh_retrieval,0.0,0.1150653208605945,3.84962186217308e-05,0.1151194651611149,0.1167241600342094,measured_excluding_encoding,"[4, 107, 36, 110]","[4, 107, 36, 110]",scipy.optimize.milp/HiGHS,1.17.1,1.12.0,1.0,<paper>/revision_campaign_20260914/default/airbnb/default.csv
74,eps-ILP g=16,1,feasible,complete,1,1,returned,0,257.0,17,0.4146341463414634,0.9577794405660692,0.4146341463414634,1.9058445943519475,1.9074492892250416,66049,257,0,0,0,94,0,,,41,1,0.0008398187346756,0,257,4,0,0.0016046948730945,,,,,,,,,,True,grid_complete,configured_grid,,3.1682197004556656e-05,solver final filtering and index remapping; caller metric conversion excluded,r5-v1,,excluded_precomputed,,True,,,fresh_retrieval,0.0,1.9025908950716257,0.003222017083317,1.9058445943519475,1.9074492892250416,measured_excluding_encoding,"[4, 107, 36, 110]","[4, 107, 36, 110]",scipy.optimize.milp/HiGHS,1.17.1,1.12.0,1.0,<paper>/revision_campaign_20260914/default/airbnb/default.csv
74,PBF,1,feasible,complete,1,1,returned,0,,41,1.0,1.0,1.0,0.4201907999813556,0.4217954948544502,6779520,1,0,0,0,0,0,,,41,1,0.0008398187346756,0,257,4,0,0.0016046948730945,True,,,,,,,,,True,complete,full_input,,0.4201907999813556,solver final filtering and index remapping; caller metric conversion excluded,r5-v1,,excluded_precomputed,,True,,,fresh_retrieval,,,,0.4201907999813556,0.4217954948544502,measured_excluding_encoding,"[4, 107, 36, 110]",,Python/PBF,3.11.15,,,<paper>/revision_campaign_20260914/default/airbnb/default.csv
75,PACS,1,feasible,complete,1,1,returned,0,,84,0.5526315789473685,0.9514211966959012,0.5526315789473685,0.0111668640747666,0.0151229379698634,6823,1,0,0,0,0,0,2680.0,103.0,152,1,0.0110503369942307,0,2680,6,1,0.0039560738950967,False,,,,,,,,,True,completed,beam_search,"[3, 8, 20, 32, 17, 23]",5.5653974413871765e-05,solver final filtering and index remapping; caller metric conversion excluded,r5-v1,,excluded_precomputed,,True,,,fresh_retrieval,0.0023595332168042,0.0084021817892789,0.0003494950942695,0.0111668640747666,0.0151229379698634,measured_excluding_encoding,"[4, 332, 301, 947, 341, 755]","[3, 8, 20, 32, 17, 23]",Python/PACS+,3.11.15,,,<paper>/revision_campaign_20260914/default/airbnb/default.csv
75,PACS_dC,1,feasible,complete,1,1,returned,0,,19,0.0,0.1766223625521671,0.0,0.0030060661956667,0.0069621400907635,2184,1,0,0,0,0,0,,,152,1,0.0110503369942307,0,2680,6,1,0.0039560738950967,False,,,,,,,,,True,completed,beam_search,"[3, 8, 20, 32, 17, 23]",1.860829070210457e-05,solver final filtering and index remapping; caller metric conversion excluded,r5-v1,,excluded_precomputed,,True,,,fresh_retrieval,0.001816676929593,0.0011012842878699,6.949668750166893e-05,0.0030060661956667,0.0069621400907635,measured_excluding_encoding,"[4, 332, 301, 947, 341, 755]","[3, 8, 20, 32, 17, 23]",Python/PACS_dC,3.11.15,,,<paper>/revision_campaign_20260914/default/airbnb/default.csv
75,PBS-unbounded,1,feasible,complete,1,1,returned,0,,152,1.0,1.0,1.0,0.0106880799867212,0.014644153881818,7827,1,0,0,0,0,0,2680.0,103.0,152,1,0.0110503369942307,0,2680,6,1,0.0039560738950967,True,,,,,,,,,True,completed,all_reduced_candidates,"[3, 8, 20, 32, 17, 23]",6.546638906002045e-05,solver final filtering and index remapping; caller metric conversion excluded,r5-v1,,excluded_precomputed,,True,,,fresh_retrieval,0.0017759408801794,0.0082567757926881,0.0005898969247937,0.0106880799867212,0.014644153881818,measured_excluding_encoding,"[4, 332, 301, 947, 341, 755]","[3, 8, 20, 32, 17, 23]",Python/PBS-unbounded,3.11.15,,,<paper>/revision_campaign_20260914/default/airbnb/default.csv
75,PTS,1,feasible,complete,1,1,returned,0,,108,0.5263157894736842,0.8852568706107685,0.5263157894736842,0.0116688627749681,0.0156249366700649,11327,1,0,0,0,0,0,2680.0,103.0,152,1,0.0110503369942307,0,2680,6,1,0.0039560738950967,False,,,,,,,500.0,,False,iteration_limit,fixed_candidate_tree,"[3, 8, 20, 32, 17, 23]",5.3717754781246185e-05,solver final filtering and index remapping; caller metric conversion excluded,r5-v1,,excluded_precomputed,,True,,,fresh_retrieval,0.0017647431232035,0.0094639519229531,0.0003864499740302,0.0116688627749681,0.0156249366700649,measured_excluding_encoding,"[4, 332, 301, 947, 341, 755]","[3, 8, 20, 32, 17, 23]",Python/DFS,3.11.15,,,<paper>/revision_campaign_20260914/default/airbnb/default.csv
75,eps-ILP g=4,1,feasible,complete,1,1,returned,0,17.0,4,0.0263157894736842,0.725181265808833,0.0263157894736842,0.5850805919617414,0.5890366658568382,45560,17,0,0,0,4,0,,,152,1,0.0110503369942307,0,2680,6,1,0.0039560738950967,,,,,,,,,,True,grid_complete,configured_grid,,1.745671033859253e-05,solver final filtering and index remapping; caller metric conversion excluded,r5-v1,,excluded_precomputed,,True,,,fresh_retrieval,0.0,0.5850100442767143,5.309097468852997e-05,0.5850805919617414,0.5890366658568382,measured_excluding_encoding,"[4, 332, 301, 947, 341, 755]","[4, 332, 301, 947, 341, 755]",scipy.optimize.milp/HiGHS,1.17.1,1.12.0,1.0,<paper>/revision_campaign_20260914/default/airbnb/default.csv
75,eps-ILP g=16,1,feasible,complete,1,1,returned,0,257.0,17,0.1118421052631579,0.91562658627989,0.1118421052631579,8.681186251807958,8.685142325703055,688760,257,0,0,0,17,0,,,152,1,0.0110503369942307,0,2680,6,1,0.0039560738950967,,,,,,,,,,True,grid_complete,configured_grid,,8.332496508955956e-05,solver final filtering and index remapping; caller metric conversion excluded,r5-v1,,excluded_precomputed,,True,,,fresh_retrieval,0.0,8.674355906900018,0.0067470199428498,8.681186251807958,8.685142325703055,measured_excluding_encoding,"[4, 332, 301, 947, 341, 755]","[4, 332, 301, 947, 341, 755]",scipy.optimize.milp/HiGHS,1.17.1,1.12.0,1.0,<paper>/revision_campaign_20260914/default/airbnb/default.csv
75,PBF,0,feasible,complete,1,1,work_limit,0,,0,0.0,0.0,0.0,3.634719178080559e-05,0.0039924210868775,0,1,0,0,0,0,0,,,152,1,0.0110503369942307,0,2680,6,1,0.0039560738950967,False,,,,,,,,,False,combination_limit,full_input,,3.634719178080559e-05,solver final filtering and index remapping; caller metric conversion excluded,r5-v1,,excluded_precomputed,,True,,,fresh_retrieval,,,,3.634719178080559e-05,0.0039924210868775,measured_excluding_encoding,"[4, 332, 301, 947, 341, 755]",,Python/PBF,3.11.15,,,<paper>/revision_campaign_20260914/default/airbnb/default.csv
76,PACS,1,feasible,complete,1,1,returned,0,,100,0.2439024390243902,0.763351143336281,0.2439024390243902,0.0246187387965619,0.034045095089823,7688,1,0,0,0,0,0,8835.0,128.0,410,1,0.0284831877797842,0,8835,6,0,0.009426356293261,False,,,,,,,,,True,completed,beam_search,"[37, 23, 8, 13, 21, 26]",9.83821228146553e-05,solver final filtering and index remapping; caller metric conversion excluded,r5-v1,,excluded_precomputed,,True,,,fresh_retrieval,0.0082595897838473,0.0158965708687901,0.0003641960211098,0.0246187387965619,0.034045095089823,measured_excluding_encoding,"[5702, 2310, 29, 38, 565, 191]","[37, 23, 8, 13, 21, 26]",Python/PACS+,3.11.15,,,<paper>/revision_campaign_20260914/default/airbnb/default.csv
76,PACS_dC,0,feasible,complete,1,1,no_assignment,0,,0,0.0,0.0,0.0,0.0082502351142466,0.0176765914075076,387,1,0,0,0,0,0,,,410,1,0.0284831877797842,0,8835,6,0,0.009426356293261,False,,,,,,,,,True,completed,beam_search,"[37, 23, 8, 13, 21, 26]",2.2834166884422306e-05,solver final filtering and index remapping; caller metric conversion excluded,r5-v1,,excluded_precomputed,,True,,,fresh_retrieval,0.0077881906181573,0.0004359493032097,3.261025995016098e-06,0.0082502351142466,0.0176765914075076,measured_excluding_encoding,"[5702, 2310, 29, 38, 565, 191]","[37, 23, 8, 13, 21, 26]",Python/PACS_dC,3.11.15,,,<paper>/revision_campaign_20260914/default/airbnb/default.csv
76,PBS-unbounded,1,feasible,complete,1,1,returned,0,,410,1.0,1.0,1.0,0.028375671710819,0.03780202800408,11632,1,0,0,0,0,0,8835.0,128.0,410,1,0.0284831877797842,0,8835,6,0,0.009426356293261,True,,,,,,,,,True,completed,all_reduced_candidates,"[37, 23, 8, 13, 21, 26]",0.0001443750225007,solver final filtering and index remapping; caller metric conversion excluded,r5-v1,,excluded_precomputed,,True,,,fresh_retrieval,0.008079825900495,0.0186268147081136,0.0015246560797095,0.028375671710819,0.03780202800408,measured_excluding_encoding,"[5702, 2310, 29, 38, 565, 191]","[37, 23, 8, 13, 21, 26]",Python/PBS-unbounded,3.11.15,,,<paper>/revision_campaign_20260914/default/airbnb/default.csv
76,PTS,1,feasible,complete,1,1,returned,0,,128,0.2390243902439024,0.7705107205533694,0.2390243902439024,0.0190614331513643,0.0284877894446253,8022,1,0,0,0,0,0,8835.0,128.0,410,1,0.0284831877797842,0,8835,6,0,0.009426356293261,False,,,,,,,500.0,,False,iteration_limit,fixed_candidate_tree,"[37, 23, 8, 13, 21, 26]",5.48860989511013e-05,solver final filtering and index remapping; caller metric conversion excluded,r5-v1,,excluded_precomputed,,True,,,fresh_retrieval,0.007691181730479,0.01085981214419,0.0004555531777441,0.0190614331513643,0.0284877894446253,measured_excluding_encoding,"[5702, 2310, 29, 38, 565, 191]","[37, 23, 8, 13, 21, 26]",Python/DFS,3.11.15,,,<paper>/revision_campaign_20260914/default/airbnb/default.csv
76,eps-ILP g=4,1,feasible,complete,1,1,returned,0,17.0,3,0.0073170731707317,0.3319119642009516,0.0073170731707317,1.981925174128264,1.9913515304215248,150195,17,0,0,0,7,0,,,410,1,0.0284831877797842,0,8835,6,0,0.009426356293261,,,,,,,,,,True,grid_complete,configured_grid,,1.746276393532753e-05,solver final filtering and index remapping; caller metric conversion excluded,r5-v1,,excluded_precomputed,,True,,,fresh_retrieval,0.0,1.9818674479611216,4.026340320706368e-05,1.981925174128264,1.9913515304215248,measured_excluding_encoding,"[5702, 2310, 29, 38, 565, 191]","[5702, 2310, 29, 38, 565, 191]",scipy.optimize.milp/HiGHS,1.17.1,1.12.0,1.0,<paper>/revision_campaign_20260914/default/airbnb/default.csv
76,eps-ILP g=16,1,feasible,complete,1,1,returned,0,257.0,39,0.0951219512195122,0.8930253197132956,0.0951219512195122,26.96060466906056,26.97003102535382,2270595,257,0,0,0,78,0,,,410,1,0.0284831877797842,0,8835,6,0,0.009426356293261,,,,,,,,,,True,grid_complete,configured_grid,,8.48378986120224e-05,solver final filtering and index remapping; caller metric conversion excluded,r5-v1,,excluded_precomputed,,True,,,fresh_retrieval,0.0,26.956744022201747,0.0037758089601993,26.96060466906056,26.97003102535382,measured_excluding_encoding,"[5702, 2310, 29, 38, 565, 191]","[5702, 2310, 29, 38, 565, 191]",scipy.optimize.milp/HiGHS,1.17.1,1.12.0,1.0,<paper>/revision_campaign_20260914/default/airbnb/default.csv
76,PBF,0,feasible,complete,1,1,work_limit,0,,0,0.0,0.0,0.0,4.07039187848568e-05,0.0094670602120459,0,1,0,0,0,0,0,,,410,1,0.0284831877797842,0,8835,6,0,0.009426356293261,False,,,,,,,,,False,combination_limit,full_input,,4.07039187848568e-05,solver final filtering and index remapping; caller metric conversion excluded,r5-v1,,excluded_precomputed,,True,,,fresh_retrieval,,,,4.07039187848568e-05,0.0094670602120459,measured_excluding_encoding,"[5702, 2310, 29, 38, 565, 191]",,Python/PBF,3.11.15,,,<paper>/revision_campaign_20260914/default/airbnb/default.csv
77,PACS,1,feasible,complete,1,1,returned,0,,100,0.0222457627118644,0.5042948355573966,0.0222457627118644,0.0291166864335536,0.0343108824454247,10612,1,0,0,0,0,0,4294.0,165.0,944,1,0.1247826041653752,0,4294,6,1,0.005194196011871,False,,,,,,,,,True,completed,beam_search,"[41, 31, 29, 16, 30, 18]",5.85261732339859e-05,solver final filtering and index remapping; caller metric conversion excluded,r5-v1,,excluded_precomputed,,True,,,fresh_retrieval,0.0036195800639688,0.0250780158676207,0.0003605643287301,0.0291166864335536,0.0343108824454247,measured_excluding_encoding,"[1250, 362, 2025, 26, 174, 457]","[41, 31, 29, 16, 30, 18]",Python/PACS+,3.11.15,,,<paper>/revision_campaign_20260914/default/airbnb/default.csv
77,PACS_dC,1,feasible,complete,1,1,returned,0,,9,0.0,0.041548647093602,0.0,0.0067588039673864,0.0119529999792575,4956,1,0,0,0,0,0,,,944,1,0.1247826041653752,0,4294,6,1,0.005194196011871,False,,,,,,,,,True,completed,beam_search,"[41, 31, 29, 16, 30, 18]",2.459390088915825e-05,solver final filtering and index remapping; caller metric conversion excluded,r5-v1,,excluded_precomputed,,True,,,fresh_retrieval,0.0033725691027939,0.0033242842182517,3.7356745451688766e-05,0.0067588039673864,0.0119529999792575,measured_excluding_encoding,"[1250, 362, 2025, 26, 174, 457]","[41, 31, 29, 16, 30, 18]",Python/PACS_dC,3.11.15,,,<paper>/revision_campaign_20260914/default/airbnb/default.csv
77,PBS-unbounded,1,feasible,complete,1,1,returned,0,,944,1.0,1.0,1.0,0.3655006419867277,0.3706948379985988,54529,1,0,0,0,0,0,4294.0,165.0,944,1,0.1247826041653752,0,4294,6,1,0.005194196011871,True,,,,,,,,,True,completed,all_reduced_candidates,"[41, 31, 29, 16, 30, 18]",0.0003848760388791,solver final filtering and index remapping; caller metric conversion excluded,r5-v1,,excluded_precomputed,,True,,,fresh_retrieval,0.0033431500196456,0.3574833748862147,0.0042892410419881,0.3655006419867277,0.3706948379985988,measured_excluding_encoding,"[1250, 362, 2025, 26, 174, 457]","[41, 31, 29, 16, 30, 18]",Python/PBS-unbounded,3.11.15,,,<paper>/revision_campaign_20260914/default/airbnb/default.csv
77,PTS,1,feasible,complete,1,1,returned,0,,107,0.0,0.3878472919246687,0.0,0.0128459329716861,0.0180401289835572,10221,1,0,0,0,0,0,4294.0,165.0,944,1,0.1247826041653752,0,4294,6,1,0.005194196011871,False,,,,,,,500.0,,False,iteration_limit,fixed_candidate_tree,"[41, 31, 29, 16, 30, 18]",5.2782706916332245e-05,solver final filtering and index remapping; caller metric conversion excluded,r5-v1,,excluded_precomputed,,True,,,fresh_retrieval,0.0033129779621958,0.0090980040840804,0.0003821682184934,0.0128459329716861,0.0180401289835572,measured_excluding_encoding,"[1250, 362, 2025, 26, 174, 457]","[41, 31, 29, 16, 30, 18]",Python/DFS,3.11.15,,,<paper>/revision_campaign_20260914/default/airbnb/default.csv
77,eps-ILP g=4,1,feasible,complete,1,1,returned,0,17.0,4,0.0042372881355932,0.5083343159374379,0.0042372881355932,1.0281647290103135,1.0333589250221848,72998,17,0,0,0,4,0,,,944,1,0.1247826041653752,0,4294,6,1,0.005194196011871,,,,,,,,,,True,grid_complete,configured_grid,,1.841224730014801e-05,solver final filtering and index remapping; caller metric conversion excluded,r5-v1,,excluded_precomputed,,True,,,fresh_retrieval,0.0,1.02809238107875,5.393568426370621e-05,1.0281647290103135,1.0333589250221848,measured_excluding_encoding,"[1250, 362, 2025, 26, 174, 457]","[1250, 362, 2025, 26, 174, 457]",scipy.optimize.milp/HiGHS,1.17.1,1.12.0,1.0,<paper>/revision_campaign_20260914/default/airbnb/default.csv
77,eps-ILP g=16,1,feasible,complete,1,1,returned,0,257.0,30,0.0317796610169491,0.8251853971354177,0.0317796610169491,16.419349228031933,16.424543424043804,1103558,257,0,0,0,16,0,,,944,1,0.1247826041653752,0,4294,6,1,0.005194196011871,,,,,,,,,,True,grid_complete,configured_grid,,0.0001057530753314,solver final filtering and index remapping; caller metric conversion excluded,r5-v1,,excluded_precomputed,,True,,,fresh_retrieval,0.0,16.412530979141593,0.0067124958150088,16.419349228031933,16.424543424043804,measured_excluding_encoding,"[1250, 362, 2025, 26, 174, 457]","[1250, 362, 2025, 26, 174, 457]",scipy.optimize.milp/HiGHS,1.17.1,1.12.0,1.0,<paper>/revision_campaign_20260914/default/airbnb/default.csv
77,PBF,0,feasible,complete,1,1,work_limit,0,,0,0.0,0.0,0.0,2.890871837735176e-05,0.0052231047302484,0,1,0,0,0,0,0,,,944,1,0.1247826041653752,0,4294,6,1,0.005194196011871,False,,,,,,,,,False,combination_limit,full_input,,2.890871837735176e-05,solver final filtering and index remapping; caller metric conversion excluded,r5-v1,,excluded_precomputed,,True,,,fresh_retrieval,,,,2.890871837735176e-05,0.0052231047302484,measured_excluding_encoding,"[1250, 362, 2025, 26, 174, 457]",,Python/PBF,3.11.15,,,<paper>/revision_campaign_20260914/default/airbnb/default.csv
78,PACS,1,feasible,complete,1,1,returned,0,,78,0.052734375,0.7496663282205777,0.0618955512572533,0.0255542509257793,0.0316297886893153,7840,1,0,0,0,0,0,4978.0,124.0,512,1,0.062525637447834,0,4978,6,1,0.0060755377635359,False,,,,,,,,,True,completed,beam_search,"[6, 39, 30, 5, 22, 22]",9.040627628564836e-05,solver final filtering and index remapping; caller metric conversion excluded,r5-v1,,excluded_precomputed,,True,,,fresh_retrieval,0.0050627249293029,0.0200502448715269,0.0003508748486638,0.0255542509257793,0.0316297886893153,measured_excluding_encoding,"[14, 3645, 400, 7, 111, 801]","[6, 39, 30, 5, 22, 22]",Python/PACS+,3.11.15,,,<paper>/revision_campaign_20260914/default/airbnb/default.csv
78,PACS_dC,1,feasible,complete,1,1,returned,0,,80,0.0234375,0.5815393088616101,0.02321083172147,0.0076690311543643,0.0137445689179003,2999,1,0,0,0,0,0,,,512,1,0.062525637447834,0,4978,6,1,0.0060755377635359,False,,,,,,,,,True,completed,beam_search,"[6, 39, 30, 5, 22, 22]",3.5637058317661285e-05,solver final filtering and index remapping; caller metric conversion excluded,r5-v1,,excluded_precomputed,,True,,,fresh_retrieval,0.0045972596853971,0.002755822148174,0.0002803122624754,0.0076690311543643,0.0137445689179003,measured_excluding_encoding,"[14, 3645, 400, 7, 111, 801]","[6, 39, 30, 5, 22, 22]",Python/PACS_dC,3.11.15,,,<paper>/revision_campaign_20260914/default/airbnb/default.csv
78,PBS-unbounded,1,feasible,complete,1,1,returned,0,,512,1.0,1.0,0.9903288201160542,0.0606868122704327,0.0667623500339686,22680,1,0,0,0,0,0,4978.0,124.0,512,1,0.062525637447834,0,4978,6,1,0.0060755377635359,True,,,,,,,,,True,completed,all_reduced_candidates,"[6, 39, 30, 5, 22, 22]",0.0003996021114289,solver final filtering and index remapping; caller metric conversion excluded,r5-v1,,excluded_precomputed,,True,,,fresh_retrieval,0.0045841080136597,0.0528342621400952,0.0028688400052487,0.0606868122704327,0.0667623500339686,measured_excluding_encoding,"[14, 3645, 400, 7, 111, 801]","[6, 39, 30, 5, 22, 22]",Python/PBS-unbounded,3.11.15,,,<paper>/revision_campaign_20260914/default/airbnb/default.csv
78,PTS,1,feasible,complete,1,1,returned,0,,120,0.0546875,0.738434581185082,0.0541586073500967,0.0151203167624771,0.0211958545260131,9241,1,0,0,0,0,0,4978.0,124.0,512,1,0.062525637447834,0,4978,6,1,0.0060755377635359,False,,,,,,,500.0,,False,iteration_limit,fixed_candidate_tree,"[6, 39, 30, 5, 22, 22]",5.674315616488457e-05,solver final filtering and index remapping; caller metric conversion excluded,r5-v1,,excluded_precomputed,,True,,,fresh_retrieval,0.0047284686006605,0.009914135094732,0.0004209699109196,0.0151203167624771,0.0211958545260131,measured_excluding_encoding,"[14, 3645, 400, 7, 111, 801]","[6, 39, 30, 5, 22, 22]",Python/DFS,3.11.15,,,<paper>/revision_campaign_20260914/default/airbnb/default.csv
78,eps-ILP g=4,1,feasible,complete,1,1,returned,0,17.0,4,0.0078125,0.4127829525011405,0.0077369439071566,1.20212132204324,1.208196859806776,84626,17,0,0,0,4,0,,,512,1,0.062525637447834,0,4978,6,1,0.0060755377635359,,,,,,,,,,True,grid_complete,configured_grid,,2.404442057013512e-05,solver final filtering and index remapping; caller metric conversion excluded,r5-v1,,excluded_precomputed,,True,,,fresh_retrieval,0.0,1.2020381316542623,5.91459684073925e-05,1.20212132204324,1.208196859806776,measured_excluding_encoding,"[14, 3645, 400, 7, 111, 801]","[14, 3645, 400, 7, 111, 801]",scipy.optimize.milp/HiGHS,1.17.1,1.12.0,1.0,<paper>/revision_campaign_20260914/default/airbnb/default.csv
78,eps-ILP g=16,1,feasible,complete,1,1,returned,0,257.0,31,0.060546875,0.8247097766993337,0.0599613152804642,16.89098640717566,16.897061944939196,1279346,257,0,0,0,16,0,,,512,1,0.062525637447834,0,4978,6,1,0.0060755377635359,,,,,,,,,,True,grid_complete,configured_grid,,0.0001008021645247,solver final filtering and index remapping; caller metric conversion excluded,r5-v1,,excluded_precomputed,,True,,,fresh_retrieval,0.0,16.88418225198984,0.0067033530212938,16.89098640717566,16.897061944939196,measured_excluding_encoding,"[14, 3645, 400, 7, 111, 801]","[14, 3645, 400, 7, 111, 801]",scipy.optimize.milp/HiGHS,1.17.1,1.12.0,1.0,<paper>/revision_campaign_20260914/default/airbnb/default.csv
78,PBF,0,feasible,complete,1,1,work_limit,0,,0,0.0,0.0,0.0,3.851903602480888e-05,0.0061140567995607,0,1,0,0,0,0,0,,,512,1,0.062525637447834,0,4978,6,1,0.0060755377635359,False,,,,,,,,,False,combination_limit,full_input,,3.851903602480888e-05,solver final filtering and index remapping; caller metric conversion excluded,r5-v1,,excluded_precomputed,,True,,,fresh_retrieval,,,,3.851903602480888e-05,0.0061140567995607,measured_excluding_encoding,"[14, 3645, 400, 7, 111, 801]",,Python/PBF,3.11.15,,,<paper>/revision_campaign_20260914/default/airbnb/default.csv
79,PACS,1,feasible,complete,1,1,returned,0,,48,1.0,1.0,1.0,0.0017465990968048,0.0037605194374918,1347,1,0,0,0,0,0,752.0,57.0,48,1,0.0016238158568739,0,752,5,0,0.002013920340687,True,,,,,,,,,True,completed,all_reduced_candidates,"[18, 14, 4, 5, 16]",2.892408519983292e-05,solver final filtering and index remapping; caller metric conversion excluded,r5-v1,,excluded_precomputed,,True,,,fresh_retrieval,0.0005840579979121,0.0009653819724917,0.0001682350412011,0.0017465990968048,0.0037605194374918,measured_excluding_encoding,"[464, 60, 8, 8, 212]","[18, 14, 4, 5, 16]",Python/PACS+,3.11.15,,,<paper>/revision_campaign_20260914/default/airbnb/default.csv
79,PACS_dC,1,feasible,complete,1,1,returned,0,,13,0.2708333333333333,0.6689733356381201,0.2708333333333333,0.000866771209985,0.002880691550672,399,1,0,0,0,0,0,,,48,1,0.0016238158568739,0,752,5,0,0.002013920340687,False,,,,,,,,,True,completed,beam_search,"[18, 14, 4, 5, 16]",1.3754237443208694e-05,solver final filtering and index remapping; caller metric conversion excluded,r5-v1,,excluded_precomputed,,True,,,fresh_retrieval,0.000407984945923,0.0003949743695557,5.005765706300736e-05,0.000866771209985,0.002880691550672,measured_excluding_encoding,"[464, 60, 8, 8, 212]","[18, 14, 4, 5, 16]",Python/PACS_dC,3.11.15,,,<paper>/revision_campaign_20260914/default/airbnb/default.csv
79,PBS-unbounded,1,feasible,complete,1,1,returned,0,,48,1.0,1.0,1.0,0.0015158141031861,0.0035297344438731,1347,1,0,0,0,0,0,752.0,57.0,48,1,0.0016238158568739,0,752,5,0,0.002013920340687,True,,,,,,,,,True,completed,all_reduced_candidates,"[18, 14, 4, 5, 16]",1.3628974556922913e-05,solver final filtering and index remapping; caller metric conversion excluded,r5-v1,,excluded_precomputed,,True,,,fresh_retrieval,0.0004002777859568,0.0009426809847354,0.0001592263579368,0.0015158141031861,0.0035297344438731,measured_excluding_encoding,"[464, 60, 8, 8, 212]","[18, 14, 4, 5, 16]",Python/PBS-unbounded,3.11.15,,,<paper>/revision_campaign_20260914/default/airbnb/default.csv
79,PTS,1,feasible,complete,1,1,returned,0,,48,1.0,1.0,1.0,0.0024458933621644,0.0044598137028515,2244,1,0,0,0,0,0,752.0,57.0,48,1,0.0016238158568739,0,752,5,0,0.002013920340687,True,,,,,,,500.0,,True,completed,fixed_candidate_tree,"[18, 14, 4, 5, 16]",2.8733164072036743e-05,solver final filtering and index remapping; caller metric conversion excluded,r5-v1,,excluded_precomputed,,True,,,fresh_retrieval,0.000391140114516,0.0018634260632097,0.0001625940203666,0.0024458933621644,0.0044598137028515,measured_excluding_encoding,"[464, 60, 8, 8, 212]","[18, 14, 4, 5, 16]",Python/DFS,3.11.15,,,<paper>/revision_campaign_20260914/default/airbnb/default.csv
79,eps-ILP g=4,1,feasible,complete,1,1,returned,0,17.0,1,0.0208333333333333,0.0056291375007927,0.0208333333333333,0.202182276174426,0.2041961965151131,12784,17,0,0,0,10,0,,,48,1,0.0016238158568739,0,752,5,0,0.002013920340687,,,,,,,,,,True,grid_complete,configured_grid,,1.5011988580226898e-05,solver final filtering and index remapping; caller metric conversion excluded,r5-v1,,excluded_precomputed,,True,,,fresh_retrieval,0.0,0.2021395228803157,2.774130553007126e-05,0.202182276174426,0.2041961965151131,measured_excluding_encoding,"[464, 60, 8, 8, 212]","[464, 60, 8, 8, 212]",scipy.optimize.milp/HiGHS,1.17.1,1.12.0,1.0,<paper>/revision_campaign_20260914/default/airbnb/default.csv
79,eps-ILP g=16,1,feasible,complete,1,1,returned,0,257.0,5,0.1041666666666666,0.484251644908721,0.1041666666666666,3.009028057102114,3.011041977442801,193264,257,0,0,0,124,0,,,48,1,0.0016238158568739,0,752,5,0,0.002013920340687,,,,,,,,,,True,grid_complete,configured_grid,,2.8945505619049072e-05,solver final filtering and index remapping; caller metric conversion excluded,r5-v1,,excluded_precomputed,,True,,,fresh_retrieval,0.0,3.0065909950062637,0.0024081165902316,3.009028057102114,3.011041977442801,measured_excluding_encoding,"[464, 60, 8, 8, 212]","[464, 60, 8, 8, 212]",scipy.optimize.milp/HiGHS,1.17.1,1.12.0,1.0,<paper>/revision_campaign_20260914/default/airbnb/default.csv
79,PBF,0,feasible,complete,1,1,work_limit,0,,0,0.0,0.0,0.0,2.7764122933149334e-05,0.0020416844636201,0,1,0,0,0,0,0,,,48,1,0.0016238158568739,0,752,5,0,0.002013920340687,False,,,,,,,,,False,combination_limit,full_input,,2.7764122933149334e-05,solver final filtering and index remapping; caller metric conversion excluded,r5-v1,,excluded_precomputed,,True,,,fresh_retrieval,,,,2.7764122933149334e-05,0.0020416844636201,measured_excluding_encoding,"[464, 60, 8, 8, 212]",,Python/PBF,3.11.15,,,<paper>/revision_campaign_20260914/default/airbnb/default.csv
80,PACS,1,feasible,complete,1,1,returned,0,,94,0.1973333333333333,0.7716357858287806,0.1973333333333333,0.0091251162812113,0.011793001089245,5229,1,0,0,0,0,0,1584.0,90.0,375,1,0.0194335100241005,0,1584,6,0,0.0026678848080337,False,,,,,,,,,True,completed,beam_search,"[11, 23, 10, 14, 3, 29]",2.538412809371948e-05,solver final filtering and index remapping; caller metric conversion excluded,r5-v1,,excluded_precomputed,,True,,,fresh_retrieval,0.0014602779410779,0.0073051783256232,0.0003342758864164,0.0091251162812113,0.011793001089245,measured_excluding_encoding,"[269, 587, 196, 29, 4, 499]","[11, 23, 10, 14, 3, 29]",Python/PACS+,3.11.15,,,<paper>/revision_campaign_20260914/default/airbnb/default.csv
80,PACS_dC,0,feasible,complete,1,1,no_assignment,0,,0,0.0,0.0,0.0,0.0028750407509505,0.0055429255589842,1157,1,0,0,0,0,0,,,375,1,0.0194335100241005,0,1584,6,0,0.0026678848080337,False,,,,,,,,,True,completed,beam_search,"[11, 23, 10, 14, 3, 29]",1.801270991563797e-05,solver final filtering and index remapping; caller metric conversion excluded,r5-v1,,excluded_precomputed,,True,,,fresh_retrieval,0.0012322240509092,0.0016213632188737,3.4407712519168854e-06,0.0028750407509505,0.0055429255589842,measured_excluding_encoding,"[269, 587, 196, 29, 4, 499]","[11, 23, 10, 14, 3, 29]",Python/PACS_dC,3.11.15,,,<paper>/revision_campaign_20260914/default/airbnb/default.csv
80,PBS-unbounded,1,feasible,complete,1,1,returned,0,,375,1.0,1.0,1.0,0.0188930663280189,0.0215609511360526,13229,1,0,0,0,0,0,1584.0,90.0,375,1,0.0194335100241005,0,1584,6,0,0.0026678848080337,True,,,,,,,,,True,completed,all_reduced_candidates,"[11, 23, 10, 14, 3, 29]",8.803931996226311e-05,solver final filtering and index remapping; caller metric conversion excluded,r5-v1,,excluded_precomputed,,True,,,fresh_retrieval,0.0011913538910448,0.0162251908332109,0.0013884822838008,0.0188930663280189,0.0215609511360526,measured_excluding_encoding,"[269, 587, 196, 29, 4, 499]","[11, 23, 10, 14, 3, 29]",Python/PBS-unbounded,3.11.15,,,<paper>/revision_campaign_20260914/default/airbnb/default.csv
80,PTS,1,feasible,complete,1,1,returned,0,,97,0.0,0.2570610495557699,0.0,0.0109682269394397,0.0136361117474734,14413,1,0,0,0,0,0,1584.0,90.0,375,1,0.0194335100241005,0,1584,6,0,0.0026678848080337,False,,,,,,,500.0,,False,iteration_limit,fixed_candidate_tree,"[11, 23, 10, 14, 3, 29]",5.310121923685074e-05,solver final filtering and index remapping; caller metric conversion excluded,r5-v1,,excluded_precomputed,,True,,,fresh_retrieval,0.0011688410304486,0.0093921208754181,0.000354163814336,0.0109682269394397,0.0136361117474734,measured_excluding_encoding,"[269, 587, 196, 29, 4, 499]","[11, 23, 10, 14, 3, 29]",Python/DFS,3.11.15,,,<paper>/revision_campaign_20260914/default/airbnb/default.csv
80,eps-ILP g=4,1,feasible,complete,1,1,returned,0,17.0,6,0.016,0.5750202573909322,0.016,0.3514437251724303,0.354111609980464,26928,17,0,0,0,7,0,,,375,1,0.0194335100241005,0,1584,6,0,0.0026678848080337,,,,,,,,,,True,grid_complete,configured_grid,,2.2720079869031903e-05,solver final filtering and index remapping; caller metric conversion excluded,r5-v1,,excluded_precomputed,,True,,,fresh_retrieval,0.0,0.3513807440176606,4.0261074900627136e-05,0.3514437251724303,0.354111609980464,measured_excluding_encoding,"[269, 587, 196, 29, 4, 499]","[269, 587, 196, 29, 4, 499]",scipy.optimize.milp/HiGHS,1.17.1,1.12.0,1.0,<paper>/revision_campaign_20260914/default/airbnb/default.csv
80,eps-ILP g=16,1,feasible,complete,1,1,returned,0,257.0,43,0.1146666666666666,0.9274006765739086,0.1146666666666666,5.36308991163969,5.365757796447724,407088,257,0,0,0,82,0,,,375,1,0.0194335100241005,0,1584,6,0,0.0026678848080337,,,,,,,,,,True,grid_complete,configured_grid,,4.5406632125377655e-05,solver final filtering and index remapping; caller metric conversion excluded,r5-v1,,excluded_precomputed,,True,,,fresh_retrieval,0.0,5.359303623903543,0.0037408811040222,5.36308991163969,5.365757796447724,measured_excluding_encoding,"[269, 587, 196, 29, 4, 499]","[269, 587, 196, 29, 4, 499]",scipy.optimize.milp/HiGHS,1.17.1,1.12.0,1.0,<paper>/revision_campaign_20260914/default/airbnb/default.csv
80,PBF,0,feasible,complete,1,1,work_limit,0,,0,0.0,0.0,0.0,2.515781670808792e-05,0.0026930426247417,0,1,0,0,0,0,0,,,375,1,0.0194335100241005,0,1584,6,0,0.0026678848080337,False,,,,,,,,,False,combination_limit,full_input,,2.515781670808792e-05,solver final filtering and index remapping; caller metric conversion excluded,r5-v1,,excluded_precomputed,,True,,,fresh_retrieval,,,,2.515781670808792e-05,0.0026930426247417,measured_excluding_encoding,"[269, 587, 196, 29, 4, 499]",,Python/PBF,3.11.15,,,<paper>/revision_campaign_20260914/default/airbnb/default.csv
81,PACS,1,feasible,complete,1,1,returned,0,,68,0.2222222222222222,0.7412874633848408,0.2222222222222222,0.0277301943860948,0.0337246926501393,7732,1,0,0,0,0,0,4832.0,142.0,306,1,0.0342299654148519,0,4832,6,1,0.0059944982640445,False,,,,,,,,,True,completed,beam_search,"[48, 33, 7, 5, 16, 33]",0.0001458120532333,solver final filtering and index remapping; caller metric conversion excluded,r5-v1,,excluded_precomputed,,True,,,fresh_retrieval,0.0090229380875825,0.0182092781178653,0.0003521661274135,0.0277301943860948,0.0337246926501393,measured_excluding_encoding,"[1355, 353, 124, 8, 89, 2903]","[48, 33, 7, 5, 16, 33]",Python/PACS+,3.11.15,,,<paper>/revision_campaign_20260914/default/airbnb/default.csv
81,PACS_dC,0,feasible,complete,1,1,no_assignment,0,,0,0.0,0.0,0.0,0.0099038258194923,0.0158983240835368,1552,1,0,0,0,0,0,,,306,1,0.0342299654148519,0,4832,6,1,0.0059944982640445,False,,,,,,,,,True,completed,beam_search,"[48, 33, 7, 5, 16, 33]",1.8357764929533005e-05,solver final filtering and index remapping; caller metric conversion excluded,r5-v1,,excluded_precomputed,,True,,,fresh_retrieval,0.0087195420637726,0.001162561122328,3.364868462085724e-06,0.0099038258194923,0.0158983240835368,measured_excluding_encoding,"[1355, 353, 124, 8, 89, 2903]","[48, 33, 7, 5, 16, 33]",Python/PACS_dC,3.11.15,,,<paper>/revision_campaign_20260914/default/airbnb/default.csv
81,PBS-unbounded,1,feasible,complete,1,1,returned,0,,306,1.0,1.0,1.0,0.0340379429981112,0.0400324412621557,11725,1,0,0,0,0,0,4832.0,142.0,306,1,0.0342299654148519,0,4832,6,1,0.0059944982640445,True,,,,,,,,,True,completed,all_reduced_candidates,"[48, 33, 7, 5, 16, 33]",0.0002014711499214,solver final filtering and index remapping; caller metric conversion excluded,r5-v1,,excluded_precomputed,,True,,,fresh_retrieval,0.008743543177843,0.0237720157019794,0.0013209129683673,0.0340379429981112,0.0400324412621557,measured_excluding_encoding,"[1355, 353, 124, 8, 89, 2903]","[48, 33, 7, 5, 16, 33]",Python/PBS-unbounded,3.11.15,,,<paper>/revision_campaign_20260914/default/airbnb/default.csv
81,PTS,1,feasible,complete,1,1,returned,0,,88,0.0,0.4491533363178728,0.0,0.0201385742984712,0.0261330725625157,8677,1,0,0,0,0,0,4832.0,142.0,306,1,0.0342299654148519,0,4832,6,1,0.0059944982640445,False,,,,,,,500.0,,False,iteration_limit,fixed_candidate_tree,"[48, 33, 7, 5, 16, 33]",5.4533593356609344e-05,solver final filtering and index remapping; caller metric conversion excluded,r5-v1,,excluded_precomputed,,True,,,fresh_retrieval,0.0089490916579961,0.0108082303777337,0.0003267186693847,0.0201385742984712,0.0261330725625157,measured_excluding_encoding,"[1355, 353, 124, 8, 89, 2903]","[48, 33, 7, 5, 16, 33]",Python/DFS,3.11.15,,,<paper>/revision_campaign_20260914/default/airbnb/default.csv
81,eps-ILP g=4,1,feasible,complete,1,1,returned,0,17.0,4,0.0130718954248366,0.5671840526257251,0.0130718954248366,1.2590175359509883,1.265012034215033,82144,17,0,0,0,4,0,,,306,1,0.0342299654148519,0,4832,6,1,0.0059944982640445,,,,,,,,,,True,grid_complete,configured_grid,,1.804810017347336e-05,solver final filtering and index remapping; caller metric conversion excluded,r5-v1,,excluded_precomputed,,True,,,fresh_retrieval,0.0,1.2589391800574958,6.030779331922531e-05,1.2590175359509883,1.265012034215033,measured_excluding_encoding,"[1355, 353, 124, 8, 89, 2903]","[1355, 353, 124, 8, 89, 2903]",scipy.optimize.milp/HiGHS,1.17.1,1.12.0,1.0,<paper>/revision_campaign_20260914/default/airbnb/default.csv
81,eps-ILP g=16,1,feasible,complete,1,1,returned,0,257.0,29,0.0947712418300653,0.9132167468065606,0.0947712418300653,18.401949282269925,18.40794378053397,1241824,257,0,0,0,20,0,,,306,1,0.0342299654148519,0,4832,6,1,0.0059944982640445,,,,,,,,,,True,grid_complete,configured_grid,,9.689247235655785e-05,solver final filtering and index remapping; caller metric conversion excluded,r5-v1,,excluded_precomputed,,True,,,fresh_retrieval,0.0,18.395273925736547,0.0065784640610218,18.401949282269925,18.40794378053397,measured_excluding_encoding,"[1355, 353, 124, 8, 89, 2903]","[1355, 353, 124, 8, 89, 2903]",scipy.optimize.milp/HiGHS,1.17.1,1.12.0,1.0,<paper>/revision_campaign_20260914/default/airbnb/default.csv
81,PBF,0,feasible,complete,1,1,work_limit,0,,0,0.0,0.0,0.0,3.683473914861679e-05,0.0060313330031931,0,1,0,0,0,0,0,,,306,1,0.0342299654148519,0,4832,6,1,0.0059944982640445,False,,,,,,,,,False,combination_limit,full_input,,3.683473914861679e-05,solver final filtering and index remapping; caller metric conversion excluded,r5-v1,,excluded_precomputed,,True,,,fresh_retrieval,,,,3.683473914861679e-05,0.0060313330031931,measured_excluding_encoding,"[1355, 353, 124, 8, 89, 2903]",,Python/PBF,3.11.15,,,<paper>/revision_campaign_20260914/default/airbnb/default.csv
82,PACS,1,feasible,complete,1,1,returned,0,,100,0.0223602484472049,0.6739023699700097,0.0223602484472049,0.0260130120441317,0.0288823498412966,9162,1,0,0,0,0,0,1870.0,120.0,805,1,0.1207802421413362,0,1870,8,1,0.0028693377971649,False,,,,,,,,,True,completed,beam_search,"[7, 17, 12, 14, 19, 11, 5, 35]",0.0001472039148211,solver final filtering and index remapping; caller metric conversion excluded,r5-v1,,excluded_precomputed,,True,,,fresh_retrieval,0.001738476101309,0.0237427558749914,0.0003845761530101,0.0260130120441317,0.0288823498412966,measured_excluding_encoding,"[10, 45, 100, 72, 46, 61, 7, 1529]","[7, 17, 12, 14, 19, 11, 5, 35]",Python/PACS+,3.11.15,,,<paper>/revision_campaign_20260914/default/airbnb/default.csv
82,PACS_dC,1,feasible,complete,1,1,returned,0,,99,0.0,0.2225419525999262,0.0,0.0122511088848114,0.0151204466819763,7124,1,0,0,0,0,0,,,805,1,0.1207802421413362,0,1870,8,1,0.0028693377971649,False,,,,,,,,,True,completed,beam_search,"[7, 17, 12, 14, 19, 11, 5, 35]",3.526266664266586e-05,solver final filtering and index remapping; caller metric conversion excluded,r5-v1,,excluded_precomputed,,True,,,fresh_retrieval,0.0016087959520518,0.0102513539604842,0.0003556963056325,0.0122511088848114,0.0151204466819763,measured_excluding_encoding,"[10, 45, 100, 72, 46, 61, 7, 1529]","[7, 17, 12, 14, 19, 11, 5, 35]",Python/PACS_dC,3.11.15,,,<paper>/revision_campaign_20260914/default/airbnb/default.csv
82,PBS-unbounded,1,feasible,complete,1,1,returned,0,,805,1.0,1.0,1.0,0.3630045079626143,0.3658738457597792,42677,1,0,0,0,0,0,1870.0,120.0,805,1,0.1207802421413362,0,1870,8,1,0.0028693377971649,True,,,,,,,,,True,completed,all_reduced_candidates,"[7, 17, 12, 14, 19, 11, 5, 35]",0.0008641667664051,solver final filtering and index remapping; caller metric conversion excluded,r5-v1,,excluded_precomputed,,True,,,fresh_retrieval,0.0015606791712343,0.3568372409790754,0.0037424210458993,0.3630045079626143,0.3658738457597792,measured_excluding_encoding,"[10, 45, 100, 72, 46, 61, 7, 1529]","[7, 17, 12, 14, 19, 11, 5, 35]",Python/PBS-unbounded,3.11.15,,,<paper>/revision_campaign_20260914/default/airbnb/default.csv
82,PTS,1,feasible,complete,1,1,returned,0,,82,0.0,0.1929296217112405,0.0,0.011438628192991,0.0143079659901559,15249,1,0,0,0,0,0,1870.0,120.0,805,1,0.1207802421413362,0,1870,8,1,0.0028693377971649,False,,,,,,,500.0,,False,iteration_limit,fixed_candidate_tree,"[7, 17, 12, 14, 19, 11, 5, 35]",5.500391125679016e-05,solver final filtering and index remapping; caller metric conversion excluded,r5-v1,,excluded_precomputed,,True,,,fresh_retrieval,0.0015937322750687,0.009484794922173,0.0003050970844924,0.011438628192991,0.0143079659901559,measured_excluding_encoding,"[10, 45, 100, 72, 46, 61, 7, 1529]","[7, 17, 12, 14, 19, 11, 5, 35]",Python/DFS,3.11.15,,,<paper>/revision_campaign_20260914/default/airbnb/default.csv
82,eps-ILP g=4,1,feasible,complete,1,1,returned,0,17.0,4,0.0049689440993788,0.2133818358355491,0.0049689440993788,0.6343871941789985,0.6372565319761634,31790,17,0,0,0,4,0,,,805,1,0.1207802421413362,0,1870,8,1,0.0028693377971649,,,,,,,,,,True,grid_complete,configured_grid,,1.765647903084755e-05,solver final filtering and index remapping; caller metric conversion excluded,r5-v1,,excluded_precomputed,,True,,,fresh_retrieval,0.0,0.6343108438886702,5.869381129741669e-05,0.6343871941789985,0.6372565319761634,measured_excluding_encoding,"[10, 45, 100, 72, 46, 61, 7, 1529]","[10, 45, 100, 72, 46, 61, 7, 1529]",scipy.optimize.milp/HiGHS,1.17.1,1.12.0,1.0,<paper>/revision_campaign_20260914/default/airbnb/default.csv
82,eps-ILP g=16,1,feasible,complete,1,1,returned,0,257.0,58,0.0720496894409937,0.8915442905450759,0.0720496894409937,10.744498236104846,10.747367573902013,480590,257,0,0,0,19,0,,,805,1,0.1207802421413362,0,1870,8,1,0.0028693377971649,,,,,,,,,,True,grid_complete,configured_grid,,6.101373583078384e-05,solver final filtering and index remapping; caller metric conversion excluded,r5-v1,,excluded_precomputed,,True,,,fresh_retrieval,0.0,10.738008526153862,0.0064286962151527,10.744498236104846,10.747367573902013,measured_excluding_encoding,"[10, 45, 100, 72, 46, 61, 7, 1529]","[10, 45, 100, 72, 46, 61, 7, 1529]",scipy.optimize.milp/HiGHS,1.17.1,1.12.0,1.0,<paper>/revision_campaign_20260914/default/airbnb/default.csv
82,PBF,0,feasible,complete,1,1,work_limit,0,,0,0.0,0.0,0.0,3.668386489152908e-05,0.0029060216620564,0,1,0,0,0,0,0,,,805,1,0.1207802421413362,0,1870,8,1,0.0028693377971649,False,,,,,,,,,False,combination_limit,full_input,,3.668386489152908e-05,solver final filtering and index remapping; caller metric conversion excluded,r5-v1,,excluded_precomputed,,True,,,fresh_retrieval,,,,3.668386489152908e-05,0.0029060216620564,measured_excluding_encoding,"[10, 45, 100, 72, 46, 61, 7, 1529]",,Python/PBF,3.11.15,,,<paper>/revision_campaign_20260914/default/airbnb/default.csv
83,PACS,1,feasible,complete,1,1,returned,0,,94,1.0,1.0,1.0,0.00232999259606,0.0043309205211699,870,1,0,0,0,0,0,734.0,49.0,94,1,0.0023317299783229,0,734,4,0,0.0020009279251098,True,,,,,,,,,True,completed,all_reduced_candidates,"[20, 1, 22, 6]",1.9031576812267303e-05,solver final filtering and index remapping; caller metric conversion excluded,r5-v1,,excluded_precomputed,,True,,,fresh_retrieval,0.0005701798945665,0.0014146640896797,0.0003261170350015,0.00232999259606,0.0043309205211699,measured_excluding_encoding,"[412, 3, 311, 8]","[20, 1, 22, 6]",Python/PACS+,3.11.15,,,<paper>/revision_campaign_20260914/default/airbnb/default.csv
83,PACS_dC,1,feasible,complete,1,1,returned,0,,30,0.2446808510638297,0.7652145444489659,0.2446808510638297,0.001034386921674,0.0030353148467838,312,1,0,0,0,0,0,,,94,1,0.0023317299783229,0,734,4,0,0.0020009279251098,False,,,,,,,,,True,completed,beam_search,"[20, 1, 22, 6]",1.455005258321762e-05,solver final filtering and index remapping; caller metric conversion excluded,r5-v1,,excluded_precomputed,,True,,,fresh_retrieval,0.0004557580687105,0.000462575815618,0.0001015029847621,0.001034386921674,0.0030353148467838,measured_excluding_encoding,"[412, 3, 311, 8]","[20, 1, 22, 6]",Python/PACS_dC,3.11.15,,,<paper>/revision_campaign_20260914/default/airbnb/default.csv
83,PBS-unbounded,1,feasible,complete,1,1,returned,0,,94,1.0,1.0,1.0,0.0023098071105778,0.0043107350356876,870,1,0,0,0,0,0,734.0,49.0,94,1,0.0023317299783229,0,734,4,0,0.0020009279251098,True,,,,,,,,,True,completed,all_reduced_candidates,"[20, 1, 22, 6]",2.5874003767967224e-05,solver final filtering and index remapping; caller metric conversion excluded,r5-v1,,excluded_precomputed,,True,,,fresh_retrieval,0.0005238349549472,0.0014305440708994,0.0003295540809631,0.0023098071105778,0.0043107350356876,measured_excluding_encoding,"[412, 3, 311, 8]","[20, 1, 22, 6]",Python/PBS-unbounded,3.11.15,,,<paper>/revision_campaign_20260914/default/airbnb/default.csv
83,PTS,1,feasible,complete,1,1,returned,0,,94,1.0,1.0,1.0,0.0052050002850592,0.007205928210169,1580,1,0,0,0,0,0,734.0,49.0,94,1,0.0023317299783229,0,734,4,0,0.0020009279251098,True,,,,,,,500.0,,True,completed,fixed_candidate_tree,"[20, 1, 22, 6]",3.717746585607529e-05,solver final filtering and index remapping; caller metric conversion excluded,r5-v1,,excluded_precomputed,,True,,,fresh_retrieval,0.0004425449296832,0.0043936818838119,0.0003315960057079,0.0052050002850592,0.007205928210169,measured_excluding_encoding,"[412, 3, 311, 8]","[20, 1, 22, 6]",Python/DFS,3.11.15,,,<paper>/revision_campaign_20260914/default/airbnb/default.csv
83,eps-ILP g=4,1,feasible,complete,1,1,returned,0,17.0,2,0.0212765957446808,0.1694442102024111,0.0212765957446808,0.2003935519605875,0.2023944798856973,12478,17,0,0,0,10,0,,,94,1,0.0023317299783229,0,734,4,0,0.0020009279251098,,,,,,,,,,True,grid_complete,configured_grid,,1.5189871191978456e-05,solver final filtering and index remapping; caller metric conversion excluded,r5-v1,,excluded_precomputed,,True,,,fresh_retrieval,0.0,0.2003497239202261,2.8638169169425964e-05,0.2003935519605875,0.2023944798856973,measured_excluding_encoding,"[412, 3, 311, 8]","[412, 3, 311, 8]",scipy.optimize.milp/HiGHS,1.17.1,1.12.0,1.0,<paper>/revision_campaign_20260914/default/airbnb/default.csv
83,eps-ILP g=16,1,feasible,complete,1,1,returned,0,257.0,19,0.202127659574468,0.9324234238513716,0.202127659574468,3.0846554725430906,3.0866564004682004,188638,257,0,0,0,124,0,,,94,1,0.0023317299783229,0,734,4,0,0.0020009279251098,,,,,,,,,,True,grid_complete,configured_grid,,3.739679232239723e-05,solver final filtering and index remapping; caller metric conversion excluded,r5-v1,,excluded_precomputed,,True,,,fresh_retrieval,0.0,3.082430077716708,0.00218799803406,3.0846554725430906,3.0866564004682004,measured_excluding_encoding,"[412, 3, 311, 8]","[412, 3, 311, 8]",scipy.optimize.milp/HiGHS,1.17.1,1.12.0,1.0,<paper>/revision_campaign_20260914/default/airbnb/default.csv
83,PBF,1,feasible,complete,1,1,returned,0,,94,1.0,1.0,1.0,0.8459590431302786,0.8479599710553885,12300672,1,0,0,0,0,0,,,94,1,0.0023317299783229,0,734,4,0,0.0020009279251098,True,,,,,,,,,True,complete,full_input,,0.8459590431302786,solver final filtering and index remapping; caller metric conversion excluded,r5-v1,,excluded_precomputed,,True,,,fresh_retrieval,,,,0.8459590431302786,0.8479599710553885,measured_excluding_encoding,"[412, 3, 311, 8]",,Python/PBF,3.11.15,,,<paper>/revision_campaign_20260914/default/airbnb/default.csv
84,PACS,1,feasible,complete,1,1,returned,0,,98,0.0112781954887218,0.53133286482657,0.0112781954887218,0.0207964773289859,0.0246233944781124,7454,1,0,0,0,0,0,2258.0,114.0,532,1,0.059394602663815,0,2258,6,1,0.0038269171491265,False,,,,,,,,,True,completed,beam_search,"[30, 10, 12, 1, 34, 27]",0.000126545317471,solver final filtering and index remapping; caller metric conversion excluded,r5-v1,,excluded_precomputed,,True,,,fresh_retrieval,0.0027484688907861,0.0175558519549667,0.0003656111657619,0.0207964773289859,0.0246233944781124,measured_excluding_encoding,"[379, 56, 99, 3, 537, 1184]","[30, 10, 12, 1, 34, 27]",Python/PACS+,3.11.15,,,<paper>/revision_campaign_20260914/default/airbnb/default.csv
84,PACS_dC,1,feasible,complete,1,1,returned,0,,100,0.0,0.4290394889264782,0.0,0.0061465562321245,0.009973473381251,1947,1,0,0,0,0,0,,,532,1,0.059394602663815,0,2258,6,1,0.0038269171491265,False,,,,,,,,,True,completed,beam_search,"[30, 10, 12, 1, 34, 27]",3.8298312574625015e-05,solver final filtering and index remapping; caller metric conversion excluded,r5-v1,,excluded_precomputed,,True,,,fresh_retrieval,0.0024648248217999,0.0032911580055952,0.0003522750921547,0.0061465562321245,0.009973473381251,measured_excluding_encoding,"[379, 56, 99, 3, 537, 1184]","[30, 10, 12, 1, 34, 27]",Python/PACS_dC,3.11.15,,,<paper>/revision_campaign_20260914/default/airbnb/default.csv
84,PBS-unbounded,1,feasible,complete,1,1,returned,0,,532,1.0,1.0,1.0,0.0582987023517489,0.0621256195008754,18067,1,0,0,0,0,0,2258.0,114.0,532,1,0.059394602663815,0,2258,6,1,0.0038269171491265,True,,,,,,,,,True,completed,all_reduced_candidates,"[30, 10, 12, 1, 34, 27]",0.0004391754046082,solver final filtering and index remapping; caller metric conversion excluded,r5-v1,,excluded_precomputed,,True,,,fresh_retrieval,0.0024479553103446,0.0522306826896965,0.0031808889470994,0.0582987023517489,0.0621256195008754,measured_excluding_encoding,"[379, 56, 99, 3, 537, 1184]","[30, 10, 12, 1, 34, 27]",Python/PBS-unbounded,3.11.15,,,<paper>/revision_campaign_20260914/default/airbnb/default.csv
84,PTS,1,feasible,complete,1,1,returned,0,,100,0.0,0.3968511831124831,0.0,0.0137097928673028,0.0175367100164294,7322,1,0,0,0,0,0,2258.0,114.0,532,1,0.059394602663815,0,2258,6,1,0.0038269171491265,False,,,,,,,500.0,,False,iteration_limit,fixed_candidate_tree,"[30, 10, 12, 1, 34, 27]",4.690978676080704e-05,solver final filtering and index remapping; caller metric conversion excluded,r5-v1,,excluded_precomputed,,True,,,fresh_retrieval,0.0023882258683443,0.010916881263256,0.0003577759489417,0.0137097928673028,0.0175367100164294,measured_excluding_encoding,"[379, 56, 99, 3, 537, 1184]","[30, 10, 12, 1, 34, 27]",Python/DFS,3.11.15,,,<paper>/revision_campaign_20260914/default/airbnb/default.csv
84,eps-ILP g=4,1,feasible,complete,1,1,returned,0,17.0,4,0.0075187969924812,0.5113001444764126,0.0075187969924812,0.5413312432356179,0.5451581603847444,38386,17,0,0,0,4,0,,,532,1,0.059394602663815,0,2258,6,1,0.0038269171491265,,,,,,,,,,True,grid_complete,configured_grid,,1.7204321920871735e-05,solver final filtering and index remapping; caller metric conversion excluded,r5-v1,,excluded_precomputed,,True,,,fresh_retrieval,0.0,0.5412610457278788,5.299318581819534e-05,0.5413312432356179,0.5451581603847444,measured_excluding_encoding,"[379, 56, 99, 3, 537, 1184]","[379, 56, 99, 3, 537, 1184]",scipy.optimize.milp/HiGHS,1.17.1,1.12.0,1.0,<paper>/revision_campaign_20260914/default/airbnb/default.csv
84,eps-ILP g=16,1,feasible,complete,1,1,returned,0,257.0,42,0.0770676691729323,0.9202110933640348,0.0770676691729323,8.973683110903949,8.977510028053075,580306,257,0,0,0,16,0,,,532,1,0.059394602663815,0,2258,6,1,0.0038269171491265,,,,,,,,,,True,grid_complete,configured_grid,,6.639771163463593e-05,solver final filtering and index remapping; caller metric conversion excluded,r5-v1,,excluded_precomputed,,True,,,fresh_retrieval,0.0,8.967018930241466,0.0065977829508483,8.973683110903949,8.977510028053075,measured_excluding_encoding,"[379, 56, 99, 3, 537, 1184]","[379, 56, 99, 3, 537, 1184]",scipy.optimize.milp/HiGHS,1.17.1,1.12.0,1.0,<paper>/revision_campaign_20260914/default/airbnb/default.csv
84,PBF,0,feasible,complete,1,1,work_limit,0,,0,0.0,0.0,0.0,2.4928711354732517e-05,0.0038518458604812,0,1,0,0,0,0,0,,,532,1,0.059394602663815,0,2258,6,1,0.0038269171491265,False,,,,,,,,,False,combination_limit,full_input,,2.4928711354732517e-05,solver final filtering and index remapping; caller metric conversion excluded,r5-v1,,excluded_precomputed,,True,,,fresh_retrieval,,,,2.4928711354732517e-05,0.0038518458604812,measured_excluding_encoding,"[379, 56, 99, 3, 537, 1184]",,Python/PBF,3.11.15,,,<paper>/revision_campaign_20260914/default/airbnb/default.csv
85,PACS,1,feasible,complete,1,1,returned,0,,65,0.0774647887323943,0.7226049845968293,0.0774647887323943,0.0171147659420967,0.0198495406657457,5298,1,0,0,0,0,0,1544.0,93.0,568,1,0.0635217288509011,0,1544,7,1,0.002734774723649,False,,,,,,,,,True,completed,beam_search,"[11, 27, 15, 5, 7, 15, 13]",7.585296407341957e-05,solver final filtering and index remapping; caller metric conversion excluded,r5-v1,,excluded_precomputed,,True,,,fresh_retrieval,0.0013114628382027,0.0153813799843192,0.0003460701555013,0.0171147659420967,0.0198495406657457,measured_excluding_encoding,"[132, 1231, 32, 10, 8, 37, 94]","[11, 27, 15, 5, 7, 15, 13]",Python/PACS+,3.11.15,,,<paper>/revision_campaign_20260914/default/airbnb/default.csv
85,PACS_dC,1,feasible,complete,1,1,returned,0,,17,0.0,0.1668459385825828,0.0,0.003337072674185,0.006071847397834,1187,1,0,0,0,0,0,,,568,1,0.0635217288509011,0,1544,7,1,0.002734774723649,False,,,,,,,,,True,completed,beam_search,"[11, 27, 15, 5, 7, 15, 13]",1.8910039216279984e-05,solver final filtering and index remapping; caller metric conversion excluded,r5-v1,,excluded_precomputed,,True,,,fresh_retrieval,0.0012248689308762,0.0020307670347392,6.252666935324669e-05,0.003337072674185,0.006071847397834,measured_excluding_encoding,"[132, 1231, 32, 10, 8, 37, 94]","[11, 27, 15, 5, 7, 15, 13]",Python/PACS_dC,3.11.15,,,<paper>/revision_campaign_20260914/default/airbnb/default.csv
85,PBS-unbounded,1,feasible,complete,1,1,returned,0,,568,1.0,1.0,1.0,0.0621328200213611,0.0648675947450101,18515,1,0,0,0,0,0,1544.0,93.0,568,1,0.0635217288509011,0,1544,7,1,0.002734774723649,True,,,,,,,,,True,completed,all_reduced_candidates,"[11, 27, 15, 5, 7, 15, 13]",0.0003903512842953,solver final filtering and index remapping; caller metric conversion excluded,r5-v1,,excluded_precomputed,,True,,,fresh_retrieval,0.001187773887068,0.0571768628433346,0.003377832006663,0.0621328200213611,0.0648675947450101,measured_excluding_encoding,"[132, 1231, 32, 10, 8, 37, 94]","[11, 27, 15, 5, 7, 15, 13]",Python/PBS-unbounded,3.11.15,,,<paper>/revision_campaign_20260914/default/airbnb/default.csv
85,PTS,1,feasible,complete,1,1,returned,0,,83,0.0,0.4826141410773652,0.0,0.0103218830190598,0.0130566577427089,5352,1,0,0,0,0,0,1544.0,93.0,568,1,0.0635217288509011,0,1544,7,1,0.002734774723649,False,,,,,,,500.0,,False,iteration_limit,fixed_candidate_tree,"[11, 27, 15, 5, 7, 15, 13]",4.943506792187691e-05,solver final filtering and index remapping; caller metric conversion excluded,r5-v1,,excluded_precomputed,,True,,,fresh_retrieval,0.0011661546304821,0.0087932203896343,0.0003130729310214,0.0103218830190598,0.0130566577427089,measured_excluding_encoding,"[132, 1231, 32, 10, 8, 37, 94]","[11, 27, 15, 5, 7, 15, 13]",Python/DFS,3.11.15,,,<paper>/revision_campaign_20260914/default/airbnb/default.csv
85,eps-ILP g=4,1,feasible,complete,1,1,returned,0,17.0,4,0.0070422535211267,0.4633653484759727,0.0070422535211267,0.4021971137262881,0.4049318884499371,26248,17,0,0,0,4,0,,,568,1,0.0635217288509011,0,1544,7,1,0.002734774723649,,,,,,,,,,True,grid_complete,configured_grid,,1.7062760889530182e-05,solver final filtering and index remapping; caller metric conversion excluded,r5-v1,,excluded_precomputed,,True,,,fresh_retrieval,0.0,0.4021275630220771,5.2487943321466446e-05,0.4021971137262881,0.4049318884499371,measured_excluding_encoding,"[132, 1231, 32, 10, 8, 37, 94]","[132, 1231, 32, 10, 8, 37, 94]",scipy.optimize.milp/HiGHS,1.17.1,1.12.0,1.0,<paper>/revision_campaign_20260914/default/airbnb/default.csv
85,eps-ILP g=16,1,feasible,complete,1,1,returned,0,257.0,49,0.0862676056338028,0.9274419482889792,0.0862676056338028,6.528708244208247,6.531443018931896,396808,257,0,0,0,21,0,,,568,1,0.0635217288509011,0,1544,7,1,0.002734774723649,,,,,,,,,,True,grid_complete,configured_grid,,7.783714681863785e-05,solver final filtering and index remapping; caller metric conversion excluded,r5-v1,,excluded_precomputed,,True,,,fresh_retrieval,0.0,6.522283782251179,0.0063466248102486,6.528708244208247,6.531443018931896,measured_excluding_encoding,"[132, 1231, 32, 10, 8, 37, 94]","[132, 1231, 32, 10, 8, 37, 94]",scipy.optimize.milp/HiGHS,1.17.1,1.12.0,1.0,<paper>/revision_campaign_20260914/default/airbnb/default.csv
85,PBF,0,feasible,complete,1,1,work_limit,0,,0,0.0,0.0,0.0,3.700098022818565e-05,0.0027717757038772,0,1,0,0,0,0,0,,,568,1,0.0635217288509011,0,1544,7,1,0.002734774723649,False,,,,,,,,,False,combination_limit,full_input,,3.700098022818565e-05,solver final filtering and index remapping; caller metric conversion excluded,r5-v1,,excluded_precomputed,,True,,,fresh_retrieval,,,,3.700098022818565e-05,0.0027717757038772,measured_excluding_encoding,"[132, 1231, 32, 10, 8, 37, 94]",,Python/PBF,3.11.15,,,<paper>/revision_campaign_20260914/default/airbnb/default.csv
86,PACS,1,feasible,complete,1,1,returned,0,,100,0.1886363636363636,0.6824480953367081,0.1886363636363636,0.2662434172816574,0.2705008522607386,10556,1,0,0,0,0,0,2755.0,140.0,440,1,0.0650157439522445,0,2755,8,0,0.0042574349790811,False,,,,,,,,,True,completed,beam_search,"[16, 19, 12, 26, 7, 34, 14, 12]",3.273366019129753e-05,solver final filtering and index remapping; caller metric conversion excluded,r5-v1,,excluded_precomputed,,True,,,fresh_retrieval,0.0024768649600446,0.2633551559410989,0.0003786627203226,0.2662434172816574,0.2705008522607386,measured_excluding_encoding,"[80, 100, 125, 201, 246, 1695, 233, 75]","[16, 19, 12, 26, 7, 34, 14, 12]",Python/PACS+,3.11.15,,,<paper>/revision_campaign_20260914/default/airbnb/default.csv
86,PACS_dC,0,feasible,complete,1,1,no_assignment,0,,0,0.0,0.0,0.0,0.0046816188842058,0.0089390538632869,5118,1,0,0,0,0,0,,,440,1,0.0650157439522445,0,2755,8,0,0.0042574349790811,False,,,,,,,,,True,completed,beam_search,"[16, 19, 12, 26, 7, 34, 14, 12]",2.0802952349185944e-05,solver final filtering and index remapping; caller metric conversion excluded,r5-v1,,excluded_precomputed,,True,,,fresh_retrieval,0.0021295151673257,0.0025268099270761,4.490837454795837e-06,0.0046816188842058,0.0089390538632869,measured_excluding_encoding,"[80, 100, 125, 201, 246, 1695, 233, 75]","[16, 19, 12, 26, 7, 34, 14, 12]",Python/PACS_dC,3.11.15,,,<paper>/revision_campaign_20260914/default/airbnb/default.csv
86,PBS-unbounded,1,feasible,complete,1,1,returned,0,,440,1.0,1.0,1.0,0.0661195749416947,0.0703770099207758,45569,1,0,0,0,0,0,2755.0,140.0,440,1,0.0650157439522445,0,2755,8,0,0.0042574349790811,True,,,,,,,,,True,completed,all_reduced_candidates,"[16, 19, 12, 26, 7, 34, 14, 12]",4.781363531947136e-05,solver final filtering and index remapping; caller metric conversion excluded,r5-v1,,excluded_precomputed,,True,,,fresh_retrieval,0.0019720513373613,0.0624647387303411,0.0016349712386727,0.0661195749416947,0.0703770099207758,measured_excluding_encoding,"[80, 100, 125, 201, 246, 1695, 233, 75]","[16, 19, 12, 26, 7, 34, 14, 12]",Python/PBS-unbounded,3.11.15,,,<paper>/revision_campaign_20260914/default/airbnb/default.csv
86,PTS,1,feasible,complete,1,1,returned,0,,84,0.0022727272727272,0.3344264504746573,0.0022727272727272,0.0123673351481556,0.0166247701272368,14195,1,0,0,0,0,0,2755.0,140.0,440,1,0.0650157439522445,0,2755,8,0,0.0042574349790811,False,,,,,,,500.0,,False,iteration_limit,fixed_candidate_tree,"[16, 19, 12, 26, 7, 34, 14, 12]",5.481531843543053e-05,solver final filtering and index remapping; caller metric conversion excluded,r5-v1,,excluded_precomputed,,True,,,fresh_retrieval,0.0019422438926994,0.0100513300858438,0.0003189458511769,0.0123673351481556,0.0166247701272368,measured_excluding_encoding,"[80, 100, 125, 201, 246, 1695, 233, 75]","[16, 19, 12, 26, 7, 34, 14, 12]",Python/DFS,3.11.15,,,<paper>/revision_campaign_20260914/default/airbnb/default.csv
86,eps-ILP g=4,1,feasible,complete,1,1,returned,0,17.0,2,0.0045454545454545,0.2106126903940352,0.0045454545454545,0.6730529167689383,0.6773103517480195,46835,17,0,0,0,10,0,,,440,1,0.0650157439522445,0,2755,8,0,0.0042574349790811,,,,,,,,,,True,grid_complete,configured_grid,,1.7807818949222565e-05,solver final filtering and index remapping; caller metric conversion excluded,r5-v1,,excluded_precomputed,,True,,,fresh_retrieval,0.0,0.6730054346844554,2.9674265533685684e-05,0.6730529167689383,0.6773103517480195,measured_excluding_encoding,"[80, 100, 125, 201, 246, 1695, 233, 75]","[80, 100, 125, 201, 246, 1695, 233, 75]",scipy.optimize.milp/HiGHS,1.17.1,1.12.0,1.0,<paper>/revision_campaign_20260914/default/airbnb/default.csv
86,eps-ILP g=16,1,feasible,complete,1,1,returned,0,257.0,27,0.0613636363636363,0.8313261263607902,0.0613636363636363,9.80908759497106,9.813345029950142,708035,257,0,0,0,113,0,,,440,1,0.0650157439522445,0,2755,8,0,0.0042574349790811,,,,,,,,,,True,grid_complete,configured_grid,,4.303036257624626e-05,solver final filtering and index remapping; caller metric conversion excluded,r5-v1,,excluded_precomputed,,True,,,fresh_retrieval,0.0,9.806568313855678,0.0024762507528066,9.80908759497106,9.813345029950142,measured_excluding_encoding,"[80, 100, 125, 201, 246, 1695, 233, 75]","[80, 100, 125, 201, 246, 1695, 233, 75]",scipy.optimize.milp/HiGHS,1.17.1,1.12.0,1.0,<paper>/revision_campaign_20260914/default/airbnb/default.csv
86,PBF,0,feasible,complete,1,1,work_limit,0,,0,0.0,0.0,0.0,2.9880087822675705e-05,0.0042873150669038,0,1,0,0,0,0,0,,,440,1,0.0650157439522445,0,2755,8,0,0.0042574349790811,False,,,,,,,,,False,combination_limit,full_input,,2.9880087822675705e-05,solver final filtering and index remapping; caller metric conversion excluded,r5-v1,,excluded_precomputed,,True,,,fresh_retrieval,,,,2.9880087822675705e-05,0.0042873150669038,measured_excluding_encoding,"[80, 100, 125, 201, 246, 1695, 233, 75]",,Python/PBF,3.11.15,,,<paper>/revision_campaign_20260914/default/airbnb/default.csv
87,PACS,1,feasible,complete,1,1,returned,0,,33,0.1096345514950166,0.7816151333245296,0.1092715231788079,0.0125791309401392,0.0155909550376236,4878,1,0,0,0,0,0,1950.0,87.0,301,1,0.0198592618107795,0,1950,5,1,0.0030118240974843,False,,,,,,,,,True,completed,beam_search,"[13, 25, 18, 14, 17]",6.287405267357826e-05,solver final filtering and index remapping; caller metric conversion excluded,r5-v1,,excluded_precomputed,,True,,,fresh_retrieval,0.0013099377974867,0.0108828102238476,0.0003235088661313,0.0125791309401392,0.0155909550376236,measured_excluding_encoding,"[74, 1357, 274, 106, 139]","[13, 25, 18, 14, 17]",Python/PACS+,3.11.15,,,<paper>/revision_campaign_20260914/default/airbnb/default.csv
87,PACS_dC,1,feasible,complete,1,1,returned,0,,100,0.0299003322259136,0.4895798959449756,0.0298013245033112,0.0052667190320789,0.0082785431295633,3795,1,0,0,0,0,0,,,301,1,0.0198592618107795,0,1950,5,1,0.0030118240974843,False,,,,,,,,,True,completed,beam_search,"[13, 25, 18, 14, 17]",2.3521017283201218e-05,solver final filtering and index remapping; caller metric conversion excluded,r5-v1,,excluded_precomputed,,True,,,fresh_retrieval,0.0013771448284387,0.0035209190100431,0.0003451341763138,0.0052667190320789,0.0082785431295633,measured_excluding_encoding,"[74, 1357, 274, 106, 139]","[13, 25, 18, 14, 17]",Python/PACS_dC,3.11.15,,,<paper>/revision_campaign_20260914/default/airbnb/default.csv
87,PBS-unbounded,1,feasible,complete,1,1,returned,0,,301,1.0,1.0,0.9966887417218544,0.019774722866714,0.0227865469641983,9545,1,0,0,0,0,0,1950.0,87.0,301,1,0.0198592618107795,0,1950,5,1,0.0030118240974843,True,,,,,,,,,True,completed,all_reduced_candidates,"[13, 25, 18, 14, 17]",0.0001096888445317,solver final filtering and index remapping; caller metric conversion excluded,r5-v1,,excluded_precomputed,,True,,,fresh_retrieval,0.0012308596633374,0.0169791360385715,0.0014550383202731,0.019774722866714,0.0227865469641983,measured_excluding_encoding,"[74, 1357, 274, 106, 139]","[13, 25, 18, 14, 17]",Python/PBS-unbounded,3.11.15,,,<paper>/revision_campaign_20260914/default/airbnb/default.csv
87,PTS,1,feasible,complete,1,1,returned,0,,128,0.0066445182724252,0.4405774549738217,0.0066225165562913,0.0107274679467082,0.0137392920441925,8336,1,0,0,0,0,0,1950.0,87.0,301,1,0.0198592618107795,0,1950,5,1,0.0030118240974843,False,,,,,,,500.0,,False,iteration_limit,fixed_candidate_tree,"[13, 25, 18, 14, 17]",4.3422915041446686e-05,solver final filtering and index remapping; caller metric conversion excluded,r5-v1,,excluded_precomputed,,True,,,fresh_retrieval,0.0011365469545125,0.0090999449603259,0.0004475531168282,0.0107274679467082,0.0137392920441925,measured_excluding_encoding,"[74, 1357, 274, 106, 139]","[13, 25, 18, 14, 17]",Python/DFS,3.11.15,,,<paper>/revision_campaign_20260914/default/airbnb/default.csv
87,eps-ILP g=4,1,feasible,complete,1,1,returned,0,17.0,5,0.0132890365448504,0.3793772351746216,0.0132450331125827,0.497573675122112,0.5005854992195964,33150,17,0,0,0,3,0,,,301,1,0.0198592618107795,0,1950,5,1,0.0030118240974843,,,,,,,,,,True,grid_complete,configured_grid,,1.6275327652692795e-05,solver final filtering and index remapping; caller metric conversion excluded,r5-v1,,excluded_precomputed,,True,,,fresh_retrieval,0.0,0.4975013770163059,5.6022778153419495e-05,0.497573675122112,0.5005854992195964,measured_excluding_encoding,"[74, 1357, 274, 106, 139]","[74, 1357, 274, 106, 139]",scipy.optimize.milp/HiGHS,1.17.1,1.12.0,1.0,<paper>/revision_campaign_20260914/default/airbnb/default.csv
87,eps-ILP g=16,1,feasible,complete,1,1,returned,0,257.0,34,0.1029900332225913,0.8922955735640008,0.1026490066225165,7.856839507818222,7.859851331915706,501150,257,0,0,0,14,0,,,301,1,0.0198592618107795,0,1950,5,1,0.0030118240974843,,,,,,,,,,True,grid_complete,configured_grid,,5.219178274273872e-05,solver final filtering and index remapping; caller metric conversion excluded,r5-v1,,excluded_precomputed,,True,,,fresh_retrieval,0.0,7.850005957763642,0.0067813582718372,7.856839507818222,7.859851331915706,measured_excluding_encoding,"[74, 1357, 274, 106, 139]","[74, 1357, 274, 106, 139]",scipy.optimize.milp/HiGHS,1.17.1,1.12.0,1.0,<paper>/revision_campaign_20260914/default/airbnb/default.csv
87,PBF,0,feasible,complete,1,1,work_limit,0,,0,0.0,0.0,0.0,2.3890752345323563e-05,0.0030357148498296,0,1,0,0,0,0,0,,,301,1,0.0198592618107795,0,1950,5,1,0.0030118240974843,False,,,,,,,,,False,combination_limit,full_input,,2.3890752345323563e-05,solver final filtering and index remapping; caller metric conversion excluded,r5-v1,,excluded_precomputed,,True,,,fresh_retrieval,,,,2.3890752345323563e-05,0.0030357148498296,measured_excluding_encoding,"[74, 1357, 274, 106, 139]",,Python/PBF,3.11.15,,,<paper>/revision_campaign_20260914/default/airbnb/default.csv
88,PACS,1,feasible,complete,1,1,returned,0,,65,0.2190812720848056,0.6276850693914225,0.2190812720848056,0.0135915060527622,0.0161963100545108,5853,1,0,0,0,0,0,1472.0,88.0,283,1,0.0202696127817034,0,1472,7,1,0.0026048040017485,False,,,,,,,,,True,completed,beam_search,"[13, 15, 5, 10, 10, 20, 15]",6.064213812351227e-05,solver final filtering and index remapping; caller metric conversion excluded,r5-v1,,excluded_precomputed,,True,,,fresh_retrieval,0.0013033929280936,0.0118820490315556,0.0003454219549894,0.0135915060527622,0.0161963100545108,measured_excluding_encoding,"[968, 153, 14, 42, 31, 241, 23]","[13, 15, 5, 10, 10, 20, 15]",Python/PACS+,3.11.15,,,<paper>/revision_campaign_20260914/default/airbnb/default.csv
88,PACS_dC,1,feasible,complete,1,1,returned,0,,9,0.0,0.0448359200990605,0.0,0.0020379968918859,0.0046428008936345,1778,1,0,0,0,0,0,,,283,1,0.0202696127817034,0,1472,7,1,0.0026048040017485,False,,,,,,,,,True,completed,beam_search,"[13, 15, 5, 10, 10, 20, 15]",1.695007085800171e-05,solver final filtering and index remapping; caller metric conversion excluded,r5-v1,,excluded_precomputed,,True,,,fresh_retrieval,0.0010685147717595,0.0009162300266325,3.630202263593674e-05,0.0020379968918859,0.0046428008936345,measured_excluding_encoding,"[968, 153, 14, 42, 31, 241, 23]","[13, 15, 5, 10, 10, 20, 15]",Python/PACS_dC,3.11.15,,,<paper>/revision_campaign_20260914/default/airbnb/default.csv
88,PBS-unbounded,1,feasible,complete,1,1,returned,0,,283,1.0,1.0,1.0,0.0196960042230784,0.022300808224827,12638,1,0,0,0,0,0,1472.0,88.0,283,1,0.0202696127817034,0,1472,7,1,0.0026048040017485,True,,,,,,,,,True,completed,all_reduced_candidates,"[13, 15, 5, 10, 10, 20, 15]",8.849892765283585e-05,solver final filtering and index remapping; caller metric conversion excluded,r5-v1,,excluded_precomputed,,True,,,fresh_retrieval,0.0008965451270341,0.0174703071825206,0.0012406529858708,0.0196960042230784,0.022300808224827,measured_excluding_encoding,"[968, 153, 14, 42, 31, 241, 23]","[13, 15, 5, 10, 10, 20, 15]",Python/PBS-unbounded,3.11.15,,,<paper>/revision_campaign_20260914/default/airbnb/default.csv
88,PTS,1,feasible,complete,1,1,returned,0,,95,0.0,0.3949927482274683,0.0,0.0103351329453289,0.0129399369470775,9603,1,0,0,0,0,0,1472.0,88.0,283,1,0.0202696127817034,0,1472,7,1,0.0026048040017485,False,,,,,,,500.0,,False,iteration_limit,fixed_candidate_tree,"[13, 15, 5, 10, 10, 20, 15]",5.1394104957580566e-05,solver final filtering and index remapping; caller metric conversion excluded,r5-v1,,excluded_precomputed,,True,,,fresh_retrieval,0.0010136049240827,0.0089199198409914,0.0003502140752971,0.0103351329453289,0.0129399369470775,measured_excluding_encoding,"[968, 153, 14, 42, 31, 241, 23]","[13, 15, 5, 10, 10, 20, 15]",Python/DFS,3.11.15,,,<paper>/revision_campaign_20260914/default/airbnb/default.csv
88,eps-ILP g=4,1,feasible,complete,1,1,returned,0,17.0,4,0.0141342756183745,0.6238848670671742,0.0141342756183745,0.4206760092638433,0.4232808132655918,25024,17,0,0,0,4,0,,,283,1,0.0202696127817034,0,1472,7,1,0.0026048040017485,,,,,,,,,,True,grid_complete,configured_grid,,1.6549136489629745e-05,solver final filtering and index remapping; caller metric conversion excluded,r5-v1,,excluded_precomputed,,True,,,fresh_retrieval,0.0,0.4206074462272227,5.201390013098717e-05,0.4206760092638433,0.4232808132655918,measured_excluding_encoding,"[968, 153, 14, 42, 31, 241, 23]","[968, 153, 14, 42, 31, 241, 23]",scipy.optimize.milp/HiGHS,1.17.1,1.12.0,1.0,<paper>/revision_campaign_20260914/default/airbnb/default.csv
88,eps-ILP g=16,1,feasible,complete,1,1,returned,0,257.0,36,0.127208480565371,0.8902245078885216,0.127208480565371,7.097704139072448,7.100308943074197,378304,257,0,0,0,26,0,,,283,1,0.0202696127817034,0,1472,7,1,0.0026048040017485,,,,,,,,,,True,grid_complete,configured_grid,,5.355477333068848e-05,solver final filtering and index remapping; caller metric conversion excluded,r5-v1,,excluded_precomputed,,True,,,fresh_retrieval,0.0,7.091608421411365,0.006042162887752,7.097704139072448,7.100308943074197,measured_excluding_encoding,"[968, 153, 14, 42, 31, 241, 23]","[968, 153, 14, 42, 31, 241, 23]",scipy.optimize.milp/HiGHS,1.17.1,1.12.0,1.0,<paper>/revision_campaign_20260914/default/airbnb/default.csv
88,PBF,0,feasible,complete,1,1,work_limit,0,,0,0.0,0.0,0.0,3.2285694032907486e-05,0.0026370896957814,0,1,0,0,0,0,0,,,283,1,0.0202696127817034,0,1472,7,1,0.0026048040017485,False,,,,,,,,,False,combination_limit,full_input,,3.2285694032907486e-05,solver final filtering and index remapping; caller metric conversion excluded,r5-v1,,excluded_precomputed,,True,,,fresh_retrieval,,,,3.2285694032907486e-05,0.0026370896957814,measured_excluding_encoding,"[968, 153, 14, 42, 31, 241, 23]",,Python/PBF,3.11.15,,,<paper>/revision_campaign_20260914/default/airbnb/default.csv
89,PACS,1,feasible,complete,1,1,returned,0,,81,0.7641509433962265,0.9745351969544848,0.7641509433962265,0.0041309599764645,0.0066574597731232,2003,1,0,0,0,0,0,1451.0,65.0,106,1,0.0042412229813635,0,1451,4,1,0.0025264997966587,False,,,,,,,,,True,completed,beam_search,"[10, 13, 29, 13]",3.608781844377518e-05,solver final filtering and index remapping; caller metric conversion excluded,r5-v1,,excluded_precomputed,,True,,,fresh_retrieval,0.0008686943911015,0.0028764437884092,0.0003497339785099,0.0041309599764645,0.0066574597731232,measured_excluding_encoding,"[34, 83, 1062, 272]","[10, 13, 29, 13]",Python/PACS+,3.11.15,,,<paper>/revision_campaign_20260914/default/airbnb/default.csv
89,PACS_dC,1,feasible,complete,1,1,returned,0,,54,0.0188679245283018,0.6364539629767297,0.0188679245283018,0.0021191779524087,0.0046456777490675,1082,1,0,0,0,0,0,,,106,1,0.0042412229813635,0,1451,4,1,0.0025264997966587,False,,,,,,,,,True,completed,beam_search,"[10, 13, 29, 13]",1.8751248717308044e-05,solver final filtering and index remapping; caller metric conversion excluded,r5-v1,,excluded_precomputed,,True,,,fresh_retrieval,0.0007889498956501,0.0011318647302687,0.0001796120777726,0.0021191779524087,0.0046456777490675,measured_excluding_encoding,"[34, 83, 1062, 272]","[10, 13, 29, 13]",Python/PACS_dC,3.11.15,,,<paper>/revision_campaign_20260914/default/airbnb/default.csv
89,PBS-unbounded,1,feasible,complete,1,1,returned,0,,106,1.0,1.0,1.0,0.0042386879213154,0.0067651877179741,2003,1,0,0,0,0,0,1451.0,65.0,106,1,0.0042412229813635,0,1451,4,1,0.0025264997966587,True,,,,,,,,,True,completed,all_reduced_candidates,"[10, 13, 29, 13]",4.155980423092842e-05,solver final filtering and index remapping; caller metric conversion excluded,r5-v1,,excluded_precomputed,,True,,,fresh_retrieval,0.0008927681483328,0.0028757350519299,0.0004286249168217,0.0042386879213154,0.0067651877179741,measured_excluding_encoding,"[34, 83, 1062, 272]","[10, 13, 29, 13]",Python/PBS-unbounded,3.11.15,,,<paper>/revision_campaign_20260914/default/airbnb/default.csv
89,PTS,1,feasible,complete,1,1,returned,0,,105,0.9339622641509434,0.997824948827872,0.9339622641509434,0.010044717695564,0.0125712174922227,5445,1,0,0,0,0,0,1451.0,65.0,106,1,0.0042412229813635,0,1451,4,1,0.0025264997966587,False,,,,,,,500.0,,False,iteration_limit,fixed_candidate_tree,"[10, 13, 29, 13]",5.096476525068283e-05,solver final filtering and index remapping; caller metric conversion excluded,r5-v1,,excluded_precomputed,,True,,,fresh_retrieval,0.0007728580385446,0.0088456980884075,0.0003751968033611,0.010044717695564,0.0125712174922227,measured_excluding_encoding,"[34, 83, 1062, 272]","[10, 13, 29, 13]",Python/DFS,3.11.15,,,<paper>/revision_campaign_20260914/default/airbnb/default.csv
89,eps-ILP g=4,1,feasible,complete,1,1,returned,0,17.0,4,0.0377358490566037,0.7390722092309089,0.0377358490566037,0.4130393429659307,0.4155658427625894,24667,17,0,0,0,4,0,,,106,1,0.0042412229813635,0,1451,4,1,0.0025264997966587,,,,,,,,,,True,grid_complete,configured_grid,,1.6022007912397385e-05,solver final filtering and index remapping; caller metric conversion excluded,r5-v1,,excluded_precomputed,,True,,,fresh_retrieval,0.0,0.4129718136973679,5.150726065039635e-05,0.4130393429659307,0.4155658427625894,measured_excluding_encoding,"[34, 83, 1062, 272]","[34, 83, 1062, 272]",scipy.optimize.milp/HiGHS,1.17.1,1.12.0,1.0,<paper>/revision_campaign_20260914/default/airbnb/default.csv
89,eps-ILP g=16,1,feasible,complete,1,1,returned,0,257.0,23,0.2169811320754717,0.880022875905979,0.2169811320754717,6.361160098575056,6.363686598371714,372907,257,0,0,0,16,0,,,106,1,0.0042412229813635,0,1451,4,1,0.0025264997966587,,,,,,,,,,True,grid_complete,configured_grid,,5.404837429523468e-05,solver final filtering and index remapping; caller metric conversion excluded,r5-v1,,excluded_precomputed,,True,,,fresh_retrieval,0.0,6.354595076758415,0.0065109734423458,6.361160098575056,6.363686598371714,measured_excluding_encoding,"[34, 83, 1062, 272]","[34, 83, 1062, 272]",scipy.optimize.milp/HiGHS,1.17.1,1.12.0,1.0,<paper>/revision_campaign_20260914/default/airbnb/default.csv
89,PBF,0,feasible,complete,1,1,work_limit,0,,0,0.0,0.0,0.0,2.7964822947978973e-05,0.0025544646196067,0,1,0,0,0,0,0,,,106,1,0.0042412229813635,0,1451,4,1,0.0025264997966587,False,,,,,,,,,False,combination_limit,full_input,,2.7964822947978973e-05,solver final filtering and index remapping; caller metric conversion excluded,r5-v1,,excluded_precomputed,,True,,,fresh_retrieval,,,,2.7964822947978973e-05,0.0025544646196067,measured_excluding_encoding,"[34, 83, 1062, 272]",,Python/PBF,3.11.15,,,<paper>/revision_campaign_20260914/default/airbnb/default.csv
90,PACS,1,feasible,complete,1,1,returned,0,,62,0.1041666666666666,0.5611606030499591,0.1041666666666666,0.0266973450779914,0.0299359681084752,9474,1,0,0,0,0,0,2056.0,137.0,576,1,0.047789195086807,0,2056,8,1,0.0032386230304837,False,,,,,,,,,True,completed,beam_search,"[7, 27, 10, 24, 16, 27, 16, 10]",6.246520206332207e-05,solver final filtering and index remapping; caller metric conversion excluded,r5-v1,,excluded_precomputed,,True,,,fresh_retrieval,0.0022064941003918,0.0240777758881449,0.0003506098873913,0.0266973450779914,0.0299359681084752,measured_excluding_encoding,"[21, 322, 507, 611, 141, 167, 91, 196]","[7, 27, 10, 24, 16, 27, 16, 10]",Python/PACS+,3.11.15,,,<paper>/revision_campaign_20260914/default/airbnb/default.csv
90,PACS_dC,1,feasible,complete,1,1,returned,0,,99,0.0,0.3636067654996384,0.0,0.0085263294167816,0.0117649524472653,6864,1,0,0,0,0,0,,,576,1,0.047789195086807,0,2056,8,1,0.0032386230304837,False,,,,,,,,,True,completed,beam_search,"[7, 27, 10, 24, 16, 27, 16, 10]",2.3220200091600415e-05,solver final filtering and index remapping; caller metric conversion excluded,r5-v1,,excluded_precomputed,,True,,,fresh_retrieval,0.0018091178499162,0.0063431011512875,0.0003508902154862,0.0085263294167816,0.0117649524472653,measured_excluding_encoding,"[21, 322, 507, 611, 141, 167, 91, 196]","[7, 27, 10, 24, 16, 27, 16, 10]",Python/PACS_dC,3.11.15,,,<paper>/revision_campaign_20260914/default/airbnb/default.csv
90,PBS-unbounded,1,feasible,complete,1,1,returned,0,,576,1.0,1.0,1.0,0.0468068569898605,0.0500454800203442,21993,1,0,0,0,0,0,2056.0,137.0,576,1,0.047789195086807,0,2056,8,1,0.0032386230304837,True,,,,,,,,,True,completed,all_reduced_candidates,"[7, 27, 10, 24, 16, 27, 16, 10]",0.0001762551255524,solver final filtering and index remapping; caller metric conversion excluded,r5-v1,,excluded_precomputed,,True,,,fresh_retrieval,0.0017395266331732,0.0423721130937337,0.0025189621374011,0.0468068569898605,0.0500454800203442,measured_excluding_encoding,"[21, 322, 507, 611, 141, 167, 91, 196]","[7, 27, 10, 24, 16, 27, 16, 10]",Python/PBS-unbounded,3.11.15,,,<paper>/revision_campaign_20260914/default/airbnb/default.csv
90,PTS,1,feasible,complete,1,1,returned,0,,83,0.0,0.211176438988291,0.0,0.0109535860829055,0.0141922091133892,9132,1,0,0,0,0,0,2056.0,137.0,576,1,0.047789195086807,0,2056,8,1,0.0032386230304837,False,,,,,,,500.0,,False,iteration_limit,fixed_candidate_tree,"[7, 27, 10, 24, 16, 27, 16, 10]",5.189096555113792e-05,solver final filtering and index remapping; caller metric conversion excluded,r5-v1,,excluded_precomputed,,True,,,fresh_retrieval,0.0017447941936552,0.0088471490889787,0.0003097518347203,0.0109535860829055,0.0141922091133892,measured_excluding_encoding,"[21, 322, 507, 611, 141, 167, 91, 196]","[7, 27, 10, 24, 16, 27, 16, 10]",Python/DFS,3.11.15,,,<paper>/revision_campaign_20260914/default/airbnb/default.csv
90,eps-ILP g=4,1,feasible,complete,1,1,returned,0,17.0,4,0.0069444444444444,0.3470005269116514,0.0069444444444444,0.5369353881105781,0.5401740111410618,34952,17,0,0,0,4,0,,,576,1,0.047789195086807,0,2056,8,1,0.0032386230304837,,,,,,,,,,True,grid_complete,configured_grid,,1.7984304577112198e-05,solver final filtering and index remapping; caller metric conversion excluded,r5-v1,,excluded_precomputed,,True,,,fresh_retrieval,0.0,0.536862360779196,5.504302680492401e-05,0.5369353881105781,0.5401740111410618,measured_excluding_encoding,"[21, 322, 507, 611, 141, 167, 91, 196]","[21, 322, 507, 611, 141, 167, 91, 196]",scipy.optimize.milp/HiGHS,1.17.1,1.12.0,1.0,<paper>/revision_campaign_20260914/default/airbnb/default.csv
90,eps-ILP g=16,1,feasible,complete,1,1,returned,0,257.0,45,0.078125,0.843336386973059,0.078125,9.94794049486518,9.951179117895665,528392,257,0,0,0,18,0,,,576,1,0.047789195086807,0,2056,8,1,0.0032386230304837,,,,,,,,,,True,grid_complete,configured_grid,,7.125688716769218e-05,solver final filtering and index remapping; caller metric conversion excluded,r5-v1,,excluded_precomputed,,True,,,fresh_retrieval,0.0,9.941433124244211,0.0064361137337982,9.94794049486518,9.951179117895665,measured_excluding_encoding,"[21, 322, 507, 611, 141, 167, 91, 196]","[21, 322, 507, 611, 141, 167, 91, 196]",scipy.optimize.milp/HiGHS,1.17.1,1.12.0,1.0,<paper>/revision_campaign_20260914/default/airbnb/default.csv
90,PBF,0,feasible,complete,1,1,work_limit,0,,0,0.0,0.0,0.0,2.2984109818935398e-05,0.0032616071403026,0,1,0,0,0,0,0,,,576,1,0.047789195086807,0,2056,8,1,0.0032386230304837,False,,,,,,,,,False,combination_limit,full_input,,2.2984109818935398e-05,solver final filtering and index remapping; caller metric conversion excluded,r5-v1,,excluded_precomputed,,True,,,fresh_retrieval,,,,2.2984109818935398e-05,0.0032616071403026,measured_excluding_encoding,"[21, 322, 507, 611, 141, 167, 91, 196]",,Python/PBF,3.11.15,,,<paper>/revision_campaign_20260914/default/airbnb/default.csv
91,PACS,1,feasible,complete,1,1,returned,0,,25,0.0733333333333333,0.2022770526815175,0.0733333333333333,0.0212800139561295,0.0245384718291461,7282,1,0,0,0,0,0,1962.0,103.0,150,1,0.0491048181429505,0,1962,8,0,0.0032584578730165,False,,,,,,,,,True,completed,beam_search,"[2, 10, 20, 30, 19, 12, 9, 1]",1.554330810904503e-05,solver final filtering and index remapping; caller metric conversion excluded,r5-v1,,excluded_precomputed,,True,,,fresh_retrieval,0.0018214457668364,0.0193401649594306,0.0001028599217534,0.0212800139561295,0.0245384718291461,measured_excluding_encoding,"[2, 366, 572, 380, 71, 292, 278, 1]","[2, 10, 20, 30, 19, 12, 9, 1]",Python/PACS+,3.11.15,,,<paper>/revision_campaign_20260914/default/airbnb/default.csv
91,PACS_dC,0,feasible,complete,1,1,no_assignment,0,,0,0.0,0.0,0.0,0.0085102911107242,0.0117687489837408,4962,1,0,0,0,0,0,,,150,1,0.0491048181429505,0,1962,8,0,0.0032584578730165,False,,,,,,,,,True,completed,beam_search,"[2, 10, 20, 30, 19, 12, 9, 1]",2.089794725179672e-05,solver final filtering and index remapping; caller metric conversion excluded,r5-v1,,excluded_precomputed,,True,,,fresh_retrieval,0.0012724660336971,0.0072134272195398,3.4999102354049683e-06,0.0085102911107242,0.0117687489837408,measured_excluding_encoding,"[2, 366, 572, 380, 71, 292, 278, 1]","[2, 10, 20, 30, 19, 12, 9, 1]",Python/PACS_dC,3.11.15,,,<paper>/revision_campaign_20260914/default/airbnb/default.csv
91,PBS-unbounded,1,feasible,complete,1,1,returned,0,,150,1.0,1.0,1.0,0.0494219358079135,0.0526803936809301,24347,1,0,0,0,0,0,1962.0,103.0,150,1,0.0491048181429505,0,1962,8,0,0.0032584578730165,True,,,,,,,,,True,completed,all_reduced_candidates,"[2, 10, 20, 30, 19, 12, 9, 1]",1.702224835753441e-05,solver final filtering and index remapping; caller metric conversion excluded,r5-v1,,excluded_precomputed,,True,,,fresh_retrieval,0.0011751009151339,0.0476942649111151,0.0005355477333068,0.0494219358079135,0.0526803936809301,measured_excluding_encoding,"[2, 366, 572, 380, 71, 292, 278, 1]","[2, 10, 20, 30, 19, 12, 9, 1]",Python/PBS-unbounded,3.11.15,,,<paper>/revision_campaign_20260914/default/airbnb/default.csv
91,PTS,1,feasible,complete,1,1,returned,0,,88,0.5133333333333333,0.8626929303147468,0.5133333333333333,0.0124971796758472,0.0157556375488638,20457,1,0,0,0,0,0,1962.0,103.0,150,1,0.0491048181429505,0,1962,8,0,0.0032584578730165,False,,,,,,,500.0,,False,iteration_limit,fixed_candidate_tree,"[2, 10, 20, 30, 19, 12, 9, 1]",4.73647378385067e-05,solver final filtering and index remapping; caller metric conversion excluded,r5-v1,,excluded_precomputed,,True,,,fresh_retrieval,0.0012565008364617,0.0108604463748633,0.0003328677266836,0.0124971796758472,0.0157556375488638,measured_excluding_encoding,"[2, 366, 572, 380, 71, 292, 278, 1]","[2, 10, 20, 30, 19, 12, 9, 1]",Python/DFS,3.11.15,,,<paper>/revision_campaign_20260914/default/airbnb/default.csv
91,eps-ILP g=4,1,feasible,complete,1,1,returned,0,17.0,3,0.02,0.583028048281598,0.02,0.3359045437537133,0.3391630016267299,33354,17,0,0,0,7,0,,,150,1,0.0491048181429505,0,1962,8,0,0.0032584578730165,,,,,,,,,,True,grid_complete,configured_grid,,1.77859328687191e-05,solver final filtering and index remapping; caller metric conversion excluded,r5-v1,,excluded_precomputed,,True,,,fresh_retrieval,0.0,0.3358459160663187,4.084175452589989e-05,0.3359045437537133,0.3391630016267299,measured_excluding_encoding,"[2, 366, 572, 380, 71, 292, 278, 1]","[2, 366, 572, 380, 71, 292, 278, 1]",scipy.optimize.milp/HiGHS,1.17.1,1.12.0,1.0,<paper>/revision_campaign_20260914/default/airbnb/default.csv
91,eps-ILP g=16,1,feasible,complete,1,1,returned,0,257.0,19,0.1266666666666666,0.8823058112532415,0.1266666666666666,5.518784279003739,5.522042736876756,504234,257,0,0,0,105,0,,,150,1,0.0491048181429505,0,1962,8,0,0.0032584578730165,,,,,,,,,,True,grid_complete,configured_grid,,4.8584770411252975e-05,solver final filtering and index remapping; caller metric conversion excluded,r5-v1,,excluded_precomputed,,True,,,fresh_retrieval,0.0,5.515958650037646,0.0027770441956818,5.518784279003739,5.522042736876756,measured_excluding_encoding,"[2, 366, 572, 380, 71, 292, 278, 1]","[2, 366, 572, 380, 71, 292, 278, 1]",scipy.optimize.milp/HiGHS,1.17.1,1.12.0,1.0,<paper>/revision_campaign_20260914/default/airbnb/default.csv
91,PBF,0,feasible,complete,1,1,work_limit,0,,0,0.0,0.0,0.0,1.6178935766220093e-05,0.0032746368087828,0,1,0,0,0,0,0,,,150,1,0.0491048181429505,0,1962,8,0,0.0032584578730165,False,,,,,,,,,False,combination_limit,full_input,,1.6178935766220093e-05,solver final filtering and index remapping; caller metric conversion excluded,r5-v1,,excluded_precomputed,,True,,,fresh_retrieval,,,,1.6178935766220093e-05,0.0032746368087828,measured_excluding_encoding,"[2, 366, 572, 380, 71, 292, 278, 1]",,Python/PBF,3.11.15,,,<paper>/revision_campaign_20260914/default/airbnb/default.csv
92,PACS,1,feasible,complete,1,1,returned,0,,95,0.0820265379975874,0.8381304040852436,0.0842358604091456,0.0217425180599093,0.0244272211566567,7431,1,0,0,0,0,0,1375.0,117.0,829,1,0.0747554651461541,0,1375,6,1,0.0026847030967473,False,,,,,,,,,True,completed,beam_search,"[12, 10, 31, 23, 10, 31]",0.000127465929836,solver final filtering and index remapping; caller metric conversion excluded,r5-v1,,excluded_precomputed,,True,,,fresh_retrieval,0.0015110531821846,0.019728435203433,0.0003755637444555,0.0217425180599093,0.0244272211566567,measured_excluding_encoding,"[94, 25, 204, 312, 131, 609]","[12, 10, 31, 23, 10, 31]",Python/PACS+,3.11.15,,,<paper>/revision_campaign_20260914/default/airbnb/default.csv
92,PACS_dC,1,feasible,complete,1,1,returned,0,,100,0.0,0.4105053946421939,0.0,0.0093831629492342,0.0120678660459816,6068,1,0,0,0,0,0,,,829,1,0.0747554651461541,0,1375,6,1,0.0026847030967473,False,,,,,,,,,True,completed,beam_search,"[12, 10, 31, 23, 10, 31]",4.154583439230919e-05,solver final filtering and index remapping; caller metric conversion excluded,r5-v1,,excluded_precomputed,,True,,,fresh_retrieval,0.0014139120467007,0.0075729331001639,0.0003547719679772,0.0093831629492342,0.0120678660459816,measured_excluding_encoding,"[94, 25, 204, 312, 131, 609]","[12, 10, 31, 23, 10, 31]",Python/PACS_dC,3.11.15,,,<paper>/revision_campaign_20260914/default/airbnb/default.csv
92,PBS-unbounded,1,feasible,complete,1,1,returned,0,,829,1.0,1.0,0.9975932611311672,0.0733077311888337,0.0759924342855811,26088,1,0,0,0,0,0,1375.0,117.0,829,1,0.0747554651461541,0,1375,6,1,0.0026847030967473,True,,,,,,,,,True,completed,all_reduced_candidates,"[12, 10, 31, 23, 10, 31]",0.000571344513446,solver final filtering and index remapping; caller metric conversion excluded,r5-v1,,excluded_precomputed,,True,,,fresh_retrieval,0.0013557816855609,0.0671682972460985,0.0042123077437281,0.0733077311888337,0.0759924342855811,measured_excluding_encoding,"[94, 25, 204, 312, 131, 609]","[12, 10, 31, 23, 10, 31]",Python/PBS-unbounded,3.11.15,,,<paper>/revision_campaign_20260914/default/airbnb/default.csv
92,PTS,1,feasible,complete,1,1,returned,0,,162,0.0,0.2494455774098862,0.0,0.0138033828698098,0.0164880859665572,9580,1,0,0,0,0,0,1375.0,117.0,829,1,0.0747554651461541,0,1375,6,1,0.0026847030967473,False,,,,,,,500.0,,False,iteration_limit,fixed_candidate_tree,"[12, 10, 31, 23, 10, 31]",5.364418029785156e-05,solver final filtering and index remapping; caller metric conversion excluded,r5-v1,,excluded_precomputed,,True,,,fresh_retrieval,0.0014898059889674,0.0116751999594271,0.0005847327411174,0.0138033828698098,0.0164880859665572,measured_excluding_encoding,"[94, 25, 204, 312, 131, 609]","[12, 10, 31, 23, 10, 31]",Python/DFS,3.11.15,,,<paper>/revision_campaign_20260914/default/airbnb/default.csv
92,eps-ILP g=4,1,feasible,complete,1,1,returned,0,17.0,4,0.0048250904704463,0.4249449902589666,0.0048134777376654,0.3493562340736389,0.3520409371703863,23375,17,0,0,0,4,0,,,829,1,0.0747554651461541,0,1375,6,1,0.0026847030967473,,,,,,,,,,True,grid_complete,configured_grid,,1.7789192497730255e-05,solver final filtering and index remapping; caller metric conversion excluded,r5-v1,,excluded_precomputed,,True,,,fresh_retrieval,0.0,0.3492866321466863,5.1812734454870224e-05,0.3493562340736389,0.3520409371703863,measured_excluding_encoding,"[94, 25, 204, 312, 131, 609]","[94, 25, 204, 312, 131, 609]",scipy.optimize.milp/HiGHS,1.17.1,1.12.0,1.0,<paper>/revision_campaign_20260914/default/airbnb/default.csv
92,eps-ILP g=16,1,feasible,complete,1,1,returned,0,257.0,36,0.0434258142340168,0.8721634679336835,0.0433212996389891,6.376632704399526,6.3793174074962735,353375,257,0,0,0,18,0,,,829,1,0.0747554651461541,0,1375,6,1,0.0026847030967473,,,,,,,,,,True,grid_complete,configured_grid,,5.58244064450264e-05,solver final filtering and index remapping; caller metric conversion excluded,r5-v1,,excluded_precomputed,,True,,,fresh_retrieval,0.0,6.369938847143203,0.006638032849878,6.376632704399526,6.3793174074962735,measured_excluding_encoding,"[94, 25, 204, 312, 131, 609]","[94, 25, 204, 312, 131, 609]",scipy.optimize.milp/HiGHS,1.17.1,1.12.0,1.0,<paper>/revision_campaign_20260914/default/airbnb/default.csv
92,PBF,0,feasible,complete,1,1,work_limit,0,,0,0.0,0.0,0.0,2.7513131499290463e-05,0.0027122162282466,0,1,0,0,0,0,0,,,829,1,0.0747554651461541,0,1375,6,1,0.0026847030967473,False,,,,,,,,,False,combination_limit,full_input,,2.7513131499290463e-05,solver final filtering and index remapping; caller metric conversion excluded,r5-v1,,excluded_precomputed,,True,,,fresh_retrieval,,,,2.7513131499290463e-05,0.0027122162282466,measured_excluding_encoding,"[94, 25, 204, 312, 131, 609]",,Python/PBF,3.11.15,,,<paper>/revision_campaign_20260914/default/airbnb/default.csv
93,PACS,1,feasible,complete,1,1,returned,0,,100,0.0199081163859111,0.6880824470505321,0.0199081163859111,0.0256936000660061,0.1896840720437467,7690,1,0,0,0,0,0,2717.0,103.0,653,1,0.0777056938968598,0,2717,8,1,0.1639904719777405,False,,,,,,,,,True,completed,beam_search,"[13, 9, 10, 17, 2, 16, 27, 9]",5.358504131436348e-05,solver final filtering and index remapping; caller metric conversion excluded,r5-v1,,excluded_precomputed,,True,,,fresh_retrieval,0.002979913726449,0.0222964733839035,0.0003636279143393,0.0256936000660061,0.1896840720437467,measured_excluding_encoding,"[73, 47, 52, 150, 18, 143, 487, 1747]","[13, 9, 10, 17, 2, 16, 27, 9]",Python/PACS+,3.11.15,,,<paper>/revision_campaign_20260914/default/airbnb/default.csv
93,PACS_dC,1,feasible,complete,1,1,returned,0,,43,0.0,0.1003562350979256,0.0,0.0079495362006127,0.1719400081783533,5429,1,0,0,0,0,0,,,653,1,0.0777056938968598,0,2717,8,1,0.1639904719777405,False,,,,,,,,,True,completed,beam_search,"[13, 9, 10, 17, 2, 16, 27, 9]",1.7328187823295593e-05,solver final filtering and index remapping; caller metric conversion excluded,r5-v1,,excluded_precomputed,,True,,,fresh_retrieval,0.0028412910178303,0.0049447957426309,0.0001461212523281,0.0079495362006127,0.1719400081783533,measured_excluding_encoding,"[73, 47, 52, 150, 18, 143, 487, 1747]","[13, 9, 10, 17, 2, 16, 27, 9]",Python/PACS_dC,3.11.15,,,<paper>/revision_campaign_20260914/default/airbnb/default.csv
93,PBS-unbounded,1,feasible,complete,1,1,returned,0,,653,1.0,1.0,1.0,0.0767819946631789,0.2407724666409194,33199,1,0,0,0,0,0,2717.0,103.0,653,1,0.0777056938968598,0,2717,8,1,0.1639904719777405,True,,,,,,,,,True,completed,all_reduced_candidates,"[13, 9, 10, 17, 2, 16, 27, 9]",0.0002494594082236,solver final filtering and index remapping; caller metric conversion excluded,r5-v1,,excluded_precomputed,,True,,,fresh_retrieval,0.0028095380403101,0.0708896340802311,0.0028333631344139,0.0767819946631789,0.2407724666409194,measured_excluding_encoding,"[73, 47, 52, 150, 18, 143, 487, 1747]","[13, 9, 10, 17, 2, 16, 27, 9]",Python/PBS-unbounded,3.11.15,,,<paper>/revision_campaign_20260914/default/airbnb/default.csv
93,PTS,1,feasible,complete,1,1,returned,0,,83,0.0,0.2409235080989819,0.0,0.0127131389454007,0.1767036109231412,9247,1,0,0,0,0,0,2717.0,103.0,653,1,0.0777056938968598,0,2717,8,1,0.1639904719777405,False,,,,,,,500.0,,False,iteration_limit,fixed_candidate_tree,"[13, 9, 10, 17, 2, 16, 27, 9]",5.4345931857824326e-05,solver final filtering and index remapping; caller metric conversion excluded,r5-v1,,excluded_precomputed,,True,,,fresh_retrieval,0.0027657728642225,0.0095838820561766,0.0003091380931437,0.0127131389454007,0.1767036109231412,measured_excluding_encoding,"[73, 47, 52, 150, 18, 143, 487, 1747]","[13, 9, 10, 17, 2, 16, 27, 9]",Python/DFS,3.11.15,,,<paper>/revision_campaign_20260914/default/airbnb/default.csv
93,eps-ILP g=4,1,feasible,complete,1,1,returned,0,17.0,4,0.006125574272588,0.5416863030802214,0.006125574272588,0.6604086537845433,0.8243991257622838,46189,17,0,0,0,4,0,,,653,1,0.0777056938968598,0,2717,8,1,0.1639904719777405,,,,,,,,,,True,grid_complete,configured_grid,,1.7940066754817963e-05,solver final filtering and index remapping; caller metric conversion excluded,r5-v1,,excluded_precomputed,,True,,,fresh_retrieval,0.0,0.6603368297219276,5.388399586081505e-05,0.6604086537845433,0.8243991257622838,measured_excluding_encoding,"[73, 47, 52, 150, 18, 143, 487, 1747]","[73, 47, 52, 150, 18, 143, 487, 1747]",scipy.optimize.milp/HiGHS,1.17.1,1.12.0,1.0,<paper>/revision_campaign_20260914/default/airbnb/default.csv
93,eps-ILP g=16,1,feasible,complete,1,1,returned,0,257.0,56,0.0857580398162327,0.8929022910680895,0.0857580398162327,10.307911487296224,10.471901959273964,698269,257,0,0,0,23,0,,,653,1,0.0777056938968598,0,2717,8,1,0.1639904719777405,,,,,,,,,,True,grid_complete,configured_grid,,5.594966933131218e-05,solver final filtering and index remapping; caller metric conversion excluded,r5-v1,,excluded_precomputed,,True,,,fresh_retrieval,0.0,10.30173286795616,0.0061226696707308,10.307911487296224,10.471901959273964,measured_excluding_encoding,"[73, 47, 52, 150, 18, 143, 487, 1747]","[73, 47, 52, 150, 18, 143, 487, 1747]",scipy.optimize.milp/HiGHS,1.17.1,1.12.0,1.0,<paper>/revision_campaign_20260914/default/airbnb/default.csv
93,PBF,0,feasible,complete,1,1,work_limit,0,,0,0.0,0.0,0.0,3.149593248963356e-05,0.1640219679102301,0,1,0,0,0,0,0,,,653,1,0.0777056938968598,0,2717,8,1,0.1639904719777405,False,,,,,,,,,False,combination_limit,full_input,,3.149593248963356e-05,solver final filtering and index remapping; caller metric conversion excluded,r5-v1,,excluded_precomputed,,True,,,fresh_retrieval,,,,3.149593248963356e-05,0.1640219679102301,measured_excluding_encoding,"[73, 47, 52, 150, 18, 143, 487, 1747]",,Python/PBF,3.11.15,,,<paper>/revision_campaign_20260914/default/airbnb/default.csv
94,PACS,1,feasible,complete,1,1,returned,0,,100,0.4805825242718446,0.9357695068624984,0.4805825242718446,0.0142826028168201,0.0206502461805939,3684,1,0,0,0,0,0,4965.0,83.0,206,1,0.0162364360876381,0,4965,5,0,0.0063676433637738,False,,,,,,,,,True,completed,beam_search,"[11, 25, 31, 10, 6]",2.0007137209177017e-05,solver final filtering and index remapping; caller metric conversion excluded,r5-v1,,excluded_precomputed,,True,,,fresh_retrieval,0.0053365039639174,0.0085710790008306,0.0003550127148628,0.0142826028168201,0.0206502461805939,measured_excluding_encoding,"[22, 206, 4591, 139, 7]","[11, 25, 31, 10, 6]",Python/PACS+,3.11.15,,,<paper>/revision_campaign_20260914/default/airbnb/default.csv
94,PACS_dC,0,feasible,complete,1,1,no_assignment,0,,0,0.0,0.0,0.0,0.0089174178428947,0.0152850612066686,2896,1,0,0,0,0,0,,,206,1,0.0162364360876381,0,4965,5,0,0.0063676433637738,False,,,,,,,,,True,completed,beam_search,"[11, 25, 31, 10, 6]",2.280808985233307e-05,solver final filtering and index remapping; caller metric conversion excluded,r5-v1,,excluded_precomputed,,True,,,fresh_retrieval,0.0047411527484655,0.0041501061059534,3.350898623466492e-06,0.0089174178428947,0.0152850612066686,measured_excluding_encoding,"[22, 206, 4591, 139, 7]","[11, 25, 31, 10, 6]",Python/PACS_dC,3.11.15,,,<paper>/revision_campaign_20260914/default/airbnb/default.csv
94,PBS-unbounded,1,feasible,complete,1,1,returned,0,,206,1.0,1.0,1.0,0.0160328149795532,0.022400458343327,5558,1,0,0,0,0,0,4965.0,83.0,206,1,0.0162364360876381,0,4965,5,0,0.0063676433637738,True,,,,,,,,,True,completed,all_reduced_candidates,"[11, 25, 31, 10, 6]",2.7216970920562744e-05,solver final filtering and index remapping; caller metric conversion excluded,r5-v1,,excluded_precomputed,,True,,,fresh_retrieval,0.0047413697466254,0.0105473431758582,0.0007168850861489,0.0160328149795532,0.022400458343327,measured_excluding_encoding,"[22, 206, 4591, 139, 7]","[11, 25, 31, 10, 6]",Python/PBS-unbounded,3.11.15,,,<paper>/revision_campaign_20260914/default/airbnb/default.csv
94,PTS,1,feasible,complete,1,1,returned,0,,77,0.0048543689320388,0.4089299413126461,0.0048543689320388,0.0135556603781878,0.0199233037419617,5716,1,0,0,0,0,0,4965.0,83.0,206,1,0.0162364360876381,0,4965,5,0,0.0063676433637738,False,,,,,,,500.0,,False,iteration_limit,fixed_candidate_tree,"[11, 25, 31, 10, 6]",4.829932004213333e-05,solver final filtering and index remapping; caller metric conversion excluded,r5-v1,,excluded_precomputed,,True,,,fresh_retrieval,0.0047882762737572,0.0084356577135622,0.0002834270708262,0.0135556603781878,0.0199233037419617,measured_excluding_encoding,"[22, 206, 4591, 139, 7]","[11, 25, 31, 10, 6]",Python/DFS,3.11.15,,,<paper>/revision_campaign_20260914/default/airbnb/default.csv
94,eps-ILP g=4,1,feasible,complete,1,1,returned,0,17.0,3,0.0145631067961165,0.4998400465997925,0.0145631067961165,1.2727550650015471,1.2791227083653212,84405,17,0,0,0,7,0,,,206,1,0.0162364360876381,0,4965,5,0,0.0063676433637738,,,,,,,,,,True,grid_complete,configured_grid,,1.7282087355852127e-05,solver final filtering and index remapping; caller metric conversion excluded,r5-v1,,excluded_precomputed,,True,,,fresh_retrieval,0.0,1.2726978310383856,3.99518758058548e-05,1.2727550650015471,1.2791227083653212,measured_excluding_encoding,"[22, 206, 4591, 139, 7]","[22, 206, 4591, 139, 7]",scipy.optimize.milp/HiGHS,1.17.1,1.12.0,1.0,<paper>/revision_campaign_20260914/default/airbnb/default.csv
94,eps-ILP g=16,1,feasible,complete,1,1,returned,0,257.0,35,0.1699029126213592,0.947073083348404,0.1699029126213592,16.61573971202597,16.622107355389744,1276005,257,0,0,0,51,0,,,206,1,0.0162364360876381,0,4965,5,0,0.0063676433637738,,,,,,,,,,True,grid_complete,configured_grid,,5.296431481838226e-05,solver final filtering and index remapping; caller metric conversion excluded,r5-v1,,excluded_precomputed,,True,,,fresh_retrieval,0.0,16.61083905491978,0.0048476927913725,16.61573971202597,16.622107355389744,measured_excluding_encoding,"[22, 206, 4591, 139, 7]","[22, 206, 4591, 139, 7]",scipy.optimize.milp/HiGHS,1.17.1,1.12.0,1.0,<paper>/revision_campaign_20260914/default/airbnb/default.csv
94,PBF,0,feasible,complete,1,1,work_limit,0,,0,0.0,0.0,0.0,2.8591137379407883e-05,0.0063962345011532,0,1,0,0,0,0,0,,,206,1,0.0162364360876381,0,4965,5,0,0.0063676433637738,False,,,,,,,,,False,combination_limit,full_input,,2.8591137379407883e-05,solver final filtering and index remapping; caller metric conversion excluded,r5-v1,,excluded_precomputed,,True,,,fresh_retrieval,,,,2.8591137379407883e-05,0.0063962345011532,measured_excluding_encoding,"[22, 206, 4591, 139, 7]",,Python/PBF,3.11.15,,,<paper>/revision_campaign_20260914/default/airbnb/default.csv
95,PACS,1,feasible,complete,1,1,returned,0,,68,1.0,1.0,1.0,0.0021938891150057,0.0044143414124846,941,1,0,0,0,0,0,770.0,45.0,68,1,0.0021013338118791,0,770,3,1,0.0022204522974789,True,,,,,,,,,True,completed,all_reduced_candidates,"[22, 16, 7]",1.8924009054899216e-05,solver final filtering and index remapping; caller metric conversion excluded,r5-v1,,excluded_precomputed,,True,,,fresh_retrieval,0.0006667179986834,0.0012238640338182,0.0002843830734491,0.0021938891150057,0.0044143414124846,measured_excluding_encoding,"[654, 99, 17]","[22, 16, 7]",Python/PACS+,3.11.15,,,<paper>/revision_campaign_20260914/default/airbnb/default.csv
95,PACS_dC,1,feasible,complete,1,1,returned,0,,11,0.0588235294117647,0.4629520027388809,0.0588235294117647,0.000906643923372,0.0031270962208509,279,1,0,0,0,0,0,,,68,1,0.0021013338118791,0,770,3,1,0.0022204522974789,False,,,,,,,,,True,completed,beam_search,"[22, 16, 7]",1.7493031919002533e-05,solver final filtering and index remapping; caller metric conversion excluded,r5-v1,,excluded_precomputed,,True,,,fresh_retrieval,0.0005301916971802,0.0003165113739669,4.244782030582428e-05,0.000906643923372,0.0031270962208509,measured_excluding_encoding,"[654, 99, 17]","[22, 16, 7]",Python/PACS_dC,3.11.15,,,<paper>/revision_campaign_20260914/default/airbnb/default.csv
95,PBS-unbounded,1,feasible,complete,1,1,returned,0,,68,1.0,1.0,1.0,0.0019812397658824,0.0042016920633614,941,1,0,0,0,0,0,770.0,45.0,68,1,0.0021013338118791,0,770,3,1,0.0022204522974789,True,,,,,,,,,True,completed,all_reduced_candidates,"[22, 16, 7]",2.182507887482643e-05,solver final filtering and index remapping; caller metric conversion excluded,r5-v1,,excluded_precomputed,,True,,,fresh_retrieval,0.0004617720842361,0.0012195636518299,0.0002780789509415,0.0019812397658824,0.0042016920633614,measured_excluding_encoding,"[654, 99, 17]","[22, 16, 7]",Python/PBS-unbounded,3.11.15,,,<paper>/revision_campaign_20260914/default/airbnb/default.csv
95,PTS,1,feasible,complete,1,1,returned,0,,68,1.0,1.0,1.0,0.004503499250859,0.0067239515483379,1843,1,0,0,0,0,0,770.0,45.0,68,1,0.0021013338118791,0,770,3,1,0.0022204522974789,True,,,,,,,500.0,,True,completed,fixed_candidate_tree,"[22, 16, 7]",3.414088860154152e-05,solver final filtering and index remapping; caller metric conversion excluded,r5-v1,,excluded_precomputed,,True,,,fresh_retrieval,0.0004469822160899,0.0037871268577873,0.0002352492883801,0.004503499250859,0.0067239515483379,measured_excluding_encoding,"[654, 99, 17]","[22, 16, 7]",Python/DFS,3.11.15,,,<paper>/revision_campaign_20260914/default/airbnb/default.csv
95,eps-ILP g=4,1,feasible,complete,1,1,returned,0,17.0,6,0.088235294117647,0.2079710220467862,0.088235294117647,0.2880363408476114,0.2902567931450903,13090,17,0,0,0,4,0,,,68,1,0.0021013338118791,0,770,3,1,0.0022204522974789,,,,,,,,,,True,grid_complete,configured_grid,,1.6223639249801636e-05,solver final filtering and index remapping; caller metric conversion excluded,r5-v1,,excluded_precomputed,,True,,,fresh_retrieval,0.0,0.2879683631472289,5.175406113266945e-05,0.2880363408476114,0.2902567931450903,measured_excluding_encoding,"[654, 99, 17]","[654, 99, 17]",scipy.optimize.milp/HiGHS,1.17.1,1.12.0,1.0,<paper>/revision_campaign_20260914/default/airbnb/default.csv
95,eps-ILP g=16,1,feasible,complete,1,1,returned,0,257.0,22,0.3235294117647059,0.8719794150666152,0.3235294117647059,4.264200360048562,4.266420812346041,197890,257,0,0,0,16,0,,,68,1,0.0021013338118791,0,770,3,1,0.0022204522974789,,,,,,,,,,True,grid_complete,configured_grid,,5.238223820924759e-05,solver final filtering and index remapping; caller metric conversion excluded,r5-v1,,excluded_precomputed,,True,,,fresh_retrieval,0.0,4.257584405131638,0.0065635726787149,4.264200360048562,4.266420812346041,measured_excluding_encoding,"[654, 99, 17]","[654, 99, 17]",scipy.optimize.milp/HiGHS,1.17.1,1.12.0,1.0,<paper>/revision_campaign_20260914/default/airbnb/default.csv
95,PBF,1,feasible,complete,1,1,returned,0,,68,1.0,1.0000000000000002,1.0,0.3130277963355183,0.3152482486329973,3302046,1,0,0,0,0,0,,,68,1,0.0021013338118791,0,770,3,1,0.0022204522974789,True,,,,,,,,,True,complete,full_input,,0.3130277963355183,solver final filtering and index remapping; caller metric conversion excluded,r5-v1,,excluded_precomputed,,True,,,fresh_retrieval,,,,0.3130277963355183,0.3152482486329973,measured_excluding_encoding,"[654, 99, 17]",,Python/PBF,3.11.15,,,<paper>/revision_campaign_20260914/default/airbnb/default.csv
96,PACS,1,feasible,complete,1,1,returned,0,,15,0.0255536626916524,0.6949642893078375,0.0255102040816326,0.0196288931183516,0.0225248774513602,6042,1,0,0,0,0,0,1545.0,86.0,587,1,0.0639183786697685,0,1545,7,1,0.0028959843330085,False,,,,,,,,,True,completed,beam_search,"[7, 3, 18, 7, 15, 14, 22]",0.0001276382245123,solver final filtering and index remapping; caller metric conversion excluded,r5-v1,,excluded_precomputed,,True,,,fresh_retrieval,0.0018016458489,0.0173842441290617,0.0003153649158775,0.0196288931183516,0.0225248774513602,measured_excluding_encoding,"[13, 4, 497, 10, 183, 587, 251]","[7, 3, 18, 7, 15, 14, 22]",Python/PACS+,3.11.15,,,<paper>/revision_campaign_20260914/default/airbnb/default.csv
96,PACS_dC,1,feasible,complete,1,1,returned,0,,100,0.0323679727427597,0.7163454278262132,0.032312925170068,0.0140902157872915,0.0169862001203,4325,1,0,0,0,0,0,,,587,1,0.0639183786697685,0,1545,7,1,0.0028959843330085,False,,,,,,,,,True,completed,beam_search,"[7, 3, 18, 7, 15, 14, 22]",0.0001136646606028,solver final filtering and index remapping; caller metric conversion excluded,r5-v1,,excluded_precomputed,,True,,,fresh_retrieval,0.0015941858291625,0.0120166982524096,0.0003656670451164,0.0140902157872915,0.0169862001203,measured_excluding_encoding,"[13, 4, 497, 10, 183, 587, 251]","[7, 3, 18, 7, 15, 14, 22]",Python/PACS_dC,3.11.15,,,<paper>/revision_campaign_20260914/default/airbnb/default.csv
96,PBS-unbounded,1,feasible,complete,1,1,returned,0,,587,1.0,1.0,0.9982993197278912,0.0634440560825169,0.0663400404155254,19297,1,0,0,0,0,0,1545.0,86.0,587,1,0.0639183786697685,0,1545,7,1,0.0028959843330085,True,,,,,,,,,True,completed,all_reduced_candidates,"[7, 3, 18, 7, 15, 14, 22]",0.0005749021656811,solver final filtering and index remapping; caller metric conversion excluded,r5-v1,,excluded_precomputed,,True,,,fresh_retrieval,0.0015033399686217,0.0574933160096406,0.0038724979385733,0.0634440560825169,0.0663400404155254,measured_excluding_encoding,"[13, 4, 497, 10, 183, 587, 251]","[7, 3, 18, 7, 15, 14, 22]",Python/PBS-unbounded,3.11.15,,,<paper>/revision_campaign_20260914/default/airbnb/default.csv
96,PTS,1,feasible,complete,1,1,returned,0,,170,0.0255536626916524,0.3957796928392262,0.0272108843537414,0.0140883023850619,0.0169842867180705,4259,1,0,0,0,0,0,1545.0,86.0,587,1,0.0639183786697685,0,1545,7,1,0.0028959843330085,False,,,,,,,500.0,,False,iteration_limit,fixed_candidate_tree,"[7, 3, 18, 7, 15, 14, 22]",5.082972347736359e-05,solver final filtering and index remapping; caller metric conversion excluded,r5-v1,,excluded_precomputed,,True,,,fresh_retrieval,0.0014890786260366,0.0119464490562677,0.0006019449792802,0.0140883023850619,0.0169842867180705,measured_excluding_encoding,"[13, 4, 497, 10, 183, 587, 251]","[7, 3, 18, 7, 15, 14, 22]",Python/DFS,3.11.15,,,<paper>/revision_campaign_20260914/default/airbnb/default.csv
96,eps-ILP g=4,1,feasible,complete,1,1,returned,0,17.0,4,0.0068143100511073,0.4953564817422736,0.0068027210884353,0.3455079696141183,0.3484039539471268,26265,17,0,0,0,4,0,,,587,1,0.0639183786697685,0,1545,7,1,0.0028959843330085,,,,,,,,,,True,grid_complete,configured_grid,,1.866975799202919e-05,solver final filtering and index remapping; caller metric conversion excluded,r5-v1,,excluded_precomputed,,True,,,fresh_retrieval,0.0,0.3454364649951458,5.283486098051071e-05,0.3455079696141183,0.3484039539471268,measured_excluding_encoding,"[13, 4, 497, 10, 183, 587, 251]","[13, 4, 497, 10, 183, 587, 251]",scipy.optimize.milp/HiGHS,1.17.1,1.12.0,1.0,<paper>/revision_campaign_20260914/default/airbnb/default.csv
96,eps-ILP g=16,1,feasible,complete,1,1,returned,0,257.0,33,0.0562180579216354,0.8734831573806187,0.0561224489795918,5.927016376052052,5.92991236038506,397065,257,0,0,0,16,0,,,587,1,0.0639183786697685,0,1545,7,1,0.0028959843330085,,,,,,,,,,True,grid_complete,configured_grid,,4.9188267439603806e-05,solver final filtering and index remapping; caller metric conversion excluded,r5-v1,,excluded_precomputed,,True,,,fresh_retrieval,0.0,5.920385805889964,0.006581381894648,5.927016376052052,5.92991236038506,measured_excluding_encoding,"[13, 4, 497, 10, 183, 587, 251]","[13, 4, 497, 10, 183, 587, 251]",scipy.optimize.milp/HiGHS,1.17.1,1.12.0,1.0,<paper>/revision_campaign_20260914/default/airbnb/default.csv
96,PBF,0,feasible,complete,1,1,work_limit,0,,0,0.0,0.0,0.0,2.4081207811832428e-05,0.0029200655408203,0,1,0,0,0,0,0,,,587,1,0.0639183786697685,0,1545,7,1,0.0028959843330085,False,,,,,,,,,False,combination_limit,full_input,,2.4081207811832428e-05,solver final filtering and index remapping; caller metric conversion excluded,r5-v1,,excluded_precomputed,,True,,,fresh_retrieval,,,,2.4081207811832428e-05,0.0029200655408203,measured_excluding_encoding,"[13, 4, 497, 10, 183, 587, 251]",,Python/PBF,3.11.15,,,<paper>/revision_campaign_20260914/default/airbnb/default.csv
97,PACS,1,feasible,complete,1,1,returned,0,,49,1.0,1.0,1.0,0.0054176319390535,0.0096043418161571,1290,1,0,0,0,0,0,3194.0,59.0,49,1,0.005447766277939,0,3194,4,1,0.0041867098771035,False,,,,,,,,,True,completed,beam_search,"[28, 24, 2, 5]",2.020830288529396e-05,solver final filtering and index remapping; caller metric conversion excluded,r5-v1,,excluded_precomputed,,True,,,fresh_retrieval,0.0027216556482017,0.0024635009467601,0.0002122670412063,0.0054176319390535,0.0096043418161571,measured_excluding_encoding,"[3084, 94, 2, 14]","[28, 24, 2, 5]",Python/PACS+,3.11.15,,,<paper>/revision_campaign_20260914/default/airbnb/default.csv
97,PACS_dC,1,feasible,complete,1,1,returned,0,,7,0.0612244897959183,0.414839412256919,0.0612244897959183,0.0031894859857857,0.0073761958628892,335,1,0,0,0,0,0,,,49,1,0.005447766277939,0,3194,4,1,0.0041867098771035,False,,,,,,,,,True,completed,beam_search,"[28, 24, 2, 5]",1.3459939509630203e-05,solver final filtering and index remapping; caller metric conversion excluded,r5-v1,,excluded_precomputed,,True,,,fresh_retrieval,0.0025790249928832,0.0005686958320438,2.830522134900093e-05,0.0031894859857857,0.0073761958628892,measured_excluding_encoding,"[3084, 94, 2, 14]","[28, 24, 2, 5]",Python/PACS_dC,3.11.15,,,<paper>/revision_campaign_20260914/default/airbnb/default.csv
97,PBS-unbounded,1,feasible,complete,1,1,returned,0,,49,1.0,1.0,1.0,0.0053779957816004,0.009564705658704,1294,1,0,0,0,0,0,3194.0,59.0,49,1,0.005447766277939,0,3194,4,1,0.0041867098771035,True,,,,,,,,,True,completed,all_reduced_candidates,"[28, 24, 2, 5]",2.2194813936948776e-05,solver final filtering and index remapping; caller metric conversion excluded,r5-v1,,excluded_precomputed,,True,,,fresh_retrieval,0.0024759639054536,0.0026622740551829,0.0002175630070269,0.0053779957816004,0.009564705658704,measured_excluding_encoding,"[3084, 94, 2, 14]","[28, 24, 2, 5]",Python/PBS-unbounded,3.11.15,,,<paper>/revision_campaign_20260914/default/airbnb/default.csv
97,PTS,1,feasible,complete,1,1,returned,0,,49,1.0,1.0,1.0,0.0084484806284308,0.0126351905055344,3042,1,0,0,0,0,0,3194.0,59.0,49,1,0.005447766277939,0,3194,4,1,0.0041867098771035,True,,,,,,,500.0,,True,completed,fixed_candidate_tree,"[28, 24, 2, 5]",4.092976450920105e-05,solver final filtering and index remapping; caller metric conversion excluded,r5-v1,,excluded_precomputed,,True,,,fresh_retrieval,0.0024603921920061,0.0057680266909301,0.0001791319809854,0.0084484806284308,0.0126351905055344,measured_excluding_encoding,"[3084, 94, 2, 14]","[28, 24, 2, 5]",Python/DFS,3.11.15,,,<paper>/revision_campaign_20260914/default/airbnb/default.csv
97,eps-ILP g=4,1,feasible,complete,1,1,returned,0,17.0,4,0.0816326530612244,0.6526073588744676,0.0816326530612244,0.5656429878436029,0.5698296977207065,54298,17,0,0,0,4,0,,,49,1,0.005447766277939,0,3194,4,1,0.0041867098771035,,,,,,,,,,True,grid_complete,configured_grid,,1.7439015209674835e-05,solver final filtering and index remapping; caller metric conversion excluded,r5-v1,,excluded_precomputed,,True,,,fresh_retrieval,0.0,0.5655726860277355,5.2862800657749176e-05,0.5656429878436029,0.5698296977207065,measured_excluding_encoding,"[3084, 94, 2, 14]","[3084, 94, 2, 14]",scipy.optimize.milp/HiGHS,1.17.1,1.12.0,1.0,<paper>/revision_campaign_20260914/default/airbnb/default.csv
97,eps-ILP g=16,1,feasible,complete,1,1,returned,0,257.0,13,0.2653061224489796,0.9491987496353932,0.2653061224489796,8.327390854246914,8.331577564124018,820858,257,0,0,0,16,0,,,49,1,0.005447766277939,0,3194,4,1,0.0041867098771035,,,,,,,,,,True,grid_complete,configured_grid,,6.397487595677376e-05,solver final filtering and index remapping; caller metric conversion excluded,r5-v1,,excluded_precomputed,,True,,,fresh_retrieval,0.0,8.320675563067198,0.0066513163037598,8.327390854246914,8.331577564124018,measured_excluding_encoding,"[3084, 94, 2, 14]","[3084, 94, 2, 14]",scipy.optimize.milp/HiGHS,1.17.1,1.12.0,1.0,<paper>/revision_campaign_20260914/default/airbnb/default.csv
97,PBF,1,feasible,complete,1,1,returned,0,,49,1.0,1.0,1.0,2.5455188304185867,2.5497055402956903,32468352,1,0,0,0,0,0,,,49,1,0.005447766277939,0,3194,4,1,0.0041867098771035,True,,,,,,,,,True,complete,full_input,,2.5455188304185867,solver final filtering and index remapping; caller metric conversion excluded,r5-v1,,excluded_precomputed,,True,,,fresh_retrieval,,,,2.5455188304185867,2.5497055402956903,measured_excluding_encoding,"[3084, 94, 2, 14]",,Python/PBF,3.11.15,,,<paper>/revision_campaign_20260914/default/airbnb/default.csv
98,PACS,1,feasible,complete,1,1,returned,0,,74,0.6434782608695652,0.958430992140098,0.6434782608695652,0.0030175419524312,0.0050725457258522,2294,1,0,0,0,0,0,713.0,64.0,115,1,0.0032691229134798,0,713,4,1,0.002055003773421,False,,,,,,,,,True,completed,beam_search,"[8, 17, 22, 17]",2.653896808624268e-05,solver final filtering and index remapping; caller metric conversion excluded,r5-v1,,excluded_precomputed,,True,,,fresh_retrieval,0.0004879208281636,0.0021658493205904,0.0003372328355908,0.0030175419524312,0.0050725457258522,measured_excluding_encoding,"[36, 273, 125, 279]","[8, 17, 22, 17]",Python/PACS+,3.11.15,,,<paper>/revision_campaign_20260914/default/airbnb/default.csv
98,PACS_dC,1,feasible,complete,1,1,returned,0,,23,0.1652173913043478,0.4973172509303188,0.1652173913043478,0.0010888208635151,0.0031438246369361,685,1,0,0,0,0,0,,,115,1,0.0032691229134798,0,713,4,1,0.002055003773421,False,,,,,,,,,True,completed,beam_search,"[8, 17, 22, 17]",1.70939601957798e-05,solver final filtering and index remapping; caller metric conversion excluded,r5-v1,,excluded_precomputed,,True,,,fresh_retrieval,0.0004870686680078,0.0005022049881517,8.245324715971947e-05,0.0010888208635151,0.0031438246369361,measured_excluding_encoding,"[36, 273, 125, 279]","[8, 17, 22, 17]",Python/PACS_dC,3.11.15,,,<paper>/revision_campaign_20260914/default/airbnb/default.csv
98,PBS-unbounded,1,feasible,complete,1,1,returned,0,,115,1.0,1.0,1.0,0.0031313970685005,0.0051864008419215,2294,1,0,0,0,0,0,713.0,64.0,115,1,0.0032691229134798,0,713,4,1,0.002055003773421,True,,,,,,,,,True,completed,all_reduced_candidates,"[8, 17, 22, 17]",3.129802644252777e-05,solver final filtering and index remapping; caller metric conversion excluded,r5-v1,,excluded_precomputed,,True,,,fresh_retrieval,0.000459998846054,0.0021580080501735,0.0004820921458303,0.0031313970685005,0.0051864008419215,measured_excluding_encoding,"[36, 273, 125, 279]","[8, 17, 22, 17]",Python/PBS-unbounded,3.11.15,,,<paper>/revision_campaign_20260914/default/airbnb/default.csv
98,PTS,1,feasible,complete,1,1,returned,0,,115,1.0,1.0,1.0,0.0074611930176615,0.0095161967910826,4523,1,0,0,0,0,0,713.0,64.0,115,1,0.0032691229134798,0,713,4,1,0.002055003773421,True,,,,,,,500.0,,True,completed,fixed_candidate_tree,"[8, 17, 22, 17]",4.049297422170639e-05,solver final filtering and index remapping; caller metric conversion excluded,r5-v1,,excluded_precomputed,,True,,,fresh_retrieval,0.0004051090218126,0.0066027310676872,0.0004128599539399,0.0074611930176615,0.0095161967910826,measured_excluding_encoding,"[36, 273, 125, 279]","[8, 17, 22, 17]",Python/DFS,3.11.15,,,<paper>/revision_campaign_20260914/default/airbnb/default.csv
98,eps-ILP g=4,1,feasible,complete,1,1,returned,0,17.0,8,0.0695652173913043,0.3499212963875626,0.0695652173913043,0.2509286748245358,0.2529836785979569,12121,17,0,0,0,4,0,,,115,1,0.0032691229134798,0,713,4,1,0.002055003773421,,,,,,,,,,True,grid_complete,configured_grid,,1.4824792742729189e-05,solver final filtering and index remapping; caller metric conversion excluded,r5-v1,,excluded_precomputed,,True,,,fresh_retrieval,0.0,0.2508599222637713,5.3927768021821976e-05,0.2509286748245358,0.2529836785979569,measured_excluding_encoding,"[36, 273, 125, 279]","[36, 273, 125, 279]",scipy.optimize.milp/HiGHS,1.17.1,1.12.0,1.0,<paper>/revision_campaign_20260914/default/airbnb/default.csv
98,eps-ILP g=16,1,feasible,complete,1,1,returned,0,257.0,45,0.391304347826087,0.9344660238670708,0.391304347826087,3.7638057968579233,3.765860800631344,183241,257,0,0,0,36,0,,,115,1,0.0032691229134798,0,713,4,1,0.002055003773421,,,,,,,,,,True,grid_complete,configured_grid,,3.796303644776344e-05,solver final filtering and index remapping; caller metric conversion excluded,r5-v1,,excluded_precomputed,,True,,,fresh_retrieval,0.0,3.758146522101015,0.0056213117204606,3.7638057968579233,3.765860800631344,measured_excluding_encoding,"[36, 273, 125, 279]","[36, 273, 125, 279]",scipy.optimize.milp/HiGHS,1.17.1,1.12.0,1.0,<paper>/revision_campaign_20260914/default/airbnb/default.csv
98,PBF,0,feasible,complete,1,1,work_limit,0,,0,0.0,0.0,0.0,1.3559125363826752e-05,0.0020685628987848,0,1,0,0,0,0,0,,,115,1,0.0032691229134798,0,713,4,1,0.002055003773421,False,,,,,,,,,False,combination_limit,full_input,,1.3559125363826752e-05,solver final filtering and index remapping; caller metric conversion excluded,r5-v1,,excluded_precomputed,,True,,,fresh_retrieval,,,,1.3559125363826752e-05,0.0020685628987848,measured_excluding_encoding,"[36, 273, 125, 279]",,Python/PBF,3.11.15,,,<paper>/revision_campaign_20260914/default/airbnb/default.csv
99,PACS,1,feasible,complete,1,1,returned,0,,10,1.0,1.0,1.0,0.0004560402594506,0.0021049482747912,109,1,0,0,0,0,0,371.0,29.0,10,1,0.0003606439568102,0,371,3,1,0.0016489080153405,True,,,,,,,,,True,completed,all_reduced_candidates,"[13, 2, 14]",1.0936986654996872e-05,solver final filtering and index remapping; caller metric conversion excluded,r5-v1,,excluded_precomputed,,True,,,fresh_retrieval,0.0002962690778076,9.49702225625515e-05,5.3863972425460815e-05,0.0004560402594506,0.0021049482747912,measured_excluding_encoding,"[53, 2, 316]","[13, 2, 14]",Python/PACS+,3.11.15,,,<paper>/revision_campaign_20260914/default/airbnb/default.csv
99,PACS_dC,1,feasible,complete,1,1,returned,0,,10,1.0,1.0,1.0,0.0003642961382865,0.0020132041536271,109,1,0,0,0,0,0,,,10,1,0.0003606439568102,0,371,3,1,0.0016489080153405,False,,,,,,,,,True,completed,beam_search,"[13, 2, 14]",1.074792817234993e-05,solver final filtering and index remapping; caller metric conversion excluded,r5-v1,,excluded_precomputed,,True,,,fresh_retrieval,0.0001898789778351,0.000126730185002,3.693904727697373e-05,0.0003642961382865,0.0020132041536271,measured_excluding_encoding,"[53, 2, 316]","[13, 2, 14]",Python/PACS_dC,3.11.15,,,<paper>/revision_campaign_20260914/default/airbnb/default.csv
99,PBS-unbounded,1,feasible,complete,1,1,returned,0,,10,1.0,1.0,1.0,0.0003338092938065,0.0019827173091471,109,1,0,0,0,0,0,371.0,29.0,10,1,0.0003606439568102,0,371,3,1,0.0016489080153405,True,,,,,,,,,True,completed,all_reduced_candidates,"[13, 2, 14]",1.0576564818620682e-05,solver final filtering and index remapping; caller metric conversion excluded,r5-v1,,excluded_precomputed,,True,,,fresh_retrieval,0.0001914189197123,8.62637534737587e-05,4.555005580186844e-05,0.0003338092938065,0.0019827173091471,measured_excluding_encoding,"[53, 2, 316]","[13, 2, 14]",Python/PBS-unbounded,3.11.15,,,<paper>/revision_campaign_20260914/default/airbnb/default.csv
99,PTS,1,feasible,complete,1,1,returned,0,,10,1.0,1.0,1.0,0.0005008578300476,0.0021497658453881,105,1,0,0,0,0,0,371.0,29.0,10,1,0.0003606439568102,0,371,3,1,0.0016489080153405,True,,,,,,,500.0,,True,completed,fixed_candidate_tree,"[13, 2, 14]",2.2073742002248764e-05,solver final filtering and index remapping; caller metric conversion excluded,r5-v1,,excluded_precomputed,,True,,,fresh_retrieval,0.000196885317564,0.0002359231002628,4.597567021846771e-05,0.0005008578300476,0.0021497658453881,measured_excluding_encoding,"[53, 2, 316]","[13, 2, 14]",Python/DFS,3.11.15,,,<paper>/revision_campaign_20260914/default/airbnb/default.csv
99,eps-ILP g=4,1,feasible,complete,1,1,returned,0,17.0,3,0.3,0.5620239126880424,0.3,0.0749862780794501,0.0766351860947907,6307,17,0,0,0,4,0,,,10,1,0.0003606439568102,0,371,3,1,0.0016489080153405,,,,,,,,,,True,grid_complete,configured_grid,,1.5809200704097748e-05,solver final filtering and index remapping; caller metric conversion excluded,r5-v1,,excluded_precomputed,,True,,,fresh_retrieval,0.0,0.0749192619696259,5.1206909120082855e-05,0.0749862780794501,0.0766351860947907,measured_excluding_encoding,"[53, 2, 316]","[53, 2, 316]",scipy.optimize.milp/HiGHS,1.17.1,1.12.0,1.0,<paper>/revision_campaign_20260914/default/airbnb/default.csv
99,eps-ILP g=16,1,feasible,complete,1,1,returned,0,257.0,6,0.6,0.985894984362296,0.6,1.2266212631948292,1.2282701712101698,95347,257,0,0,0,32,0,,,10,1,0.0003606439568102,0,371,3,1,0.0016489080153405,,,,,,,,,,True,grid_complete,configured_grid,,3.789318725466728e-05,solver final filtering and index remapping; caller metric conversion excluded,r5-v1,,excluded_precomputed,,True,,,fresh_retrieval,0.0,1.2202899670228362,0.0062934029847383,1.2266212631948292,1.2282701712101698,measured_excluding_encoding,"[53, 2, 316]","[53, 2, 316]",scipy.optimize.milp/HiGHS,1.17.1,1.12.0,1.0,<paper>/revision_campaign_20260914/default/airbnb/default.csv
99,PBF,1,feasible,complete,1,1,returned,0,,10,1.0,1.0,1.0,0.0086893001571297,0.0103382081724703,100488,1,0,0,0,0,0,,,10,1,0.0003606439568102,0,371,3,1,0.0016489080153405,True,,,,,,,,,True,complete,full_input,,0.0086893001571297,solver final filtering and index remapping; caller metric conversion excluded,r5-v1,,excluded_precomputed,,True,,,fresh_retrieval,,,,0.0086893001571297,0.0103382081724703,measured_excluding_encoding,"[53, 2, 316]",,Python/PBF,3.11.15,,,<paper>/revision_campaign_20260914/default/airbnb/default.csv
0,Pareto-DP,1,feasible,complete,1,1,returned,0,,476,1.0,1.0000000000000002,1.0,0.7604573769494891,1.027362192980945,732443,1,0,0,0,0,0,4783.0,4783.0,476,1,0.0458397478796541,0,4783,8,1,0.266904816031456,True,,,,,,,,,True,completed,all_reduced_candidates,"[4, 825, 34, 38, 1885, 6, 1227, 764]",0.0001048850826919,solver final filtering and index remapping; caller metric conversion excluded,r5-v1,,excluded_precomputed,,True,,,fresh_retrieval,5.660299211740494e-05,0.7574142408557236,0.0028816480189561,0.7604573769494891,1.027362192980945,measured_excluding_encoding,"[4, 825, 34, 38, 1885, 6, 1227, 764]","[4, 825, 34, 38, 1885, 6, 1227, 764]",Python/Pareto-DP-conv,3.11.15,,,<paper>/revision_campaign_20260914/default/airbnb_dpconv/default.csv
1,Pareto-DP,1,feasible,complete,1,1,returned,0,,769,1.0,1.0,1.0,3.197660297621041,3.2025376525707543,691517,1,0,0,0,0,0,3311.0,3311.0,769,1,0.1142857461236417,0,3311,7,1,0.0048773549497127,True,,,,,,,,,True,completed,all_reduced_candidates,"[1223, 184, 1259, 339, 4, 259, 43]",0.0001865145750343,solver final filtering and index remapping; caller metric conversion excluded,r5-v1,,excluded_precomputed,,True,,,fresh_retrieval,5.763489753007889e-05,3.1932394430041318,0.0041767051443457,3.197660297621041,3.2025376525707543,measured_excluding_encoding,"[1223, 184, 1259, 339, 4, 259, 43]","[1223, 184, 1259, 339, 4, 259, 43]",Python/Pareto-DP-conv,3.11.15,,,<paper>/revision_campaign_20260914/default/airbnb_dpconv/default.csv
2,Pareto-DP,1,feasible,complete,1,1,returned,0,,38,1.0,1.0,1.0,0.0109769818373024,0.0136191477067768,29213,1,0,0,0,0,0,1178.0,1178.0,38,1,0.0033175149001181,0,1178,5,0,0.0026421658694744,True,,,,,,,,,True,completed,all_reduced_candidates,"[45, 852, 128, 6, 147]",3.0401162803173065e-05,solver final filtering and index remapping; caller metric conversion excluded,r5-v1,,excluded_precomputed,,True,,,fresh_retrieval,2.608867362141609e-05,0.0107472999952733,0.0001731920056045,0.0109769818373024,0.0136191477067768,measured_excluding_encoding,"[45, 852, 128, 6, 147]","[45, 852, 128, 6, 147]",Python/Pareto-DP-conv,3.11.15,,,<paper>/revision_campaign_20260914/default/airbnb_dpconv/default.csv
3,Pareto-DP,1,feasible,complete,1,1,returned,0,,224,1.0,1.0,1.0,0.1016729460097849,0.1105833179317414,340175,1,0,0,0,0,0,2718.0,2718.0,224,1,0.0222028051503002,0,2718,8,0,0.0089103719219565,True,,,,,,,,,True,completed,all_reduced_candidates,"[105, 1179, 137, 193, 13, 158, 543, 390]",5.88688999414444e-05,solver final filtering and index remapping; caller metric conversion excluded,r5-v1,,excluded_precomputed,,True,,,fresh_retrieval,4.021497443318367e-05,0.1006370009854435,0.0009368611499667,0.1016729460097849,0.1105833179317414,measured_excluding_encoding,"[105, 1179, 137, 193, 13, 158, 543, 390]","[105, 1179, 137, 193, 13, 158, 543, 390]",Python/Pareto-DP-conv,3.11.15,,,<paper>/revision_campaign_20260914/default/airbnb_dpconv/default.csv
4,Pareto-DP,1,feasible,complete,1,1,returned,0,,15,1.0,1.0,1.0,0.0021223570220172,0.0040815542452037,5139,1,0,0,0,0,0,639.0,639.0,15,1,0.0007427567616105,0,639,3,0,0.0019591972231864,True,,,,,,,,,True,completed,all_reduced_candidates,"[14, 620, 5]",1.831399276852608e-05,solver final filtering and index remapping; caller metric conversion excluded,r5-v1,,excluded_precomputed,,True,,,fresh_retrieval,1.2058764696121216e-05,0.0020166463218629,7.533794268965721e-05,0.0021223570220172,0.0040815542452037,measured_excluding_encoding,"[14, 620, 5]","[14, 620, 5]",Python/Pareto-DP-conv,3.11.15,,,<paper>/revision_campaign_20260914/default/airbnb_dpconv/default.csv
5,Pareto-DP,1,feasible,complete,1,1,returned,0,,50,1.0,1.0,1.0,0.0356781128793954,0.0378831950947642,37273,1,0,0,0,0,0,1010.0,1010.0,50,1,0.0054949531331658,0,1010,5,1,0.0022050822153687,True,,,,,,,,,True,completed,all_reduced_candidates,"[40, 628, 25, 316, 1]",4.122033715248108e-05,solver final filtering and index remapping; caller metric conversion excluded,r5-v1,,excluded_precomputed,,True,,,fresh_retrieval,1.3972632586956024e-05,0.0349668390117585,0.0006560808978974,0.0356781128793954,0.0378831950947642,measured_excluding_encoding,"[40, 628, 25, 316, 1]","[40, 628, 25, 316, 1]",Python/Pareto-DP-conv,3.11.15,,,<paper>/revision_campaign_20260914/default/airbnb_dpconv/default.csv
6,Pareto-DP,1,feasible,complete,1,1,returned,0,,3042,1.0,1.0,1.0,12.2519079586491,12.257061466574669,3366475,1,0,0,0,0,0,3515.0,3515.0,3042,1,0.7767802341841161,0,3515,8,1,0.00515350792557,True,,,,,,,,,True,completed,all_reduced_candidates,"[212, 167, 1045, 214, 791, 158, 294, 634]",0.0005924608558416,solver final filtering and index remapping; caller metric conversion excluded,r5-v1,,excluded_precomputed,,True,,,fresh_retrieval,4.152068868279457e-05,12.229149759281428,0.0221242178231477,12.2519079586491,12.257061466574669,measured_excluding_encoding,"[212, 167, 1045, 214, 791, 158, 294, 634]","[212, 167, 1045, 214, 791, 158, 294, 634]",Python/Pareto-DP-conv,3.11.15,,,<paper>/revision_campaign_20260914/default/airbnb_dpconv/default.csv
7,Pareto-DP,1,feasible,complete,1,1,returned,0,,730,1.0,1.0,1.0,0.7441142653115094,0.7468847073614597,505706,1,0,0,0,0,0,1672.0,1672.0,730,1,0.0783634218387305,0,1672,6,1,0.0027704420499503,True,,,,,,,,,True,completed,all_reduced_candidates,"[189, 45, 573, 117, 151, 597]",0.0001397230662405,solver final filtering and index remapping; caller metric conversion excluded,r5-v1,,excluded_precomputed,,True,,,fresh_retrieval,2.839416265487671e-05,0.7394325309433043,0.0045136171393096,0.7441142653115094,0.7468847073614597,measured_excluding_encoding,"[189, 45, 573, 117, 151, 597]","[189, 45, 573, 117, 151, 597]",Python/Pareto-DP-conv,3.11.15,,,<paper>/revision_campaign_20260914/default/airbnb_dpconv/default.csv
8,Pareto-DP,1,feasible,complete,1,1,returned,0,,24,1.0,1.0,1.0,0.0096094505861401,0.0124361445195972,31759,1,0,0,0,0,0,1757.0,1757.0,24,1,0.0026919520460069,0,1757,5,0,0.0028266939334571,True,,,,,,,,,True,completed,all_reduced_candidates,"[73, 7, 1533, 111, 33]",2.639181911945343e-05,solver final filtering and index remapping; caller metric conversion excluded,r5-v1,,excluded_precomputed,,True,,,fresh_retrieval,2.791173756122589e-05,0.0094333281740546,0.0001218188554048,0.0096094505861401,0.0124361445195972,measured_excluding_encoding,"[73, 7, 1533, 111, 33]","[73, 7, 1533, 111, 33]",Python/Pareto-DP-conv,3.11.15,,,<paper>/revision_campaign_20260914/default/airbnb_dpconv/default.csv
9,Pareto-DP,1,feasible,complete,1,1,returned,0,,136,1.0,1.0,1.0,0.1115686898119747,0.1134956716559827,50932,1,0,0,0,0,0,570.0,570.0,136,1,0.2120675398036837,0,570,6,1,0.0019269818440079,True,,,,,,,,,True,completed,all_reduced_candidates,"[107, 3, 24, 20, 303, 113]",6.192969158291817e-05,solver final filtering and index remapping; caller metric conversion excluded,r5-v1,,excluded_precomputed,,True,,,fresh_retrieval,1.097237691283226e-05,0.1093664648942649,0.002129322849214,0.1115686898119747,0.1134956716559827,measured_excluding_encoding,"[107, 3, 24, 20, 303, 113]","[107, 3, 24, 20, 303, 113]",Python/Pareto-DP-conv,3.11.15,,,<paper>/revision_campaign_20260914/default/airbnb_dpconv/default.csv
10,Pareto-DP,1,feasible,complete,1,1,returned,0,,713,1.0,1.0,1.0,0.2479910668917,0.250491130631417,167210,1,0,0,0,0,0,1418.0,1418.0,713,1,0.0370902093127369,0,1418,5,0,0.002500063739717,True,,,,,,,,,True,completed,all_reduced_candidates,"[579, 130, 572, 56, 81]",6.531504914164543e-05,solver final filtering and index remapping; caller metric conversion excluded,r5-v1,,excluded_precomputed,,True,,,fresh_retrieval,2.4612993001937863e-05,0.2447917880490422,0.0031093508005142,0.2479910668917,0.250491130631417,measured_excluding_encoding,"[579, 130, 572, 56, 81]","[579, 130, 572, 56, 81]",Python/Pareto-DP-conv,3.11.15,,,<paper>/revision_campaign_20260914/default/airbnb_dpconv/default.csv
11,Pareto-DP,1,feasible,complete,1,1,returned,0,,47,1.0,1.0,1.0,0.0065800487063825,0.0081762825138866,4782,1,0,0,0,0,0,228.0,228.0,47,1,0.0025769528001546,0,228,4,0,0.0015962338075041,True,,,,,,,,,True,completed,all_reduced_candidates,"[110, 58, 59, 1]",1.9850675016641617e-05,solver final filtering and index remapping; caller metric conversion excluded,r5-v1,,excluded_precomputed,,True,,,fresh_retrieval,6.034038960933685e-06,0.0063626747578382,0.0001914892345666,0.0065800487063825,0.0081762825138866,measured_excluding_encoding,"[110, 58, 59, 1]","[110, 58, 59, 1]",Python/Pareto-DP-conv,3.11.15,,,<paper>/revision_campaign_20260914/default/airbnb_dpconv/default.csv
12,Pareto-DP,1,feasible,complete,1,1,returned,0,,288,1.0,1.0,1.0,0.2776666041463613,0.2857365133240819,901574,1,0,0,0,0,0,8243.0,8243.0,288,1,0.0376230897381901,0,8243,7,0,0.0080699091777205,True,,,,,,,,,True,completed,all_reduced_candidates,"[230, 5, 4488, 80, 22, 3302, 116]",0.0001150979660451,solver final filtering and index remapping; caller metric conversion excluded,r5-v1,,excluded_precomputed,,True,,,fresh_retrieval,0.0001046098768711,0.2762410379946232,0.0012058583088219,0.2776666041463613,0.2857365133240819,measured_excluding_encoding,"[230, 5, 4488, 80, 22, 3302, 116]","[230, 5, 4488, 80, 22, 3302, 116]",Python/Pareto-DP-conv,3.11.15,,,<paper>/revision_campaign_20260914/default/airbnb_dpconv/default.csv
13,Pareto-DP,1,feasible,complete,1,1,returned,0,,47,1.0,1.0,1.0,0.0029675881378352,0.0047195591032505,2058,1,0,0,0,0,0,409.0,409.0,47,1,0.0011418331414461,0,409,3,1,0.0017519709654152,True,,,,,,,,,True,completed,all_reduced_candidates,"[41, 365, 3]",2.1836254745721817e-05,solver final filtering and index remapping; caller metric conversion excluded,r5-v1,,excluded_precomputed,,True,,,fresh_retrieval,9.469687938690186e-06,0.0026487628929316,0.0002875193022191,0.0029675881378352,0.0047195591032505,measured_excluding_encoding,"[41, 365, 3]","[41, 365, 3]",Python/Pareto-DP-conv,3.11.15,,,<paper>/revision_campaign_20260914/default/airbnb_dpconv/default.csv
14,Pareto-DP,1,feasible,complete,1,1,returned,0,,369,1.0,1.0,1.0,0.5231734509579837,0.526049807202071,212493,1,0,0,0,0,0,1732.0,1732.0,369,1,0.0310677676461637,0,1732,7,1,0.0028763562440872,True,,,,,,,,,True,completed,all_reduced_candidates,"[9, 97, 53, 40, 981, 441, 111]",7.849512621760368e-05,solver final filtering and index remapping; caller metric conversion excluded,r5-v1,,excluded_precomputed,,True,,,fresh_retrieval,2.4972017854452133e-05,0.5204489128664136,0.002621070947498,0.5231734509579837,0.526049807202071,measured_excluding_encoding,"[9, 97, 53, 40, 981, 441, 111]","[9, 97, 53, 40, 981, 441, 111]",Python/Pareto-DP-conv,3.11.15,,,<paper>/revision_campaign_20260914/default/airbnb_dpconv/default.csv
15,Pareto-DP,1,feasible,complete,1,1,returned,0,,422,1.0,1.0,1.0,2.099922363180667,2.105151082854718,824669,1,0,0,0,0,0,5044.0,5044.0,422,1,0.0456031472422182,0,5044,6,1,0.0052287196740508,True,,,,,,,,,True,completed,all_reduced_candidates,"[277, 135, 368, 6, 4131, 127]",0.0001345849595963,solver final filtering and index remapping; caller metric conversion excluded,r5-v1,,excluded_precomputed,,True,,,fresh_retrieval,6.305007264018059e-05,2.096852384041995,0.0028723441064357,2.099922363180667,2.105151082854718,measured_excluding_encoding,"[277, 135, 368, 6, 4131, 127]","[277, 135, 368, 6, 4131, 127]",Python/Pareto-DP-conv,3.11.15,,,<paper>/revision_campaign_20260914/default/airbnb_dpconv/default.csv
16,Pareto-DP,1,feasible,complete,1,1,returned,0,,409,1.0,0.9999999999999998,1.0,2.025489815045148,2.031384080182761,356556,1,0,0,0,0,0,5322.0,5322.0,409,1,0.0550786391831934,0,5322,4,1,0.0058942651376128,True,,,,,,,,,True,completed,all_reduced_candidates,"[3, 222, 4727, 370]",0.0001981719397008,solver final filtering and index remapping; caller metric conversion excluded,r5-v1,,excluded_precomputed,,True,,,fresh_retrieval,7.092300802469254e-05,2.020533174276352,0.0046875458210706,2.025489815045148,2.031384080182761,measured_excluding_encoding,"[3, 222, 4727, 370]","[3, 222, 4727, 370]",Python/Pareto-DP-conv,3.11.15,,,<paper>/revision_campaign_20260914/default/airbnb_dpconv/default.csv
17,Pareto-DP,1,feasible,complete,1,1,returned,0,,138,1.0,1.0,1.0,0.0732887056656181,0.0765227284282445,217990,1,0,0,0,0,0,2288.0,2288.0,138,1,0.0129488497041165,0,2288,8,0,0.0032340227626264,True,,,,,,,,,True,completed,all_reduced_candidates,"[46, 20, 92, 70, 457, 385, 23, 1195]",3.706105053424835e-05,solver final filtering and index remapping; caller metric conversion excluded,r5-v1,,excluded_precomputed,,True,,,fresh_retrieval,3.243796527385712e-05,0.0726613188162446,0.0005578878335654,0.0732887056656181,0.0765227284282445,measured_excluding_encoding,"[46, 20, 92, 70, 457, 385, 23, 1195]","[46, 20, 92, 70, 457, 385, 23, 1195]",Python/Pareto-DP-conv,3.11.15,,,<paper>/revision_campaign_20260914/default/airbnb_dpconv/default.csv
18,Pareto-DP,1,feasible,complete,1,1,returned,0,,1333,1.0,1.0,1.0,11.60304620070383,11.716599664650856,2780313,1,0,0,0,0,0,7283.0,7283.0,1333,1,0.234486062079668,0,7283,8,1,0.1135534639470279,True,,,,,,,,,True,completed,all_reduced_candidates,"[161, 51, 453, 93, 6180, 297, 19, 29]",0.000338461715728,solver final filtering and index remapping; caller metric conversion excluded,r5-v1,,excluded_precomputed,,True,,,fresh_retrieval,9.913695976138116e-05,11.59386750869453,0.0087410933338105,11.60304620070383,11.716599664650856,measured_excluding_encoding,"[161, 51, 453, 93, 6180, 297, 19, 29]","[161, 51, 453, 93, 6180, 297, 19, 29]",Python/Pareto-DP-conv,3.11.15,,,<paper>/revision_campaign_20260914/default/airbnb_dpconv/default.csv
19,Pareto-DP,1,feasible,complete,1,1,returned,0,,51,1.0,1.0,1.0,0.0050088581629097,0.0074878921732306,6542,1,0,0,0,0,0,670.0,670.0,51,1,0.0025381729938089,0,670,3,0,0.0024790340103209,True,,,,,,,,,True,completed,all_reduced_candidates,"[158, 508, 4]",2.00062058866024e-05,solver final filtering and index remapping; caller metric conversion excluded,r5-v1,,excluded_precomputed,,True,,,fresh_retrieval,1.3499986380338669e-05,0.0047628302127122,0.0002125217579305,0.0050088581629097,0.0074878921732306,measured_excluding_encoding,"[158, 508, 4]","[158, 508, 4]",Python/Pareto-DP-conv,3.11.15,,,<paper>/revision_campaign_20260914/default/airbnb_dpconv/default.csv
20,Pareto-DP,1,feasible,complete,1,1,returned,0,,26,1.0,1.0,1.0,0.0020436900667846,0.0038871532306075,7162,1,0,0,0,0,0,510.0,510.0,26,1,0.0010469127446413,0,510,4,1,0.0018434631638228,True,,,,,,,,,True,completed,all_reduced_candidates,"[274, 16, 197, 23]",1.834612339735031e-05,solver final filtering and index remapping; caller metric conversion excluded,r5-v1,,excluded_precomputed,,True,,,fresh_retrieval,8.71298834681511e-06,0.001834019087255,0.0001826118677854,0.0020436900667846,0.0038871532306075,measured_excluding_encoding,"[274, 16, 197, 23]","[274, 16, 197, 23]",Python/Pareto-DP-conv,3.11.15,,,<paper>/revision_campaign_20260914/default/airbnb_dpconv/default.csv
21,Pareto-DP,1,feasible,complete,1,1,returned,0,,400,1.0,0.9999999999999998,1.0,0.5725349020212889,0.5755564039573073,290800,1,0,0,0,0,0,1720.0,1720.0,400,1,0.0369944372214376,0,1720,6,1,0.0030215019360184,True,,,,,,,,,True,completed,all_reduced_candidates,"[72, 91, 92, 738, 682, 45]",0.0001091407611966,solver final filtering and index remapping; caller metric conversion excluded,r5-v1,,excluded_precomputed,,True,,,fresh_retrieval,2.6172026991844177e-05,0.5693776933476329,0.0030218958854675,0.5725349020212889,0.5755564039573073,measured_excluding_encoding,"[72, 91, 92, 738, 682, 45]","[72, 91, 92, 738, 682, 45]",Python/Pareto-DP-conv,3.11.15,,,<paper>/revision_campaign_20260914/default/airbnb_dpconv/default.csv
22,Pareto-DP,1,feasible,complete,1,1,returned,0,,15,1.0,1.0,1.0,0.0004207901656627,0.001974016893655,1359,1,0,0,0,0,0,199.0,199.0,15,1,0.0003218241035938,0,199,3,1,0.0015532267279922,True,,,,,,,,,True,completed,all_reduced_candidates,"[54, 10, 135]",1.4013145118951796e-05,solver final filtering and index remapping; caller metric conversion excluded,r5-v1,,excluded_precomputed,,True,,,fresh_retrieval,5.529727786779404e-06,0.0003152322024106,8.601509034633636e-05,0.0004207901656627,0.001974016893655,measured_excluding_encoding,"[54, 10, 135]","[54, 10, 135]",Python/Pareto-DP-conv,3.11.15,,,<paper>/revision_campaign_20260914/default/airbnb_dpconv/default.csv
23,Pareto-DP,1,feasible,complete,1,1,returned,0,,878,1.0,1.0,1.0,0.962249947246164,0.965453506913036,485639,1,0,0,0,0,0,2149.0,2149.0,878,1,0.1274175653234124,0,2149,7,1,0.003203559666872,True,,,,,,,,,True,completed,all_reduced_candidates,"[336, 15, 22, 1149, 372, 172, 83]",0.000151197426021,solver final filtering and index remapping; caller metric conversion excluded,r5-v1,,excluded_precomputed,,True,,,fresh_retrieval,2.7824658900499344e-05,0.9568830383941532,0.0051878867670893,0.962249947246164,0.965453506913036,measured_excluding_encoding,"[336, 15, 22, 1149, 372, 172, 83]","[336, 15, 22, 1149, 372, 172, 83]",Python/Pareto-DP-conv,3.11.15,,,<paper>/revision_campaign_20260914/default/airbnb_dpconv/default.csv
24,Pareto-DP,1,feasible,complete,1,1,returned,0,,1217,1.0,1.0,1.0,0.8166223978623748,0.8272835118696094,1040364,1,0,0,0,0,0,10732.0,10732.0,1217,1,0.081957166083157,0,10732,7,0,0.0106611140072345,True,,,,,,,,,True,completed,all_reduced_candidates,"[3427, 5513, 249, 231, 191, 928, 193]",0.0002219057641923,solver final filtering and index remapping; caller metric conversion excluded,r5-v1,,excluded_precomputed,,True,,,fresh_retrieval,0.0001368462108075,0.8109973748214543,0.0052662710659205,0.8166223978623748,0.8272835118696094,measured_excluding_encoding,"[3427, 5513, 249, 231, 191, 928, 193]","[3427, 5513, 249, 231, 191, 928, 193]",Python/Pareto-DP-conv,3.11.15,,,<paper>/revision_campaign_20260914/default/airbnb_dpconv/default.csv
25,Pareto-DP,1,feasible,complete,1,1,returned,0,,82,1.0,1.0,1.0,0.0041826241649687,0.0059651881456375,6814,1,0,0,0,0,0,454.0,454.0,82,1,0.0017479141242802,0,454,3,1,0.0017825639806687,True,,,,,,,,,True,completed,all_reduced_candidates,"[4, 86, 364]",1.9430182874202728e-05,solver final filtering and index remapping; caller metric conversion excluded,r5-v1,,excluded_precomputed,,True,,,fresh_retrieval,8.777715265750885e-06,0.0037854854017496,0.0003689308650791,0.0041826241649687,0.0059651881456375,measured_excluding_encoding,"[4, 86, 364]","[4, 86, 364]",Python/Pareto-DP-conv,3.11.15,,,<paper>/revision_campaign_20260914/default/airbnb_dpconv/default.csv
26,Pareto-DP,1,feasible,complete,1,1,returned,0,,71,1.0,1.0,1.0,0.0029224352911114,0.004678102210164,11368,1,0,0,0,0,0,496.0,496.0,71,1,0.0022255182266235,0,496,5,0,0.0017556669190526,True,,,,,,,,,True,completed,all_reduced_candidates,"[1, 239, 56, 120, 80]",1.863716170191765e-05,solver final filtering and index remapping; caller metric conversion excluded,r5-v1,,excluded_precomputed,,True,,,fresh_retrieval,8.167698979377747e-06,0.0026063923723995,0.0002892380580306,0.0029224352911114,0.004678102210164,measured_excluding_encoding,"[1, 239, 56, 120, 80]","[1, 239, 56, 120, 80]",Python/Pareto-DP-conv,3.11.15,,,<paper>/revision_campaign_20260914/default/airbnb_dpconv/default.csv
27,Pareto-DP,1,feasible,complete,1,1,returned,0,,1209,1.0,1.0,1.0,11.733128658961505,11.739048823248597,2744725,1,0,0,0,0,0,5503.0,5503.0,1209,1,0.1510294028557837,0,5503,8,1,0.0059201642870903,True,,,,,,,,,True,completed,all_reduced_candidates,"[60, 1300, 341, 32, 151, 198, 332, 3089]",0.0002823211252689,solver final filtering and index remapping; caller metric conversion excluded,r5-v1,,excluded_precomputed,,True,,,fresh_retrieval,7.063569501042366e-05,11.72569308616221,0.0070826159790158,11.733128658961505,11.739048823248597,measured_excluding_encoding,"[60, 1300, 341, 32, 151, 198, 332, 3089]","[60, 1300, 341, 32, 151, 198, 332, 3089]",Python/Pareto-DP-conv,3.11.15,,,<paper>/revision_campaign_20260914/default/airbnb_dpconv/default.csv
28,Pareto-DP,0,feasible,complete,1,1,solver_timeout,0,,0,0.0,0.0,,60.00649933191016,60.01710234675557,4975891,1,1,0,0,0,1,9630.0,9630.0,2103,1,0.6972480453550816,0,9630,8,1,0.010603014845401,False,,,,,,,,,False,cancelled,all_reduced_candidates,"[1160, 777, 4195, 267, 6, 4, 38, 3183]",0.0008311397396028,solver final filtering and index remapping; caller metric conversion excluded,r5-v1,,excluded_precomputed,,True,,,fresh_retrieval,0.0001285169273614,60.00546043924987,7.92359933257103e-05,60.00649933191016,60.01710234675557,measured_excluding_encoding,"[1160, 777, 4195, 267, 6, 4, 38, 3183]","[1160, 777, 4195, 267, 6, 4, 38, 3183]",Python/Pareto-DP-conv,3.11.15,,,<paper>/revision_campaign_20260914/default/airbnb_dpconv/default.csv
29,Pareto-DP,1,feasible,complete,1,1,returned,0,,10,1.0,1.0,1.0,0.000206003896892,0.0017570769414305,589,1,0,0,0,0,0,208.0,208.0,10,1,0.0002587609924376,0,208,4,0,0.0015510730445384,True,,,,,,,,,True,completed,all_reduced_candidates,"[4, 3, 27, 174]",1.558195799589157e-05,solver final filtering and index remapping; caller metric conversion excluded,r5-v1,,excluded_precomputed,,True,,,fresh_retrieval,6.3069164752960205e-06,0.0001237532123923,6.036181002855301e-05,0.000206003896892,0.0017570769414305,measured_excluding_encoding,"[4, 3, 27, 174]","[4, 3, 27, 174]",Python/Pareto-DP-conv,3.11.15,,,<paper>/revision_campaign_20260914/default/airbnb_dpconv/default.csv
30,Pareto-DP,1,feasible,complete,1,1,returned,0,,192,1.0,0.9999999999999996,1.0,0.5108366217464209,0.5170694654807448,310822,1,0,0,0,0,0,6628.0,6628.0,192,1,0.0171260931529104,0,6628,4,1,0.0062328437343239,True,,,,,,,,,True,completed,all_reduced_candidates,"[428, 43, 6151, 6]",8.873362094163895e-05,solver final filtering and index remapping; caller metric conversion excluded,r5-v1,,excluded_precomputed,,True,,,fresh_retrieval,7.999921217560768e-05,0.5094030927866697,0.0012647961266338,0.5108366217464209,0.5170694654807448,measured_excluding_encoding,"[428, 43, 6151, 6]","[428, 43, 6151, 6]",Python/Pareto-DP-conv,3.11.15,,,<paper>/revision_campaign_20260914/default/airbnb_dpconv/default.csv
31,Pareto-DP,1,feasible,complete,1,1,returned,0,,52,1.0,1.0,1.0,0.002895173151046,0.0052669802680611,4789,1,0,0,0,0,0,1347.0,1347.0,52,1,0.0020027081482112,0,1347,3,0,0.0023718071170151,True,,,,,,,,,True,completed,all_reduced_candidates,"[1246, 30, 71]",2.192007377743721e-05,solver final filtering and index remapping; caller metric conversion excluded,r5-v1,,excluded_precomputed,,True,,,fresh_retrieval,2.629309892654419e-05,0.0026373616419732,0.0002095983363687,0.002895173151046,0.0052669802680611,measured_excluding_encoding,"[1246, 30, 71]","[1246, 30, 71]",Python/Pareto-DP-conv,3.11.15,,,<paper>/revision_campaign_20260914/default/airbnb_dpconv/default.csv
32,Pareto-DP,1,feasible,complete,1,1,returned,0,,110,1.0,1.0,1.0,0.0275528030470013,0.0300111030228436,71166,1,0,0,0,0,0,1300.0,1300.0,110,1,0.0054724840447306,0,1300,6,0,0.0024582999758422,True,,,,,,,,,True,completed,all_reduced_candidates,"[19, 26, 82, 931, 234, 8]",2.782419323921204e-05,solver final filtering and index remapping; caller metric conversion excluded,r5-v1,,excluded_precomputed,,True,,,fresh_retrieval,1.8546823412179947e-05,0.0270685101859271,0.0004379218444228,0.0275528030470013,0.0300111030228436,measured_excluding_encoding,"[19, 26, 82, 931, 234, 8]","[19, 26, 82, 931, 234, 8]",Python/Pareto-DP-conv,3.11.15,,,<paper>/revision_campaign_20260914/default/airbnb_dpconv/default.csv
33,Pareto-DP,1,feasible,complete,1,1,returned,0,,654,1.0,1.0,1.0,0.5291915978305042,0.5319010047242045,205339,1,0,0,0,0,0,1408.0,1408.0,654,1,0.0506745637394487,0,1408,8,0,0.0027094068937003,True,,,,,,,,,True,completed,all_reduced_candidates,"[580, 127, 10, 434, 175, 6, 66, 10]",0.0001176637597382,solver final filtering and index remapping; caller metric conversion excluded,r5-v1,,excluded_precomputed,,True,,,fresh_retrieval,2.185814082622528e-05,0.5261679249815643,0.0028841509483754,0.5291915978305042,0.5319010047242045,measured_excluding_encoding,"[580, 127, 10, 434, 175, 6, 66, 10]","[580, 127, 10, 434, 175, 6, 66, 10]",Python/Pareto-DP-conv,3.11.15,,,<paper>/revision_campaign_20260914/default/airbnb_dpconv/default.csv
34,Pareto-DP,1,feasible,complete,1,1,returned,0,,1256,1.0,1.0000000000000002,1.0,3.7907373839989305,3.796029418706894,1078561,1,0,0,0,0,0,4185.0,4185.0,1256,1,0.2231384557671845,0,4185,8,1,0.0052920347079634,True,,,,,,,,,True,completed,all_reduced_candidates,"[670, 36, 1844, 462, 740, 362, 49, 22]",0.0004062261432409,solver final filtering and index remapping; caller metric conversion excluded,r5-v1,,excluded_precomputed,,True,,,fresh_retrieval,5.4838135838508606e-05,3.782109178602696,0.0081671411171555,3.7907373839989305,3.796029418706894,measured_excluding_encoding,"[670, 36, 1844, 462, 740, 362, 49, 22]","[670, 36, 1844, 462, 740, 362, 49, 22]",Python/Pareto-DP-conv,3.11.15,,,<paper>/revision_campaign_20260914/default/airbnb_dpconv/default.csv
35,Pareto-DP,1,feasible,complete,1,1,returned,0,,13,1.0,1.0,1.0,0.0027490402571856,0.0050985771231353,5509,1,0,0,0,0,0,485.0,485.0,13,1,0.0010804259218275,0,485,4,0,0.0023495368659496,True,,,,,,,,,True,completed,all_reduced_candidates,"[20, 407, 1, 57]",1.7128419131040573e-05,solver final filtering and index remapping; caller metric conversion excluded,r5-v1,,excluded_precomputed,,True,,,fresh_retrieval,1.0979827493429184e-05,0.0026498632505536,7.106876000761986e-05,0.0027490402571856,0.0050985771231353,measured_excluding_encoding,"[20, 407, 1, 57]","[20, 407, 1, 57]",Python/Pareto-DP-conv,3.11.15,,,<paper>/revision_campaign_20260914/default/airbnb_dpconv/default.csv
36,Pareto-DP,1,feasible,complete,1,1,returned,0,,461,1.0,1.0,1.0,0.3907488170079887,0.3951601041480899,627486,1,0,0,0,0,0,3122.0,3122.0,461,1,0.0265648220665752,0,3122,7,0,0.0044112871401011,True,,,,,,,,,True,completed,all_reduced_candidates,"[300, 4, 56, 730, 63, 444, 1525]",7.192930206656456e-05,solver final filtering and index remapping; caller metric conversion excluded,r5-v1,,excluded_precomputed,,True,,,fresh_retrieval,4.029460251331329e-05,0.3886308413930237,0.002005751710385,0.3907488170079887,0.3951601041480899,measured_excluding_encoding,"[300, 4, 56, 730, 63, 444, 1525]","[300, 4, 56, 730, 63, 444, 1525]",Python/Pareto-DP-conv,3.11.15,,,<paper>/revision_campaign_20260914/default/airbnb_dpconv/default.csv
37,Pareto-DP,1,feasible,complete,1,1,returned,0,,2101,1.0,1.0,1.0,20.45569909689948,20.45993108395487,1894364,1,0,0,0,0,0,2840.0,2840.0,2101,1,0.7883135774172843,0,2840,8,1,0.004231987055391,True,,,,,,,,,True,completed,all_reduced_candidates,"[839, 237, 41, 3, 306, 725, 261, 428]",0.0005923477001488,solver final filtering and index remapping; caller metric conversion excluded,r5-v1,,excluded_precomputed,,True,,,fresh_retrieval,3.990530967712402e-05,20.438420423772182,0.0166464201174676,20.45569909689948,20.45993108395487,measured_excluding_encoding,"[839, 237, 41, 3, 306, 725, 261, 428]","[839, 237, 41, 3, 306, 725, 261, 428]",Python/Pareto-DP-conv,3.11.15,,,<paper>/revision_campaign_20260914/default/airbnb_dpconv/default.csv
38,Pareto-DP,1,feasible,complete,1,1,returned,0,,165,1.0,1.0,1.0,0.0149593250826001,0.0176379899494349,15713,1,0,0,0,0,0,1353.0,1353.0,165,1,0.0046238829381763,0,1353,4,1,0.0026786648668348,True,,,,,,,,,True,completed,all_reduced_candidates,"[1067, 117, 155, 14]",3.118906170129776e-05,solver final filtering and index remapping; caller metric conversion excluded,r5-v1,,excluded_precomputed,,True,,,fresh_retrieval,2.437643706798553e-05,0.0142121249809861,0.0006916346028447,0.0149593250826001,0.0176379899494349,measured_excluding_encoding,"[1067, 117, 155, 14]","[1067, 117, 155, 14]",Python/Pareto-DP-conv,3.11.15,,,<paper>/revision_campaign_20260914/default/airbnb_dpconv/default.csv
39,Pareto-DP,1,feasible,complete,1,1,returned,0,,96,1.0,1.0,1.0,0.008610256947577,0.0114304637536406,29073,1,0,0,0,0,0,1445.0,1445.0,96,1,0.0035273642279207,0,1445,5,1,0.0028202068060636,True,,,,,,,,,True,completed,all_reduced_candidates,"[994, 41, 144, 131, 135]",2.9929913580417636e-05,solver final filtering and index remapping; caller metric conversion excluded,r5-v1,,excluded_precomputed,,True,,,fresh_retrieval,1.949677243828773e-05,0.008105793967843,0.0004550362937152,0.008610256947577,0.0114304637536406,measured_excluding_encoding,"[994, 41, 144, 131, 135]","[994, 41, 144, 131, 135]",Python/Pareto-DP-conv,3.11.15,,,<paper>/revision_campaign_20260914/default/airbnb_dpconv/default.csv
40,Pareto-DP,1,feasible,complete,1,1,returned,0,,405,1.0,1.0,1.0,0.382149457000196,0.3857295950874686,178733,1,0,0,0,0,0,2433.0,2433.0,405,1,0.0534844500944018,0,2433,8,0,0.0035801380872726,True,,,,,,,,,True,completed,all_reduced_candidates,"[222, 1877, 39, 38, 80, 135, 33, 9]",9.34181734919548e-05,solver final filtering and index remapping; caller metric conversion excluded,r5-v1,,excluded_precomputed,,True,,,fresh_retrieval,4.318496212363243e-05,0.38029202260077,0.0017208312638103,0.382149457000196,0.3857295950874686,measured_excluding_encoding,"[222, 1877, 39, 38, 80, 135, 33, 9]","[222, 1877, 39, 38, 80, 135, 33, 9]",Python/Pareto-DP-conv,3.11.15,,,<paper>/revision_campaign_20260914/default/airbnb_dpconv/default.csv
41,Pareto-DP,1,feasible,complete,1,1,returned,0,,412,1.0,1.0,1.0,0.4103874340653419,0.4137161481194198,406646,1,0,0,0,0,0,1976.0,1976.0,412,1,0.0348488637246191,0,1976,6,0,0.0033287140540778,True,,,,,,,,,True,completed,all_reduced_candidates,"[109, 260, 77, 767, 1, 762]",7.446436211466789e-05,solver final filtering and index remapping; caller metric conversion excluded,r5-v1,,excluded_precomputed,,True,,,fresh_retrieval,2.788705751299858e-05,0.4084777110256254,0.0018073716200888,0.4103874340653419,0.4137161481194198,measured_excluding_encoding,"[109, 260, 77, 767, 1, 762]","[109, 260, 77, 767, 1, 762]",Python/Pareto-DP-conv,3.11.15,,,<paper>/revision_campaign_20260914/default/airbnb_dpconv/default.csv
42,Pareto-DP,1,feasible,complete,1,1,returned,0,,64,1.0,1.0,1.0,0.0027711777947843,0.004567143972963,6782,1,0,0,0,0,0,396.0,396.0,64,1,0.0016479762271046,0,396,3,1,0.0017959661781787,True,,,,,,,,,True,completed,all_reduced_candidates,"[24, 226, 146]",1.905905082821846e-05,solver final filtering and index remapping; caller metric conversion excluded,r5-v1,,excluded_precomputed,,True,,,fresh_retrieval,6.835907697677612e-06,0.0024349619634449,0.0003103208728134,0.0027711777947843,0.004567143972963,measured_excluding_encoding,"[24, 226, 146]","[24, 226, 146]",Python/Pareto-DP-conv,3.11.15,,,<paper>/revision_campaign_20260914/default/airbnb_dpconv/default.csv
43,Pareto-DP,1,feasible,complete,1,1,returned,0,,11,1.0,1.0,1.0,0.0001833029091358,0.0015539312735199,199,1,0,0,0,0,0,35.0,35.0,11,1,0.0002118539996445,0,35,3,1,0.0013706283643841,True,,,,,,,,,True,completed,all_reduced_candidates,"[11, 22, 2]",1.3844110071659088e-05,solver final filtering and index remapping; caller metric conversion excluded,r5-v1,,excluded_precomputed,,True,,,fresh_retrieval,4.210975021123886e-06,9.448593482375144e-05,7.076188921928406e-05,0.0001833029091358,0.0015539312735199,measured_excluding_encoding,"[11, 22, 2]","[11, 22, 2]",Python/Pareto-DP-conv,3.11.15,,,<paper>/revision_campaign_20260914/default/airbnb_dpconv/default.csv
44,Pareto-DP,1,feasible,complete,1,1,returned,0,,438,1.0,1.0,1.0,0.6976324440911412,0.7042214702814817,398716,1,0,0,0,0,0,5124.0,5124.0,438,1,0.0519039900973439,0,5124,6,1,0.0065890261903405,True,,,,,,,,,True,completed,all_reduced_candidates,"[151, 2318, 2205, 213, 4, 233]",0.0001269052736461,solver final filtering and index remapping; caller metric conversion excluded,r5-v1,,excluded_precomputed,,True,,,fresh_retrieval,6.23469240963459e-05,0.6948275989852846,0.0026155929081141,0.6976324440911412,0.7042214702814817,measured_excluding_encoding,"[151, 2318, 2205, 213, 4, 233]","[151, 2318, 2205, 213, 4, 233]",Python/Pareto-DP-conv,3.11.15,,,<paper>/revision_campaign_20260914/default/airbnb_dpconv/default.csv
45,Pareto-DP,1,feasible,complete,1,1,returned,0,,1174,1.0,1.0,1.0,0.996279529761523,0.9991009179502726,558635,1,0,0,0,0,0,1551.0,1551.0,1174,1,0.1165499989874661,0,1551,7,1,0.0028213881887495,True,,,,,,,,,True,completed,all_reduced_candidates,"[87, 244, 171, 299, 366, 306, 78]",0.0001404415816068,solver final filtering and index remapping; caller metric conversion excluded,r5-v1,,excluded_precomputed,,True,,,fresh_retrieval,1.7367303371429443e-05,0.9899303088895977,0.006191411986947,0.996279529761523,0.9991009179502726,measured_excluding_encoding,"[87, 244, 171, 299, 366, 306, 78]","[87, 244, 171, 299, 366, 306, 78]",Python/Pareto-DP-conv,3.11.15,,,<paper>/revision_campaign_20260914/default/airbnb_dpconv/default.csv
46,Pareto-DP,1,feasible,complete,1,1,returned,0,,147,1.0,1.0,1.0,0.020612163003534,0.0232382868416607,89731,1,0,0,0,0,0,1460.0,1460.0,147,1,0.0055844108574092,0,1460,6,0,0.0026261238381266,True,,,,,,,,,True,completed,all_reduced_candidates,"[98, 540, 19, 18, 570, 215]",3.696372732520104e-05,solver final filtering and index remapping; caller metric conversion excluded,r5-v1,,excluded_precomputed,,True,,,fresh_retrieval,2.7006026357412335e-05,0.0199503633193671,0.0005978299304842,0.020612163003534,0.0232382868416607,measured_excluding_encoding,"[98, 540, 19, 18, 570, 215]","[98, 540, 19, 18, 570, 215]",Python/Pareto-DP-conv,3.11.15,,,<paper>/revision_campaign_20260914/default/airbnb_dpconv/default.csv
47,Pareto-DP,1,feasible,complete,1,1,returned,0,,336,1.0,1.0,1.0,0.1533021931536495,0.1574735818430781,425541,1,0,0,0,0,0,2445.0,2445.0,336,1,0.0216472493484616,0,2445,7,0,0.0041713886894285,True,,,,,,,,,True,completed,all_reduced_candidates,"[17, 288, 234, 31, 79, 1226, 570]",5.7557132095098495e-05,solver final filtering and index remapping; caller metric conversion excluded,r5-v1,,excluded_precomputed,,True,,,fresh_retrieval,3.049103543162346e-05,0.1517507340759039,0.0014634109102189,0.1533021931536495,0.1574735818430781,measured_excluding_encoding,"[17, 288, 234, 31, 79, 1226, 570]","[17, 288, 234, 31, 79, 1226, 570]",Python/Pareto-DP-conv,3.11.15,,,<paper>/revision_campaign_20260914/default/airbnb_dpconv/default.csv
48,Pareto-DP,1,feasible,complete,1,1,returned,0,,879,1.0,1.0,1.0,0.7532073529437184,0.7568302438594401,682412,1,0,0,0,0,0,2412.0,2412.0,879,1,0.0898280539549887,0,2412,7,1,0.0036228909157216,True,,,,,,,,,True,completed,all_reduced_candidates,"[721, 5, 370, 496, 43, 86, 691]",0.0001572240144014,solver final filtering and index remapping; caller metric conversion excluded,r5-v1,,excluded_precomputed,,True,,,fresh_retrieval,3.584707155823708e-05,0.7476252219639719,0.0053890598937869,0.7532073529437184,0.7568302438594401,measured_excluding_encoding,"[721, 5, 370, 496, 43, 86, 691]","[721, 5, 370, 496, 43, 86, 691]",Python/Pareto-DP-conv,3.11.15,,,<paper>/revision_campaign_20260914/default/airbnb_dpconv/default.csv
49,Pareto-DP,1,feasible,complete,1,1,returned,0,,242,1.0,1.0,1.0,0.0471656760200858,0.0498601743020117,65074,1,0,0,0,0,0,1595.0,1595.0,242,1,0.0111833931878209,0,1595,4,1,0.0026944982819259,True,,,,,,,,,True,completed,all_reduced_candidates,"[1150, 117, 57, 271]",4.197098314762116e-05,solver final filtering and index remapping; caller metric conversion excluded,r5-v1,,excluded_precomputed,,True,,,fresh_retrieval,2.3562926799058918e-05,0.0458740727044642,0.0012260694056749,0.0471656760200858,0.0498601743020117,measured_excluding_encoding,"[1150, 117, 57, 271]","[1150, 117, 57, 271]",Python/Pareto-DP-conv,3.11.15,,,<paper>/revision_campaign_20260914/default/airbnb_dpconv/default.csv
50,Pareto-DP,1,feasible,complete,1,1,returned,0,,194,1.0,1.0,1.0,0.4610957922413945,0.4635876738466322,98717,1,0,0,0,0,0,1269.0,1269.0,194,1,0.0239281528629362,0,1269,6,1,0.0024918816052377,True,,,,,,,,,True,completed,all_reduced_candidates,"[1, 426, 330, 12, 483, 17]",7.40373507142067e-05,solver final filtering and index remapping; caller metric conversion excluded,r5-v1,,excluded_precomputed,,True,,,fresh_retrieval,1.939712092280388e-05,0.4589959760196507,0.0020063817501068,0.4610957922413945,0.4635876738466322,measured_excluding_encoding,"[1, 426, 330, 12, 483, 17]","[1, 426, 330, 12, 483, 17]",Python/Pareto-DP-conv,3.11.15,,,<paper>/revision_campaign_20260914/default/airbnb_dpconv/default.csv
51,Pareto-DP,1,feasible,complete,1,1,returned,0,,65,1.0,1.0,1.0,0.0072993719950318,0.0093925599940121,33750,1,0,0,0,0,0,790.0,790.0,65,1,0.0037463828921318,0,790,6,0,0.0020931879989802,True,,,,,,,,,True,completed,all_reduced_candidates,"[38, 312, 118, 24, 184, 114]",2.126907929778099e-05,solver final filtering and index remapping; caller metric conversion excluded,r5-v1,,excluded_precomputed,,True,,,fresh_retrieval,1.2182164937257768e-05,0.0069866627454757,0.000279258005321,0.0072993719950318,0.0093925599940121,measured_excluding_encoding,"[38, 312, 118, 24, 184, 114]","[38, 312, 118, 24, 184, 114]",Python/Pareto-DP-conv,3.11.15,,,<paper>/revision_campaign_20260914/default/airbnb_dpconv/default.csv
52,Pareto-DP,1,feasible,complete,1,1,returned,0,,150,1.0,1.0000000000000002,1.0,0.0102698183618485,0.0122128603979945,27633,1,0,0,0,0,0,810.0,810.0,150,1,0.0044503058306872,0,810,4,1,0.0019430420361459,True,,,,,,,,,True,completed,all_reduced_candidates,"[95, 21, 602, 92]",2.3662112653255463e-05,solver final filtering and index remapping; caller metric conversion excluded,r5-v1,,excluded_precomputed,,True,,,fresh_retrieval,1.2097414582967758e-05,0.009585216641426,0.0006488421931862,0.0102698183618485,0.0122128603979945,measured_excluding_encoding,"[95, 21, 602, 92]","[95, 21, 602, 92]",Python/Pareto-DP-conv,3.11.15,,,<paper>/revision_campaign_20260914/default/airbnb_dpconv/default.csv
53,Pareto-DP,1,feasible,complete,1,1,returned,0,,2212,1.0,1.0,1.0,5.3164374069310725,5.320297127123922,1009068,1,0,0,0,0,0,2585.0,2585.0,2212,1,0.5938727352768183,0,2585,8,1,0.0038597201928496,True,,,,,,,,,True,completed,all_reduced_candidates,"[321, 1348, 211, 187, 197, 278, 33, 10]",0.0005836240015923,solver final filtering and index remapping; caller metric conversion excluded,r5-v1,,excluded_precomputed,,True,,,fresh_retrieval,3.248080611228943e-05,5.299767542164773,0.016053759958595,5.3164374069310725,5.320297127123922,measured_excluding_encoding,"[321, 1348, 211, 187, 197, 278, 33, 10]","[321, 1348, 211, 187, 197, 278, 33, 10]",Python/Pareto-DP-conv,3.11.15,,,<paper>/revision_campaign_20260914/default/airbnb_dpconv/default.csv
54,Pareto-DP,1,feasible,complete,1,1,returned,0,,135,1.0,1.0,1.0,0.6674518301151693,0.6719356621615589,668495,1,0,0,0,0,0,3396.0,3396.0,135,1,0.049446724820882,0,3396,8,0,0.0044838320463895,True,,,,,,,,,True,completed,all_reduced_candidates,"[99, 195, 2100, 899, 19, 42, 31, 11]",7.267110049724579e-05,solver final filtering and index remapping; caller metric conversion excluded,r5-v1,,excluded_precomputed,,True,,,fresh_retrieval,4.746997728943825e-05,0.6667630230076611,0.0005686660297214,0.6674518301151693,0.6719356621615589,measured_excluding_encoding,"[99, 195, 2100, 899, 19, 42, 31, 11]","[99, 195, 2100, 899, 19, 42, 31, 11]",Python/Pareto-DP-conv,3.11.15,,,<paper>/revision_campaign_20260914/default/airbnb_dpconv/default.csv
55,Pareto-DP,1,feasible,complete,1,1,returned,0,,66,1.0,1.0,1.0,0.0025688912719488,0.0044004982337355,5963,1,0,0,0,0,0,525.0,525.0,66,1,0.0017831507138907,0,525,5,0,0.0018316069617867,True,,,,,,,,,True,completed,all_reduced_candidates,"[394, 31, 47, 25, 28]",1.985207200050354e-05,solver final filtering and index remapping; caller metric conversion excluded,r5-v1,,excluded_precomputed,,True,,,fresh_retrieval,9.82731580734253e-06,0.0022564246319234,0.0002827872522175,0.0025688912719488,0.0044004982337355,measured_excluding_encoding,"[394, 31, 47, 25, 28]","[394, 31, 47, 25, 28]",Python/Pareto-DP-conv,3.11.15,,,<paper>/revision_campaign_20260914/default/airbnb_dpconv/default.csv
56,Pareto-DP,1,feasible,complete,1,1,returned,0,,290,1.0,1.0,1.0,0.0969811487011611,0.0992269688285887,88561,1,0,0,0,0,0,1031.0,1031.0,290,1,0.0168729932047426,0,1031,6,1,0.0022458201274275,True,,,,,,,,,True,completed,all_reduced_candidates,"[241, 21, 91, 62, 453, 163]",6.036553531885147e-05,solver final filtering and index remapping; caller metric conversion excluded,r5-v1,,excluded_precomputed,,True,,,fresh_retrieval,1.4638062566518784e-05,0.0948019223287701,0.0021042227745056,0.0969811487011611,0.0992269688285887,measured_excluding_encoding,"[241, 21, 91, 62, 453, 163]","[241, 21, 91, 62, 453, 163]",Python/Pareto-DP-conv,3.11.15,,,<paper>/revision_campaign_20260914/default/airbnb_dpconv/default.csv
57,Pareto-DP,1,feasible,complete,1,1,returned,0,,230,1.0,1.0,1.0,0.073419155087322,0.0752881714142859,53314,1,0,0,0,0,0,565.0,565.0,230,1,0.0198252056725323,0,565,7,1,0.0018690163269639,True,,,,,,,,,True,completed,all_reduced_candidates,"[161, 8, 212, 30, 83, 22, 49]",6.00181519985199e-05,solver final filtering and index remapping; caller metric conversion excluded,r5-v1,,excluded_precomputed,,True,,,fresh_retrieval,8.892267942428589e-06,0.0721190809272229,0.001231163740158,0.073419155087322,0.0752881714142859,measured_excluding_encoding,"[161, 8, 212, 30, 83, 22, 49]","[161, 8, 212, 30, 83, 22, 49]",Python/Pareto-DP-conv,3.11.15,,,<paper>/revision_campaign_20260914/default/airbnb_dpconv/default.csv
58,Pareto-DP,1,feasible,complete,1,1,returned,0,,255,1.0,1.0,1.0,0.1321163279935717,0.1354503510519862,44725,1,0,0,0,0,0,2266.0,2266.0,255,1,0.0197240607813,0,2266,5,0,0.0033340230584144,True,,,,,,,,,True,completed,all_reduced_candidates,"[1501, 680, 12, 70, 3]",5.174800753593445e-05,solver final filtering and index remapping; caller metric conversion excluded,r5-v1,,excluded_precomputed,,True,,,fresh_retrieval,3.229500725865364e-05,0.1310231382958591,0.001009146682918,0.1321163279935717,0.1354503510519862,measured_excluding_encoding,"[1501, 680, 12, 70, 3]","[1501, 680, 12, 70, 3]",Python/Pareto-DP-conv,3.11.15,,,<paper>/revision_campaign_20260914/default/airbnb_dpconv/default.csv
59,Pareto-DP,1,feasible,complete,1,1,returned,0,,852,1.0,1.0,1.0,1.6159687736071646,1.619181168731302,657692,1,0,0,0,0,0,2135.0,2135.0,852,1,0.3378181420266628,0,2135,8,1,0.0032123951241374,True,,,,,,,,,True,completed,all_reduced_candidates,"[1, 417, 306, 177, 1012, 15, 29, 178]",0.0002167858183383,solver final filtering and index remapping; caller metric conversion excluded,r5-v1,,excluded_precomputed,,True,,,fresh_retrieval,2.9587186872959137e-05,1.6101119127124548,0.0056104878894984,1.6159687736071646,1.619181168731302,measured_excluding_encoding,"[1, 417, 306, 177, 1012, 15, 29, 178]","[1, 417, 306, 177, 1012, 15, 29, 178]",Python/Pareto-DP-conv,3.11.15,,,<paper>/revision_campaign_20260914/default/airbnb_dpconv/default.csv
60,Pareto-DP,1,feasible,complete,1,1,returned,0,,160,1.0,1.0,1.0,0.1685217292979359,0.1777970306575298,497786,1,0,0,0,0,0,8734.0,8734.0,160,1,0.0283082406967878,0,8734,8,0,0.0092753013595938,True,,,,,,,,,True,completed,all_reduced_candidates,"[51, 6640, 64, 56, 1272, 257, 311, 83]",0.0001038974151015,solver final filtering and index remapping; caller metric conversion excluded,r5-v1,,excluded_precomputed,,True,,,fresh_retrieval,0.0001167729496955,0.1676342240534722,0.0006668348796665,0.1685217292979359,0.1777970306575298,measured_excluding_encoding,"[51, 6640, 64, 56, 1272, 257, 311, 83]","[51, 6640, 64, 56, 1272, 257, 311, 83]",Python/Pareto-DP-conv,3.11.15,,,<paper>/revision_campaign_20260914/default/airbnb_dpconv/default.csv
61,Pareto-DP,1,feasible,complete,1,1,returned,0,,3013,1.0,0.9999999999999998,1.0,15.04275646712631,15.04676125338301,1493130,1,0,0,0,0,0,3103.0,3103.0,3013,1,0.3727195719256997,0,3103,8,1,0.0040047862567007,True,,,,,,,,,True,completed,all_reduced_candidates,"[58, 46, 19, 1976, 249, 713, 7, 35]",0.0005711703561246,solver final filtering and index remapping; caller metric conversion excluded,r5-v1,,excluded_precomputed,,True,,,fresh_retrieval,3.789598122239113e-05,15.021617457736284,0.0205299430526793,15.04275646712631,15.04676125338301,measured_excluding_encoding,"[58, 46, 19, 1976, 249, 713, 7, 35]","[58, 46, 19, 1976, 249, 713, 7, 35]",Python/Pareto-DP-conv,3.11.15,,,<paper>/revision_campaign_20260914/default/airbnb_dpconv/default.csv
62,Pareto-DP,1,feasible,complete,1,1,returned,0,,550,1.0,1.0,1.0,0.3571560997515917,0.3608305524103343,675691,1,0,0,0,0,0,2699.0,2699.0,550,1,0.0355548318475484,0,2699,7,0,0.0036744526587426,True,,,,,,,,,True,completed,all_reduced_candidates,"[160, 110, 25, 26, 172, 6, 2200]",7.485365495085716e-05,solver final filtering and index remapping; caller metric conversion excluded,r5-v1,,excluded_precomputed,,True,,,fresh_retrieval,4.373304545879364e-05,0.3546618167310953,0.0023756963200867,0.3571560997515917,0.3608305524103343,measured_excluding_encoding,"[160, 110, 25, 26, 172, 6, 2200]","[160, 110, 25, 26, 172, 6, 2200]",Python/Pareto-DP-conv,3.11.15,,,<paper>/revision_campaign_20260914/default/airbnb_dpconv/default.csv
63,Pareto-DP,1,feasible,complete,1,1,returned,0,,10,1.0,1.0,1.0,0.0005808370187878,0.0020959759131073,1612,1,0,0,0,0,0,167.0,167.0,10,1,0.0004507834091782,0,167,3,1,0.0015151388943195,True,,,,,,,,,True,completed,all_reduced_candidates,"[88, 78, 1]",1.38087198138237e-05,solver final filtering and index remapping; caller metric conversion excluded,r5-v1,,excluded_precomputed,,True,,,fresh_retrieval,6.178859621286392e-06,0.0005011591129004,5.969032645225525e-05,0.0005808370187878,0.0020959759131073,measured_excluding_encoding,"[88, 78, 1]","[88, 78, 1]",Python/Pareto-DP-conv,3.11.15,,,<paper>/revision_campaign_20260914/default/airbnb_dpconv/default.csv
64,Pareto-DP,1,feasible,complete,1,1,returned,0,,84,1.0,1.0,1.0,0.1076360447332263,0.1100453659892082,130432,1,0,0,0,0,0,1275.0,1275.0,84,1,0.024355114903301,0,1275,7,0,0.0024093212559819,True,,,,,,,,,True,completed,all_reduced_candidates,"[30, 264, 522, 190, 127, 123, 19]",2.6683788746595383e-05,solver final filtering and index remapping; caller metric conversion excluded,r5-v1,,excluded_precomputed,,True,,,fresh_retrieval,1.6605015844106674e-05,0.1072428100742399,0.0003499458543956,0.1076360447332263,0.1100453659892082,measured_excluding_encoding,"[30, 264, 522, 190, 127, 123, 19]","[30, 264, 522, 190, 127, 123, 19]",Python/Pareto-DP-conv,3.11.15,,,<paper>/revision_campaign_20260914/default/airbnb_dpconv/default.csv
65,Pareto-DP,1,feasible,complete,1,1,returned,0,,364,1.0,1.0,1.0,0.1231882772408425,0.1274216664023697,217075,1,0,0,0,0,0,3383.0,3383.0,364,1,0.0237566642463207,0,3383,7,1,0.0042333891615271,True,,,,,,,,,True,completed,all_reduced_candidates,"[131, 2395, 77, 84, 338, 12, 346]",7.040705531835556e-05,solver final filtering and index remapping; caller metric conversion excluded,r5-v1,,excluded_precomputed,,True,,,fresh_retrieval,4.080217331647873e-05,0.1211929060518741,0.0018841619603335,0.1231882772408425,0.1274216664023697,measured_excluding_encoding,"[131, 2395, 77, 84, 338, 12, 346]","[131, 2395, 77, 84, 338, 12, 346]",Python/Pareto-DP-conv,3.11.15,,,<paper>/revision_campaign_20260914/default/airbnb_dpconv/default.csv
66,Pareto-DP,1,feasible,complete,1,1,returned,0,,75,1.0,1.0,1.0,0.004227187950164,0.0074519258923828,6674,1,0,0,0,0,0,1671.0,1671.0,75,1,0.0027550719678401,0,1671,3,1,0.0032247379422187,True,,,,,,,,,True,completed,all_reduced_candidates,"[1555, 59, 57]",3.014691174030304e-05,solver final filtering and index remapping; caller metric conversion excluded,r5-v1,,excluded_precomputed,,True,,,fresh_retrieval,3.0054710805416107e-05,0.0038081831298768,0.0003588031977415,0.004227187950164,0.0074519258923828,measured_excluding_encoding,"[1555, 59, 57]","[1555, 59, 57]",Python/Pareto-DP-conv,3.11.15,,,<paper>/revision_campaign_20260914/default/airbnb_dpconv/default.csv
67,Pareto-DP,1,feasible,complete,1,1,returned,0,,846,1.0,1.0000000000000002,1.0,2.386942950077355,2.3966996893286705,3874458,1,0,0,0,0,0,9226.0,9226.0,846,1,0.1143795936368405,0,9226,8,1,0.0097567392513155,True,,,,,,,,,True,completed,all_reduced_candidates,"[31, 522, 276, 142, 24, 13, 76, 8142]",0.0001732781529426,solver final filtering and index remapping; caller metric conversion excluded,r5-v1,,excluded_precomputed,,True,,,fresh_retrieval,0.0001334850676357,2.3822276149876416,0.0044085718691349,2.386942950077355,2.3966996893286705,measured_excluding_encoding,"[31, 522, 276, 142, 24, 13, 76, 8142]","[31, 522, 276, 142, 24, 13, 76, 8142]",Python/Pareto-DP-conv,3.11.15,,,<paper>/revision_campaign_20260914/default/airbnb_dpconv/default.csv
68,Pareto-DP,1,feasible,complete,1,1,returned,0,,227,1.0,1.0,1.0,0.5649071098305285,0.5697270007804036,403862,1,0,0,0,0,0,3806.0,3806.0,227,1,0.0223247399553656,0,3806,8,0,0.0048198909498751,True,,,,,,,,,True,completed,all_reduced_candidates,"[24, 394, 360, 5, 13, 2941, 2, 67]",6.430875509977341e-05,solver final filtering and index remapping; caller metric conversion excluded,r5-v1,,excluded_precomputed,,True,,,fresh_retrieval,4.8012007027864456e-05,0.5638531553559005,0.0009416337125003,0.5649071098305285,0.5697270007804036,measured_excluding_encoding,"[24, 394, 360, 5, 13, 2941, 2, 67]","[24, 394, 360, 5, 13, 2941, 2, 67]",Python/Pareto-DP-conv,3.11.15,,,<paper>/revision_campaign_20260914/default/airbnb_dpconv/default.csv
69,Pareto-DP,1,feasible,complete,1,1,returned,0,,1134,1.0,1.0,1.0,8.76129520079121,8.767465288750827,1714934,1,0,0,0,0,0,4997.0,4997.0,1134,1,0.1031970870681107,0,4997,7,1,0.0061700879596173,True,,,,,,,,,True,completed,all_reduced_candidates,"[1815, 169, 167, 68, 1775, 12, 991]",0.0002695955336093,solver final filtering and index remapping; caller metric conversion excluded,r5-v1,,excluded_precomputed,,True,,,fresh_retrieval,5.846191197633743e-05,8.753674587234855,0.0072925561107695,8.76129520079121,8.767465288750827,measured_excluding_encoding,"[1815, 169, 167, 68, 1775, 12, 991]","[1815, 169, 167, 68, 1775, 12, 991]",Python/Pareto-DP-conv,3.11.15,,,<paper>/revision_campaign_20260914/default/airbnb_dpconv/default.csv
70,Pareto-DP,1,feasible,complete,1,1,returned,0,,144,1.0,1.0,1.0,0.0423627109266817,0.0444888598285615,60968,1,0,0,0,0,0,781.0,781.0,144,1,0.008596115745604,0,781,5,0,0.0021261489018797,True,,,,,,,,,True,completed,all_reduced_candidates,"[116, 29, 370, 5, 261]",2.80626118183136e-05,solver final filtering and index remapping; caller metric conversion excluded,r5-v1,,excluded_precomputed,,True,,,fresh_retrieval,1.2489035725593569e-05,0.0417345832102,0.0005875760689377,0.0423627109266817,0.0444888598285615,measured_excluding_encoding,"[116, 29, 370, 5, 261]","[116, 29, 370, 5, 261]",Python/Pareto-DP-conv,3.11.15,,,<paper>/revision_campaign_20260914/default/airbnb_dpconv/default.csv
71,Pareto-DP,1,feasible,complete,1,1,returned,0,,65,1.0,1.0,1.0,0.0095327883027493,0.0115054603666067,29693,1,0,0,0,0,0,690.0,690.0,65,1,0.0038099042139947,0,690,5,1,0.0019726720638573,True,,,,,,,,,True,completed,all_reduced_candidates,"[119, 16, 288, 20, 247]",2.1861400455236435e-05,solver final filtering and index remapping; caller metric conversion excluded,r5-v1,,excluded_precomputed,,True,,,fresh_retrieval,1.0091811418533324e-05,0.0091754682362079,0.0003253668546676,0.0095327883027493,0.0115054603666067,measured_excluding_encoding,"[119, 16, 288, 20, 247]","[119, 16, 288, 20, 247]",Python/Pareto-DP-conv,3.11.15,,,<paper>/revision_campaign_20260914/default/airbnb_dpconv/default.csv
72,Pareto-DP,1,feasible,complete,1,1,returned,0,,129,1.0,1.0,1.0,0.302959690336138,0.3087363266386091,459861,1,0,0,0,0,0,4827.0,4827.0,129,1,0.0301869567483663,0,4827,7,0,0.0057766363024711,True,,,,,,,,,True,completed,all_reduced_candidates,"[304, 759, 3449, 21, 8, 280, 6]",6.132107228040695e-05,solver final filtering and index remapping; caller metric conversion excluded,r5-v1,,excluded_precomputed,,True,,,fresh_retrieval,6.322702392935753e-05,0.302286715246737,0.0005484269931912,0.302959690336138,0.3087363266386091,measured_excluding_encoding,"[304, 759, 3449, 21, 8, 280, 6]","[304, 759, 3449, 21, 8, 280, 6]",Python/Pareto-DP-conv,3.11.15,,,<paper>/revision_campaign_20260914/default/airbnb_dpconv/default.csv
73,Pareto-DP,1,feasible,complete,1,1,returned,0,,514,1.0,1.0,1.0,0.8527476391755044,0.855198385193944,163926,1,0,0,0,0,0,1106.0,1106.0,514,1,0.0547375967726111,0,1106,7,1,0.0024507460184395,True,,,,,,,,,True,completed,all_reduced_candidates,"[2, 65, 398, 95, 311, 56, 179]",0.0001006200909614,solver final filtering and index remapping; caller metric conversion excluded,r5-v1,,excluded_precomputed,,True,,,fresh_retrieval,1.6279984265565872e-05,0.8484204350970685,0.0042103040032088,0.8527476391755044,0.855198385193944,measured_excluding_encoding,"[2, 65, 398, 95, 311, 56, 179]","[2, 65, 398, 95, 311, 56, 179]",Python/Pareto-DP-conv,3.11.15,,,<paper>/revision_campaign_20260914/default/airbnb_dpconv/default.csv
74,Pareto-DP,1,feasible,complete,1,1,returned,0,,41,1.0,1.0,1.0,0.000978001859039,0.0025872206315398,3515,1,0,0,0,0,0,257.0,257.0,41,1,0.0007923683151602,0,257,4,0,0.0016092187725007,True,,,,,,,,,True,completed,all_reduced_candidates,"[4, 107, 36, 110]",1.5824101865291595e-05,solver final filtering and index remapping; caller metric conversion excluded,r5-v1,,excluded_precomputed,,True,,,fresh_retrieval,7.169786840677261e-06,0.0007840492762625,0.0001709586940705,0.000978001859039,0.0025872206315398,measured_excluding_encoding,"[4, 107, 36, 110]","[4, 107, 36, 110]",Python/Pareto-DP-conv,3.11.15,,,<paper>/revision_campaign_20260914/default/airbnb_dpconv/default.csv
75,Pareto-DP,1,feasible,complete,1,1,returned,0,,152,1.0,1.0000000000000002,1.0,0.0612755767069757,0.0652509755454957,219985,1,0,0,0,0,0,2680.0,2680.0,152,1,0.0108161121606826,0,2680,6,1,0.00397539883852,True,,,,,,,,,True,completed,all_reduced_candidates,"[4, 332, 301, 947, 341, 755]",4.41577285528183e-05,solver final filtering and index remapping; caller metric conversion excluded,r5-v1,,excluded_precomputed,,True,,,fresh_retrieval,3.25692817568779e-05,0.0605193246155977,0.0006795250810682,0.0612755767069757,0.0652509755454957,measured_excluding_encoding,"[4, 332, 301, 947, 341, 755]","[4, 332, 301, 947, 341, 755]",Python/Pareto-DP-conv,3.11.15,,,<paper>/revision_campaign_20260914/default/airbnb_dpconv/default.csv
76,Pareto-DP,1,feasible,complete,1,1,returned,0,,410,1.0,1.0,1.0,0.1186561519280076,0.1281820880249142,205876,1,0,0,0,0,0,8835.0,8835.0,410,1,0.0279444358311593,0,8835,6,0,0.0095259360969066,True,,,,,,,,,True,completed,all_reduced_candidates,"[5702, 2310, 29, 38, 565, 191]",0.0001111291348934,solver final filtering and index remapping; caller metric conversion excluded,r5-v1,,excluded_precomputed,,True,,,fresh_retrieval,0.0001158341765403,0.116707092616707,0.0017220959998667,0.1186561519280076,0.1281820880249142,measured_excluding_encoding,"[5702, 2310, 29, 38, 565, 191]","[5702, 2310, 29, 38, 565, 191]",Python/Pareto-DP-conv,3.11.15,,,<paper>/revision_campaign_20260914/default/airbnb_dpconv/default.csv
77,Pareto-DP,1,feasible,complete,1,1,returned,0,,944,1.0,1.0,1.0,0.8580052009783685,0.8632143326103687,982378,1,0,0,0,0,0,4294.0,4294.0,944,1,0.2965616062283516,0,4294,6,1,0.0052091316320002,True,,,,,,,,,True,completed,all_reduced_candidates,"[1250, 362, 2025, 26, 174, 457]",0.0001755431294441,solver final filtering and index remapping; caller metric conversion excluded,r5-v1,,excluded_precomputed,,True,,,fresh_retrieval,5.904119461774826e-05,0.8530009547248483,0.0047696619294583,0.8580052009783685,0.8632143326103687,measured_excluding_encoding,"[1250, 362, 2025, 26, 174, 457]","[1250, 362, 2025, 26, 174, 457]",Python/Pareto-DP-conv,3.11.15,,,<paper>/revision_campaign_20260914/default/airbnb_dpconv/default.csv
78,Pareto-DP,1,feasible,complete,1,1,returned,0,,512,1.0,1.0,1.0,0.7923857406713068,0.7984787276946008,539577,1,0,0,0,0,0,4978.0,4978.0,512,1,0.060424739960581,0,4978,6,1,0.0060929870232939,True,,,,,,,,,True,completed,all_reduced_candidates,"[14, 3645, 400, 7, 111, 801]",0.0001378282904624,solver final filtering and index remapping; caller metric conversion excluded,r5-v1,,excluded_precomputed,,True,,,fresh_retrieval,6.74673356115818e-05,0.7887177127413452,0.0034627323038876,0.7923857406713068,0.7984787276946008,measured_excluding_encoding,"[14, 3645, 400, 7, 111, 801]","[14, 3645, 400, 7, 111, 801]",Python/Pareto-DP-conv,3.11.15,,,<paper>/revision_campaign_20260914/default/airbnb_dpconv/default.csv
79,Pareto-DP,1,feasible,complete,1,1,returned,0,,48,1.0,1.0,1.0,0.0031622829847037,0.0051769963465631,8952,1,0,0,0,0,0,752.0,752.0,48,1,0.0015353891067206,0,752,5,0,0.0020147133618593,True,,,,,,,,,True,completed,all_reduced_candidates,"[464, 60, 8, 8, 212]",2.011796459555626e-05,solver final filtering and index remapping; caller metric conversion excluded,r5-v1,,excluded_precomputed,,True,,,fresh_retrieval,1.216307282447815e-05,0.0029332162812352,0.0001967856660485,0.0031622829847037,0.0051769963465631,measured_excluding_encoding,"[464, 60, 8, 8, 212]","[464, 60, 8, 8, 212]",Python/Pareto-DP-conv,3.11.15,,,<paper>/revision_campaign_20260914/default/airbnb_dpconv/default.csv
80,Pareto-DP,1,feasible,complete,1,1,returned,0,,375,1.0,1.0,1.0,0.1247675912454724,0.1274510230869054,173605,1,0,0,0,0,0,1584.0,1584.0,375,1,0.0188717772252857,0,1584,6,0,0.002683431841433,True,,,,,,,,,True,completed,all_reduced_candidates,"[269, 587, 196, 29, 4, 499]",5.82612119615078e-05,solver final filtering and index remapping; caller metric conversion excluded,r5-v1,,excluded_precomputed,,True,,,fresh_retrieval,2.0381994545459747e-05,0.1230856231413781,0.0016033248975872,0.1247675912454724,0.1274510230869054,measured_excluding_encoding,"[269, 587, 196, 29, 4, 499]","[269, 587, 196, 29, 4, 499]",Python/Pareto-DP-conv,3.11.15,,,<paper>/revision_campaign_20260914/default/airbnb_dpconv/default.csv
81,Pareto-DP,1,feasible,complete,1,1,returned,0,,306,1.0,1.0,1.0,0.4331946489401161,0.4392268108204007,502956,1,0,0,0,0,0,4832.0,4832.0,306,1,0.0336583969183266,0,4832,6,1,0.0060321618802845,True,,,,,,,,,True,completed,all_reduced_candidates,"[1355, 353, 124, 8, 89, 2903]",7.746415212750435e-05,solver final filtering and index remapping; caller metric conversion excluded,r5-v1,,excluded_precomputed,,True,,,fresh_retrieval,6.339000537991524e-05,0.4315400258637965,0.0015137689188122,0.4331946489401161,0.4392268108204007,measured_excluding_encoding,"[1355, 353, 124, 8, 89, 2903]","[1355, 353, 124, 8, 89, 2903]",Python/Pareto-DP-conv,3.11.15,,,<paper>/revision_campaign_20260914/default/airbnb_dpconv/default.csv
82,Pareto-DP,1,feasible,complete,1,1,returned,0,,805,1.0,1.0,1.0,1.565355350729078,1.5682384120300412,974139,1,0,0,0,0,0,1870.0,1870.0,805,1,0.117833630181849,0,1870,8,1,0.0028830613009631,True,,,,,,,,,True,completed,all_reduced_candidates,"[10, 45, 100, 72, 46, 61, 7, 1529]",0.0001311907544732,solver final filtering and index remapping; caller metric conversion excluded,r5-v1,,excluded_precomputed,,True,,,fresh_retrieval,3.047008067369461e-05,1.56099519925192,0.0041984906420111,1.565355350729078,1.5682384120300412,measured_excluding_encoding,"[10, 45, 100, 72, 46, 61, 7, 1529]","[10, 45, 100, 72, 46, 61, 7, 1529]",Python/Pareto-DP-conv,3.11.15,,,<paper>/revision_campaign_20260914/default/airbnb_dpconv/default.csv
83,Pareto-DP,1,feasible,complete,1,1,returned,0,,94,1.0,1.0,1.0,0.0042528859339654,0.0062731746584177,6367,1,0,0,0,0,0,734.0,734.0,94,1,0.0022430978715419,0,734,4,0,0.0020202887244522,True,,,,,,,,,True,completed,all_reduced_candidates,"[412, 3, 311, 8]",2.2005755454301837e-05,solver final filtering and index remapping; caller metric conversion excluded,r5-v1,,excluded_precomputed,,True,,,fresh_retrieval,1.1338386684656143e-05,0.0038379225879907,0.0003816192038357,0.0042528859339654,0.0062731746584177,measured_excluding_encoding,"[412, 3, 311, 8]","[412, 3, 311, 8]",Python/Pareto-DP-conv,3.11.15,,,<paper>/revision_campaign_20260914/default/airbnb_dpconv/default.csv
84,Pareto-DP,1,feasible,complete,1,1,returned,0,,532,1.0,1.0,1.0,1.3900928269140422,1.3939144406467676,540193,1,0,0,0,0,0,2258.0,2258.0,532,1,0.0575966322794556,0,2258,6,1,0.0038216137327253,True,,,,,,,,,True,completed,all_reduced_candidates,"[379, 56, 99, 3, 537, 1184]",0.0001143929548561,solver final filtering and index remapping; caller metric conversion excluded,r5-v1,,excluded_precomputed,,True,,,fresh_retrieval,2.7196016162633896e-05,1.3862512637861073,0.0036999741569161,1.3900928269140422,1.3939144406467676,measured_excluding_encoding,"[379, 56, 99, 3, 537, 1184]","[379, 56, 99, 3, 537, 1184]",Python/Pareto-DP-conv,3.11.15,,,<paper>/revision_campaign_20260914/default/airbnb_dpconv/default.csv
85,Pareto-DP,1,feasible,complete,1,1,returned,0,,568,1.0,1.0,1.0,0.4345459942705929,0.4373199203982949,90504,1,0,0,0,0,0,1544.0,1544.0,568,1,0.0616105841472744,0,1544,7,1,0.0027739261277019,True,,,,,,,,,True,completed,all_reduced_candidates,"[132, 1231, 32, 10, 8, 37, 94]",0.0001419982872903,solver final filtering and index remapping; caller metric conversion excluded,r5-v1,,excluded_precomputed,,True,,,fresh_retrieval,2.6129186153411865e-05,0.430167849175632,0.0042100176215171,0.4345459942705929,0.4373199203982949,measured_excluding_encoding,"[132, 1231, 32, 10, 8, 37, 94]","[132, 1231, 32, 10, 8, 37, 94]",Python/Pareto-DP-conv,3.11.15,,,<paper>/revision_campaign_20260914/default/airbnb_dpconv/default.csv
86,Pareto-DP,1,feasible,complete,1,1,returned,0,,440,1.0,1.0,1.0,0.6343959290534258,0.6386235780082643,1196527,1,0,0,0,0,0,2755.0,2755.0,440,1,0.2383769168518483,0,2755,8,0,0.0042276489548385,True,,,,,,,,,True,completed,all_reduced_candidates,"[80, 100, 125, 201, 246, 1695, 233, 75]",9.769340977072716e-05,solver final filtering and index remapping; caller metric conversion excluded,r5-v1,,excluded_precomputed,,True,,,fresh_retrieval,3.325380384922028e-05,0.6323161800391972,0.0019488018006086,0.6343959290534258,0.6386235780082643,measured_excluding_encoding,"[80, 100, 125, 201, 246, 1695, 233, 75]","[80, 100, 125, 201, 246, 1695, 233, 75]",Python/Pareto-DP-conv,3.11.15,,,<paper>/revision_campaign_20260914/default/airbnb_dpconv/default.csv
87,Pareto-DP,1,feasible,complete,1,1,returned,0,,301,1.0,1.0,1.0,0.0966699202544987,0.0997145501896739,101456,1,0,0,0,0,0,1950.0,1950.0,301,1,0.0195139581337571,0,1950,5,1,0.0030446299351751,True,,,,,,,,,True,completed,all_reduced_candidates,"[74, 1357, 274, 106, 139]",6.765546277165413e-05,solver final filtering and index remapping; caller metric conversion excluded,r5-v1,,excluded_precomputed,,True,,,fresh_retrieval,2.883700653910637e-05,0.094876728951931,0.0016966988332569,0.0966699202544987,0.0997145501896739,measured_excluding_encoding,"[74, 1357, 274, 106, 139]","[74, 1357, 274, 106, 139]",Python/Pareto-DP-conv,3.11.15,,,<paper>/revision_campaign_20260914/default/airbnb_dpconv/default.csv
88,Pareto-DP,1,feasible,complete,1,1,returned,0,,283,1.0,1.0,1.0,0.0599389136768877,0.0625403146259486,74041,1,0,0,0,0,0,1472.0,1472.0,283,1,0.0196836409159004,0,1472,7,1,0.0026014009490609,True,,,,,,,,,True,completed,all_reduced_candidates,"[968, 153, 14, 42, 31, 241, 23]",5.662161856889725e-05,solver final filtering and index remapping; caller metric conversion excluded,r5-v1,,excluded_precomputed,,True,,,fresh_retrieval,1.9480939954519272e-05,0.0582975167781114,0.0015652943402528,0.0599389136768877,0.0625403146259486,measured_excluding_encoding,"[968, 153, 14, 42, 31, 241, 23]","[968, 153, 14, 42, 31, 241, 23]",Python/Pareto-DP-conv,3.11.15,,,<paper>/revision_campaign_20260914/default/airbnb_dpconv/default.csv
89,Pareto-DP,1,feasible,complete,1,1,returned,0,,106,1.0,1.0,1.0,0.0232499227859079,0.0258113858290016,50314,1,0,0,0,0,0,1451.0,1451.0,106,1,0.0042061479762196,0,1451,4,1,0.0025614630430936,True,,,,,,,,,True,completed,all_reduced_candidates,"[34, 83, 1062, 272]",2.7268659323453903e-05,solver final filtering and index remapping; caller metric conversion excluded,r5-v1,,excluded_precomputed,,True,,,fresh_retrieval,2.2981781512498856e-05,0.0227105980738997,0.0004890742711722,0.0232499227859079,0.0258113858290016,measured_excluding_encoding,"[34, 83, 1062, 272]","[34, 83, 1062, 272]",Python/Pareto-DP-conv,3.11.15,,,<paper>/revision_campaign_20260914/default/airbnb_dpconv/default.csv
90,Pareto-DP,1,feasible,complete,1,1,returned,0,,576,1.0,1.0,1.0,0.5012185471132398,0.5044591757468879,262876,1,0,0,0,0,0,2056.0,2056.0,576,1,0.0462974901311099,0,2056,8,1,0.0032406286336481,True,,,,,,,,,True,completed,all_reduced_candidates,"[21, 322, 507, 611, 141, 167, 91, 196]",8.603697642683983e-05,solver final filtering and index remapping; caller metric conversion excluded,r5-v1,,excluded_precomputed,,True,,,fresh_retrieval,2.397689968347549e-05,0.4982002098113298,0.0029083234257996,0.5012185471132398,0.5044591757468879,measured_excluding_encoding,"[21, 322, 507, 611, 141, 167, 91, 196]","[21, 322, 507, 611, 141, 167, 91, 196]",Python/Pareto-DP-conv,3.11.15,,,<paper>/revision_campaign_20260914/default/airbnb_dpconv/default.csv
91,Pareto-DP,1,feasible,complete,1,1,returned,0,,150,1.0,1.0,1.0,0.36294039292261,0.3661988782696426,447058,1,0,0,0,0,0,1962.0,1962.0,150,1,0.0477537750266492,0,1962,8,0,0.0032584853470325,True,,,,,,,,,True,completed,all_reduced_candidates,"[2, 366, 572, 380, 71, 292, 278, 1]",5.374895408749581e-05,solver final filtering and index remapping; caller metric conversion excluded,r5-v1,,excluded_precomputed,,True,,,fresh_retrieval,2.518296241760254e-05,0.3622359437867999,0.000625517219305,0.36294039292261,0.3661988782696426,measured_excluding_encoding,"[2, 366, 572, 380, 71, 292, 278, 1]","[2, 366, 572, 380, 71, 292, 278, 1]",Python/Pareto-DP-conv,3.11.15,,,<paper>/revision_campaign_20260914/default/airbnb_dpconv/default.csv
92,Pareto-DP,1,feasible,complete,1,1,returned,0,,829,1.0,0.9999999999999998,1.0,0.5929624373093247,0.5956842564046383,439716,1,0,0,0,0,0,1375.0,1375.0,829,1,0.0719067067839205,0,1375,6,1,0.0027218190953135,True,,,,,,,,,True,completed,all_reduced_candidates,"[94, 25, 204, 312, 131, 609]",0.0001270994544029,solver final filtering and index remapping; caller metric conversion excluded,r5-v1,,excluded_precomputed,,True,,,fresh_retrieval,1.6433652490377426e-05,0.5880570383742452,0.0047618658281862,0.5929624373093247,0.5956842564046383,measured_excluding_encoding,"[94, 25, 204, 312, 131, 609]","[94, 25, 204, 312, 131, 609]",Python/Pareto-DP-conv,3.11.15,,,<paper>/revision_campaign_20260914/default/airbnb_dpconv/default.csv
93,Pareto-DP,1,feasible,complete,1,1,returned,0,,653,1.0,1.0,1.0,1.5598468729294837,1.7357181031256914,1699873,1,0,0,0,0,0,2717.0,2717.0,653,1,0.0756486682221293,0,2717,8,1,0.1758712301962077,True,,,,,,,,,True,completed,all_reduced_candidates,"[73, 47, 52, 150, 18, 143, 487, 1747]",0.0001248219050467,solver final filtering and index remapping; caller metric conversion excluded,r5-v1,,excluded_precomputed,,True,,,fresh_retrieval,4.17269766330719e-05,1.5564274340867996,0.0032528899610042,1.5598468729294837,1.7357181031256914,measured_excluding_encoding,"[73, 47, 52, 150, 18, 143, 487, 1747]","[73, 47, 52, 150, 18, 143, 487, 1747]",Python/Pareto-DP-conv,3.11.15,,,<paper>/revision_campaign_20260914/default/airbnb_dpconv/default.csv
94,Pareto-DP,1,feasible,complete,1,1,returned,0,,206,1.0,1.0,1.0,0.4849652438424527,0.4914194229058921,298977,1,0,0,0,0,0,4965.0,4965.0,206,1,0.0157407238148152,0,4965,5,0,0.0064541790634393,True,,,,,,,,,True,completed,all_reduced_candidates,"[22, 206, 4591, 139, 7]",6.056809797883034e-05,solver final filtering and index remapping; caller metric conversion excluded,r5-v1,,excluded_precomputed,,True,,,fresh_retrieval,6.874371320009232e-05,0.4840006004087627,0.0008353316225111,0.4849652438424527,0.4914194229058921,measured_excluding_encoding,"[22, 206, 4591, 139, 7]","[22, 206, 4591, 139, 7]",Python/Pareto-DP-conv,3.11.15,,,<paper>/revision_campaign_20260914/default/airbnb_dpconv/default.csv
95,Pareto-DP,1,feasible,complete,1,1,returned,0,,68,1.0,1.0000000000000002,1.0,0.0039848759770393,0.006238121073693,4209,1,0,0,0,0,0,770.0,770.0,68,1,0.0019990969449281,0,770,3,1,0.0022532450966537,True,,,,,,,,,True,completed,all_reduced_candidates,"[654, 99, 17]",2.3159198462963104e-05,solver final filtering and index remapping; caller metric conversion excluded,r5-v1,,excluded_precomputed,,True,,,fresh_retrieval,1.2394972145557404e-05,0.0036151548847556,0.0003341669216752,0.0039848759770393,0.006238121073693,measured_excluding_encoding,"[654, 99, 17]","[654, 99, 17]",Python/Pareto-DP-conv,3.11.15,,,<paper>/revision_campaign_20260914/default/airbnb_dpconv/default.csv
96,Pareto-DP,1,feasible,complete,1,1,returned,0,,587,1.0,1.0000000000000004,1.0,1.0963213741779327,1.099253388121724,332777,1,0,0,0,0,0,1545.0,1545.0,587,1,0.0620670896023511,0,1545,7,1,0.0029320139437913,True,,,,,,,,,True,completed,all_reduced_candidates,"[13, 4, 497, 10, 183, 587, 251]",0.0001316173002123,solver final filtering and index remapping; caller metric conversion excluded,r5-v1,,excluded_precomputed,,True,,,fresh_retrieval,1.995870843529701e-05,1.0915836752392352,0.0045861229300498,1.0963213741779327,1.099253388121724,measured_excluding_encoding,"[13, 4, 497, 10, 183, 587, 251]","[13, 4, 497, 10, 183, 587, 251]",Python/Pareto-DP-conv,3.11.15,,,<paper>/revision_campaign_20260914/default/airbnb_dpconv/default.csv
97,Pareto-DP,1,feasible,complete,1,1,returned,0,,49,1.0,1.0,1.0,0.0057830736041069,0.0100437798537313,7012,1,0,0,0,0,0,3194.0,3194.0,49,1,0.0051111849024891,0,3194,4,1,0.0042607062496244,True,,,,,,,,,True,completed,all_reduced_candidates,"[3084, 94, 2, 14]",4.785275086760521e-05,solver final filtering and index remapping; caller metric conversion excluded,r5-v1,,excluded_precomputed,,True,,,fresh_retrieval,4.6094879508018494e-05,0.0054325619712471,0.000256564002484,0.0057830736041069,0.0100437798537313,measured_excluding_encoding,"[3084, 94, 2, 14]","[3084, 94, 2, 14]",Python/Pareto-DP-conv,3.11.15,,,<paper>/revision_campaign_20260914/default/airbnb_dpconv/default.csv
98,Pareto-DP,1,feasible,complete,1,1,returned,0,,115,1.0,1.0,1.0,0.0088869910687208,0.0109806251712143,28299,1,0,0,0,0,0,713.0,713.0,115,1,0.0031143031083047,0,713,4,1,0.0020936341024935,True,,,,,,,,,True,completed,all_reduced_candidates,"[36, 273, 125, 279]",2.4815090000629425e-05,solver final filtering and index remapping; caller metric conversion excluded,r5-v1,,excluded_precomputed,,True,,,fresh_retrieval,1.0275747627019882e-05,0.0082956021651625,0.0005562980659306,0.0088869910687208,0.0109806251712143,measured_excluding_encoding,"[36, 273, 125, 279]","[36, 273, 125, 279]",Python/Pareto-DP-conv,3.11.15,,,<paper>/revision_campaign_20260914/default/airbnb_dpconv/default.csv
99,Pareto-DP,1,feasible,complete,1,1,returned,0,,10,1.0,1.0,1.0,0.0004711709916591,0.0021696640178561,1659,1,0,0,0,0,0,371.0,371.0,10,1,0.000365737825632,0,371,3,1,0.0016984930261969,True,,,,,,,,,True,completed,all_reduced_candidates,"[53, 2, 316]",1.4180783182382584e-05,solver final filtering and index remapping; caller metric conversion excluded,r5-v1,,excluded_precomputed,,True,,,fresh_retrieval,7.539987564086914e-06,0.0003817440010607,6.770621985197067e-05,0.0004711709916591,0.0021696640178561,measured_excluding_encoding,"[53, 2, 316]","[53, 2, 316]",Python/Pareto-DP-conv,3.11.15,,,<paper>/revision_campaign_20260914/default/airbnb_dpconv/default.csv
