query_id,method,success,query_status,reference_status,metric_eligible,query_feasible,solver_status,invalid_assignments,n_expected_solves,size,recall,hv_ratio,recall_vs_union,time_s,end_to_end_s,evals,solves,timed_out,hit_time_budget,n_nonoptimal,n_infeasible,unreliable,n_before,n_after,ref_size,ref_is_exact,ref_time_s,union_outside_exact,n_candidates,n_slots,within_budget,retrieval_s,exhausted,n_action_evals,n_rollout_evals,n_bound_evals,n_frontier_comparisons,n_frontier_gains,iterations,expansion_budget,candidate_limit,completed,termination_reason,completion_scope,candidates_searched_by_requirement,unattributed_method_s,output_boundary,timing_schema,encoding_s,encoding_status,retrieval_historical_s,retrieval_measured,cache_path,cache_sha256,retrieval_source,reduction_s,search_s,output_s,method_wall_s,total_s,total_status,candidates_before_by_requirement,candidates_after_by_requirement,solver_backend,solver_version,highs_version,highs_threads_configured,source_file,supported_frac
0,PACS,1,feasible,complete,1,1,returned,0,,51,1.0,1.0,1.0,0.0010814829729497,0.2550051999278366,267.0,1,0,0.0,0.0,0.0,0.0,42.0,20.0,51,1.0,0.0009439601562917,0.0,42.0,5.0,1.0,0.2539237169548869,True,,,,,,,,,True,completed,all_reduced_candidates,"[9, 4, 2, 2, 3]",2.6308931410312653e-05,solver final filtering and index remapping; caller metric conversion excluded,r5-v1,,excluded_precomputed,,True,,,fresh_retrieval,5.742907524108887e-05,0.0007177889347076,0.0002799560315907,0.0010814829729497,0.2550051999278366,measured_excluding_encoding,"[15, 5, 5, 11, 6]","[9, 4, 2, 2, 3]",Python/PACS+,3.11.15,,,<paper>/revision_campaign_20260914/default/amazon/default.csv,
0,PACS_dC,1,feasible,complete,1,1,returned,0,,3,0.0196078431372549,0.0739752047521998,0.0196078431372549,0.0001997323706746,0.2541234493255615,54.0,1,0,0.0,0.0,0.0,0.0,,,51,1.0,0.0009439601562917,0.0,42.0,5.0,1.0,0.2539237169548869,False,,,,,,,,,True,completed,beam_search,"[9, 4, 2, 2, 3]",1.5871599316596985e-05,solver final filtering and index remapping; caller metric conversion excluded,r5-v1,,excluded_precomputed,,True,,,fresh_retrieval,2.988101914525032e-05,0.0001381817273795,1.5798024833202362e-05,0.0001997323706746,0.2541234493255615,measured_excluding_encoding,"[15, 5, 5, 11, 6]","[9, 4, 2, 2, 3]",Python/PACS_dC,3.11.15,,,<paper>/revision_campaign_20260914/default/amazon/default.csv,
0,PBS-unbounded,1,feasible,complete,1,1,returned,0,,51,1.0,1.0,1.0,0.0008624792098999,0.2547861961647868,267.0,1,0,0.0,0.0,0.0,0.0,42.0,20.0,51,1.0,0.0009439601562917,0.0,42.0,5.0,1.0,0.2539237169548869,True,,,,,,,,,True,completed,all_reduced_candidates,"[9, 4, 2, 2, 3]",1.6168225556612015e-05,solver final filtering and index remapping; caller metric conversion excluded,r5-v1,,excluded_precomputed,,True,,,fresh_retrieval,3.616185858845711e-05,0.0005740569904446,0.0002360921353101,0.0008624792098999,0.2547861961647868,measured_excluding_encoding,"[15, 5, 5, 11, 6]","[9, 4, 2, 2, 3]",Python/PBS-unbounded,3.11.15,,,<paper>/revision_campaign_20260914/default/amazon/default.csv,
0,PTS,1,feasible,complete,1,1,returned,0,,51,1.0,1.0,1.0,0.0040028290823102,0.2579265460371971,1001.0,1,0,0.0,0.0,0.0,0.0,42.0,20.0,51,1.0,0.0009439601562917,0.0,42.0,5.0,1.0,0.2539237169548869,True,,,,,,,500.0,,True,completed,fixed_candidate_tree,"[9, 4, 2, 2, 3]",3.506289795041084e-05,solver final filtering and index remapping; caller metric conversion excluded,r5-v1,,excluded_precomputed,,True,,,fresh_retrieval,2.8631184250116348e-05,0.0037497258745133,0.0001894091255962,0.0040028290823102,0.2579265460371971,measured_excluding_encoding,"[15, 5, 5, 11, 6]","[9, 4, 2, 2, 3]",Python/DFS,3.11.15,,,<paper>/revision_campaign_20260914/default/amazon/default.csv,
0,eps-ILP g=2,1,feasible,complete,1,1,returned,0,5.0,3,0.0588235294117647,0.5012473424917954,0.0588235294117647,0.0292070056311786,0.2831307225860655,210.0,5,0,0.0,0.0,1.0,0.0,,,51,1.0,0.0009439601562917,0.0,42.0,5.0,1.0,0.2539237169548869,,,,,,,,,,True,grid_complete,configured_grid,,1.6524456441402435e-05,solver final filtering and index remapping; caller metric conversion excluded,r5-v1,,excluded_precomputed,,True,,,fresh_retrieval,0.0,0.0291576609015464,3.282027319073677e-05,0.0292070056311786,0.2831307225860655,measured_excluding_encoding,"[15, 5, 5, 11, 6]","[15, 5, 5, 11, 6]",scipy.optimize.milp/HiGHS,1.17.1,1.12.0,1.0,<paper>/revision_campaign_20260914/default/amazon/default.csv,
0,eps-ILP g=4,1,feasible,complete,1,1,returned,0,17.0,8,0.1568627450980392,0.7818815820674645,0.1568627450980392,0.0940984790213406,0.3480221959762275,714.0,17,0,0.0,0.0,1.0,0.0,,,51,1.0,0.0009439601562917,0.0,42.0,5.0,1.0,0.2539237169548869,,,,,,,,,,True,grid_complete,configured_grid,,2.4134758859872815e-05,solver final filtering and index remapping; caller metric conversion excluded,r5-v1,,excluded_precomputed,,True,,,fresh_retrieval,0.0,0.0940039712004363,7.03730620443821e-05,0.0940984790213406,0.3480221959762275,measured_excluding_encoding,"[15, 5, 5, 11, 6]","[15, 5, 5, 11, 6]",scipy.optimize.milp/HiGHS,1.17.1,1.12.0,1.0,<paper>/revision_campaign_20260914/default/amazon/default.csv,
0,eps-ILP g=8,1,feasible,complete,1,1,returned,0,65.0,16,0.3137254901960784,0.94883036115339,0.3137254901960784,0.3824712177738547,0.6363949347287416,2730.0,65,0,0.0,0.0,2.0,0.0,,,51,1.0,0.0009439601562917,0.0,42.0,5.0,1.0,0.2539237169548869,,,,,,,,,,True,grid_complete,configured_grid,,2.156198024749756e-05,solver final filtering and index remapping; caller metric conversion excluded,r5-v1,,excluded_precomputed,,True,,,fresh_retrieval,0.0,0.3819091231562197,0.0005405326373875,0.3824712177738547,0.6363949347287416,measured_excluding_encoding,"[15, 5, 5, 11, 6]","[15, 5, 5, 11, 6]",scipy.optimize.milp/HiGHS,1.17.1,1.12.0,1.0,<paper>/revision_campaign_20260914/default/amazon/default.csv,
0,eps-ILP g=16,1,feasible,complete,1,1,returned,0,257.0,31,0.6078431372549019,0.993278759904243,0.6078431372549019,1.620329207740724,1.874252924695611,10794.0,257,0,0.0,0.0,5.0,0.0,,,51,1.0,0.0009439601562917,0.0,42.0,5.0,1.0,0.2539237169548869,,,,,,,,,,True,grid_complete,configured_grid,,8.81715677678585e-05,solver final filtering and index remapping; caller metric conversion excluded,r5-v1,,excluded_precomputed,,True,,,fresh_retrieval,0.0,1.6129329800605774,0.0073080561123788,1.620329207740724,1.874252924695611,measured_excluding_encoding,"[15, 5, 5, 11, 6]","[15, 5, 5, 11, 6]",scipy.optimize.milp/HiGHS,1.17.1,1.12.0,1.0,<paper>/revision_campaign_20260914/default/amazon/default.csv,
0,PBF,1,feasible,complete,1,1,returned,0,,51,1.0,1.0,1.0,0.0250536166131496,0.2789773335680365,123750.0,1,0,0.0,0.0,0.0,0.0,,,51,1.0,0.0009439601562917,0.0,42.0,5.0,1.0,0.2539237169548869,True,,,,,,,,,True,complete,full_input,,0.0250536166131496,solver final filtering and index remapping; caller metric conversion excluded,r5-v1,,excluded_precomputed,,True,,,fresh_retrieval,,,,0.0250536166131496,0.2789773335680365,measured_excluding_encoding,"[15, 5, 5, 11, 6]",,Python/PBF,3.11.15,,,<paper>/revision_campaign_20260914/default/amazon/default.csv,
1,PACS,1,feasible,complete,1,1,returned,0,,24,0.0695652173913043,0.6943090720067646,0.0693641618497109,0.0098540750332176,0.0132386041805148,2886.0,1,0,0.0,0.0,0.0,0.0,638.0,49.0,345,1.0,0.0208010668866336,0.0,638.0,7.0,1.0,0.0033845291472971,False,,,,,,,,,True,completed,beam_search,"[2, 13, 5, 6, 6, 7, 10]",6.481213495135307e-05,solver final filtering and index remapping; caller metric conversion excluded,r5-v1,,excluded_precomputed,,True,,,fresh_retrieval,0.0004582330584526,0.0090079768560826,0.000323052983731,0.0098540750332176,0.0132386041805148,measured_excluding_encoding,"[2, 80, 12, 12, 44, 73, 415]","[2, 13, 5, 6, 6, 7, 10]",Python/PACS+,3.11.15,,,<paper>/revision_campaign_20260914/default/amazon/default.csv,
1,PACS_dC,1,feasible,complete,1,1,returned,0,,100,0.1014492753623188,0.6572439292960065,0.1040462427745664,0.0052466918714344,0.0086312210187315,1553.0,1,0,0.0,0.0,0.0,0.0,,,345,1.0,0.0208010668866336,0.0,638.0,7.0,1.0,0.0033845291472971,False,,,,,,,,,True,completed,beam_search,"[2, 13, 5, 6, 6, 7, 10]",4.63300384581089e-05,solver final filtering and index remapping; caller metric conversion excluded,r5-v1,,excluded_precomputed,,True,,,fresh_retrieval,0.0004079649224877,0.0044399662874639,0.0003524306230247,0.0052466918714344,0.0086312210187315,measured_excluding_encoding,"[2, 80, 12, 12, 44, 73, 415]","[2, 13, 5, 6, 6, 7, 10]",Python/PACS_dC,3.11.15,,,<paper>/revision_campaign_20260914/default/amazon/default.csv,
1,PBS-unbounded,1,feasible,complete,1,1,returned,0,,345,1.0,1.0,0.9971098265895952,0.0213433383032679,0.0247278674505651,6074.0,1,0,0.0,0.0,0.0,0.0,638.0,49.0,345,1.0,0.0208010668866336,0.0,638.0,7.0,1.0,0.0033845291472971,True,,,,,,,,,True,completed,all_reduced_candidates,"[2, 13, 5, 6, 6, 7, 10]",0.0001542991958558,solver final filtering and index remapping; caller metric conversion excluded,r5-v1,,excluded_precomputed,,True,,,fresh_retrieval,0.000401163008064,0.0188699034042656,0.0019179726950824,0.0213433383032679,0.0247278674505651,measured_excluding_encoding,"[2, 80, 12, 12, 44, 73, 415]","[2, 13, 5, 6, 6, 7, 10]",Python/PBS-unbounded,3.11.15,,,<paper>/revision_campaign_20260914/default/amazon/default.csv,
1,PTS,1,feasible,complete,1,1,returned,0,,125,0.0318840579710144,0.5141192238120781,0.0317919075144508,0.0118294139392673,0.0152139430865645,3566.0,1,0,0.0,0.0,0.0,0.0,638.0,49.0,345,1.0,0.0208010668866336,0.0,638.0,7.0,1.0,0.0033845291472971,False,,,,,,,500.0,,False,iteration_limit,fixed_candidate_tree,"[2, 13, 5, 6, 6, 7, 10]",4.994263872504234e-05,solver final filtering and index remapping; caller metric conversion excluded,r5-v1,,excluded_precomputed,,True,,,fresh_retrieval,0.0003862711600959,0.0109375258907675,0.0004556742496788,0.0118294139392673,0.0152139430865645,measured_excluding_encoding,"[2, 80, 12, 12, 44, 73, 415]","[2, 13, 5, 6, 6, 7, 10]",Python/DFS,3.11.15,,,<paper>/revision_campaign_20260914/default/amazon/default.csv,
1,eps-ILP g=2,1,feasible,complete,1,1,returned,0,5.0,3,0.008695652173913,0.258060331722316,0.0086705202312138,0.0914245569147169,0.0948090860620141,3190.0,5,0,0.0,0.0,1.0,0.0,,,345,1.0,0.0208010668866336,0.0,638.0,7.0,1.0,0.0033845291472971,,,,,,,,,,True,grid_complete,configured_grid,,1.4866236597299576e-05,solver final filtering and index remapping; caller metric conversion excluded,r5-v1,,excluded_precomputed,,True,,,fresh_retrieval,0.0,0.0913899606093764,1.9730068743228912e-05,0.0914245569147169,0.0948090860620141,measured_excluding_encoding,"[2, 80, 12, 12, 44, 73, 415]","[2, 80, 12, 12, 44, 73, 415]",scipy.optimize.milp/HiGHS,1.17.1,1.12.0,1.0,<paper>/revision_campaign_20260914/default/amazon/default.csv,
1,eps-ILP g=4,1,feasible,complete,1,1,returned,0,17.0,7,0.0202898550724637,0.4783470375250549,0.0202312138728323,0.3166670398786664,0.3200515690259635,10846.0,17,0,0.0,0.0,1.0,0.0,,,345,1.0,0.0208010668866336,0.0,638.0,7.0,1.0,0.0033845291472971,,,,,,,,,,True,grid_complete,configured_grid,,2.9251910746097565e-05,solver final filtering and index remapping; caller metric conversion excluded,r5-v1,,excluded_precomputed,,True,,,fresh_retrieval,0.0,0.3165710330940783,6.675487384200096e-05,0.3166670398786664,0.3200515690259635,measured_excluding_encoding,"[2, 80, 12, 12, 44, 73, 415]","[2, 80, 12, 12, 44, 73, 415]",scipy.optimize.milp/HiGHS,1.17.1,1.12.0,1.0,<paper>/revision_campaign_20260914/default/amazon/default.csv,
1,eps-ILP g=8,1,feasible,complete,1,1,returned,0,65.0,25,0.072463768115942,0.8350373425554418,0.0722543352601156,1.245643432252109,1.2490279613994062,41470.0,65,0,0.0,0.0,2.0,0.0,,,345,1.0,0.0208010668866336,0.0,638.0,7.0,1.0,0.0033845291472971,,,,,,,,,,True,grid_complete,configured_grid,,2.380227670073509e-05,solver final filtering and index remapping; caller metric conversion excluded,r5-v1,,excluded_precomputed,,True,,,fresh_retrieval,0.0,1.245091796386987,0.0005278335884213,1.245643432252109,1.2490279613994062,measured_excluding_encoding,"[2, 80, 12, 12, 44, 73, 415]","[2, 80, 12, 12, 44, 73, 415]",scipy.optimize.milp/HiGHS,1.17.1,1.12.0,1.0,<paper>/revision_campaign_20260914/default/amazon/default.csv,
1,eps-ILP g=16,1,feasible,complete,1,1,returned,0,257.0,68,0.1971014492753623,0.9466364146781304,0.1965317919075144,5.112274834886193,5.11565936403349,163966.0,257,0,0.0,0.0,5.0,0.0,,,345,1.0,0.0208010668866336,0.0,638.0,7.0,1.0,0.0033845291472971,,,,,,,,,,True,grid_complete,configured_grid,,4.61675226688385e-05,solver final filtering and index remapping; caller metric conversion excluded,r5-v1,,excluded_precomputed,,True,,,fresh_retrieval,0.0,5.105021100025624,0.0072075673379004,5.112274834886193,5.11565936403349,measured_excluding_encoding,"[2, 80, 12, 12, 44, 73, 415]","[2, 80, 12, 12, 44, 73, 415]",scipy.optimize.milp/HiGHS,1.17.1,1.12.0,1.0,<paper>/revision_campaign_20260914/default/amazon/default.csv,
1,PBF,0,feasible,complete,1,1,work_limit,0,,0,0.0,0.0,0.0,3.4980010241270065e-05,0.0034195091575384,0.0,1,0,0.0,0.0,0.0,0.0,,,345,1.0,0.0208010668866336,0.0,638.0,7.0,1.0,0.0033845291472971,False,,,,,,,,,False,combination_limit,full_input,,3.4980010241270065e-05,solver final filtering and index remapping; caller metric conversion excluded,r5-v1,,excluded_precomputed,,True,,,fresh_retrieval,,,,3.4980010241270065e-05,0.0034195091575384,measured_excluding_encoding,"[2, 80, 12, 12, 44, 73, 415]",,Python/PBF,3.11.15,,,<paper>/revision_campaign_20260914/default/amazon/default.csv,
2,PACS,1,feasible,complete,1,1,returned,0,,94,1.0,1.0,1.0,0.0029819919727742,0.0043742107227444,1454.0,1,0,0.0,0.0,0.0,0.0,414.0,44.0,94,1.0,0.0085412790067493,0.0,414.0,6.0,1.0,0.0013922187499701,True,,,,,,,,,True,completed,all_reduced_candidates,"[13, 2, 9, 4, 9, 7]",2.269260585308075e-05,solver final filtering and index remapping; caller metric conversion excluded,r5-v1,,excluded_precomputed,,True,,,fresh_retrieval,0.0002507190220057,0.0023597772233188,0.0003488031215965,0.0029819919727742,0.0043742107227444,measured_excluding_encoding,"[210, 108, 24, 4, 52, 16]","[13, 2, 9, 4, 9, 7]",Python/PACS+,3.11.15,,,<paper>/revision_campaign_20260914/default/amazon/default.csv,
2,PACS_dC,1,feasible,complete,1,1,returned,0,,2,0.0,0.0395274821040569,0.0,0.0004823482595384,0.0018745670095086,194.0,1,0,0.0,0.0,0.0,0.0,,,94,1.0,0.0085412790067493,0.0,414.0,6.0,1.0,0.0013922187499701,False,,,,,,,,,True,completed,beam_search,"[13, 2, 9, 4, 9, 7]",1.1263415217399595e-05,solver final filtering and index remapping; caller metric conversion excluded,r5-v1,,excluded_precomputed,,True,,,fresh_retrieval,0.0002230680547654,0.0002354946918785,1.2522097676992416e-05,0.0004823482595384,0.0018745670095086,measured_excluding_encoding,"[210, 108, 24, 4, 52, 16]","[13, 2, 9, 4, 9, 7]",Python/PACS_dC,3.11.15,,,<paper>/revision_campaign_20260914/default/amazon/default.csv,
2,PBS-unbounded,1,feasible,complete,1,1,returned,0,,94,1.0,1.0,1.0,0.003043727017939,0.0044359457679092,1454.0,1,0,0.0,0.0,0.0,0.0,414.0,44.0,94,1.0,0.0085412790067493,0.0,414.0,6.0,1.0,0.0013922187499701,True,,,,,,,,,True,completed,all_reduced_candidates,"[13, 2, 9, 4, 9, 7]",2.8269831091165543e-05,solver final filtering and index remapping; caller metric conversion excluded,r5-v1,,excluded_precomputed,,True,,,fresh_retrieval,0.0002782340161502,0.0023870263248682,0.0003501968458294,0.003043727017939,0.0044359457679092,measured_excluding_encoding,"[210, 108, 24, 4, 52, 16]","[13, 2, 9, 4, 9, 7]",Python/PBS-unbounded,3.11.15,,,<paper>/revision_campaign_20260914/default/amazon/default.csv,
2,PTS,1,feasible,complete,1,1,returned,0,,94,1.0,1.0,1.0,0.0085875922814011,0.0099798110313713,4697.0,1,0,0.0,0.0,0.0,0.0,414.0,44.0,94,1.0,0.0085412790067493,0.0,414.0,6.0,1.0,0.0013922187499701,True,,,,,,,500.0,,True,completed,fixed_candidate_tree,"[13, 2, 9, 4, 9, 7]",4.06200997531414e-05,solver final filtering and index remapping; caller metric conversion excluded,r5-v1,,excluded_precomputed,,True,,,fresh_retrieval,0.0002194340340793,0.0079798367805778,0.0003477013669908,0.0085875922814011,0.0099798110313713,measured_excluding_encoding,"[210, 108, 24, 4, 52, 16]","[13, 2, 9, 4, 9, 7]",Python/DFS,3.11.15,,,<paper>/revision_campaign_20260914/default/amazon/default.csv,
2,eps-ILP g=2,1,feasible,complete,1,1,returned,0,5.0,2,0.0212765957446808,0.0052482492367105,0.0212765957446808,0.061596643179655,0.0629888619296252,2070.0,5,0,0.0,0.0,2.0,0.0,,,94,1.0,0.0085412790067493,0.0,414.0,6.0,1.0,0.0013922187499701,,,,,,,,,,True,grid_complete,configured_grid,,1.4229211956262589e-05,solver final filtering and index remapping; caller metric conversion excluded,r5-v1,,excluded_precomputed,,True,,,fresh_retrieval,0.0,0.0615641926415264,1.822132617235184e-05,0.061596643179655,0.0629888619296252,measured_excluding_encoding,"[210, 108, 24, 4, 52, 16]","[210, 108, 24, 4, 52, 16]",scipy.optimize.milp/HiGHS,1.17.1,1.12.0,1.0,<paper>/revision_campaign_20260914/default/amazon/default.csv,
2,eps-ILP g=4,1,feasible,complete,1,1,returned,0,17.0,4,0.0425531914893617,0.4418046642413907,0.0425531914893617,0.2355497349053621,0.2369419536553323,7038.0,17,0,0.0,0.0,5.0,0.0,,,94,1.0,0.0085412790067493,0.0,414.0,6.0,1.0,0.0013922187499701,,,,,,,,,,True,grid_complete,configured_grid,,1.6739126294851303e-05,solver final filtering and index remapping; caller metric conversion excluded,r5-v1,,excluded_precomputed,,True,,,fresh_retrieval,0.0,0.2354855109006166,4.7484878450632095e-05,0.2355497349053621,0.2369419536553323,measured_excluding_encoding,"[210, 108, 24, 4, 52, 16]","[210, 108, 24, 4, 52, 16]",scipy.optimize.milp/HiGHS,1.17.1,1.12.0,1.0,<paper>/revision_campaign_20260914/default/amazon/default.csv,
2,eps-ILP g=8,1,feasible,complete,1,1,returned,0,65.0,17,0.1808510638297872,0.8997228613112194,0.1808510638297872,0.9118598741479218,0.913252092897892,26910.0,65,0,0.0,0.0,11.0,0.0,,,94,1.0,0.0085412790067493,0.0,414.0,6.0,1.0,0.0013922187499701,,,,,,,,,,True,grid_complete,configured_grid,,2.051936462521553e-05,solver final filtering and index remapping; caller metric conversion excluded,r5-v1,,excluded_precomputed,,True,,,fresh_retrieval,0.0,0.9114291998557746,0.0004101549275219,0.9118598741479218,0.913252092897892,measured_excluding_encoding,"[210, 108, 24, 4, 52, 16]","[210, 108, 24, 4, 52, 16]",scipy.optimize.milp/HiGHS,1.17.1,1.12.0,1.0,<paper>/revision_campaign_20260914/default/amazon/default.csv,
2,eps-ILP g=16,1,feasible,complete,1,1,returned,0,257.0,32,0.3404255319148936,0.9772955850479396,0.3404255319148936,3.571371714118868,3.5727639328688383,106398.0,257,0,0.0,0.0,38.0,0.0,,,94,1.0,0.0085412790067493,0.0,414.0,6.0,1.0,0.0013922187499701,,,,,,,,,,True,grid_complete,configured_grid,,3.8263387978076935e-05,solver final filtering and index remapping; caller metric conversion excluded,r5-v1,,excluded_precomputed,,True,,,fresh_retrieval,0.0,3.5658796187490225,0.0054538319818675,3.571371714118868,3.5727639328688383,measured_excluding_encoding,"[210, 108, 24, 4, 52, 16]","[210, 108, 24, 4, 52, 16]",scipy.optimize.milp/HiGHS,1.17.1,1.12.0,1.0,<paper>/revision_campaign_20260914/default/amazon/default.csv,
2,PBF,0,feasible,complete,1,1,work_limit,0,,0,0.0,0.0,0.0,2.4870969355106357e-05,0.0014170897193253,0.0,1,0,0.0,0.0,0.0,0.0,,,94,1.0,0.0085412790067493,0.0,414.0,6.0,1.0,0.0013922187499701,False,,,,,,,,,False,combination_limit,full_input,,2.4870969355106357e-05,solver final filtering and index remapping; caller metric conversion excluded,r5-v1,,excluded_precomputed,,True,,,fresh_retrieval,,,,2.4870969355106357e-05,0.0014170897193253,measured_excluding_encoding,"[210, 108, 24, 4, 52, 16]",,Python/PBF,3.11.15,,,<paper>/revision_campaign_20260914/default/amazon/default.csv,
3,PACS,1,feasible,complete,1,1,returned,0,,26,1.0,1.0,1.0,0.0007177558727562,0.0016680946573615,270.0,1,0,0.0,0.0,0.0,0.0,70.0,27.0,26,1.0,0.0004333914257586,0.0,70.0,3.0,1.0,0.0009503387846052,True,,,,,,,,,True,completed,all_reduced_candidates,"[9, 9, 9]",2.0878855139017105e-05,solver final filtering and index remapping; caller metric conversion excluded,r5-v1,,excluded_precomputed,,True,,,fresh_retrieval,8.331192657351494e-05,0.0004463060759007,0.0001672590151429,0.0007177558727562,0.0016680946573615,measured_excluding_encoding,"[14, 40, 16]","[9, 9, 9]",Python/PACS+,3.11.15,,,<paper>/revision_campaign_20260914/default/amazon/default.csv,
3,PACS_dC,1,feasible,complete,1,1,returned,0,,5,0.1923076923076923,0.3431743294142649,0.1923076923076923,0.0003833309747278,0.0013336697593331,144.0,1,0,0.0,0.0,0.0,0.0,,,26,1.0,0.0004333914257586,0.0,70.0,3.0,1.0,0.0009503387846052,False,,,,,,,,,True,completed,beam_search,"[9, 9, 9]",1.547299325466156e-05,solver final filtering and index remapping; caller metric conversion excluded,r5-v1,,excluded_precomputed,,True,,,fresh_retrieval,6.613973528146744e-05,0.0002687750384211,3.2943207770586014e-05,0.0003833309747278,0.0013336697593331,measured_excluding_encoding,"[14, 40, 16]","[9, 9, 9]",Python/PACS_dC,3.11.15,,,<paper>/revision_campaign_20260914/default/amazon/default.csv,
3,PBS-unbounded,1,feasible,complete,1,1,returned,0,,26,1.0,1.0,1.0,0.0006788102909922,0.0016291490755975,270.0,1,0,0.0,0.0,0.0,0.0,70.0,27.0,26,1.0,0.0004333914257586,0.0,70.0,3.0,1.0,0.0009503387846052,True,,,,,,,,,True,completed,all_reduced_candidates,"[9, 9, 9]",2.01263464987278e-05,solver final filtering and index remapping; caller metric conversion excluded,r5-v1,,excluded_precomputed,,True,,,fresh_retrieval,6.81169331073761e-05,0.0004336419515311,0.0001569250598549,0.0006788102909922,0.0016291490755975,measured_excluding_encoding,"[14, 40, 16]","[9, 9, 9]",Python/PBS-unbounded,3.11.15,,,<paper>/revision_campaign_20260914/default/amazon/default.csv,
3,PTS,1,feasible,complete,1,1,returned,0,,26,1.0,1.0,1.0,0.0015356987714767,0.002486037556082,441.0,1,0,0.0,0.0,0.0,0.0,70.0,27.0,26,1.0,0.0004333914257586,0.0,70.0,3.0,1.0,0.0009503387846052,True,,,,,,,500.0,,True,completed,fixed_candidate_tree,"[9, 9, 9]",2.976786345243454e-05,solver final filtering and index remapping; caller metric conversion excluded,r5-v1,,excluded_precomputed,,True,,,fresh_retrieval,6.233202293515205e-05,0.0012915479019284,0.0001520509831607,0.0015356987714767,0.002486037556082,measured_excluding_encoding,"[14, 40, 16]","[9, 9, 9]",Python/DFS,3.11.15,,,<paper>/revision_campaign_20260914/default/amazon/default.csv,
3,eps-ILP g=2,1,feasible,complete,1,1,returned,0,5.0,2,0.0769230769230769,0.0408641043255044,0.0769230769230769,0.0408843462355434,0.0418346850201487,350.0,5,0,0.0,0.0,2.0,0.0,,,26,1.0,0.0004333914257586,0.0,70.0,3.0,1.0,0.0009503387846052,,,,,,,,,,True,grid_complete,configured_grid,,1.9077211618423465e-05,solver final filtering and index remapping; caller metric conversion excluded,r5-v1,,excluded_precomputed,,True,,,fresh_retrieval,0.0,0.0408395039848983,2.5765039026737213e-05,0.0408843462355434,0.0418346850201487,measured_excluding_encoding,"[14, 40, 16]","[14, 40, 16]",scipy.optimize.milp/HiGHS,1.17.1,1.12.0,1.0,<paper>/revision_campaign_20260914/default/amazon/default.csv,
3,eps-ILP g=4,1,feasible,complete,1,1,returned,0,17.0,8,0.3076923076923077,0.7255976525576914,0.3076923076923077,0.1454909676685929,0.1464413064531982,1190.0,17,0,0.0,0.0,4.0,0.0,,,26,1.0,0.0004333914257586,0.0,70.0,3.0,1.0,0.0009503387846052,,,,,,,,,,True,grid_complete,configured_grid,,2.1550338715314865e-05,solver final filtering and index remapping; caller metric conversion excluded,r5-v1,,excluded_precomputed,,True,,,fresh_retrieval,0.0,0.1453895643353462,7.985299453139305e-05,0.1454909676685929,0.1464413064531982,measured_excluding_encoding,"[14, 40, 16]","[14, 40, 16]",scipy.optimize.milp/HiGHS,1.17.1,1.12.0,1.0,<paper>/revision_campaign_20260914/default/amazon/default.csv,
3,eps-ILP g=8,1,feasible,complete,1,1,returned,0,65.0,13,0.5,0.9270759971245764,0.5,0.4276747903786599,0.4286251291632652,4550.0,65,0,0.0,0.0,10.0,0.0,,,26,1.0,0.0004333914257586,0.0,70.0,3.0,1.0,0.0009503387846052,,,,,,,,,,True,grid_complete,configured_grid,,1.9886530935764316e-05,solver final filtering and index remapping; caller metric conversion excluded,r5-v1,,excluded_precomputed,,True,,,fresh_retrieval,0.0,0.4272074801847338,0.0004474236629903,0.4276747903786599,0.4286251291632652,measured_excluding_encoding,"[14, 40, 16]","[14, 40, 16]",scipy.optimize.milp/HiGHS,1.17.1,1.12.0,1.0,<paper>/revision_campaign_20260914/default/amazon/default.csv,
3,eps-ILP g=16,1,feasible,complete,1,1,returned,0,257.0,16,0.6153846153846154,0.9703550627700162,0.6153846153846154,1.5233974088914692,1.5243477476760745,17990.0,257,0,0.0,0.0,33.0,0.0,,,26,1.0,0.0004333914257586,0.0,70.0,3.0,1.0,0.0009503387846052,,,,,,,,,,True,grid_complete,configured_grid,,3.543263301253319e-05,solver final filtering and index remapping; caller metric conversion excluded,r5-v1,,excluded_precomputed,,True,,,fresh_retrieval,0.0,1.5174958370625973,0.0058661391958594,1.5233974088914692,1.5243477476760745,measured_excluding_encoding,"[14, 40, 16]","[14, 40, 16]",scipy.optimize.milp/HiGHS,1.17.1,1.12.0,1.0,<paper>/revision_campaign_20260914/default/amazon/default.csv,
3,PBF,1,feasible,complete,1,1,returned,0,,26,1.0,1.0,1.0,0.0031291367486119,0.0040794755332171,26880.0,1,0,0.0,0.0,0.0,0.0,,,26,1.0,0.0004333914257586,0.0,70.0,3.0,1.0,0.0009503387846052,True,,,,,,,,,True,complete,full_input,,0.0031291367486119,solver final filtering and index remapping; caller metric conversion excluded,r5-v1,,excluded_precomputed,,True,,,fresh_retrieval,,,,0.0031291367486119,0.0040794755332171,measured_excluding_encoding,"[14, 40, 16]",,Python/PBF,3.11.15,,,<paper>/revision_campaign_20260914/default/amazon/default.csv,
4,PACS,1,feasible,complete,1,1,returned,0,,17,1.0,1.0,0.9444444444444444,0.0004173400811851,0.0012946617789566,179.0,1,0,0.0,0.0,0.0,0.0,105.0,23.0,17,1.0,0.0004490609280765,0.0,105.0,3.0,1.0,0.0008773216977715,True,,,,,,,,,True,completed,all_reduced_candidates,"[11, 6, 6]",1.2961681932210922e-05,solver final filtering and index remapping; caller metric conversion excluded,r5-v1,,excluded_precomputed,,True,,,fresh_retrieval,8.187629282474518e-05,0.0002432847395539,7.921736687421799e-05,0.0004173400811851,0.0012946617789566,measured_excluding_encoding,"[47, 35, 23]","[11, 6, 6]",Python/PACS+,3.11.15,,,<paper>/revision_campaign_20260914/default/amazon/default.csv,
4,PACS_dC,1,feasible,complete,1,1,returned,0,,2,0.0,0.0752699354046921,0.0555555555555555,0.0001649861223995,0.0010423078201711,65.0,1,0,0.0,0.0,0.0,0.0,,,17,1.0,0.0004490609280765,0.0,105.0,3.0,1.0,0.0008773216977715,False,,,,,,,,,True,completed,beam_search,"[11, 6, 6]",1.0561197996139526e-05,solver final filtering and index remapping; caller metric conversion excluded,r5-v1,,excluded_precomputed,,True,,,fresh_retrieval,5.526607856154442e-05,8.709076792001724e-05,1.206807792186737e-05,0.0001649861223995,0.0010423078201711,measured_excluding_encoding,"[47, 35, 23]","[11, 6, 6]",Python/PACS_dC,3.11.15,,,<paper>/revision_campaign_20260914/default/amazon/default.csv,
4,PBS-unbounded,1,feasible,complete,1,1,returned,0,,17,1.0,1.0,0.9444444444444444,0.0003709779120981,0.0012482996098697,179.0,1,0,0.0,0.0,0.0,0.0,105.0,23.0,17,1.0,0.0004490609280765,0.0,105.0,3.0,1.0,0.0008773216977715,True,,,,,,,,,True,completed,all_reduced_candidates,"[11, 6, 6]",1.3152137398719788e-05,solver final filtering and index remapping; caller metric conversion excluded,r5-v1,,excluded_precomputed,,True,,,fresh_retrieval,5.626678466796875e-05,0.000231476034969,7.008295506238937e-05,0.0003709779120981,0.0012482996098697,measured_excluding_encoding,"[47, 35, 23]","[11, 6, 6]",Python/PBS-unbounded,3.11.15,,,<paper>/revision_campaign_20260914/default/amazon/default.csv,
4,PTS,1,feasible,complete,1,1,returned,0,,17,1.0,1.0,0.9444444444444444,0.0008173170499503,0.0016946387477219,293.0,1,0,0.0,0.0,0.0,0.0,105.0,23.0,17,1.0,0.0004490609280765,0.0,105.0,3.0,1.0,0.0008773216977715,True,,,,,,,500.0,,True,completed,fixed_candidate_tree,"[11, 6, 6]",2.0754989236593246e-05,solver final filtering and index remapping; caller metric conversion excluded,r5-v1,,excluded_precomputed,,True,,,fresh_retrieval,5.461415275931358e-05,0.0006675086915493,7.443921640515327e-05,0.0008173170499503,0.0016946387477219,measured_excluding_encoding,"[47, 35, 23]","[11, 6, 6]",Python/DFS,3.11.15,,,<paper>/revision_campaign_20260914/default/amazon/default.csv,
4,eps-ILP g=2,1,feasible,complete,1,1,returned,0,5.0,2,0.1176470588235294,0.2472170672523889,0.1111111111111111,0.0253125978633761,0.0261899195611476,525.0,5,0,0.0,0.0,2.0,0.0,,,17,1.0,0.0004490609280765,0.0,105.0,3.0,1.0,0.0008773216977715,,,,,,,,,,True,grid_complete,configured_grid,,1.3867858797311785e-05,solver final filtering and index remapping; caller metric conversion excluded,r5-v1,,excluded_precomputed,,True,,,fresh_retrieval,0.0,0.0252818390727043,1.6890931874513626e-05,0.0253125978633761,0.0261899195611476,measured_excluding_encoding,"[47, 35, 23]","[47, 35, 23]",scipy.optimize.milp/HiGHS,1.17.1,1.12.0,1.0,<paper>/revision_campaign_20260914/default/amazon/default.csv,
4,eps-ILP g=4,1,feasible,complete,1,1,returned,0,17.0,4,0.2352941176470588,0.4239257209551182,0.2222222222222222,0.0976258828304708,0.0985032045282423,1785.0,17,0,0.0,0.0,4.0,0.0,,,17,1.0,0.0004490609280765,0.0,105.0,3.0,1.0,0.0008773216977715,,,,,,,,,,True,grid_complete,configured_grid,,1.5648547559976578e-05,solver final filtering and index remapping; caller metric conversion excluded,r5-v1,,excluded_precomputed,,True,,,fresh_retrieval,0.0,0.0975604709237814,4.9763359129428864e-05,0.0976258828304708,0.0985032045282423,measured_excluding_encoding,"[47, 35, 23]","[47, 35, 23]",scipy.optimize.milp/HiGHS,1.17.1,1.12.0,1.0,<paper>/revision_campaign_20260914/default/amazon/default.csv,
4,eps-ILP g=8,1,feasible,complete,1,1,returned,0,65.0,4,0.2352941176470588,0.4254774651083459,0.2222222222222222,0.4064788422547281,0.4073561639524996,6825.0,65,0,0.0,0.0,8.0,0.0,,,17,1.0,0.0004490609280765,0.0,105.0,3.0,1.0,0.0008773216977715,,,,,,,,,,True,grid_complete,configured_grid,,2.4806242436170575e-05,solver final filtering and index remapping; caller metric conversion excluded,r5-v1,,excluded_precomputed,,True,,,fresh_retrieval,0.0,0.4060051012784242,0.0004489347338676,0.4064788422547281,0.4073561639524996,measured_excluding_encoding,"[47, 35, 23]","[47, 35, 23]",scipy.optimize.milp/HiGHS,1.17.1,1.12.0,1.0,<paper>/revision_campaign_20260914/default/amazon/default.csv,
4,eps-ILP g=16,1,feasible,complete,1,1,returned,0,257.0,10,0.5882352941176471,0.9029259860982932,0.5555555555555556,1.6608248515985906,1.6617021732963622,26985.0,257,0,0.0,0.0,18.0,0.0,,,17,1.0,0.0004490609280765,0.0,105.0,3.0,1.0,0.0008773216977715,,,,,,,,,,True,grid_complete,configured_grid,,3.783451393246651e-05,solver final filtering and index remapping; caller metric conversion excluded,r5-v1,,excluded_precomputed,,True,,,fresh_retrieval,0.0,1.654208369087428,0.0065786479972302,1.6608248515985906,1.6617021732963622,measured_excluding_encoding,"[47, 35, 23]","[47, 35, 23]",scipy.optimize.milp/HiGHS,1.17.1,1.12.0,1.0,<paper>/revision_campaign_20260914/default/amazon/default.csv,
4,PBF,1,feasible,complete,1,1,returned,0,,17,1.0,1.0,0.9444444444444444,0.0134853371419012,0.0143626588396728,113505.0,1,0,0.0,0.0,0.0,0.0,,,17,1.0,0.0004490609280765,0.0,105.0,3.0,1.0,0.0008773216977715,True,,,,,,,,,True,complete,full_input,,0.0134853371419012,solver final filtering and index remapping; caller metric conversion excluded,r5-v1,,excluded_precomputed,,True,,,fresh_retrieval,,,,0.0134853371419012,0.0143626588396728,measured_excluding_encoding,"[47, 35, 23]",,Python/PBF,3.11.15,,,<paper>/revision_campaign_20260914/default/amazon/default.csv,
5,PACS,1,feasible,complete,1,1,returned,0,,46,1.0,1.0,1.0,0.0019321958534419,0.0030054207891225,747.0,1,0,0.0,0.0,0.0,0.0,281.0,43.0,46,1.0,0.0018729143775999,0.0,281.0,5.0,1.0,0.0010732249356806,True,,,,,,,,,True,completed,all_reduced_candidates,"[6, 3, 17, 8, 9]",2.425955608487129e-05,solver final filtering and index remapping; caller metric conversion excluded,r5-v1,,excluded_precomputed,,True,,,fresh_retrieval,0.0003294833004474,0.001368851866573,0.0002096011303365,0.0019321958534419,0.0030054207891225,measured_excluding_encoding,"[51, 15, 125, 36, 54]","[6, 3, 17, 8, 9]",Python/PACS+,3.11.15,,,<paper>/revision_campaign_20260914/default/amazon/default.csv,
5,PACS_dC,1,feasible,complete,1,1,returned,0,,16,0.1739130434782608,0.6093206219826404,0.1739130434782608,0.0006072740070521,0.0016804989427328,249.0,1,0,0.0,0.0,0.0,0.0,,,46,1.0,0.0018729143775999,0.0,281.0,5.0,1.0,0.0010732249356806,False,,,,,,,,,True,completed,beam_search,"[6, 3, 17, 8, 9]",1.2585893273353577e-05,solver final filtering and index remapping; caller metric conversion excluded,r5-v1,,excluded_precomputed,,True,,,fresh_retrieval,0.0001597749069333,0.0003766678273677,5.824537947773933e-05,0.0006072740070521,0.0016804989427328,measured_excluding_encoding,"[51, 15, 125, 36, 54]","[6, 3, 17, 8, 9]",Python/PACS_dC,3.11.15,,,<paper>/revision_campaign_20260914/default/amazon/default.csv,
5,PBS-unbounded,1,feasible,complete,1,1,returned,0,,46,1.0,1.0,1.0,0.0018644579686224,0.002937682904303,747.0,1,0,0.0,0.0,0.0,0.0,281.0,43.0,46,1.0,0.0018729143775999,0.0,281.0,5.0,1.0,0.0010732249356806,True,,,,,,,,,True,completed,all_reduced_candidates,"[6, 3, 17, 8, 9]",3.134971484541893e-05,solver final filtering and index remapping; caller metric conversion excluded,r5-v1,,excluded_precomputed,,True,,,fresh_retrieval,0.0002129399217665,0.0014066169969737,0.0002135513350367,0.0018644579686224,0.002937682904303,measured_excluding_encoding,"[51, 15, 125, 36, 54]","[6, 3, 17, 8, 9]",Python/PBS-unbounded,3.11.15,,,<paper>/revision_campaign_20260914/default/amazon/default.csv,
5,PTS,1,feasible,complete,1,1,returned,0,,46,1.0,1.0,1.0,0.0041217203252017,0.0051949452608823,1786.0,1,0,0.0,0.0,0.0,0.0,281.0,43.0,46,1.0,0.0018729143775999,0.0,281.0,5.0,1.0,0.0010732249356806,True,,,,,,,500.0,,True,completed,fixed_candidate_tree,"[6, 3, 17, 8, 9]",3.1398143619298935e-05,solver final filtering and index remapping; caller metric conversion excluded,r5-v1,,excluded_precomputed,,True,,,fresh_retrieval,0.0001550698652863,0.0037482599727809,0.0001869923435151,0.0041217203252017,0.0051949452608823,measured_excluding_encoding,"[51, 15, 125, 36, 54]","[6, 3, 17, 8, 9]",Python/DFS,3.11.15,,,<paper>/revision_campaign_20260914/default/amazon/default.csv,
5,eps-ILP g=2,1,feasible,complete,1,1,returned,0,5.0,3,0.0652173913043478,0.1658335338963875,0.0652173913043478,0.0415529618039727,0.0426261867396533,1405.0,5,0,0.0,0.0,1.0,0.0,,,46,1.0,0.0018729143775999,0.0,281.0,5.0,1.0,0.0010732249356806,,,,,,,,,,True,grid_complete,configured_grid,,1.3791024684906006e-05,solver final filtering and index remapping; caller metric conversion excluded,r5-v1,,excluded_precomputed,,True,,,fresh_retrieval,0.0,0.0415191641077399,2.000667154788971e-05,0.0415529618039727,0.0426261867396533,measured_excluding_encoding,"[51, 15, 125, 36, 54]","[51, 15, 125, 36, 54]",scipy.optimize.milp/HiGHS,1.17.1,1.12.0,1.0,<paper>/revision_campaign_20260914/default/amazon/default.csv,
5,eps-ILP g=4,1,feasible,complete,1,1,returned,0,17.0,5,0.108695652173913,0.6588763326657779,0.108695652173913,0.1479719560593366,0.1490451809950173,4777.0,17,0,0.0,0.0,3.0,0.0,,,46,1.0,0.0018729143775999,0.0,281.0,5.0,1.0,0.0010732249356806,,,,,,,,,,True,grid_complete,configured_grid,,1.6028061509132385e-05,solver final filtering and index remapping; caller metric conversion excluded,r5-v1,,excluded_precomputed,,True,,,fresh_retrieval,0.0,0.1478980146348476,5.791336297988892e-05,0.1479719560593366,0.1490451809950173,measured_excluding_encoding,"[51, 15, 125, 36, 54]","[51, 15, 125, 36, 54]",scipy.optimize.milp/HiGHS,1.17.1,1.12.0,1.0,<paper>/revision_campaign_20260914/default/amazon/default.csv,
5,eps-ILP g=8,1,feasible,complete,1,1,returned,0,65.0,12,0.2608695652173913,0.9010359626755704,0.2608695652173913,0.6611576969735324,0.6622309219092131,18265.0,65,0,0.0,0.0,7.0,0.0,,,46,1.0,0.0018729143775999,0.0,281.0,5.0,1.0,0.0010732249356806,,,,,,,,,,True,grid_complete,configured_grid,,3.9449892938137054e-05,solver final filtering and index remapping; caller metric conversion excluded,r5-v1,,excluded_precomputed,,True,,,fresh_retrieval,0.0,0.6606400711461902,0.0004781759344041,0.6611576969735324,0.6622309219092131,measured_excluding_encoding,"[51, 15, 125, 36, 54]","[51, 15, 125, 36, 54]",scipy.optimize.milp/HiGHS,1.17.1,1.12.0,1.0,<paper>/revision_campaign_20260914/default/amazon/default.csv,
5,eps-ILP g=16,1,feasible,complete,1,1,returned,0,257.0,21,0.4565217391304347,0.9345902584206032,0.4565217391304347,2.654966949950904,2.6560401748865843,72217.0,257,0,0.0,0.0,20.0,0.0,,,46,1.0,0.0018729143775999,0.0,281.0,5.0,1.0,0.0010732249356806,,,,,,,,,,True,grid_complete,configured_grid,,5.9537123888731e-05,solver final filtering and index remapping; caller metric conversion excluded,r5-v1,,excluded_precomputed,,True,,,fresh_retrieval,0.0,2.6484269448556006,0.0064804679714143,2.654966949950904,2.6560401748865843,measured_excluding_encoding,"[51, 15, 125, 36, 54]","[51, 15, 125, 36, 54]",scipy.optimize.milp/HiGHS,1.17.1,1.12.0,1.0,<paper>/revision_campaign_20260914/default/amazon/default.csv,
5,PBF,1,feasible,complete,1,1,solver_timeout,0,,44,0.8695652173913043,0.9982787384895956,0.8695652173913043,30.27979727461934,30.28087049955502,465305600.0,1,1,0.0,0.0,0.0,1.0,,,46,1.0,0.0018729143775999,0.0,281.0,5.0,1.0,0.0010732249356806,False,,,,,,,,,False,timeout,full_input,,30.27979727461934,solver final filtering and index remapping; caller metric conversion excluded,r5-v1,,excluded_precomputed,,True,,,fresh_retrieval,,,,30.27979727461934,30.28087049955502,measured_excluding_encoding,"[51, 15, 125, 36, 54]",,Python/PBF,3.11.15,,,<paper>/revision_campaign_20260914/default/amazon/default.csv,
6,PACS,1,feasible,complete,1,1,returned,0,,12,1.0,1.0,1.0,0.0003652810119092,0.0011815489269793,76.0,1,0,0.0,0.0,0.0,0.0,19.0,13.0,12,1.0,0.0003533940762281,0.0,19.0,3.0,1.0,0.00081626791507,True,,,,,,,,,True,completed,all_reduced_candidates,"[4, 5, 4]",1.2404751032590866e-05,solver final filtering and index remapping; caller metric conversion excluded,r5-v1,,excluded_precomputed,,True,,,fresh_retrieval,2.5371089577674862e-05,0.0002005859278142,0.0001269192434847,0.0003652810119092,0.0011815489269793,measured_excluding_encoding,"[8, 7, 4]","[4, 5, 4]",Python/PACS+,3.11.15,,,<paper>/revision_campaign_20260914/default/amazon/default.csv,
6,PACS_dC,1,feasible,complete,1,1,returned,0,,10,0.75,0.9948641246515948,0.75,0.0001918179914355,0.0010080859065055,35.0,1,0,0.0,0.0,0.0,0.0,,,12,1.0,0.0003533940762281,0.0,19.0,3.0,1.0,0.00081626791507,False,,,,,,,,,True,completed,beam_search,"[4, 5, 4]",1.1560972779989244e-05,solver final filtering and index remapping; caller metric conversion excluded,r5-v1,,excluded_precomputed,,True,,,fresh_retrieval,1.7272774130105972e-05,0.0001264922320842,3.6492012441158295e-05,0.0001918179914355,0.0010080859065055,measured_excluding_encoding,"[8, 7, 4]","[4, 5, 4]",Python/PACS_dC,3.11.15,,,<paper>/revision_campaign_20260914/default/amazon/default.csv,
6,PBS-unbounded,1,feasible,complete,1,1,returned,0,,12,1.0,1.0,1.0,0.0003407057374715,0.0011569736525416,76.0,1,0,0.0,0.0,0.0,0.0,19.0,13.0,12,1.0,0.0003533940762281,0.0,19.0,3.0,1.0,0.00081626791507,True,,,,,,,,,True,completed,all_reduced_candidates,"[4, 5, 4]",1.5051104128360748e-05,solver final filtering and index remapping; caller metric conversion excluded,r5-v1,,excluded_precomputed,,True,,,fresh_retrieval,1.6788020730018616e-05,0.0001920228824019,0.0001168437302112,0.0003407057374715,0.0011569736525416,measured_excluding_encoding,"[8, 7, 4]","[4, 5, 4]",Python/PBS-unbounded,3.11.15,,,<paper>/revision_campaign_20260914/default/amazon/default.csv,
6,PTS,1,feasible,complete,1,1,returned,0,,12,1.0,1.0,1.0,0.0006156833842396,0.0014319512993097,124.0,1,0,0.0,0.0,0.0,0.0,19.0,13.0,12,1.0,0.0003533940762281,0.0,19.0,3.0,1.0,0.00081626791507,True,,,,,,,500.0,,True,completed,fixed_candidate_tree,"[4, 5, 4]",2.0885374397039413e-05,solver final filtering and index remapping; caller metric conversion excluded,r5-v1,,excluded_precomputed,,True,,,fresh_retrieval,1.4382880181074142e-05,0.0005271262489259,5.328888073563576e-05,0.0006156833842396,0.0014319512993097,measured_excluding_encoding,"[8, 7, 4]","[4, 5, 4]",Python/DFS,3.11.15,,,<paper>/revision_campaign_20260914/default/amazon/default.csv,
6,eps-ILP g=2,1,feasible,complete,1,1,returned,0,5.0,2,0.1666666666666666,0.0496005383496637,0.1666666666666666,0.0083053666166961,0.0091216345317661,95.0,5,0,0.0,0.0,0.0,0.0,,,12,1.0,0.0003533940762281,0.0,19.0,3.0,1.0,0.00081626791507,,,,,,,,,,True,grid_complete,configured_grid,,1.5210825949907305e-05,solver final filtering and index remapping; caller metric conversion excluded,r5-v1,,excluded_precomputed,,True,,,fresh_retrieval,0.0,0.0082697086036205,2.044718712568283e-05,0.0083053666166961,0.0091216345317661,measured_excluding_encoding,"[8, 7, 4]","[8, 7, 4]",scipy.optimize.milp/HiGHS,1.17.1,1.12.0,1.0,<paper>/revision_campaign_20260914/default/amazon/default.csv,
6,eps-ILP g=4,1,feasible,complete,1,1,returned,0,17.0,4,0.3333333333333333,0.6269941701937501,0.3333333333333333,0.0467401980422437,0.0475564659573137,323.0,17,0,0.0,0.0,0.0,0.0,,,12,1.0,0.0003533940762281,0.0,19.0,3.0,1.0,0.00081626791507,,,,,,,,,,True,grid_complete,configured_grid,,1.6579870134592056e-05,solver final filtering and index remapping; caller metric conversion excluded,r5-v1,,excluded_precomputed,,True,,,fresh_retrieval,0.0,0.0466526998206973,7.091835141181946e-05,0.0467401980422437,0.0475564659573137,measured_excluding_encoding,"[8, 7, 4]","[8, 7, 4]",scipy.optimize.milp/HiGHS,1.17.1,1.12.0,1.0,<paper>/revision_campaign_20260914/default/amazon/default.csv,
6,eps-ILP g=8,1,feasible,complete,1,1,returned,0,65.0,7,0.5833333333333334,0.8677895582741044,0.5833333333333334,0.254664615727961,0.2554808836430311,1235.0,65,0,0.0,0.0,0.0,0.0,,,12,1.0,0.0003533940762281,0.0,19.0,3.0,1.0,0.00081626791507,,,,,,,,,,True,grid_complete,configured_grid,,1.9283033907413483e-05,solver final filtering and index remapping; caller metric conversion excluded,r5-v1,,excluded_precomputed,,True,,,fresh_retrieval,0.0,0.2540178657509386,0.0006274669431149,0.254664615727961,0.2554808836430311,measured_excluding_encoding,"[8, 7, 4]","[8, 7, 4]",scipy.optimize.milp/HiGHS,1.17.1,1.12.0,1.0,<paper>/revision_campaign_20260914/default/amazon/default.csv,
6,eps-ILP g=16,1,feasible,complete,1,1,returned,0,257.0,10,0.8333333333333334,0.9992790411312816,0.8333333333333334,1.0230042580515146,1.023820525966585,4883.0,257,0,0.0,0.0,0.0,0.0,,,12,1.0,0.0003533940762281,0.0,19.0,3.0,1.0,0.00081626791507,,,,,,,,,,True,grid_complete,configured_grid,,3.301212564110756e-05,solver final filtering and index remapping; caller metric conversion excluded,r5-v1,,excluded_precomputed,,True,,,fresh_retrieval,0.0,1.0143542508594692,0.0086169950664043,1.0230042580515146,1.023820525966585,measured_excluding_encoding,"[8, 7, 4]","[8, 7, 4]",scipy.optimize.milp/HiGHS,1.17.1,1.12.0,1.0,<paper>/revision_campaign_20260914/default/amazon/default.csv,
6,PBF,1,feasible,complete,1,1,returned,0,,12,1.0,1.0,1.0,0.0006687599234282,0.0014850278384983,672.0,1,0,0.0,0.0,0.0,0.0,,,12,1.0,0.0003533940762281,0.0,19.0,3.0,1.0,0.00081626791507,True,,,,,,,,,True,complete,full_input,,0.0006687599234282,solver final filtering and index remapping; caller metric conversion excluded,r5-v1,,excluded_precomputed,,True,,,fresh_retrieval,,,,0.0006687599234282,0.0014850278384983,measured_excluding_encoding,"[8, 7, 4]",,Python/PBF,3.11.15,,,<paper>/revision_campaign_20260914/default/amazon/default.csv,
7,PACS,1,feasible,complete,1,1,returned,0,,33,1.0,1.0,1.0,0.0015279599465429,0.0025809961371123,464.0,1,0,0.0,0.0,0.0,0.0,110.0,26.0,33,1.0,0.0015299399383366,0.0,110.0,4.0,1.0,0.0010530361905694,True,,,,,,,,,True,completed,all_reduced_candidates,"[6, 5, 4, 11]",2.7422793209552765e-05,solver final filtering and index remapping; caller metric conversion excluded,r5-v1,,excluded_precomputed,,True,,,fresh_retrieval,8.697807788848877e-05,0.0011498909443616,0.0002636681310832,0.0015279599465429,0.0025809961371123,measured_excluding_encoding,"[18, 9, 10, 73]","[6, 5, 4, 11]",Python/PACS+,3.11.15,,,<paper>/revision_campaign_20260914/default/amazon/default.csv,
7,PACS_dC,1,feasible,complete,1,1,returned,0,,30,0.8787878787878788,0.9939160962185026,0.8787878787878788,0.0011345776729285,0.0021876138634979,341.0,1,0,0.0,0.0,0.0,0.0,,,33,1.0,0.0015299399383366,0.0,110.0,4.0,1.0,0.0010530361905694,False,,,,,,,,,True,completed,beam_search,"[6, 5, 4, 11]",2.048257738351822e-05,solver final filtering and index remapping; caller metric conversion excluded,r5-v1,,excluded_precomputed,,True,,,fresh_retrieval,6.671110168099403e-05,0.0009390409104526,0.0001083430834114,0.0011345776729285,0.0021876138634979,measured_excluding_encoding,"[18, 9, 10, 73]","[6, 5, 4, 11]",Python/PACS_dC,3.11.15,,,<paper>/revision_campaign_20260914/default/amazon/default.csv,
7,PBS-unbounded,1,feasible,complete,1,1,returned,0,,33,1.0,1.0,1.0,0.0015219189226627,0.0025749551132321,464.0,1,0,0.0,0.0,0.0,0.0,110.0,26.0,33,1.0,0.0015299399383366,0.0,110.0,4.0,1.0,0.0010530361905694,True,,,,,,,,,True,completed,all_reduced_candidates,"[6, 5, 4, 11]",2.736318856477737e-05,solver final filtering and index remapping; caller metric conversion excluded,r5-v1,,excluded_precomputed,,True,,,fresh_retrieval,6.73108734190464e-05,0.001160898245871,0.0002663466148078,0.0015219189226627,0.0025749551132321,measured_excluding_encoding,"[18, 9, 10, 73]","[6, 5, 4, 11]",Python/PBS-unbounded,3.11.15,,,<paper>/revision_campaign_20260914/default/amazon/default.csv,
7,PTS,1,feasible,complete,1,1,returned,0,,33,1.0,1.0,1.0,0.0030838660895824,0.0041369022801518,1259.0,1,0,0.0,0.0,0.0,0.0,110.0,26.0,33,1.0,0.0015299399383366,0.0,110.0,4.0,1.0,0.0010530361905694,True,,,,,,,500.0,,True,completed,fixed_candidate_tree,"[6, 5, 4, 11]",3.025634214282036e-05,solver final filtering and index remapping; caller metric conversion excluded,r5-v1,,excluded_precomputed,,True,,,fresh_retrieval,6.551900878548622e-05,0.0028603025712072,0.0001277881674468,0.0030838660895824,0.0041369022801518,measured_excluding_encoding,"[18, 9, 10, 73]","[6, 5, 4, 11]",Python/DFS,3.11.15,,,<paper>/revision_campaign_20260914/default/amazon/default.csv,
7,eps-ILP g=2,1,feasible,complete,1,1,returned,0,5.0,2,0.0606060606060606,0.3491868055552142,0.0606060606060606,0.0225948370061814,0.0236478731967508,550.0,5,0,0.0,0.0,2.0,0.0,,,33,1.0,0.0015299399383366,0.0,110.0,4.0,1.0,0.0010530361905694,,,,,,,,,,True,grid_complete,configured_grid,,1.4170072972774506e-05,solver final filtering and index remapping; caller metric conversion excluded,r5-v1,,excluded_precomputed,,True,,,fresh_retrieval,0.0,0.0225634463131427,1.7220620065927505e-05,0.0225948370061814,0.0236478731967508,measured_excluding_encoding,"[18, 9, 10, 73]","[18, 9, 10, 73]",scipy.optimize.milp/HiGHS,1.17.1,1.12.0,1.0,<paper>/revision_campaign_20260914/default/amazon/default.csv,
7,eps-ILP g=4,1,feasible,complete,1,1,returned,0,17.0,4,0.1212121212121212,0.8416934592898758,0.1212121212121212,0.1029611811973154,0.1040142173878848,1870.0,17,0,0.0,0.0,4.0,0.0,,,33,1.0,0.0015299399383366,0.0,110.0,4.0,1.0,0.0010530361905694,,,,,,,,,,True,grid_complete,configured_grid,,1.626415178179741e-05,solver final filtering and index remapping; caller metric conversion excluded,r5-v1,,excluded_precomputed,,True,,,fresh_retrieval,0.0,0.1028927392326295,5.217781290411949e-05,0.1029611811973154,0.1040142173878848,measured_excluding_encoding,"[18, 9, 10, 73]","[18, 9, 10, 73]",scipy.optimize.milp/HiGHS,1.17.1,1.12.0,1.0,<paper>/revision_campaign_20260914/default/amazon/default.csv,
7,eps-ILP g=8,1,feasible,complete,1,1,returned,0,65.0,7,0.2121212121212121,0.8880785524729744,0.2121212121212121,0.4206557138822973,0.4217087500728667,7150.0,65,0,0.0,0.0,8.0,0.0,,,33,1.0,0.0015299399383366,0.0,110.0,4.0,1.0,0.0010530361905694,,,,,,,,,,True,grid_complete,configured_grid,,2.038711681962013e-05,solver final filtering and index remapping; caller metric conversion excluded,r5-v1,,excluded_precomputed,,True,,,fresh_retrieval,0.0,0.4201691998168826,0.000466126948595,0.4206557138822973,0.4217087500728667,measured_excluding_encoding,"[18, 9, 10, 73]","[18, 9, 10, 73]",scipy.optimize.milp/HiGHS,1.17.1,1.12.0,1.0,<paper>/revision_campaign_20260914/default/amazon/default.csv,
7,eps-ILP g=16,1,feasible,complete,1,1,returned,0,257.0,14,0.4242424242424242,0.9765121177372444,0.4242424242424242,1.716671081259847,1.717724117450416,28270.0,257,0,0.0,0.0,16.0,0.0,,,33,1.0,0.0015299399383366,0.0,110.0,4.0,1.0,0.0010530361905694,,,,,,,,,,True,grid_complete,configured_grid,,3.712717443704605e-05,solver final filtering and index remapping; caller metric conversion excluded,r5-v1,,excluded_precomputed,,True,,,fresh_retrieval,0.0,1.7097762250341475,0.0068577290512621,1.716671081259847,1.717724117450416,measured_excluding_encoding,"[18, 9, 10, 73]","[18, 9, 10, 73]",scipy.optimize.milp/HiGHS,1.17.1,1.12.0,1.0,<paper>/revision_campaign_20260914/default/amazon/default.csv,
7,PBF,1,feasible,complete,1,1,returned,0,,33,1.0,1.0,1.0,0.2894490398466587,0.2905020760372281,473040.0,1,0,0.0,0.0,0.0,0.0,,,33,1.0,0.0015299399383366,0.0,110.0,4.0,1.0,0.0010530361905694,True,,,,,,,,,True,complete,full_input,,0.2894490398466587,solver final filtering and index remapping; caller metric conversion excluded,r5-v1,,excluded_precomputed,,True,,,fresh_retrieval,,,,0.2894490398466587,0.2905020760372281,measured_excluding_encoding,"[18, 9, 10, 73]",,Python/PBF,3.11.15,,,<paper>/revision_campaign_20260914/default/amazon/default.csv,
8,PACS,1,feasible,complete,1,1,returned,0,,34,1.0,1.0,1.0,0.0003615282475948,0.0011844648979604,92.0,1,0,0.0,0.0,0.0,0.0,26.0,14.0,34,1.0,0.0003408291377127,0.0,26.0,3.0,1.0,0.0008229366503655,True,,,,,,,,,True,completed,all_reduced_candidates,"[4, 4, 6]",1.1641066521406174e-05,solver final filtering and index remapping; caller metric conversion excluded,r5-v1,,excluded_precomputed,,True,,,fresh_retrieval,2.880208194255829e-05,0.0001807739026844,0.0001403111964464,0.0003615282475948,0.0011844648979604,measured_excluding_encoding,"[7, 12, 7]","[4, 4, 6]",Python/PACS+,3.11.15,,,<paper>/revision_campaign_20260914/default/amazon/default.csv,
8,PACS_dC,1,feasible,complete,1,1,returned,0,,21,0.6176470588235294,0.930741543210672,0.6176470588235294,0.000236390158534,0.0010593268088996,52.0,1,0,0.0,0.0,0.0,0.0,,,34,1.0,0.0003408291377127,0.0,26.0,3.0,1.0,0.0008229366503655,False,,,,,,,,,True,completed,beam_search,"[4, 4, 6]",1.1009164154529572e-05,solver final filtering and index remapping; caller metric conversion excluded,r5-v1,,excluded_precomputed,,True,,,fresh_retrieval,2.019433304667473e-05,0.0001326450146734,7.254164665937424e-05,0.000236390158534,0.0010593268088996,measured_excluding_encoding,"[7, 12, 7]","[4, 4, 6]",Python/PACS_dC,3.11.15,,,<paper>/revision_campaign_20260914/default/amazon/default.csv,
8,PBS-unbounded,1,feasible,complete,1,1,returned,0,,34,1.0,1.0,1.0,0.00032121501863,0.0011441516689956,92.0,1,0,0.0,0.0,0.0,0.0,26.0,14.0,34,1.0,0.0003408291377127,0.0,26.0,3.0,1.0,0.0008229366503655,True,,,,,,,,,True,completed,all_reduced_candidates,"[4, 4, 6]",1.2320932000875471e-05,solver final filtering and index remapping; caller metric conversion excluded,r5-v1,,excluded_precomputed,,True,,,fresh_retrieval,2.050306648015976e-05,0.0001559541560709,0.000132436864078,0.00032121501863,0.0011441516689956,measured_excluding_encoding,"[7, 12, 7]","[4, 4, 6]",Python/PBS-unbounded,3.11.15,,,<paper>/revision_campaign_20260914/default/amazon/default.csv,
8,PTS,1,feasible,complete,1,1,returned,0,,34,1.0,0.9999999999999998,1.0,0.0008095111697912,0.0016324478201568,190.0,1,0,0.0,0.0,0.0,0.0,26.0,14.0,34,1.0,0.0003408291377127,0.0,26.0,3.0,1.0,0.0008229366503655,True,,,,,,,500.0,,True,completed,fixed_candidate_tree,"[4, 4, 6]",2.106092870235443e-05,solver final filtering and index remapping; caller metric conversion excluded,r5-v1,,excluded_precomputed,,True,,,fresh_retrieval,1.8961261957883835e-05,0.0006472049281001,0.0001222840510308,0.0008095111697912,0.0016324478201568,measured_excluding_encoding,"[7, 12, 7]","[4, 4, 6]",Python/DFS,3.11.15,,,<paper>/revision_campaign_20260914/default/amazon/default.csv,
8,eps-ILP g=2,1,feasible,complete,1,1,returned,0,5.0,2,0.0588235294117647,0.3019591921715379,0.0588235294117647,0.0224650497548282,0.0232879864051938,130.0,5,0,0.0,0.0,2.0,0.0,,,34,1.0,0.0003408291377127,0.0,26.0,3.0,1.0,0.0008229366503655,,,,,,,,,,True,grid_complete,configured_grid,,1.6662757843732834e-05,solver final filtering and index remapping; caller metric conversion excluded,r5-v1,,excluded_precomputed,,True,,,fresh_retrieval,0.0,0.022431758698076,1.662829890847206e-05,0.0224650497548282,0.0232879864051938,measured_excluding_encoding,"[7, 12, 7]","[7, 12, 7]",scipy.optimize.milp/HiGHS,1.17.1,1.12.0,1.0,<paper>/revision_campaign_20260914/default/amazon/default.csv,
8,eps-ILP g=4,1,feasible,complete,1,1,returned,0,17.0,9,0.2647058823529412,0.7398452842164064,0.2647058823529412,0.0935457032173872,0.0943686398677527,442.0,17,0,0.0,0.0,4.0,0.0,,,34,1.0,0.0003408291377127,0.0,26.0,3.0,1.0,0.0008229366503655,,,,,,,,,,True,grid_complete,configured_grid,,1.524016261100769e-05,solver final filtering and index remapping; caller metric conversion excluded,r5-v1,,excluded_precomputed,,True,,,fresh_retrieval,0.0,0.0934786293655633,5.183368921279907e-05,0.0935457032173872,0.0943686398677527,measured_excluding_encoding,"[7, 12, 7]","[7, 12, 7]",scipy.optimize.milp/HiGHS,1.17.1,1.12.0,1.0,<paper>/revision_campaign_20260914/default/amazon/default.csv,
8,eps-ILP g=8,1,feasible,complete,1,1,returned,0,65.0,17,0.5,0.8954383963653166,0.5,0.2664985661394894,0.267321502789855,1690.0,65,0,0.0,0.0,16.0,0.0,,,34,1.0,0.0003408291377127,0.0,26.0,3.0,1.0,0.0008229366503655,,,,,,,,,,True,grid_complete,configured_grid,,1.6569159924983978e-05,solver final filtering and index remapping; caller metric conversion excluded,r5-v1,,excluded_precomputed,,True,,,fresh_retrieval,0.0,0.2661342662759125,0.0003477307036519,0.2664985661394894,0.267321502789855,measured_excluding_encoding,"[7, 12, 7]","[7, 12, 7]",scipy.optimize.milp/HiGHS,1.17.1,1.12.0,1.0,<paper>/revision_campaign_20260914/default/amazon/default.csv,
8,eps-ILP g=16,1,feasible,complete,1,1,returned,0,257.0,28,0.8235294117647058,0.9943591349077464,0.8235294117647058,1.2461868543177843,1.24700979096815,6682.0,257,0,0.0,0.0,59.0,0.0,,,34,1.0,0.0003408291377127,0.0,26.0,3.0,1.0,0.0008229366503655,,,,,,,,,,True,grid_complete,configured_grid,,2.8728507459163662e-05,solver final filtering and index remapping; caller metric conversion excluded,r5-v1,,excluded_precomputed,,True,,,fresh_retrieval,0.0,1.241509908810258,0.0046482170000672,1.2461868543177843,1.24700979096815,measured_excluding_encoding,"[7, 12, 7]","[7, 12, 7]",scipy.optimize.milp/HiGHS,1.17.1,1.12.0,1.0,<paper>/revision_campaign_20260914/default/amazon/default.csv,
8,PBF,1,feasible,complete,1,1,returned,0,,34,1.0,1.0,1.0,0.0006409790366888,0.0014639156870543,1764.0,1,0,0.0,0.0,0.0,0.0,,,34,1.0,0.0003408291377127,0.0,26.0,3.0,1.0,0.0008229366503655,True,,,,,,,,,True,complete,full_input,,0.0006409790366888,solver final filtering and index remapping; caller metric conversion excluded,r5-v1,,excluded_precomputed,,True,,,fresh_retrieval,,,,0.0006409790366888,0.0014639156870543,measured_excluding_encoding,"[7, 12, 7]",,Python/PBF,3.11.15,,,<paper>/revision_campaign_20260914/default/amazon/default.csv,
9,PACS,1,feasible,complete,1,1,returned,0,,71,0.797752808988764,0.975074514332032,0.797752808988764,0.002770553342998,0.0037378692068159,918.0,1,0,0.0,0.0,0.0,0.0,230.0,34.0,89,1.0,0.0027509471401572,0.0,230.0,4.0,1.0,0.0009673158638179,False,,,,,,,,,True,completed,beam_search,"[7, 13, 6, 8]",3.3758580684661865e-05,solver final filtering and index remapping; caller metric conversion excluded,r5-v1,,excluded_precomputed,,True,,,fresh_retrieval,0.0001682629808783,0.00222825165838,0.0003402801230549,0.002770553342998,0.0037378692068159,measured_excluding_encoding,"[14, 169, 17, 30]","[7, 13, 6, 8]",Python/PACS+,3.11.15,,,<paper>/revision_campaign_20260914/default/amazon/default.csv,
9,PACS_dC,1,feasible,complete,1,1,returned,0,,16,0.1573033707865168,0.5748182040381681,0.1573033707865168,0.0005056448280811,0.001472960691899,135.0,1,0,0.0,0.0,0.0,0.0,,,89,1.0,0.0027509471401572,0.0,230.0,4.0,1.0,0.0009673158638179,False,,,,,,,,,True,completed,beam_search,"[7, 13, 6, 8]",1.2413598597049711e-05,solver final filtering and index remapping; caller metric conversion excluded,r5-v1,,excluded_precomputed,,True,,,fresh_retrieval,0.0001446842215955,0.0002899207174777,5.8626290410757065e-05,0.0005056448280811,0.001472960691899,measured_excluding_encoding,"[14, 169, 17, 30]","[7, 13, 6, 8]",Python/PACS_dC,3.11.15,,,<paper>/revision_campaign_20260914/default/amazon/default.csv,
9,PBS-unbounded,1,feasible,complete,1,1,returned,0,,89,1.0,1.0,1.0,0.002767520956695,0.003734836820513,918.0,1,0,0.0,0.0,0.0,0.0,230.0,34.0,89,1.0,0.0027509471401572,0.0,230.0,4.0,1.0,0.0009673158638179,True,,,,,,,,,True,completed,all_reduced_candidates,"[7, 13, 6, 8]",3.594858571887016e-05,solver final filtering and index remapping; caller metric conversion excluded,r5-v1,,excluded_precomputed,,True,,,fresh_retrieval,0.0001673162914812,0.0021710046567022,0.0003932514227926,0.002767520956695,0.003734836820513,measured_excluding_encoding,"[14, 169, 17, 30]","[7, 13, 6, 8]",Python/PBS-unbounded,3.11.15,,,<paper>/revision_campaign_20260914/default/amazon/default.csv,
9,PTS,1,feasible,complete,1,1,returned,0,,89,1.0,1.0,1.0,0.0065641649998724,0.0075314808636903,2217.0,1,0,0.0,0.0,0.0,0.0,230.0,34.0,89,1.0,0.0027509471401572,0.0,230.0,4.0,1.0,0.0009673158638179,True,,,,,,,500.0,,True,completed,fixed_candidate_tree,"[7, 13, 6, 8]",3.672391176223755e-05,solver final filtering and index remapping; caller metric conversion excluded,r5-v1,,excluded_precomputed,,True,,,fresh_retrieval,0.0001362739130854,0.0060669630765914,0.0003242040984332,0.0065641649998724,0.0075314808636903,measured_excluding_encoding,"[14, 169, 17, 30]","[7, 13, 6, 8]",Python/DFS,3.11.15,,,<paper>/revision_campaign_20260914/default/amazon/default.csv,
9,eps-ILP g=2,1,feasible,complete,1,1,returned,0,5.0,2,0.0224719101123595,0.2485778801211441,0.0224719101123595,0.0426869727671146,0.0436542886309325,1150.0,5,0,0.0,0.0,2.0,0.0,,,89,1.0,0.0027509471401572,0.0,230.0,4.0,1.0,0.0009673158638179,,,,,,,,,,True,grid_complete,configured_grid,,1.4287885278463364e-05,solver final filtering and index remapping; caller metric conversion excluded,r5-v1,,excluded_precomputed,,True,,,fresh_retrieval,0.0,0.0426534917205572,1.919316127896309e-05,0.0426869727671146,0.0436542886309325,measured_excluding_encoding,"[14, 169, 17, 30]","[14, 169, 17, 30]",scipy.optimize.milp/HiGHS,1.17.1,1.12.0,1.0,<paper>/revision_campaign_20260914/default/amazon/default.csv,
9,eps-ILP g=4,1,feasible,complete,1,1,returned,0,17.0,4,0.0449438202247191,0.4701384978443962,0.0449438202247191,0.1538049089722335,0.1547722248360514,3910.0,17,0,0.0,0.0,4.0,0.0,,,89,1.0,0.0027509471401572,0.0,230.0,4.0,1.0,0.0009673158638179,,,,,,,,,,True,grid_complete,configured_grid,,1.5191733837127686e-05,solver final filtering and index remapping; caller metric conversion excluded,r5-v1,,excluded_precomputed,,True,,,fresh_retrieval,0.0,0.1537359841167926,5.373312160372734e-05,0.1538049089722335,0.1547722248360514,measured_excluding_encoding,"[14, 169, 17, 30]","[14, 169, 17, 30]",scipy.optimize.milp/HiGHS,1.17.1,1.12.0,1.0,<paper>/revision_campaign_20260914/default/amazon/default.csv,
9,eps-ILP g=8,1,feasible,complete,1,1,returned,0,65.0,11,0.1235955056179775,0.7501262127998166,0.1235955056179775,0.6257983590476215,0.6267656749114394,14950.0,65,0,0.0,0.0,9.0,0.0,,,89,1.0,0.0027509471401572,0.0,230.0,4.0,1.0,0.0009673158638179,,,,,,,,,,True,grid_complete,configured_grid,,2.049561589956284e-05,solver final filtering and index remapping; caller metric conversion excluded,r5-v1,,excluded_precomputed,,True,,,fresh_retrieval,0.0,0.6253457800485194,0.0004320833832025,0.6257983590476215,0.6267656749114394,measured_excluding_encoding,"[14, 169, 17, 30]","[14, 169, 17, 30]",scipy.optimize.milp/HiGHS,1.17.1,1.12.0,1.0,<paper>/revision_campaign_20260914/default/amazon/default.csv,
9,eps-ILP g=16,1,feasible,complete,1,1,returned,0,257.0,22,0.247191011235955,0.9051736149432048,0.247191011235955,2.509240878280252,2.51020819414407,59110.0,257,0,0.0,0.0,23.0,0.0,,,89,1.0,0.0027509471401572,0.0,230.0,4.0,1.0,0.0009673158638179,,,,,,,,,,True,grid_complete,configured_grid,,3.969157114624977e-05,solver final filtering and index remapping; caller metric conversion excluded,r5-v1,,excluded_precomputed,,True,,,fresh_retrieval,0.0,2.5028402507305145,0.0063609359785914,2.509240878280252,2.51020819414407,measured_excluding_encoding,"[14, 169, 17, 30]","[14, 169, 17, 30]",scipy.optimize.milp/HiGHS,1.17.1,1.12.0,1.0,<paper>/revision_campaign_20260914/default/amazon/default.csv,
9,PBF,1,feasible,complete,1,1,returned,0,,89,1.0,1.0,1.0,0.6817868379876018,0.6827541538514197,4826640.0,1,0,0.0,0.0,0.0,0.0,,,89,1.0,0.0027509471401572,0.0,230.0,4.0,1.0,0.0009673158638179,True,,,,,,,,,True,complete,full_input,,0.6817868379876018,solver final filtering and index remapping; caller metric conversion excluded,r5-v1,,excluded_precomputed,,True,,,fresh_retrieval,,,,0.6817868379876018,0.6827541538514197,measured_excluding_encoding,"[14, 169, 17, 30]",,Python/PBF,3.11.15,,,<paper>/revision_campaign_20260914/default/amazon/default.csv,
10,PACS,1,feasible,complete,1,1,returned,0,,30,0.13215859030837,0.824804683167106,0.1287553648068669,0.0056953481398522,0.0066053913906216,1906.0,1,0,0.0,0.0,0.0,0.0,91.0,41.0,227,1.0,0.0097811720333993,0.0,91.0,7.0,1.0,0.0009100432507693,False,,,,,,,,,True,completed,beam_search,"[9, 9, 1, 5, 8, 4, 5]",3.919797018170357e-05,solver final filtering and index remapping; caller metric conversion excluded,r5-v1,,excluded_precomputed,,True,,,fresh_retrieval,7.242476567626e-05,0.0052584041841328,0.0003253212198615,0.0056953481398522,0.0066053913906216,measured_excluding_encoding,"[17, 20, 2, 16, 16, 13, 7]","[9, 9, 1, 5, 8, 4, 5]",Python/PACS+,3.11.15,,,<paper>/revision_campaign_20260914/default/amazon/default.csv,
10,PACS_dC,1,feasible,complete,1,1,returned,0,,98,0.0881057268722467,0.6891097667744261,0.1030042918454935,0.0020103300921618,0.0029203733429312,575.0,1,0,0.0,0.0,0.0,0.0,,,227,1.0,0.0097811720333993,0.0,91.0,7.0,1.0,0.0009100432507693,False,,,,,,,,,True,completed,beam_search,"[9, 9, 1, 5, 8, 4, 5]",1.95489265024662e-05,solver final filtering and index remapping; caller metric conversion excluded,r5-v1,,excluded_precomputed,,True,,,fresh_retrieval,6.209034472703934e-05,0.00158794503659,0.0003407457843422,0.0020103300921618,0.0029203733429312,measured_excluding_encoding,"[17, 20, 2, 16, 16, 13, 7]","[9, 9, 1, 5, 8, 4, 5]",Python/PACS_dC,3.11.15,,,<paper>/revision_campaign_20260914/default/amazon/default.csv,
10,PBS-unbounded,1,feasible,complete,1,1,returned,0,,227,1.0,1.0,0.9742489270386266,0.0116312708705663,0.0125413141213357,2884.0,1,0,0.0,0.0,0.0,0.0,91.0,41.0,227,1.0,0.0097811720333993,0.0,91.0,7.0,1.0,0.0009100432507693,True,,,,,,,,,True,completed,all_reduced_candidates,"[9, 9, 1, 5, 8, 4, 5]",8.951080963015556e-05,solver final filtering and index remapping; caller metric conversion excluded,r5-v1,,excluded_precomputed,,True,,,fresh_retrieval,7.435306906700134e-05,0.010101715568453,0.0013656914234161,0.0116312708705663,0.0125413141213357,measured_excluding_encoding,"[17, 20, 2, 16, 16, 13, 7]","[9, 9, 1, 5, 8, 4, 5]",Python/PBS-unbounded,3.11.15,,,<paper>/revision_campaign_20260914/default/amazon/default.csv,
10,PTS,1,feasible,complete,1,1,returned,0,,121,0.0176211453744493,0.7885776615612102,0.0171673819742489,0.009900227189064,0.0108102704398334,2277.0,1,0,0.0,0.0,0.0,0.0,91.0,41.0,227,1.0,0.0097811720333993,0.0,91.0,7.0,1.0,0.0009100432507693,False,,,,,,,500.0,,False,iteration_limit,fixed_candidate_tree,"[9, 9, 1, 5, 8, 4, 5]",5.226302891969681e-05,solver final filtering and index remapping; caller metric conversion excluded,r5-v1,,excluded_precomputed,,True,,,fresh_retrieval,7.041823118925095e-05,0.0092904898338019,0.000487056095153,0.009900227189064,0.0108102704398334,measured_excluding_encoding,"[17, 20, 2, 16, 16, 13, 7]","[9, 9, 1, 5, 8, 4, 5]",Python/DFS,3.11.15,,,<paper>/revision_campaign_20260914/default/amazon/default.csv,
10,eps-ILP g=2,1,feasible,complete,1,1,returned,0,5.0,3,0.013215859030837,0.090150580475311,0.0128755364806866,0.0246733771637082,0.0255834204144775,455.0,5,0,0.0,0.0,1.0,0.0,,,227,1.0,0.0097811720333993,0.0,91.0,7.0,1.0,0.0009100432507693,,,,,,,,,,True,grid_complete,configured_grid,,1.4899298548698424e-05,solver final filtering and index remapping; caller metric conversion excluded,r5-v1,,excluded_precomputed,,True,,,fresh_retrieval,0.0,0.0246390290558338,1.944880932569504e-05,0.0246733771637082,0.0255834204144775,measured_excluding_encoding,"[17, 20, 2, 16, 16, 13, 7]","[17, 20, 2, 16, 16, 13, 7]",scipy.optimize.milp/HiGHS,1.17.1,1.12.0,1.0,<paper>/revision_campaign_20260914/default/amazon/default.csv,
10,eps-ILP g=4,1,feasible,complete,1,1,returned,0,17.0,7,0.0308370044052863,0.7296515380196743,0.0300429184549356,0.0926038161851465,0.0935138594359159,1547.0,17,0,0.0,0.0,3.0,0.0,,,227,1.0,0.0097811720333993,0.0,91.0,7.0,1.0,0.0009100432507693,,,,,,,,,,True,grid_complete,configured_grid,,1.4749355614185332e-05,solver final filtering and index remapping; caller metric conversion excluded,r5-v1,,excluded_precomputed,,True,,,fresh_retrieval,0.0,0.0925332489423453,5.581788718700409e-05,0.0926038161851465,0.0935138594359159,measured_excluding_encoding,"[17, 20, 2, 16, 16, 13, 7]","[17, 20, 2, 16, 16, 13, 7]",scipy.optimize.milp/HiGHS,1.17.1,1.12.0,1.0,<paper>/revision_campaign_20260914/default/amazon/default.csv,
10,eps-ILP g=8,1,feasible,complete,1,1,returned,0,65.0,23,0.1013215859030837,0.849949338587221,0.0987124463519313,0.4283113777637481,0.4292214210145175,5915.0,65,0,0.0,0.0,5.0,0.0,,,227,1.0,0.0097811720333993,0.0,91.0,7.0,1.0,0.0009100432507693,,,,,,,,,,True,grid_complete,configured_grid,,1.9459985196590424e-05,solver final filtering and index remapping; caller metric conversion excluded,r5-v1,,excluded_precomputed,,True,,,fresh_retrieval,0.0,0.4277848238125443,0.0005070939660072,0.4283113777637481,0.4292214210145175,measured_excluding_encoding,"[17, 20, 2, 16, 16, 13, 7]","[17, 20, 2, 16, 16, 13, 7]",scipy.optimize.milp/HiGHS,1.17.1,1.12.0,1.0,<paper>/revision_campaign_20260914/default/amazon/default.csv,
10,eps-ILP g=16,1,feasible,complete,1,1,returned,0,257.0,46,0.2026431718061674,0.9491066894144412,0.1974248927038626,1.8235734542831776,1.8244834975339472,23387.0,257,0,0.0,0.0,11.0,0.0,,,227,1.0,0.0097811720333993,0.0,91.0,7.0,1.0,0.0009100432507693,,,,,,,,,,True,grid_complete,configured_grid,,4.160217940807343e-05,solver final filtering and index remapping; caller metric conversion excluded,r5-v1,,excluded_precomputed,,True,,,fresh_retrieval,0.0,1.816801946144551,0.0067299059592187,1.8235734542831776,1.8244834975339472,measured_excluding_encoding,"[17, 20, 2, 16, 16, 13, 7]","[17, 20, 2, 16, 16, 13, 7]",scipy.optimize.milp/HiGHS,1.17.1,1.12.0,1.0,<paper>/revision_campaign_20260914/default/amazon/default.csv,
10,PBF,1,feasible,complete,1,1,solver_timeout,0,,227,1.0,1.0,0.9742489270386266,30.301989597734064,30.302899640984837,65601536.0,1,1,0.0,0.0,0.0,1.0,,,227,1.0,0.0097811720333993,0.0,91.0,7.0,1.0,0.0009100432507693,False,,,,,,,,,False,timeout,full_input,,30.301989597734064,solver final filtering and index remapping; caller metric conversion excluded,r5-v1,,excluded_precomputed,,True,,,fresh_retrieval,,,,30.301989597734064,30.302899640984837,measured_excluding_encoding,"[17, 20, 2, 16, 16, 13, 7]",,Python/PBF,3.11.15,,,<paper>/revision_campaign_20260914/default/amazon/default.csv,
11,PACS,1,feasible,complete,1,1,returned,0,,30,0.0817438692098092,0.7174143050141634,0.0806451612903225,0.0129693569615483,0.0143925477750599,3806.0,1,0,0.0,0.0,0.0,0.0,679.0,64.0,367,1.0,0.0278943148441612,0.0,679.0,7.0,1.0,0.0014231908135116,False,,,,,,,,,True,completed,beam_search,"[11, 7, 14, 5, 6, 10, 11]",7.127970457077026e-05,solver final filtering and index remapping; caller metric conversion excluded,r5-v1,,excluded_precomputed,,True,,,fresh_retrieval,0.0004485109820961,0.0121193323284387,0.0003302339464426,0.0129693569615483,0.0143925477750599,measured_excluding_encoding,"[59, 63, 60, 7, 14, 399, 77]","[11, 7, 14, 5, 6, 10, 11]",Python/PACS+,3.11.15,,,<paper>/revision_campaign_20260914/default/amazon/default.csv,
11,PACS_dC,1,feasible,complete,1,1,returned,0,,98,0.0926430517711171,0.7456552499040928,0.0967741935483871,0.0031200679950416,0.0045432588085532,1180.0,1,0,0.0,0.0,0.0,0.0,,,367,1.0,0.0278943148441612,0.0,679.0,7.0,1.0,0.0014231908135116,False,,,,,,,,,True,completed,beam_search,"[11, 7, 14, 5, 6, 10, 11]",3.168964758515358e-05,solver final filtering and index remapping; caller metric conversion excluded,r5-v1,,excluded_precomputed,,True,,,fresh_retrieval,0.0004531680606305,0.0022858972661197,0.0003493130207061,0.0031200679950416,0.0045432588085532,measured_excluding_encoding,"[59, 63, 60, 7, 14, 399, 77]","[11, 7, 14, 5, 6, 10, 11]",Python/PACS_dC,3.11.15,,,<paper>/revision_campaign_20260914/default/amazon/default.csv,
11,PBS-unbounded,1,feasible,complete,1,1,returned,0,,367,1.0,1.0,0.9865591397849462,0.028180515859276,0.0296037066727876,9073.0,1,0,0.0,0.0,0.0,0.0,679.0,64.0,367,1.0,0.0278943148441612,0.0,679.0,7.0,1.0,0.0014231908135116,True,,,,,,,,,True,completed,all_reduced_candidates,"[11, 7, 14, 5, 6, 10, 11]",0.0002071852795779,solver final filtering and index remapping; caller metric conversion excluded,r5-v1,,excluded_precomputed,,True,,,fresh_retrieval,0.0004439339973032,0.0254503479227423,0.0020790486596524,0.028180515859276,0.0296037066727876,measured_excluding_encoding,"[59, 63, 60, 7, 14, 399, 77]","[11, 7, 14, 5, 6, 10, 11]",Python/PBS-unbounded,3.11.15,,,<paper>/revision_campaign_20260914/default/amazon/default.csv,
11,PTS,1,feasible,complete,1,1,returned,0,,86,0.0190735694822888,0.7417868522350531,0.0268817204301075,0.0090572731569409,0.0104804639704525,4478.0,1,0,0.0,0.0,0.0,0.0,679.0,64.0,367,1.0,0.0278943148441612,0.0,679.0,7.0,1.0,0.0014231908135116,False,,,,,,,500.0,,False,iteration_limit,fixed_candidate_tree,"[11, 7, 14, 5, 6, 10, 11]",4.316307604312897e-05,solver final filtering and index remapping; caller metric conversion excluded,r5-v1,,excluded_precomputed,,True,,,fresh_retrieval,0.0003625680692493,0.0083314832299947,0.0003200587816536,0.0090572731569409,0.0104804639704525,measured_excluding_encoding,"[59, 63, 60, 7, 14, 399, 77]","[11, 7, 14, 5, 6, 10, 11]",Python/DFS,3.11.15,,,<paper>/revision_campaign_20260914/default/amazon/default.csv,
11,eps-ILP g=2,1,feasible,complete,1,1,returned,0,5.0,2,0.0054495912806539,0.1261968074460916,0.0053763440860215,0.1134484559297561,0.1148716467432677,3395.0,5,0,0.0,0.0,2.0,0.0,,,367,1.0,0.0278943148441612,0.0,679.0,7.0,1.0,0.0014231908135116,,,,,,,,,,True,grid_complete,configured_grid,,1.653190702199936e-05,solver final filtering and index remapping; caller metric conversion excluded,r5-v1,,excluded_precomputed,,True,,,fresh_retrieval,0.0,0.1134107988327741,2.11251899600029e-05,0.1134484559297561,0.1148716467432677,measured_excluding_encoding,"[59, 63, 60, 7, 14, 399, 77]","[59, 63, 60, 7, 14, 399, 77]",scipy.optimize.milp/HiGHS,1.17.1,1.12.0,1.0,<paper>/revision_campaign_20260914/default/amazon/default.csv,
11,eps-ILP g=4,1,feasible,complete,1,1,returned,0,17.0,6,0.0163487738419618,0.3897950683909816,0.0161290322580645,0.3760573910549283,0.3774805818684399,11543.0,17,0,0.0,0.0,4.0,0.0,,,367,1.0,0.0278943148441612,0.0,679.0,7.0,1.0,0.0014231908135116,,,,,,,,,,True,grid_complete,configured_grid,,1.6827136278152466e-05,solver final filtering and index remapping; caller metric conversion excluded,r5-v1,,excluded_precomputed,,True,,,fresh_retrieval,0.0,0.3759839800186455,5.658390000462532e-05,0.3760573910549283,0.3774805818684399,measured_excluding_encoding,"[59, 63, 60, 7, 14, 399, 77]","[59, 63, 60, 7, 14, 399, 77]",scipy.optimize.milp/HiGHS,1.17.1,1.12.0,1.0,<paper>/revision_campaign_20260914/default/amazon/default.csv,
11,eps-ILP g=8,1,feasible,complete,1,1,returned,0,65.0,22,0.0599455040871934,0.7922776467041844,0.0591397849462365,1.574777484871447,1.5762006756849587,44135.0,65,0,0.0,0.0,8.0,0.0,,,367,1.0,0.0278943148441612,0.0,679.0,7.0,1.0,0.0014231908135116,,,,,,,,,,True,grid_complete,configured_grid,,2.0816922187805176e-05,solver final filtering and index remapping; caller metric conversion excluded,r5-v1,,excluded_precomputed,,True,,,fresh_retrieval,0.0,1.57424249779433,0.0005141701549291,1.574777484871447,1.5762006756849587,measured_excluding_encoding,"[59, 63, 60, 7, 14, 399, 77]","[59, 63, 60, 7, 14, 399, 77]",scipy.optimize.milp/HiGHS,1.17.1,1.12.0,1.0,<paper>/revision_campaign_20260914/default/amazon/default.csv,
11,eps-ILP g=16,1,feasible,complete,1,1,returned,0,257.0,72,0.1961852861035422,0.9343497111585524,0.1935483870967742,6.17297456599772,6.174397756811231,174503.0,257,0,0.0,0.0,16.0,0.0,,,367,1.0,0.0278943148441612,0.0,679.0,7.0,1.0,0.0014231908135116,,,,,,,,,,True,grid_complete,configured_grid,,4.152627661824226e-05,solver final filtering and index remapping; caller metric conversion excluded,r5-v1,,excluded_precomputed,,True,,,fresh_retrieval,0.0,6.166353669948876,0.0065793697722256,6.17297456599772,6.174397756811231,measured_excluding_encoding,"[59, 63, 60, 7, 14, 399, 77]","[59, 63, 60, 7, 14, 399, 77]",scipy.optimize.milp/HiGHS,1.17.1,1.12.0,1.0,<paper>/revision_campaign_20260914/default/amazon/default.csv,
11,PBF,0,feasible,complete,1,1,work_limit,0,,0,0.0,0.0,0.0,1.9611790776252747e-05,0.0014428026042878,0.0,1,0,0.0,0.0,0.0,0.0,,,367,1.0,0.0278943148441612,0.0,679.0,7.0,1.0,0.0014231908135116,False,,,,,,,,,False,combination_limit,full_input,,1.9611790776252747e-05,solver final filtering and index remapping; caller metric conversion excluded,r5-v1,,excluded_precomputed,,True,,,fresh_retrieval,,,,1.9611790776252747e-05,0.0014428026042878,measured_excluding_encoding,"[59, 63, 60, 7, 14, 399, 77]",,Python/PBF,3.11.15,,,<paper>/revision_campaign_20260914/default/amazon/default.csv,
12,PACS,1,feasible,complete,1,1,returned,0,,41,1.0,1.0,1.0,0.0008413009345531,0.001733761280775,279.0,1,0,0.0,0.0,0.0,0.0,35.0,20.0,41,1.0,0.0008311183191835,0.0,35.0,4.0,1.0,0.0008924603462219,True,,,,,,,,,True,completed,all_reduced_candidates,"[5, 4, 7, 4]",1.6005244106054306e-05,solver final filtering and index remapping; caller metric conversion excluded,r5-v1,,excluded_precomputed,,True,,,fresh_retrieval,3.504659980535507e-05,0.0005957712419331,0.0001944778487086,0.0008413009345531,0.001733761280775,measured_excluding_encoding,"[9, 11, 10, 5]","[5, 4, 7, 4]",Python/PACS+,3.11.15,,,<paper>/revision_campaign_20260914/default/amazon/default.csv,
12,PACS_dC,1,feasible,complete,1,1,returned,0,,16,0.2195121951219512,0.6177259663498383,0.2195121951219512,0.0002913479693233,0.0011838083155453,82.0,1,0,0.0,0.0,0.0,0.0,,,41,1.0,0.0008311183191835,0.0,35.0,4.0,1.0,0.0008924603462219,False,,,,,,,,,True,completed,beam_search,"[5, 4, 7, 4]",1.1736992746591568e-05,solver final filtering and index remapping; caller metric conversion excluded,r5-v1,,excluded_precomputed,,True,,,fresh_retrieval,2.4572014808654785e-05,0.0001996951177716,5.534384399652481e-05,0.0002913479693233,0.0011838083155453,measured_excluding_encoding,"[9, 11, 10, 5]","[5, 4, 7, 4]",Python/PACS_dC,3.11.15,,,<paper>/revision_campaign_20260914/default/amazon/default.csv,
12,PBS-unbounded,1,feasible,complete,1,1,returned,0,,41,1.0,1.0,1.0,0.0008083647117018,0.0017008250579237,279.0,1,0,0.0,0.0,0.0,0.0,35.0,20.0,41,1.0,0.0008311183191835,0.0,35.0,4.0,1.0,0.0008924603462219,True,,,,,,,,,True,completed,all_reduced_candidates,"[5, 4, 7, 4]",1.788465306162834e-05,solver final filtering and index remapping; caller metric conversion excluded,r5-v1,,excluded_precomputed,,True,,,fresh_retrieval,2.640625461935997e-05,0.0005821976810693,0.0001818761229515,0.0008083647117018,0.0017008250579237,measured_excluding_encoding,"[9, 11, 10, 5]","[5, 4, 7, 4]",Python/PBS-unbounded,3.11.15,,,<paper>/revision_campaign_20260914/default/amazon/default.csv,
12,PTS,1,feasible,complete,1,1,returned,0,,41,1.0,0.9999999999999996,1.0,0.0022794627584517,0.0031719231046736,642.0,1,0,0.0,0.0,0.0,0.0,35.0,20.0,41,1.0,0.0008311183191835,0.0,35.0,4.0,1.0,0.0008924603462219,True,,,,,,,500.0,,True,completed,fixed_candidate_tree,"[5, 4, 7, 4]",2.711080014705658e-05,solver final filtering and index remapping; caller metric conversion excluded,r5-v1,,excluded_precomputed,,True,,,fresh_retrieval,2.3760832846164703e-05,0.0020773471333086,0.0001512439921498,0.0022794627584517,0.0031719231046736,measured_excluding_encoding,"[9, 11, 10, 5]","[5, 4, 7, 4]",Python/DFS,3.11.15,,,<paper>/revision_campaign_20260914/default/amazon/default.csv,
12,eps-ILP g=2,1,feasible,complete,1,1,returned,0,5.0,2,0.048780487804878,0.500600050717786,0.048780487804878,0.0277583980932831,0.0286508584395051,175.0,5,0,0.0,0.0,2.0,0.0,,,41,1.0,0.0008311183191835,0.0,35.0,4.0,1.0,0.0008924603462219,,,,,,,,,,True,grid_complete,configured_grid,,1.470884308218956e-05,solver final filtering and index remapping; caller metric conversion excluded,r5-v1,,excluded_precomputed,,True,,,fresh_retrieval,0.0,0.0277271983213722,1.6490928828716278e-05,0.0277583980932831,0.0286508584395051,measured_excluding_encoding,"[9, 11, 10, 5]","[9, 11, 10, 5]",scipy.optimize.milp/HiGHS,1.17.1,1.12.0,1.0,<paper>/revision_campaign_20260914/default/amazon/default.csv,
12,eps-ILP g=4,1,feasible,complete,1,1,returned,0,17.0,6,0.1463414634146341,0.7964180621163232,0.1463414634146341,0.1022159047424793,0.1031083650887012,595.0,17,0,0.0,0.0,4.0,0.0,,,41,1.0,0.0008311183191835,0.0,35.0,4.0,1.0,0.0008924603462219,,,,,,,,,,True,grid_complete,configured_grid,,1.499941572546959e-05,solver final filtering and index remapping; caller metric conversion excluded,r5-v1,,excluded_precomputed,,True,,,fresh_retrieval,0.0,0.1021478623151779,5.304301157593727e-05,0.1022159047424793,0.1031083650887012,measured_excluding_encoding,"[9, 11, 10, 5]","[9, 11, 10, 5]",scipy.optimize.milp/HiGHS,1.17.1,1.12.0,1.0,<paper>/revision_campaign_20260914/default/amazon/default.csv,
12,eps-ILP g=8,1,feasible,complete,1,1,returned,0,65.0,13,0.3170731707317073,0.93413402030399,0.3170731707317073,0.4175506322644651,0.418443092610687,2275.0,65,0,0.0,0.0,8.0,0.0,,,41,1.0,0.0008311183191835,0.0,35.0,4.0,1.0,0.0008924603462219,,,,,,,,,,True,grid_complete,configured_grid,,1.9754283130168915e-05,solver final filtering and index remapping; caller metric conversion excluded,r5-v1,,excluded_precomputed,,True,,,fresh_retrieval,0.0,0.417076620273292,0.0004542577080428,0.4175506322644651,0.418443092610687,measured_excluding_encoding,"[9, 11, 10, 5]","[9, 11, 10, 5]",scipy.optimize.milp/HiGHS,1.17.1,1.12.0,1.0,<paper>/revision_campaign_20260914/default/amazon/default.csv,
12,eps-ILP g=16,1,feasible,complete,1,1,returned,0,257.0,22,0.5365853658536586,0.9786668207077232,0.5365853658536586,1.7990798149257898,1.7999722752720118,8995.0,257,0,0.0,0.0,23.0,0.0,,,41,1.0,0.0008311183191835,0.0,35.0,4.0,1.0,0.0008924603462219,,,,,,,,,,True,grid_complete,configured_grid,,4.3915584683418274e-05,solver final filtering and index remapping; caller metric conversion excluded,r5-v1,,excluded_precomputed,,True,,,fresh_retrieval,0.0,1.792562446091324,0.0064734532497823,1.7990798149257898,1.7999722752720118,measured_excluding_encoding,"[9, 11, 10, 5]","[9, 11, 10, 5]",scipy.optimize.milp/HiGHS,1.17.1,1.12.0,1.0,<paper>/revision_campaign_20260914/default/amazon/default.csv,
12,PBF,1,feasible,complete,1,1,returned,0,,41,1.0,0.9999999999999996,1.0,0.0052161132916808,0.0061085736379027,19800.0,1,0,0.0,0.0,0.0,0.0,,,41,1.0,0.0008311183191835,0.0,35.0,4.0,1.0,0.0008924603462219,True,,,,,,,,,True,complete,full_input,,0.0052161132916808,solver final filtering and index remapping; caller metric conversion excluded,r5-v1,,excluded_precomputed,,True,,,fresh_retrieval,,,,0.0052161132916808,0.0061085736379027,measured_excluding_encoding,"[9, 11, 10, 5]",,Python/PBF,3.11.15,,,<paper>/revision_campaign_20260914/default/amazon/default.csv,
13,PACS,1,feasible,complete,1,1,returned,0,,45,1.0,1.0,1.0,0.0022457828745245,0.0030564218759536,743.0,1,0,0.0,0.0,0.0,0.0,52.0,23.0,45,1.0,0.0022904877550899,0.0,52.0,7.0,1.0,0.000810639001429,True,,,,,,,,,True,completed,all_reduced_candidates,"[4, 3, 3, 3, 5, 3, 2]",1.922063529491425e-05,solver final filtering and index remapping; caller metric conversion excluded,r5-v1,,excluded_precomputed,,True,,,fresh_retrieval,4.605809226632118e-05,0.0019062482751905,0.0002742558717727,0.0022457828745245,0.0030564218759536,measured_excluding_encoding,"[6, 3, 11, 13, 9, 3, 7]","[4, 3, 3, 3, 5, 3, 2]",Python/PACS+,3.11.15,,,<paper>/revision_campaign_20260914/default/amazon/default.csv,
13,PACS_dC,1,feasible,complete,1,1,returned,0,,11,0.2444444444444444,0.812718637759229,0.2444444444444444,0.0003542071208357,0.0011648461222648,83.0,1,0,0.0,0.0,0.0,0.0,,,45,1.0,0.0022904877550899,0.0,52.0,7.0,1.0,0.000810639001429,False,,,,,,,,,True,completed,beam_search,"[4, 3, 3, 3, 5, 3, 2]",1.0496005415916445e-05,solver final filtering and index remapping; caller metric conversion excluded,r5-v1,,excluded_precomputed,,True,,,fresh_retrieval,3.495486453175545e-05,0.0002675889991223,4.1167251765728e-05,0.0003542071208357,0.0011648461222648,measured_excluding_encoding,"[6, 3, 11, 13, 9, 3, 7]","[4, 3, 3, 3, 5, 3, 2]",Python/PACS_dC,3.11.15,,,<paper>/revision_campaign_20260914/default/amazon/default.csv,
13,PBS-unbounded,1,feasible,complete,1,1,returned,0,,45,1.0,1.0,1.0,0.0022912588901817,0.0031018978916108,743.0,1,0,0.0,0.0,0.0,0.0,52.0,23.0,45,1.0,0.0022904877550899,0.0,52.0,7.0,1.0,0.000810639001429,True,,,,,,,,,True,completed,all_reduced_candidates,"[4, 3, 3, 3, 5, 3, 2]",2.5931745767593384e-05,solver final filtering and index remapping; caller metric conversion excluded,r5-v1,,excluded_precomputed,,True,,,fresh_retrieval,4.864716902375221e-05,0.0019399216398596,0.0002767583355307,0.0022912588901817,0.0031018978916108,measured_excluding_encoding,"[6, 3, 11, 13, 9, 3, 7]","[4, 3, 3, 3, 5, 3, 2]",Python/PBS-unbounded,3.11.15,,,<paper>/revision_campaign_20260914/default/amazon/default.csv,
13,PTS,1,feasible,complete,1,1,returned,0,,45,1.0,1.0,1.0,0.0052932137623429,0.006103852763772,1940.0,1,0,0.0,0.0,0.0,0.0,52.0,23.0,45,1.0,0.0022904877550899,0.0,52.0,7.0,1.0,0.000810639001429,True,,,,,,,500.0,,True,completed,fixed_candidate_tree,"[4, 3, 3, 3, 5, 3, 2]",3.551458939909935e-05,solver final filtering and index remapping; caller metric conversion excluded,r5-v1,,excluded_precomputed,,True,,,fresh_retrieval,3.138231113553047e-05,0.0050506088882684,0.0001757079735398,0.0052932137623429,0.006103852763772,measured_excluding_encoding,"[6, 3, 11, 13, 9, 3, 7]","[4, 3, 3, 3, 5, 3, 2]",Python/DFS,3.11.15,,,<paper>/revision_campaign_20260914/default/amazon/default.csv,
13,eps-ILP g=2,1,feasible,complete,1,1,returned,0,5.0,2,0.0444444444444444,0.357504963311993,0.0444444444444444,0.0268194419331848,0.0276300809346139,260.0,5,0,0.0,0.0,2.0,0.0,,,45,1.0,0.0022904877550899,0.0,52.0,7.0,1.0,0.000810639001429,,,,,,,,,,True,grid_complete,configured_grid,,1.430092379450798e-05,solver final filtering and index remapping; caller metric conversion excluded,r5-v1,,excluded_precomputed,,True,,,fresh_retrieval,0.0,0.026785833761096,1.9307248294353485e-05,0.0268194419331848,0.0276300809346139,measured_excluding_encoding,"[6, 3, 11, 13, 9, 3, 7]","[6, 3, 11, 13, 9, 3, 7]",scipy.optimize.milp/HiGHS,1.17.1,1.12.0,1.0,<paper>/revision_campaign_20260914/default/amazon/default.csv,
13,eps-ILP g=4,1,feasible,complete,1,1,returned,0,17.0,6,0.1333333333333333,0.5491594353758057,0.1333333333333333,0.0799420797266066,0.0807527187280356,884.0,17,0,0.0,0.0,4.0,0.0,,,45,1.0,0.0022904877550899,0.0,52.0,7.0,1.0,0.000810639001429,,,,,,,,,,True,grid_complete,configured_grid,,1.4730729162693024e-05,solver final filtering and index remapping; caller metric conversion excluded,r5-v1,,excluded_precomputed,,True,,,fresh_retrieval,0.0,0.0798742170445621,5.313195288181305e-05,0.0799420797266066,0.0807527187280356,measured_excluding_encoding,"[6, 3, 11, 13, 9, 3, 7]","[6, 3, 11, 13, 9, 3, 7]",scipy.optimize.milp/HiGHS,1.17.1,1.12.0,1.0,<paper>/revision_campaign_20260914/default/amazon/default.csv,
13,eps-ILP g=8,1,feasible,complete,1,1,returned,0,65.0,14,0.3111111111111111,0.9139201423876554,0.3111111111111111,0.3066744948737323,0.3074851338751614,3380.0,65,0,0.0,0.0,10.0,0.0,,,45,1.0,0.0022904877550899,0.0,52.0,7.0,1.0,0.000810639001429,,,,,,,,,,True,grid_complete,configured_grid,,1.890677958726883e-05,solver final filtering and index remapping; caller metric conversion excluded,r5-v1,,excluded_precomputed,,True,,,fresh_retrieval,0.0,0.3062260551378131,0.0004295329563319,0.3066744948737323,0.3074851338751614,measured_excluding_encoding,"[6, 3, 11, 13, 9, 3, 7]","[6, 3, 11, 13, 9, 3, 7]",scipy.optimize.milp/HiGHS,1.17.1,1.12.0,1.0,<paper>/revision_campaign_20260914/default/amazon/default.csv,
13,eps-ILP g=16,1,feasible,complete,1,1,returned,0,257.0,29,0.6444444444444445,0.9819321172522688,0.6444444444444445,1.2259574439376593,1.2267680829390883,13364.0,257,0,0.0,0.0,29.0,0.0,,,45,1.0,0.0022904877550899,0.0,52.0,7.0,1.0,0.000810639001429,,,,,,,,,,True,grid_complete,configured_grid,,3.806315362453461e-05,solver final filtering and index remapping; caller metric conversion excluded,r5-v1,,excluded_precomputed,,True,,,fresh_retrieval,0.0,1.2198116998188198,0.0061076809652149,1.2259574439376593,1.2267680829390883,measured_excluding_encoding,"[6, 3, 11, 13, 9, 3, 7]","[6, 3, 11, 13, 9, 3, 7]",scipy.optimize.milp/HiGHS,1.17.1,1.12.0,1.0,<paper>/revision_campaign_20260914/default/amazon/default.csv,
13,PBF,1,feasible,complete,1,1,returned,0,,45,1.0,1.0,1.0,0.6133676329627633,0.6141782719641924,3405402.0,1,0,0.0,0.0,0.0,0.0,,,45,1.0,0.0022904877550899,0.0,52.0,7.0,1.0,0.000810639001429,True,,,,,,,,,True,complete,full_input,,0.6133676329627633,solver final filtering and index remapping; caller metric conversion excluded,r5-v1,,excluded_precomputed,,True,,,fresh_retrieval,,,,0.6133676329627633,0.6141782719641924,measured_excluding_encoding,"[6, 3, 11, 13, 9, 3, 7]",,Python/PBF,3.11.15,,,<paper>/revision_campaign_20260914/default/amazon/default.csv,
14,PACS,1,feasible,complete,1,1,returned,0,,15,0.4545454545454545,0.9311859992336284,0.4545454545454545,0.0032119611278176,0.00422631110996,1221.0,1,0,0.0,0.0,0.0,0.0,288.0,34.0,33,1.0,0.0033770459704101,0.0,288.0,5.0,1.0,0.0010143499821424,False,,,,,,,,,True,completed,beam_search,"[2, 14, 7, 5, 6]",3.6191195249557495e-05,solver final filtering and index remapping; caller metric conversion excluded,r5-v1,,excluded_precomputed,,True,,,fresh_retrieval,0.0002099298872053,0.0026583522558212,0.0003074877895414,0.0032119611278176,0.00422631110996,measured_excluding_encoding,"[2, 207, 56, 6, 17]","[2, 14, 7, 5, 6]",Python/PACS+,3.11.15,,,<paper>/revision_campaign_20260914/default/amazon/default.csv,
14,PACS_dC,1,feasible,complete,1,1,returned,0,,28,0.8181818181818182,0.9976586394960112,0.8181818181818182,0.0011387839913368,0.0021531339734792,568.0,1,0,0.0,0.0,0.0,0.0,,,33,1.0,0.0033770459704101,0.0,288.0,5.0,1.0,0.0010143499821424,False,,,,,,,,,True,completed,beam_search,"[2, 14, 7, 5, 6]",1.2094154953956604e-05,solver final filtering and index remapping; caller metric conversion excluded,r5-v1,,excluded_precomputed,,True,,,fresh_retrieval,0.0001711579971015,0.0008603488095104,9.518302977085114e-05,0.0011387839913368,0.0021531339734792,measured_excluding_encoding,"[2, 207, 56, 6, 17]","[2, 14, 7, 5, 6]",Python/PACS_dC,3.11.15,,,<paper>/revision_campaign_20260914/default/amazon/default.csv,
14,PBS-unbounded,1,feasible,complete,1,1,returned,0,,33,1.0,1.0,1.0,0.0032587391324341,0.0042730891145765,1251.0,1,0,0.0,0.0,0.0,0.0,288.0,34.0,33,1.0,0.0033770459704101,0.0,288.0,5.0,1.0,0.0010143499821424,True,,,,,,,,,True,completed,all_reduced_candidates,"[2, 14, 7, 5, 6]",3.5602133721113205e-05,solver final filtering and index remapping; caller metric conversion excluded,r5-v1,,excluded_precomputed,,True,,,fresh_retrieval,0.0001705628819763,0.0026205210015177,0.0004320531152188,0.0032587391324341,0.0042730891145765,measured_excluding_encoding,"[2, 207, 56, 6, 17]","[2, 14, 7, 5, 6]",Python/PBS-unbounded,3.11.15,,,<paper>/revision_campaign_20260914/default/amazon/default.csv,
14,PTS,1,feasible,complete,1,1,returned,0,,33,1.0,1.0,1.0,0.003352812025696,0.0043671620078384,1162.0,1,0,0.0,0.0,0.0,0.0,288.0,34.0,33,1.0,0.0033770459704101,0.0,288.0,5.0,1.0,0.0010143499821424,True,,,,,,,500.0,,True,completed,fixed_candidate_tree,"[2, 14, 7, 5, 6]",3.182189539074898e-05,solver final filtering and index remapping; caller metric conversion excluded,r5-v1,,excluded_precomputed,,True,,,fresh_retrieval,0.0001722620800137,0.0030215922743082,0.0001271357759833,0.003352812025696,0.0043671620078384,measured_excluding_encoding,"[2, 207, 56, 6, 17]","[2, 14, 7, 5, 6]",Python/DFS,3.11.15,,,<paper>/revision_campaign_20260914/default/amazon/default.csv,
14,eps-ILP g=2,1,feasible,complete,1,1,returned,0,5.0,2,0.0606060606060606,0.4344771752981549,0.0606060606060606,0.0444757440127432,0.0454900939948856,1440.0,5,0,0.0,0.0,2.0,0.0,,,33,1.0,0.0033770459704101,0.0,288.0,5.0,1.0,0.0010143499821424,,,,,,,,,,True,grid_complete,configured_grid,,1.5038996934890749e-05,solver final filtering and index remapping; caller metric conversion excluded,r5-v1,,excluded_precomputed,,True,,,fresh_retrieval,0.0,0.0444420431740582,1.866184175014496e-05,0.0444757440127432,0.0454900939948856,measured_excluding_encoding,"[2, 207, 56, 6, 17]","[2, 207, 56, 6, 17]",scipy.optimize.milp/HiGHS,1.17.1,1.12.0,1.0,<paper>/revision_campaign_20260914/default/amazon/default.csv,
14,eps-ILP g=4,1,feasible,complete,1,1,returned,0,17.0,6,0.1818181818181818,0.8105903552400648,0.1818181818181818,0.177147779148072,0.1781621291302144,4896.0,17,0,0.0,0.0,4.0,0.0,,,33,1.0,0.0033770459704101,0.0,288.0,5.0,1.0,0.0010143499821424,,,,,,,,,,True,grid_complete,configured_grid,,1.5805009752511978e-05,solver final filtering and index remapping; caller metric conversion excluded,r5-v1,,excluded_precomputed,,True,,,fresh_retrieval,0.0,0.1770760798826813,5.589425563812256e-05,0.177147779148072,0.1781621291302144,measured_excluding_encoding,"[2, 207, 56, 6, 17]","[2, 207, 56, 6, 17]",scipy.optimize.milp/HiGHS,1.17.1,1.12.0,1.0,<paper>/revision_campaign_20260914/default/amazon/default.csv,
14,eps-ILP g=8,1,feasible,complete,1,1,returned,0,65.0,7,0.2121212121212121,0.7227358265423737,0.2121212121212121,0.7065622597001493,0.7075766096822917,18720.0,65,0,0.0,0.0,16.0,0.0,,,33,1.0,0.0033770459704101,0.0,288.0,5.0,1.0,0.0010143499821424,,,,,,,,,,True,grid_complete,configured_grid,,1.9994564354419708e-05,solver final filtering and index remapping; caller metric conversion excluded,r5-v1,,excluded_precomputed,,True,,,fresh_retrieval,0.0,0.7061953120864928,0.0003469530493021,0.7065622597001493,0.7075766096822917,measured_excluding_encoding,"[2, 207, 56, 6, 17]","[2, 207, 56, 6, 17]",scipy.optimize.milp/HiGHS,1.17.1,1.12.0,1.0,<paper>/revision_campaign_20260914/default/amazon/default.csv,
14,eps-ILP g=16,1,feasible,complete,1,1,returned,0,257.0,10,0.303030303030303,0.8469255838863624,0.303030303030303,2.77152687497437,2.7725412249565125,74016.0,257,0,0.0,0.0,64.0,0.0,,,33,1.0,0.0033770459704101,0.0,288.0,5.0,1.0,0.0010143499821424,,,,,,,,,,True,grid_complete,configured_grid,,3.481702879071236e-05,solver final filtering and index remapping; caller metric conversion excluded,r5-v1,,excluded_precomputed,,True,,,fresh_retrieval,0.0,2.767039804253727,0.004452253691852,2.77152687497437,2.7725412249565125,measured_excluding_encoding,"[2, 207, 56, 6, 17]","[2, 207, 56, 6, 17]",scipy.optimize.milp/HiGHS,1.17.1,1.12.0,1.0,<paper>/revision_campaign_20260914/default/amazon/default.csv,
14,PBF,1,feasible,complete,1,1,returned,0,,33,1.0,1.0,1.0,4.090541020967066,4.091555370949209,11823840.0,1,0,0.0,0.0,0.0,0.0,,,33,1.0,0.0033770459704101,0.0,288.0,5.0,1.0,0.0010143499821424,True,,,,,,,,,True,complete,full_input,,4.090541020967066,solver final filtering and index remapping; caller metric conversion excluded,r5-v1,,excluded_precomputed,,True,,,fresh_retrieval,,,,4.090541020967066,4.091555370949209,measured_excluding_encoding,"[2, 207, 56, 6, 17]",,Python/PBF,3.11.15,,,<paper>/revision_campaign_20260914/default/amazon/default.csv,
15,PACS,1,feasible,complete,1,1,returned,0,,45,1.0,1.0,1.0,0.0008783866651356,0.0017081433907151,285.0,1,0,0.0,0.0,0.0,0.0,56.0,26.0,45,1.0,0.000852006021887,0.0,56.0,4.0,1.0,0.0008297567255795,True,,,,,,,,,True,completed,all_reduced_candidates,"[9, 4, 6, 7]",1.803599298000336e-05,solver final filtering and index remapping; caller metric conversion excluded,r5-v1,,excluded_precomputed,,True,,,fresh_retrieval,5.19496388733387e-05,0.0006015379913151,0.0002068630419671,0.0008783866651356,0.0017081433907151,measured_excluding_encoding,"[24, 9, 9, 14]","[9, 4, 6, 7]",Python/PACS+,3.11.15,,,<paper>/revision_campaign_20260914/default/amazon/default.csv,
15,PACS_dC,1,feasible,complete,1,1,returned,0,,23,0.4444444444444444,0.9497896850913148,0.4444444444444444,0.0003855358809232,0.0012152926065027,105.0,1,0,0.0,0.0,0.0,0.0,,,45,1.0,0.000852006021887,0.0,56.0,4.0,1.0,0.0008297567255795,False,,,,,,,,,True,completed,beam_search,"[9, 4, 6, 7]",1.2195669114589691e-05,solver final filtering and index remapping; caller metric conversion excluded,r5-v1,,excluded_precomputed,,True,,,fresh_retrieval,3.844033926725388e-05,0.0002566976472735,7.820222526788712e-05,0.0003855358809232,0.0012152926065027,measured_excluding_encoding,"[24, 9, 9, 14]","[9, 4, 6, 7]",Python/PACS_dC,3.11.15,,,<paper>/revision_campaign_20260914/default/amazon/default.csv,
15,PBS-unbounded,1,feasible,complete,1,1,returned,0,,45,1.0,1.0,1.0,0.0008318223990499,0.0016615791246294,285.0,1,0,0.0,0.0,0.0,0.0,56.0,26.0,45,1.0,0.000852006021887,0.0,56.0,4.0,1.0,0.0008297567255795,True,,,,,,,,,True,completed,all_reduced_candidates,"[9, 4, 6, 7]",1.89892016351223e-05,solver final filtering and index remapping; caller metric conversion excluded,r5-v1,,excluded_precomputed,,True,,,fresh_retrieval,3.751087933778763e-05,0.0005809012800455,0.0001944210380315,0.0008318223990499,0.0016615791246294,measured_excluding_encoding,"[24, 9, 9, 14]","[9, 4, 6, 7]",Python/PBS-unbounded,3.11.15,,,<paper>/revision_campaign_20260914/default/amazon/default.csv,
15,PTS,1,feasible,complete,1,1,returned,0,,45,1.0,1.0,1.0,0.0022381730377674,0.0030679297633469,669.0,1,0,0.0,0.0,0.0,0.0,56.0,26.0,45,1.0,0.000852006021887,0.0,56.0,4.0,1.0,0.0008297567255795,True,,,,,,,500.0,,True,completed,fixed_candidate_tree,"[9, 4, 6, 7]",2.5515910238027573e-05,solver final filtering and index remapping; caller metric conversion excluded,r5-v1,,excluded_precomputed,,True,,,fresh_retrieval,3.474904224276543e-05,0.0019438550807535,0.000234053004533,0.0022381730377674,0.0030679297633469,measured_excluding_encoding,"[24, 9, 9, 14]","[9, 4, 6, 7]",Python/DFS,3.11.15,,,<paper>/revision_campaign_20260914/default/amazon/default.csv,
15,eps-ILP g=2,1,feasible,complete,1,1,returned,0,5.0,2,0.0444444444444444,0.2796967708059198,0.0444444444444444,0.0271894866600632,0.0280192433856427,280.0,5,0,0.0,0.0,2.0,0.0,,,45,1.0,0.000852006021887,0.0,56.0,4.0,1.0,0.0008297567255795,,,,,,,,,,True,grid_complete,configured_grid,,1.66366808116436e-05,solver final filtering and index remapping; caller metric conversion excluded,r5-v1,,excluded_precomputed,,True,,,fresh_retrieval,0.0,0.0271558468230068,1.700315624475479e-05,0.0271894866600632,0.0280192433856427,measured_excluding_encoding,"[24, 9, 9, 14]","[24, 9, 9, 14]",scipy.optimize.milp/HiGHS,1.17.1,1.12.0,1.0,<paper>/revision_campaign_20260914/default/amazon/default.csv,
15,eps-ILP g=4,1,feasible,complete,1,1,returned,0,17.0,7,0.1555555555555555,0.7344341302644001,0.1555555555555555,0.1028894209302961,0.1037191776558756,952.0,17,0,0.0,0.0,4.0,0.0,,,45,1.0,0.000852006021887,0.0,56.0,4.0,1.0,0.0008297567255795,,,,,,,,,,True,grid_complete,configured_grid,,1.5541911125183105e-05,solver final filtering and index remapping; caller metric conversion excluded,r5-v1,,excluded_precomputed,,True,,,fresh_retrieval,0.0,0.1028223037719726,5.157524719834328e-05,0.1028894209302961,0.1037191776558756,measured_excluding_encoding,"[24, 9, 9, 14]","[24, 9, 9, 14]",scipy.optimize.milp/HiGHS,1.17.1,1.12.0,1.0,<paper>/revision_campaign_20260914/default/amazon/default.csv,
15,eps-ILP g=8,1,feasible,complete,1,1,returned,0,65.0,14,0.3111111111111111,0.9246449904348912,0.3111111111111111,0.393311183899641,0.3941409406252205,3640.0,65,0,0.0,0.0,8.0,0.0,,,45,1.0,0.000852006021887,0.0,56.0,4.0,1.0,0.0008297567255795,,,,,,,,,,True,grid_complete,configured_grid,,1.9925180822610852e-05,solver final filtering and index remapping; caller metric conversion excluded,r5-v1,,excluded_precomputed,,True,,,fresh_retrieval,0.0,0.3928417218849063,0.0004495368339121,0.393311183899641,0.3941409406252205,measured_excluding_encoding,"[24, 9, 9, 14]","[24, 9, 9, 14]",scipy.optimize.milp/HiGHS,1.17.1,1.12.0,1.0,<paper>/revision_campaign_20260914/default/amazon/default.csv,
15,eps-ILP g=16,1,feasible,complete,1,1,returned,0,257.0,26,0.5777777777777777,0.9713466437798308,0.5777777777777777,1.5601816601119936,1.561011416837573,14392.0,257,0,0.0,0.0,30.0,0.0,,,45,1.0,0.000852006021887,0.0,56.0,4.0,1.0,0.0008297567255795,,,,,,,,,,True,grid_complete,configured_grid,,3.4858472645282745e-05,solver final filtering and index remapping; caller metric conversion excluded,r5-v1,,excluded_precomputed,,True,,,fresh_retrieval,0.0,1.5542016248218715,0.0059451768174767,1.5601816601119936,1.561011416837573,measured_excluding_encoding,"[24, 9, 9, 14]","[24, 9, 9, 14]",scipy.optimize.milp/HiGHS,1.17.1,1.12.0,1.0,<paper>/revision_campaign_20260914/default/amazon/default.csv,
15,PBF,1,feasible,complete,1,1,returned,0,,45,1.0,1.0,1.0,0.0183401308022439,0.0191698875278234,108864.0,1,0,0.0,0.0,0.0,0.0,,,45,1.0,0.000852006021887,0.0,56.0,4.0,1.0,0.0008297567255795,True,,,,,,,,,True,complete,full_input,,0.0183401308022439,solver final filtering and index remapping; caller metric conversion excluded,r5-v1,,excluded_precomputed,,True,,,fresh_retrieval,,,,0.0183401308022439,0.0191698875278234,measured_excluding_encoding,"[24, 9, 9, 14]",,Python/PBF,3.11.15,,,<paper>/revision_campaign_20260914/default/amazon/default.csv,
16,PACS,1,feasible,complete,1,1,returned,0,,38,0.3870967741935484,0.8845266218339437,0.3870967741935484,0.0048298658803105,0.0058697778731584,1696.0,1,0,0.0,0.0,0.0,0.0,335.0,43.0,93,1.0,0.006430828012526,0.0,335.0,6.0,1.0,0.0010399119928479,False,,,,,,,,,True,completed,beam_search,"[8, 8, 13, 6, 3, 5]",3.89530323445797e-05,solver final filtering and index remapping; caller metric conversion excluded,r5-v1,,excluded_precomputed,,True,,,fresh_retrieval,0.0002567810006439,0.0042068432085216,0.0003272886388003,0.0048298658803105,0.0058697778731584,measured_excluding_encoding,"[49, 37, 211, 17, 15, 6]","[8, 8, 13, 6, 3, 5]",Python/PACS+,3.11.15,,,<paper>/revision_campaign_20260914/default/amazon/default.csv,
16,PACS_dC,1,feasible,complete,1,1,returned,0,,38,0.3548387096774194,0.8349002851293886,0.3548387096774194,0.0019987472333014,0.0030386592261493,827.0,1,0,0.0,0.0,0.0,0.0,,,93,1.0,0.006430828012526,0.0,335.0,6.0,1.0,0.0010399119928479,False,,,,,,,,,True,completed,beam_search,"[8, 8, 13, 6, 3, 5]",1.4273915439844131e-05,solver final filtering and index remapping; caller metric conversion excluded,r5-v1,,excluded_precomputed,,True,,,fresh_retrieval,0.0002029724419116,0.0016513979062438,0.000130102969706,0.0019987472333014,0.0030386592261493,measured_excluding_encoding,"[49, 37, 211, 17, 15, 6]","[8, 8, 13, 6, 3, 5]",Python/PACS_dC,3.11.15,,,<paper>/revision_campaign_20260914/default/amazon/default.csv,
16,PBS-unbounded,1,feasible,complete,1,1,returned,0,,93,1.0,1.0,1.0,0.0058461111038923,0.0068860230967402,2155.0,1,0,0.0,0.0,0.0,0.0,335.0,43.0,93,1.0,0.006430828012526,0.0,335.0,6.0,1.0,0.0010399119928479,True,,,,,,,,,True,completed,all_reduced_candidates,"[8, 8, 13, 6, 3, 5]",4.449533298611641e-05,solver final filtering and index remapping; caller metric conversion excluded,r5-v1,,excluded_precomputed,,True,,,fresh_retrieval,0.0002322820946574,0.0049241948872804,0.0006451387889683,0.0058461111038923,0.0068860230967402,measured_excluding_encoding,"[49, 37, 211, 17, 15, 6]","[8, 8, 13, 6, 3, 5]",Python/PBS-unbounded,3.11.15,,,<paper>/revision_campaign_20260914/default/amazon/default.csv,
16,PTS,1,feasible,complete,1,1,returned,0,,49,0.4946236559139785,0.9363087920017134,0.4946236559139785,0.0075435698963701,0.008583481889218,2428.0,1,0,0.0,0.0,0.0,0.0,335.0,43.0,93,1.0,0.006430828012526,0.0,335.0,6.0,1.0,0.0010399119928479,False,,,,,,,500.0,,False,iteration_limit,fixed_candidate_tree,"[8, 8, 13, 6, 3, 5]",4.76897694170475e-05,solver final filtering and index remapping; caller metric conversion excluded,r5-v1,,excluded_precomputed,,True,,,fresh_retrieval,0.0002082232385873,0.0070968139916658,0.0001908428966999,0.0075435698963701,0.008583481889218,measured_excluding_encoding,"[49, 37, 211, 17, 15, 6]","[8, 8, 13, 6, 3, 5]",Python/DFS,3.11.15,,,<paper>/revision_campaign_20260914/default/amazon/default.csv,
16,eps-ILP g=2,1,feasible,complete,1,1,returned,0,5.0,2,0.021505376344086,0.4391265199214492,0.021505376344086,0.0531082251109182,0.0541481371037662,1675.0,5,0,0.0,0.0,2.0,0.0,,,93,1.0,0.006430828012526,0.0,335.0,6.0,1.0,0.0010399119928479,,,,,,,,,,True,grid_complete,configured_grid,,1.5700235962867737e-05,solver final filtering and index remapping; caller metric conversion excluded,r5-v1,,excluded_precomputed,,True,,,fresh_retrieval,0.0,0.0530733116902411,1.921318471431732e-05,0.0531082251109182,0.0541481371037662,measured_excluding_encoding,"[49, 37, 211, 17, 15, 6]","[49, 37, 211, 17, 15, 6]",scipy.optimize.milp/HiGHS,1.17.1,1.12.0,1.0,<paper>/revision_campaign_20260914/default/amazon/default.csv,
16,eps-ILP g=4,1,feasible,complete,1,1,returned,0,17.0,3,0.032258064516129,0.4416420200062981,0.032258064516129,0.185876855161041,0.1869167671538889,5695.0,17,0,0.0,0.0,4.0,0.0,,,93,1.0,0.006430828012526,0.0,335.0,6.0,1.0,0.0010399119928479,,,,,,,,,,True,grid_complete,configured_grid,,1.8017366528511047e-05,solver final filtering and index remapping; caller metric conversion excluded,r5-v1,,excluded_precomputed,,True,,,fresh_retrieval,0.0,0.1858054799959063,5.33577986061573e-05,0.185876855161041,0.1869167671538889,measured_excluding_encoding,"[49, 37, 211, 17, 15, 6]","[49, 37, 211, 17, 15, 6]",scipy.optimize.milp/HiGHS,1.17.1,1.12.0,1.0,<paper>/revision_campaign_20260914/default/amazon/default.csv,
16,eps-ILP g=8,1,feasible,complete,1,1,returned,0,65.0,9,0.0967741935483871,0.7951782020893055,0.0967741935483871,0.7809921731241047,0.7820320851169527,21775.0,65,0,0.0,0.0,8.0,0.0,,,93,1.0,0.006430828012526,0.0,335.0,6.0,1.0,0.0010399119928479,,,,,,,,,,True,grid_complete,configured_grid,,3.14260832965374e-05,solver final filtering and index remapping; caller metric conversion excluded,r5-v1,,excluded_precomputed,,True,,,fresh_retrieval,0.0,0.7804890060797334,0.0004717409610748,0.7809921731241047,0.7820320851169527,measured_excluding_encoding,"[49, 37, 211, 17, 15, 6]","[49, 37, 211, 17, 15, 6]",scipy.optimize.milp/HiGHS,1.17.1,1.12.0,1.0,<paper>/revision_campaign_20260914/default/amazon/default.csv,
16,eps-ILP g=16,1,feasible,complete,1,1,returned,0,257.0,21,0.2258064516129032,0.91911753458116,0.2258064516129032,3.2105949502438307,3.2116348622366786,86095.0,257,0,0.0,0.0,16.0,0.0,,,93,1.0,0.006430828012526,0.0,335.0,6.0,1.0,0.0010399119928479,,,,,,,,,,True,grid_complete,configured_grid,,5.158549174666405e-05,solver final filtering and index remapping; caller metric conversion excluded,r5-v1,,excluded_precomputed,,True,,,fresh_retrieval,0.0,3.203824761789292,0.0067186029627919,3.2105949502438307,3.2116348622366786,measured_excluding_encoding,"[49, 37, 211, 17, 15, 6]","[49, 37, 211, 17, 15, 6]",scipy.optimize.milp/HiGHS,1.17.1,1.12.0,1.0,<paper>/revision_campaign_20260914/default/amazon/default.csv,
16,PBF,0,feasible,complete,1,1,work_limit,0,,0,0.0,0.0,0.0,2.2375956177711487e-05,0.0010622879490256,0.0,1,0,0.0,0.0,0.0,0.0,,,93,1.0,0.006430828012526,0.0,335.0,6.0,1.0,0.0010399119928479,False,,,,,,,,,False,combination_limit,full_input,,2.2375956177711487e-05,solver final filtering and index remapping; caller metric conversion excluded,r5-v1,,excluded_precomputed,,True,,,fresh_retrieval,,,,2.2375956177711487e-05,0.0010622879490256,measured_excluding_encoding,"[49, 37, 211, 17, 15, 6]",,Python/PBF,3.11.15,,,<paper>/revision_campaign_20260914/default/amazon/default.csv,
17,PACS,1,feasible,complete,1,1,returned,0,,56,0.2916666666666667,0.8378470519493996,0.2916666666666667,0.0092636779882013,0.0104040061123669,2785.0,1,0,0.0,0.0,0.0,0.0,364.0,53.0,192,1.0,0.0126408319920301,0.0,364.0,5.0,1.0,0.0011403281241655,False,,,,,,,,,True,completed,beam_search,"[11, 8, 14, 8, 12]",7.230788469314575e-05,solver final filtering and index remapping; caller metric conversion excluded,r5-v1,,excluded_precomputed,,True,,,fresh_retrieval,0.0002513458020985,0.0085913180373609,0.0003487062640488,0.0092636779882013,0.0104040061123669,measured_excluding_encoding,"[58, 24, 185, 15, 82]","[11, 8, 14, 8, 12]",Python/PACS+,3.11.15,,,<paper>/revision_campaign_20260914/default/amazon/default.csv,
17,PACS_dC,1,feasible,complete,1,1,returned,0,,100,0.046875,0.4647263439059276,0.046875,0.0024904478341341,0.0036307759582996,1295.0,1,0,0.0,0.0,0.0,0.0,,,192,1.0,0.0126408319920301,0.0,364.0,5.0,1.0,0.0011403281241655,False,,,,,,,,,True,completed,beam_search,"[11, 8, 14, 8, 12]",2.2443942725658417e-05,solver final filtering and index remapping; caller metric conversion excluded,r5-v1,,excluded_precomputed,,True,,,fresh_retrieval,0.0002107708714902,0.0019098073244094,0.0003474256955087,0.0024904478341341,0.0036307759582996,measured_excluding_encoding,"[58, 24, 185, 15, 82]","[11, 8, 14, 8, 12]",Python/PACS_dC,3.11.15,,,<paper>/revision_campaign_20260914/default/amazon/default.csv,
17,PBS-unbounded,1,feasible,complete,1,1,returned,0,,192,1.0,1.0,1.0,0.0119543820619583,0.0130947101861238,4613.0,1,0,0.0,0.0,0.0,0.0,364.0,53.0,192,1.0,0.0126408319920301,0.0,364.0,5.0,1.0,0.0011403281241655,True,,,,,,,,,True,completed,all_reduced_candidates,"[11, 8, 14, 8, 12]",8.56560654938221e-05,solver final filtering and index remapping; caller metric conversion excluded,r5-v1,,excluded_precomputed,,True,,,fresh_retrieval,0.00023835292086,0.0107758152298629,0.0008545578457415,0.0119543820619583,0.0130947101861238,measured_excluding_encoding,"[58, 24, 185, 15, 82]","[11, 8, 14, 8, 12]",Python/PBS-unbounded,3.11.15,,,<paper>/revision_campaign_20260914/default/amazon/default.csv,
17,PTS,1,feasible,complete,1,1,returned,0,,130,0.0052083333333333,0.5951346327070673,0.0052083333333333,0.0100743817165493,0.0112147098407149,3481.0,1,0,0.0,0.0,0.0,0.0,364.0,53.0,192,1.0,0.0126408319920301,0.0,364.0,5.0,1.0,0.0011403281241655,False,,,,,,,500.0,,False,iteration_limit,fixed_candidate_tree,"[11, 8, 14, 8, 12]",5.679856985807419e-05,solver final filtering and index remapping; caller metric conversion excluded,r5-v1,,excluded_precomputed,,True,,,fresh_retrieval,0.0002460470423102,0.0092794471420347,0.0004920889623463,0.0100743817165493,0.0112147098407149,measured_excluding_encoding,"[58, 24, 185, 15, 82]","[11, 8, 14, 8, 12]",Python/DFS,3.11.15,,,<paper>/revision_campaign_20260914/default/amazon/default.csv,
17,eps-ILP g=2,1,feasible,complete,1,1,returned,0,5.0,2,0.0104166666666666,0.3054823402687469,0.0104166666666666,0.0572965773753821,0.0584369054995477,1820.0,5,0,0.0,0.0,2.0,0.0,,,192,1.0,0.0126408319920301,0.0,364.0,5.0,1.0,0.0011403281241655,,,,,,,,,,True,grid_complete,configured_grid,,1.492723822593689e-05,solver final filtering and index remapping; caller metric conversion excluded,r5-v1,,excluded_precomputed,,True,,,fresh_retrieval,0.0,0.0572620620951056,1.958804205060005e-05,0.0572965773753821,0.0584369054995477,measured_excluding_encoding,"[58, 24, 185, 15, 82]","[58, 24, 185, 15, 82]",scipy.optimize.milp/HiGHS,1.17.1,1.12.0,1.0,<paper>/revision_campaign_20260914/default/amazon/default.csv,
17,eps-ILP g=4,1,feasible,complete,1,1,returned,0,17.0,5,0.0260416666666666,0.3427309352886466,0.0260416666666666,0.226364788133651,0.2275051162578165,6188.0,17,0,0.0,0.0,4.0,0.0,,,192,1.0,0.0126408319920301,0.0,364.0,5.0,1.0,0.0011403281241655,,,,,,,,,,True,grid_complete,configured_grid,,1.7983373254537582e-05,solver final filtering and index remapping; caller metric conversion excluded,r5-v1,,excluded_precomputed,,True,,,fresh_retrieval,0.0,0.2262873887084424,5.941605195403099e-05,0.226364788133651,0.2275051162578165,measured_excluding_encoding,"[58, 24, 185, 15, 82]","[58, 24, 185, 15, 82]",scipy.optimize.milp/HiGHS,1.17.1,1.12.0,1.0,<paper>/revision_campaign_20260914/default/amazon/default.csv,
17,eps-ILP g=8,1,feasible,complete,1,1,returned,0,65.0,22,0.1145833333333333,0.8019784056996329,0.1145833333333333,0.9929142990149558,0.9940546271391212,23660.0,65,0,0.0,0.0,9.0,0.0,,,192,1.0,0.0126408319920301,0.0,364.0,5.0,1.0,0.0011403281241655,,,,,,,,,,True,grid_complete,configured_grid,,2.1686311811208725e-05,solver final filtering and index remapping; caller metric conversion excluded,r5-v1,,excluded_precomputed,,True,,,fresh_retrieval,0.0,0.9924135017208756,0.000479110982269,0.9929142990149558,0.9940546271391212,measured_excluding_encoding,"[58, 24, 185, 15, 82]","[58, 24, 185, 15, 82]",scipy.optimize.milp/HiGHS,1.17.1,1.12.0,1.0,<paper>/revision_campaign_20260914/default/amazon/default.csv,
17,eps-ILP g=16,1,feasible,complete,1,1,returned,0,257.0,55,0.2864583333333333,0.926066165131908,0.2864583333333333,3.8442240301519632,3.8453643582761288,93548.0,257,0,0.0,0.0,31.0,0.0,,,192,1.0,0.0126408319920301,0.0,364.0,5.0,1.0,0.0011403281241655,,,,,,,,,,True,grid_complete,configured_grid,,3.836723044514656e-05,solver final filtering and index remapping; caller metric conversion excluded,r5-v1,,excluded_precomputed,,True,,,fresh_retrieval,0.0,3.838403140194714,0.005782522726804,3.8442240301519632,3.8453643582761288,measured_excluding_encoding,"[58, 24, 185, 15, 82]","[58, 24, 185, 15, 82]",scipy.optimize.milp/HiGHS,1.17.1,1.12.0,1.0,<paper>/revision_campaign_20260914/default/amazon/default.csv,
17,PBF,0,feasible,complete,1,1,work_limit,0,,0,0.0,0.0,0.0,2.506934106349945e-05,0.001165397465229,0.0,1,0,0.0,0.0,0.0,0.0,,,192,1.0,0.0126408319920301,0.0,364.0,5.0,1.0,0.0011403281241655,False,,,,,,,,,False,combination_limit,full_input,,2.506934106349945e-05,solver final filtering and index remapping; caller metric conversion excluded,r5-v1,,excluded_precomputed,,True,,,fresh_retrieval,,,,2.506934106349945e-05,0.001165397465229,measured_excluding_encoding,"[58, 24, 185, 15, 82]",,Python/PBF,3.11.15,,,<paper>/revision_campaign_20260914/default/amazon/default.csv,
18,PACS,1,feasible,complete,1,1,returned,0,,24,0.092,0.7329211856682364,0.0916334661354581,0.0087527660652995,0.0097261029295623,2634.0,1,0,0.0,0.0,0.0,0.0,174.0,50.0,250,1.0,0.0116426860913634,0.0,174.0,6.0,1.0,0.0009733368642628,False,,,,,,,,,True,completed,beam_search,"[3, 8, 5, 2, 30, 2]",2.674432471394539e-05,solver final filtering and index remapping; caller metric conversion excluded,r5-v1,,excluded_precomputed,,True,,,fresh_retrieval,0.0003163586370646,0.0080936760641634,0.0003159870393574,0.0087527660652995,0.0097261029295623,measured_excluding_encoding,"[7, 20, 44, 6, 83, 14]","[3, 8, 5, 2, 30, 2]",Python/PACS+,3.11.15,,,<paper>/revision_campaign_20260914/default/amazon/default.csv,
18,PACS_dC,1,feasible,complete,1,1,returned,0,,100,0.292,0.8511081773363963,0.2908366533864542,0.0032523237168788,0.0042256605811417,1015.0,1,0,0.0,0.0,0.0,0.0,,,250,1.0,0.0116426860913634,0.0,174.0,6.0,1.0,0.0009733368642628,False,,,,,,,,,True,completed,beam_search,"[3, 8, 5, 2, 30, 2]",1.8480699509382248e-05,solver final filtering and index remapping; caller metric conversion excluded,r5-v1,,excluded_precomputed,,True,,,fresh_retrieval,0.0002654697746038,0.0026200441643595,0.000348329078406,0.0032523237168788,0.0042256605811417,measured_excluding_encoding,"[7, 20, 44, 6, 83, 14]","[3, 8, 5, 2, 30, 2]",Python/PACS_dC,3.11.15,,,<paper>/revision_campaign_20260914/default/amazon/default.csv,
18,PBS-unbounded,1,feasible,complete,1,1,returned,0,,250,1.0,1.0,0.99601593625498,0.0116006582975387,0.0125739951618015,3174.0,1,0,0.0,0.0,0.0,0.0,174.0,50.0,250,1.0,0.0116426860913634,0.0,174.0,6.0,1.0,0.0009733368642628,True,,,,,,,,,True,completed,all_reduced_candidates,"[3, 8, 5, 2, 30, 2]",4.726927727460861e-05,solver final filtering and index remapping; caller metric conversion excluded,r5-v1,,excluded_precomputed,,True,,,fresh_retrieval,0.0003022509627044,0.009700521826744,0.0015506162308156,0.0116006582975387,0.0125739951618015,measured_excluding_encoding,"[7, 20, 44, 6, 83, 14]","[3, 8, 5, 2, 30, 2]",Python/PBS-unbounded,3.11.15,,,<paper>/revision_campaign_20260914/default/amazon/default.csv,
18,PTS,1,feasible,complete,1,1,returned,0,,56,0.092,0.7189787271962677,0.0916334661354581,0.0099149337038397,0.0108882705681025,3647.0,1,0,0.0,0.0,0.0,0.0,174.0,50.0,250,1.0,0.0116426860913634,0.0,174.0,6.0,1.0,0.0009733368642628,False,,,,,,,500.0,,False,iteration_limit,fixed_candidate_tree,"[3, 8, 5, 2, 30, 2]",5.243159830570221e-05,solver final filtering and index remapping; caller metric conversion excluded,r5-v1,,excluded_precomputed,,True,,,fresh_retrieval,0.0003039659932255,0.0093508283607661,0.0002077077515423,0.0099149337038397,0.0108882705681025,measured_excluding_encoding,"[7, 20, 44, 6, 83, 14]","[3, 8, 5, 2, 30, 2]",Python/DFS,3.11.15,,,<paper>/revision_campaign_20260914/default/amazon/default.csv,
18,eps-ILP g=2,1,feasible,complete,1,1,returned,0,5.0,2,0.008,0.0851946216747623,0.0079681274900398,0.0308395158499479,0.0318128527142107,870.0,5,0,0.0,0.0,2.0,0.0,,,250,1.0,0.0116426860913634,0.0,174.0,6.0,1.0,0.0009733368642628,,,,,,,,,,True,grid_complete,configured_grid,,1.5236902981996536e-05,solver final filtering and index remapping; caller metric conversion excluded,r5-v1,,excluded_precomputed,,True,,,fresh_retrieval,0.0,0.0308055547066032,1.87242403626442e-05,0.0308395158499479,0.0318128527142107,measured_excluding_encoding,"[7, 20, 44, 6, 83, 14]","[7, 20, 44, 6, 83, 14]",scipy.optimize.milp/HiGHS,1.17.1,1.12.0,1.0,<paper>/revision_campaign_20260914/default/amazon/default.csv,
18,eps-ILP g=4,1,feasible,complete,1,1,returned,0,17.0,6,0.024,0.1645146893245308,0.0239043824701195,0.1289165560156107,0.1298898928798735,2958.0,17,0,0.0,0.0,4.0,0.0,,,250,1.0,0.0116426860913634,0.0,174.0,6.0,1.0,0.0009733368642628,,,,,,,,,,True,grid_complete,configured_grid,,1.6290228813886642e-05,solver final filtering and index remapping; caller metric conversion excluded,r5-v1,,excluded_precomputed,,True,,,fresh_retrieval,0.0,0.1288474160246551,5.284976214170456e-05,0.1289165560156107,0.1298898928798735,measured_excluding_encoding,"[7, 20, 44, 6, 83, 14]","[7, 20, 44, 6, 83, 14]",scipy.optimize.milp/HiGHS,1.17.1,1.12.0,1.0,<paper>/revision_campaign_20260914/default/amazon/default.csv,
18,eps-ILP g=8,1,feasible,complete,1,1,returned,0,65.0,18,0.072,0.7192317075230303,0.0717131474103585,0.5537652899511158,0.5547386268153787,11310.0,65,0,0.0,0.0,8.0,0.0,,,250,1.0,0.0116426860913634,0.0,174.0,6.0,1.0,0.0009733368642628,,,,,,,,,,True,grid_complete,configured_grid,,2.110563218593597e-05,solver final filtering and index remapping; caller metric conversion excluded,r5-v1,,excluded_precomputed,,True,,,fresh_retrieval,0.0,0.5532866702415049,0.000457514077425,0.5537652899511158,0.5547386268153787,measured_excluding_encoding,"[7, 20, 44, 6, 83, 14]","[7, 20, 44, 6, 83, 14]",scipy.optimize.milp/HiGHS,1.17.1,1.12.0,1.0,<paper>/revision_campaign_20260914/default/amazon/default.csv,
18,eps-ILP g=16,1,feasible,complete,1,1,returned,0,257.0,56,0.224,0.9285800562707734,0.2231075697211155,2.3555428902618587,2.356516227126121,44718.0,257,0,0.0,0.0,16.0,0.0,,,250,1.0,0.0116426860913634,0.0,174.0,6.0,1.0,0.0009733368642628,,,,,,,,,,True,grid_complete,configured_grid,,3.5896431654691696e-05,solver final filtering and index remapping; caller metric conversion excluded,r5-v1,,excluded_precomputed,,True,,,fresh_retrieval,0.0,2.3486669627018277,0.0068400311283767,2.3555428902618587,2.356516227126121,measured_excluding_encoding,"[7, 20, 44, 6, 83, 14]","[7, 20, 44, 6, 83, 14]",scipy.optimize.milp/HiGHS,1.17.1,1.12.0,1.0,<paper>/revision_campaign_20260914/default/amazon/default.csv,
18,PBF,1,feasible,complete,1,1,solver_timeout,0,,206,0.004,0.8062082700640475,0.0039840637450199,30.273691239766777,30.27466457663104,93978624.0,1,1,0.0,0.0,0.0,1.0,,,250,1.0,0.0116426860913634,0.0,174.0,6.0,1.0,0.0009733368642628,False,,,,,,,,,False,timeout,full_input,,30.273691239766777,solver final filtering and index remapping; caller metric conversion excluded,r5-v1,,excluded_precomputed,,True,,,fresh_retrieval,,,,30.273691239766777,30.27466457663104,measured_excluding_encoding,"[7, 20, 44, 6, 83, 14]",,Python/PBF,3.11.15,,,<paper>/revision_campaign_20260914/default/amazon/default.csv,
19,PACS,1,feasible,complete,1,1,returned,0,,32,0.2735042735042735,0.7458217210530426,0.2711864406779661,0.004642997868359,0.0056469086557626,1545.0,1,0,0.0,0.0,0.0,0.0,253.0,37.0,117,1.0,0.005616758018732,0.0,253.0,5.0,1.0,0.0010039107874035,False,,,,,,,,,True,completed,beam_search,"[12, 7, 3, 10, 5]",3.8292258977890015e-05,solver final filtering and index remapping; caller metric conversion excluded,r5-v1,,excluded_precomputed,,True,,,fresh_retrieval,0.0001867427490651,0.0040941461920738,0.0003238166682422,0.004642997868359,0.0056469086557626,measured_excluding_encoding,"[166, 19, 6, 52, 10]","[12, 7, 3, 10, 5]",Python/PACS+,3.11.15,,,<paper>/revision_campaign_20260914/default/amazon/default.csv,
19,PACS_dC,1,feasible,complete,1,1,returned,0,,27,0.2222222222222222,0.8666730467151512,0.2203389830508474,0.0008957427926361,0.0018996535800397,310.0,1,0,0.0,0.0,0.0,0.0,,,117,1.0,0.005616758018732,0.0,253.0,5.0,1.0,0.0010039107874035,False,,,,,,,,,True,completed,beam_search,"[12, 7, 3, 10, 5]",1.9055791199207303e-05,solver final filtering and index remapping; caller metric conversion excluded,r5-v1,,excluded_precomputed,,True,,,fresh_retrieval,0.0001877369359135,0.0005945120938122,9.443797171115877e-05,0.0008957427926361,0.0018996535800397,measured_excluding_encoding,"[166, 19, 6, 52, 10]","[12, 7, 3, 10, 5]",Python/PACS_dC,3.11.15,,,<paper>/revision_campaign_20260914/default/amazon/default.csv,
19,PBS-unbounded,1,feasible,complete,1,1,returned,0,,117,1.0,1.0,0.9915254237288136,0.0055590202100574,0.006562930997461,1805.0,1,0,0.0,0.0,0.0,0.0,253.0,37.0,117,1.0,0.005616758018732,0.0,253.0,5.0,1.0,0.0010039107874035,True,,,,,,,,,True,completed,all_reduced_candidates,"[12, 7, 3, 10, 5]",4.805112257599831e-05,solver final filtering and index remapping; caller metric conversion excluded,r5-v1,,excluded_precomputed,,True,,,fresh_retrieval,0.0001855744048953,0.0045441258698701,0.000781268812716,0.0055590202100574,0.006562930997461,measured_excluding_encoding,"[166, 19, 6, 52, 10]","[12, 7, 3, 10, 5]",Python/PBS-unbounded,3.11.15,,,<paper>/revision_campaign_20260914/default/amazon/default.csv,
19,PTS,1,feasible,complete,1,1,returned,0,,98,0.6153846153846154,0.9491772143745796,0.6186440677966102,0.0089374710805714,0.0099413818679749,2305.0,1,0,0.0,0.0,0.0,0.0,253.0,37.0,117,1.0,0.005616758018732,0.0,253.0,5.0,1.0,0.0010039107874035,False,,,,,,,500.0,,False,iteration_limit,fixed_candidate_tree,"[12, 7, 3, 10, 5]",4.851911216974258e-05,solver final filtering and index remapping; caller metric conversion excluded,r5-v1,,excluded_precomputed,,True,,,fresh_retrieval,0.0001776679418981,0.0083417412824928,0.0003695427440106,0.0089374710805714,0.0099413818679749,measured_excluding_encoding,"[166, 19, 6, 52, 10]","[12, 7, 3, 10, 5]",Python/DFS,3.11.15,,,<paper>/revision_campaign_20260914/default/amazon/default.csv,
19,eps-ILP g=2,1,feasible,complete,1,1,returned,0,5.0,3,0.0256410256410256,0.1732090317874863,0.0254237288135593,0.0466724410653114,0.047676351852715,1265.0,5,0,0.0,0.0,1.0,0.0,,,117,1.0,0.005616758018732,0.0,253.0,5.0,1.0,0.0010039107874035,,,,,,,,,,True,grid_complete,configured_grid,,1.5393830835819244e-05,solver final filtering and index remapping; caller metric conversion excluded,r5-v1,,excluded_precomputed,,True,,,fresh_retrieval,0.0,0.0466368370689451,2.021016553044319e-05,0.0466724410653114,0.047676351852715,measured_excluding_encoding,"[166, 19, 6, 52, 10]","[166, 19, 6, 52, 10]",scipy.optimize.milp/HiGHS,1.17.1,1.12.0,1.0,<paper>/revision_campaign_20260914/default/amazon/default.csv,
19,eps-ILP g=4,1,feasible,complete,1,1,returned,0,17.0,7,0.0598290598290598,0.5878310649597629,0.059322033898305,0.1597857200540602,0.1607896308414638,4301.0,17,0,0.0,0.0,3.0,0.0,,,117,1.0,0.005616758018732,0.0,253.0,5.0,1.0,0.0010039107874035,,,,,,,,,,True,grid_complete,configured_grid,,1.603085547685623e-05,solver final filtering and index remapping; caller metric conversion excluded,r5-v1,,excluded_precomputed,,True,,,fresh_retrieval,0.0,0.1597124673426151,5.722185596823692e-05,0.1597857200540602,0.1607896308414638,measured_excluding_encoding,"[166, 19, 6, 52, 10]","[166, 19, 6, 52, 10]",scipy.optimize.milp/HiGHS,1.17.1,1.12.0,1.0,<paper>/revision_campaign_20260914/default/amazon/default.csv,
19,eps-ILP g=8,1,feasible,complete,1,1,returned,0,65.0,16,0.1367521367521367,0.8856931302310328,0.135593220338983,0.6802175529301167,0.6812214637175202,16445.0,65,0,0.0,0.0,5.0,0.0,,,117,1.0,0.005616758018732,0.0,253.0,5.0,1.0,0.0010039107874035,,,,,,,,,,True,grid_complete,configured_grid,,2.056499943137169e-05,solver final filtering and index remapping; caller metric conversion excluded,r5-v1,,excluded_precomputed,,True,,,fresh_retrieval,0.0,0.6796942567452788,0.0005027311854064,0.6802175529301167,0.6812214637175202,measured_excluding_encoding,"[166, 19, 6, 52, 10]","[166, 19, 6, 52, 10]",scipy.optimize.milp/HiGHS,1.17.1,1.12.0,1.0,<paper>/revision_campaign_20260914/default/amazon/default.csv,
19,eps-ILP g=16,1,feasible,complete,1,1,returned,0,257.0,37,0.3162393162393162,0.967010364174944,0.3135593220338983,2.684946452267468,2.685950363054872,65021.0,257,0,0.0,0.0,13.0,0.0,,,117,1.0,0.005616758018732,0.0,253.0,5.0,1.0,0.0010039107874035,,,,,,,,,,True,grid_complete,configured_grid,,3.611436113715172e-05,solver final filtering and index remapping; caller metric conversion excluded,r5-v1,,excluded_precomputed,,True,,,fresh_retrieval,0.0,2.678164293058217,0.0067460448481142,2.684946452267468,2.685950363054872,measured_excluding_encoding,"[166, 19, 6, 52, 10]","[166, 19, 6, 52, 10]",scipy.optimize.milp/HiGHS,1.17.1,1.12.0,1.0,<paper>/revision_campaign_20260914/default/amazon/default.csv,
19,PBF,1,feasible,complete,1,1,returned,0,,117,1.0,1.0,0.9915254237288136,6.952163702342659,6.953167613130063,49202400.0,1,0,0.0,0.0,0.0,0.0,,,117,1.0,0.005616758018732,0.0,253.0,5.0,1.0,0.0010039107874035,True,,,,,,,,,True,complete,full_input,,6.952163702342659,solver final filtering and index remapping; caller metric conversion excluded,r5-v1,,excluded_precomputed,,True,,,fresh_retrieval,,,,6.952163702342659,6.953167613130063,measured_excluding_encoding,"[166, 19, 6, 52, 10]",,Python/PBF,3.11.15,,,<paper>/revision_campaign_20260914/default/amazon/default.csv,
20,PACS,1,feasible,complete,1,1,returned,0,,20,1.0,1.0,1.0,0.0003911848179996,0.0012290137819945,82.0,1,0,0.0,0.0,0.0,0.0,77.0,18.0,20,1.0,0.0003411858342587,0.0,77.0,3.0,1.0,0.0008378289639949,True,,,,,,,,,True,completed,all_reduced_candidates,"[2, 8, 8]",2.0396895706653595e-05,solver final filtering and index remapping; caller metric conversion excluded,r5-v1,,excluded_precomputed,,True,,,fresh_retrieval,6.877724081277847e-05,0.0001934757456183,0.0001085349358618,0.0003911848179996,0.0012290137819945,measured_excluding_encoding,"[6, 42, 29]","[2, 8, 8]",Python/PACS+,3.11.15,,,<paper>/revision_campaign_20260914/default/amazon/default.csv,
20,PACS_dC,1,feasible,complete,1,1,returned,0,,16,0.75,0.8726524363227008,0.75,0.0002576941624283,0.0010955231264233,50.0,1,0,0.0,0.0,0.0,0.0,,,20,1.0,0.0003411858342587,0.0,77.0,3.0,1.0,0.0008378289639949,False,,,,,,,,,True,completed,beam_search,"[2, 8, 8]",1.1447351425886154e-05,solver final filtering and index remapping; caller metric conversion excluded,r5-v1,,excluded_precomputed,,True,,,fresh_retrieval,4.5307911932468414e-05,0.0001442278735339,5.671102553606033e-05,0.0002576941624283,0.0010955231264233,measured_excluding_encoding,"[6, 42, 29]","[2, 8, 8]",Python/PACS_dC,3.11.15,,,<paper>/revision_campaign_20260914/default/amazon/default.csv,
20,PBS-unbounded,1,feasible,complete,1,1,returned,0,,20,1.0,1.0,1.0,0.000320104882121,0.001157933846116,82.0,1,0,0.0,0.0,0.0,0.0,77.0,18.0,20,1.0,0.0003411858342587,0.0,77.0,3.0,1.0,0.0008378289639949,True,,,,,,,,,True,completed,all_reduced_candidates,"[2, 8, 8]",1.2529082596302032e-05,solver final filtering and index remapping; caller metric conversion excluded,r5-v1,,excluded_precomputed,,True,,,fresh_retrieval,4.041101783514023e-05,0.0001735091209411,9.365566074848176e-05,0.000320104882121,0.001157933846116,measured_excluding_encoding,"[6, 42, 29]","[2, 8, 8]",Python/PBS-unbounded,3.11.15,,,<paper>/revision_campaign_20260914/default/amazon/default.csv,
20,PTS,1,feasible,complete,1,1,returned,0,,20,1.0,1.0,1.0,0.0006719450466334,0.0015097740106284,170.0,1,0,0.0,0.0,0.0,0.0,77.0,18.0,20,1.0,0.0003411858342587,0.0,77.0,3.0,1.0,0.0008378289639949,True,,,,,,,500.0,,True,completed,fixed_candidate_tree,"[2, 8, 8]",2.416083589196205e-05,solver final filtering and index remapping; caller metric conversion excluded,r5-v1,,excluded_precomputed,,True,,,fresh_retrieval,4.034396260976792e-05,0.0005324780941009,7.496215403079987e-05,0.0006719450466334,0.0015097740106284,measured_excluding_encoding,"[6, 42, 29]","[2, 8, 8]",Python/DFS,3.11.15,,,<paper>/revision_campaign_20260914/default/amazon/default.csv,
20,eps-ILP g=2,1,feasible,complete,1,1,returned,0,5.0,3,0.15,0.7844010620051867,0.15,0.0271151466295123,0.0279529755935072,385.0,5,0,0.0,0.0,1.0,0.0,,,20,1.0,0.0003411858342587,0.0,77.0,3.0,1.0,0.0008378289639949,,,,,,,,,,True,grid_complete,configured_grid,,1.3784505426883698e-05,solver final filtering and index remapping; caller metric conversion excluded,r5-v1,,excluded_precomputed,,True,,,fresh_retrieval,0.0,0.0270815137773752,1.984834671020508e-05,0.0271151466295123,0.0279529755935072,measured_excluding_encoding,"[6, 42, 29]","[6, 42, 29]",scipy.optimize.milp/HiGHS,1.17.1,1.12.0,1.0,<paper>/revision_campaign_20260914/default/amazon/default.csv,
20,eps-ILP g=4,1,feasible,complete,1,1,returned,0,17.0,5,0.25,0.8871371860869316,0.25,0.0906578879803419,0.0914957169443368,1309.0,17,0,0.0,0.0,2.0,0.0,,,20,1.0,0.0003411858342587,0.0,77.0,3.0,1.0,0.0008378289639949,,,,,,,,,,True,grid_complete,configured_grid,,1.6262754797935486e-05,solver final filtering and index remapping; caller metric conversion excluded,r5-v1,,excluded_precomputed,,True,,,fresh_retrieval,0.0,0.0905825169757008,5.9108249843120575e-05,0.0906578879803419,0.0914957169443368,measured_excluding_encoding,"[6, 42, 29]","[6, 42, 29]",scipy.optimize.milp/HiGHS,1.17.1,1.12.0,1.0,<paper>/revision_campaign_20260914/default/amazon/default.csv,
20,eps-ILP g=8,1,feasible,complete,1,1,returned,0,65.0,8,0.4,0.901483247204276,0.4,0.3955664988607168,0.3964043278247118,5005.0,65,0,0.0,0.0,4.0,0.0,,,20,1.0,0.0003411858342587,0.0,77.0,3.0,1.0,0.0008378289639949,,,,,,,,,,True,grid_complete,configured_grid,,2.2009015083312988e-05,solver final filtering and index remapping; caller metric conversion excluded,r5-v1,,excluded_precomputed,,True,,,fresh_retrieval,0.0,0.3950354047119617,0.0005090851336717,0.3955664988607168,0.3964043278247118,measured_excluding_encoding,"[6, 42, 29]","[6, 42, 29]",scipy.optimize.milp/HiGHS,1.17.1,1.12.0,1.0,<paper>/revision_campaign_20260914/default/amazon/default.csv,
20,eps-ILP g=16,1,feasible,complete,1,1,returned,0,257.0,14,0.7,0.9943402864709944,0.7,1.639004830736667,1.639842659700662,19789.0,257,0,0.0,0.0,9.0,0.0,,,20,1.0,0.0003411858342587,0.0,77.0,3.0,1.0,0.0008378289639949,,,,,,,,,,True,grid_complete,configured_grid,,3.340886905789375e-05,solver final filtering and index remapping; caller metric conversion excluded,r5-v1,,excluded_precomputed,,True,,,fresh_retrieval,0.0,1.6319857449270785,0.0069856769405305,1.639004830736667,1.639842659700662,measured_excluding_encoding,"[6, 42, 29]","[6, 42, 29]",scipy.optimize.milp/HiGHS,1.17.1,1.12.0,1.0,<paper>/revision_campaign_20260914/default/amazon/default.csv,
20,PBF,1,feasible,complete,1,1,returned,0,,20,1.0,1.0,1.0,0.0040854401886463,0.0049232691526412,21924.0,1,0,0.0,0.0,0.0,0.0,,,20,1.0,0.0003411858342587,0.0,77.0,3.0,1.0,0.0008378289639949,True,,,,,,,,,True,complete,full_input,,0.0040854401886463,solver final filtering and index remapping; caller metric conversion excluded,r5-v1,,excluded_precomputed,,True,,,fresh_retrieval,,,,0.0040854401886463,0.0049232691526412,measured_excluding_encoding,"[6, 42, 29]",,Python/PBF,3.11.15,,,<paper>/revision_campaign_20260914/default/amazon/default.csv,
21,PACS,1,feasible,complete,1,1,returned,0,,83,0.4414893617021276,0.9229159284274884,0.4322916666666667,0.0057235131971538,0.0066889175213873,2147.0,1,0,0.0,0.0,0.0,0.0,233.0,43.0,188,1.0,0.006585837341845,0.0,233.0,5.0,1.0,0.0009654043242335,False,,,,,,,,,True,completed,beam_search,"[3, 8, 12, 12, 8]",3.57343815267086e-05,solver final filtering and index remapping; caller metric conversion excluded,r5-v1,,excluded_precomputed,,True,,,fresh_retrieval,0.0001746779307723,0.0051575382240116,0.0003555626608431,0.0057235131971538,0.0066889175213873,measured_excluding_encoding,"[11, 14, 118, 46, 44]","[3, 8, 12, 12, 8]",Python/PACS+,3.11.15,,,<paper>/revision_campaign_20260914/default/amazon/default.csv,
21,PACS_dC,1,feasible,complete,1,1,returned,0,,42,0.0053191489361702,0.6067188178903521,0.015625,0.0013924483209848,0.0023578526452183,675.0,1,0,0.0,0.0,0.0,0.0,,,188,1.0,0.006585837341845,0.0,233.0,5.0,1.0,0.0009654043242335,False,,,,,,,,,True,completed,beam_search,"[3, 8, 12, 12, 8]",1.416914165019989e-05,solver final filtering and index remapping; caller metric conversion excluded,r5-v1,,excluded_precomputed,,True,,,fresh_retrieval,0.0001495690084993,0.0010837260633707,0.0001449841074645,0.0013924483209848,0.0023578526452183,measured_excluding_encoding,"[11, 14, 118, 46, 44]","[3, 8, 12, 12, 8]",Python/PACS_dC,3.11.15,,,<paper>/revision_campaign_20260914/default/amazon/default.csv,
21,PBS-unbounded,1,feasible,complete,1,1,returned,0,,188,1.0,1.0,0.9791666666666666,0.0064536151476204,0.0074190194718539,2851.0,1,0,0.0,0.0,0.0,0.0,233.0,43.0,188,1.0,0.006585837341845,0.0,233.0,5.0,1.0,0.0009654043242335,True,,,,,,,,,True,completed,all_reduced_candidates,"[3, 8, 12, 12, 8]",4.1229184716939926e-05,solver final filtering and index remapping; caller metric conversion excluded,r5-v1,,excluded_precomputed,,True,,,fresh_retrieval,0.0001487252302467,0.0055013787932693,0.0007622819393873,0.0064536151476204,0.0074190194718539,measured_excluding_encoding,"[11, 14, 118, 46, 44]","[3, 8, 12, 12, 8]",Python/PBS-unbounded,3.11.15,,,<paper>/revision_campaign_20260914/default/amazon/default.csv,
21,PTS,1,feasible,complete,1,1,returned,0,,84,0.175531914893617,0.8564104529390167,0.1770833333333333,0.0095384279265999,0.0105038322508335,2683.0,1,0,0.0,0.0,0.0,0.0,233.0,43.0,188,1.0,0.006585837341845,0.0,233.0,5.0,1.0,0.0009654043242335,False,,,,,,,500.0,,False,iteration_limit,fixed_candidate_tree,"[3, 8, 12, 12, 8]",4.78699803352356e-05,solver final filtering and index remapping; caller metric conversion excluded,r5-v1,,excluded_precomputed,,True,,,fresh_retrieval,0.0001642401330173,0.0089875687845051,0.0003387490287423,0.0095384279265999,0.0105038322508335,measured_excluding_encoding,"[11, 14, 118, 46, 44]","[3, 8, 12, 12, 8]",Python/DFS,3.11.15,,,<paper>/revision_campaign_20260914/default/amazon/default.csv,
21,eps-ILP g=2,1,feasible,complete,1,1,returned,0,5.0,2,0.0106382978723404,0.1176997449728636,0.0104166666666666,0.0429241680540144,0.0438895723782479,1165.0,5,0,0.0,0.0,2.0,0.0,,,188,1.0,0.006585837341845,0.0,233.0,5.0,1.0,0.0009654043242335,,,,,,,,,,True,grid_complete,configured_grid,,1.5118159353733064e-05,solver final filtering and index remapping; caller metric conversion excluded,r5-v1,,excluded_precomputed,,True,,,fresh_retrieval,0.0,0.0428906120359897,1.8437858670949936e-05,0.0429241680540144,0.0438895723782479,measured_excluding_encoding,"[11, 14, 118, 46, 44]","[11, 14, 118, 46, 44]",scipy.optimize.milp/HiGHS,1.17.1,1.12.0,1.0,<paper>/revision_campaign_20260914/default/amazon/default.csv,
21,eps-ILP g=4,1,feasible,complete,1,1,returned,0,17.0,4,0.0212765957446808,0.297897078606537,0.0208333333333333,0.2065292298793792,0.2074946342036128,3961.0,17,0,0.0,0.0,4.0,0.0,,,188,1.0,0.006585837341845,0.0,233.0,5.0,1.0,0.0009654043242335,,,,,,,,,,True,grid_complete,configured_grid,,1.6584061086177826e-05,solver final filtering and index remapping; caller metric conversion excluded,r5-v1,,excluded_precomputed,,True,,,fresh_retrieval,0.0,0.2064575026743114,5.5143143981695175e-05,0.2065292298793792,0.2074946342036128,measured_excluding_encoding,"[11, 14, 118, 46, 44]","[11, 14, 118, 46, 44]",scipy.optimize.milp/HiGHS,1.17.1,1.12.0,1.0,<paper>/revision_campaign_20260914/default/amazon/default.csv,
21,eps-ILP g=8,1,feasible,complete,1,1,returned,0,65.0,19,0.101063829787234,0.8046468945111445,0.0989583333333333,0.716266818344593,0.7172322226688266,15145.0,65,0,0.0,0.0,8.0,0.0,,,188,1.0,0.006585837341845,0.0,233.0,5.0,1.0,0.0009654043242335,,,,,,,,,,True,grid_complete,configured_grid,,2.024928107857704e-05,solver final filtering and index remapping; caller metric conversion excluded,r5-v1,,excluded_precomputed,,True,,,fresh_retrieval,0.0,0.7157626058906317,0.0004839631728827,0.716266818344593,0.7172322226688266,measured_excluding_encoding,"[11, 14, 118, 46, 44]","[11, 14, 118, 46, 44]",scipy.optimize.milp/HiGHS,1.17.1,1.12.0,1.0,<paper>/revision_campaign_20260914/default/amazon/default.csv,
21,eps-ILP g=16,1,feasible,complete,1,1,returned,0,257.0,49,0.2606382978723404,0.9338631074219854,0.2552083333333333,3.0138083482161164,3.01477375254035,59881.0,257,0,0.0,0.0,21.0,0.0,,,188,1.0,0.006585837341845,0.0,233.0,5.0,1.0,0.0009654043242335,,,,,,,,,,True,grid_complete,configured_grid,,3.7540215998888016e-05,solver final filtering and index remapping; caller metric conversion excluded,r5-v1,,excluded_precomputed,,True,,,fresh_retrieval,0.0,3.0075328070670366,0.0062380009330809,3.0138083482161164,3.01477375254035,measured_excluding_encoding,"[11, 14, 118, 46, 44]","[11, 14, 118, 46, 44]",scipy.optimize.milp/HiGHS,1.17.1,1.12.0,1.0,<paper>/revision_campaign_20260914/default/amazon/default.csv,
21,PBF,1,feasible,complete,1,1,returned,0,,188,1.0,1.0,0.9791666666666666,18.04650718905032,18.04747259337455,183900640.0,1,0,0.0,0.0,0.0,0.0,,,188,1.0,0.006585837341845,0.0,233.0,5.0,1.0,0.0009654043242335,True,,,,,,,,,True,complete,full_input,,18.04650718905032,solver final filtering and index remapping; caller metric conversion excluded,r5-v1,,excluded_precomputed,,True,,,fresh_retrieval,,,,18.04650718905032,18.04747259337455,measured_excluding_encoding,"[11, 14, 118, 46, 44]",,Python/PBF,3.11.15,,,<paper>/revision_campaign_20260914/default/amazon/default.csv,
22,PACS,1,feasible,complete,1,1,returned,0,,17,0.1868131868131868,0.8479440155711584,0.1868131868131868,0.0031420271843671,0.0040485193021595,905.0,1,0,0.0,0.0,0.0,0.0,159.0,31.0,91,1.0,0.0034991311840713,0.0,159.0,5.0,1.0,0.0009064921177923,False,,,,,,,,,True,completed,beam_search,"[11, 4, 8, 3, 5]",3.8634054362773895e-05,solver final filtering and index remapping; caller metric conversion excluded,r5-v1,,excluded_precomputed,,True,,,fresh_retrieval,0.0001166528090834,0.0026674070395529,0.000319333281368,0.0031420271843671,0.0040485193021595,measured_excluding_encoding,"[45, 9, 31, 8, 66]","[11, 4, 8, 3, 5]",Python/PACS+,3.11.15,,,<paper>/revision_campaign_20260914/default/amazon/default.csv,
22,PACS_dC,1,feasible,complete,1,1,returned,0,,42,0.4395604395604395,0.9206708097022004,0.4395604395604395,0.0008991840295493,0.0018056761473417,223.0,1,0,0.0,0.0,0.0,0.0,,,91,1.0,0.0034991311840713,0.0,159.0,5.0,1.0,0.0009064921177923,False,,,,,,,,,True,completed,beam_search,"[11, 4, 8, 3, 5]",1.31167471408844e-05,solver final filtering and index remapping; caller metric conversion excluded,r5-v1,,excluded_precomputed,,True,,,fresh_retrieval,8.757319301366806e-05,0.0006522019393742,0.0001462921500205,0.0008991840295493,0.0018056761473417,measured_excluding_encoding,"[45, 9, 31, 8, 66]","[11, 4, 8, 3, 5]",Python/PACS_dC,3.11.15,,,<paper>/revision_campaign_20260914/default/amazon/default.csv,
22,PBS-unbounded,1,feasible,complete,1,1,returned,0,,91,1.0,1.0,1.0,0.0034520821645855,0.0043585742823779,1025.0,1,0,0.0,0.0,0.0,0.0,159.0,31.0,91,1.0,0.0034991311840713,0.0,159.0,5.0,1.0,0.0009064921177923,True,,,,,,,,,True,completed,all_reduced_candidates,"[11, 4, 8, 3, 5]",3.838120028376579e-05,solver final filtering and index remapping; caller metric conversion excluded,r5-v1,,excluded_precomputed,,True,,,fresh_retrieval,9.055901318788528e-05,0.0027467901818454,0.0005763517692685,0.0034520821645855,0.0043585742823779,measured_excluding_encoding,"[45, 9, 31, 8, 66]","[11, 4, 8, 3, 5]",Python/PBS-unbounded,3.11.15,,,<paper>/revision_campaign_20260914/default/amazon/default.csv,
22,PTS,1,feasible,complete,1,1,returned,0,,72,0.7032967032967034,0.9721023082356278,0.7032967032967034,0.0086964149959385,0.0096029071137309,2612.0,1,0,0.0,0.0,0.0,0.0,159.0,31.0,91,1.0,0.0034991311840713,0.0,159.0,5.0,1.0,0.0009064921177923,False,,,,,,,500.0,,False,iteration_limit,fixed_candidate_tree,"[11, 4, 8, 3, 5]",5.264999344944954e-05,solver final filtering and index remapping; caller metric conversion excluded,r5-v1,,excluded_precomputed,,True,,,fresh_retrieval,9.895116090774536e-05,0.0082686208188533,0.0002761930227279,0.0086964149959385,0.0096029071137309,measured_excluding_encoding,"[45, 9, 31, 8, 66]","[11, 4, 8, 3, 5]",Python/DFS,3.11.15,,,<paper>/revision_campaign_20260914/default/amazon/default.csv,
22,eps-ILP g=2,1,feasible,complete,1,1,returned,0,5.0,2,0.0219780219780219,0.6864703554405382,0.0219780219780219,0.0364584675990045,0.0373649597167968,795.0,5,0,0.0,0.0,2.0,0.0,,,91,1.0,0.0034991311840713,0.0,159.0,5.0,1.0,0.0009064921177923,,,,,,,,,,True,grid_complete,configured_grid,,1.5012919902801514e-05,solver final filtering and index remapping; caller metric conversion excluded,r5-v1,,excluded_precomputed,,True,,,fresh_retrieval,0.0,0.036419634707272,2.3819971829652783e-05,0.0364584675990045,0.0373649597167968,measured_excluding_encoding,"[45, 9, 31, 8, 66]","[45, 9, 31, 8, 66]",scipy.optimize.milp/HiGHS,1.17.1,1.12.0,1.0,<paper>/revision_campaign_20260914/default/amazon/default.csv,
22,eps-ILP g=4,1,feasible,complete,1,1,returned,0,17.0,5,0.0549450549450549,0.7169458514029098,0.0549450549450549,0.1516987732611596,0.152605265378952,2703.0,17,0,0.0,0.0,4.0,0.0,,,91,1.0,0.0034991311840713,0.0,159.0,5.0,1.0,0.0009064921177923,,,,,,,,,,True,grid_complete,configured_grid,,1.496821641921997e-05,solver final filtering and index remapping; caller metric conversion excluded,r5-v1,,excluded_precomputed,,True,,,fresh_retrieval,0.0,0.1516307019628584,5.310308188199997e-05,0.1516987732611596,0.152605265378952,measured_excluding_encoding,"[45, 9, 31, 8, 66]","[45, 9, 31, 8, 66]",scipy.optimize.milp/HiGHS,1.17.1,1.12.0,1.0,<paper>/revision_campaign_20260914/default/amazon/default.csv,
22,eps-ILP g=8,1,feasible,complete,1,1,returned,0,65.0,13,0.1428571428571428,0.8869243033313516,0.1428571428571428,0.5585618605837226,0.559468352701515,10335.0,65,0,0.0,0.0,8.0,0.0,,,91,1.0,0.0034991311840713,0.0,159.0,5.0,1.0,0.0009064921177923,,,,,,,,,,True,grid_complete,configured_grid,,1.996941864490509e-05,solver final filtering and index remapping; caller metric conversion excluded,r5-v1,,excluded_precomputed,,True,,,fresh_retrieval,0.0,0.5580707108601928,0.0004711803048849,0.5585618605837226,0.559468352701515,measured_excluding_encoding,"[45, 9, 31, 8, 66]","[45, 9, 31, 8, 66]",scipy.optimize.milp/HiGHS,1.17.1,1.12.0,1.0,<paper>/revision_campaign_20260914/default/amazon/default.csv,
22,eps-ILP g=16,1,feasible,complete,1,1,returned,0,257.0,32,0.3516483516483517,0.9682369730593716,0.3516483516483517,2.3068428211845458,2.307749313302338,40863.0,257,0,0.0,0.0,18.0,0.0,,,91,1.0,0.0034991311840713,0.0,159.0,5.0,1.0,0.0009064921177923,,,,,,,,,,True,grid_complete,configured_grid,,3.864709287881851e-05,solver final filtering and index remapping; caller metric conversion excluded,r5-v1,,excluded_precomputed,,True,,,fresh_retrieval,0.0,2.3001757729798555,0.0066284011118113,2.3068428211845458,2.307749313302338,measured_excluding_encoding,"[45, 9, 31, 8, 66]","[45, 9, 31, 8, 66]",scipy.optimize.milp/HiGHS,1.17.1,1.12.0,1.0,<paper>/revision_campaign_20260914/default/amazon/default.csv,
22,PBF,1,feasible,complete,1,1,returned,0,,91,1.0,1.0,1.0,9.382316923700271,9.383223415818064,33145200.0,1,0,0.0,0.0,0.0,0.0,,,91,1.0,0.0034991311840713,0.0,159.0,5.0,1.0,0.0009064921177923,True,,,,,,,,,True,complete,full_input,,9.382316923700271,solver final filtering and index remapping; caller metric conversion excluded,r5-v1,,excluded_precomputed,,True,,,fresh_retrieval,,,,9.382316923700271,9.383223415818064,measured_excluding_encoding,"[45, 9, 31, 8, 66]",,Python/PBF,3.11.15,,,<paper>/revision_campaign_20260914/default/amazon/default.csv,
23,PACS,1,feasible,complete,1,1,returned,0,,57,1.0,1.0,1.0,0.0009513166733086,0.0017575197853147,282.0,1,0,0.0,0.0,0.0,0.0,49.0,20.0,57,1.0,0.0008909469470381,0.0,49.0,4.0,1.0,0.0008062031120061,True,,,,,,,,,True,completed,all_reduced_candidates,"[6, 3, 8, 3]",1.9964762032032013e-05,solver final filtering and index remapping; caller metric conversion excluded,r5-v1,,excluded_precomputed,,True,,,fresh_retrieval,5.561485886573792e-05,0.0006660013459622,0.0002097357064485,0.0009513166733086,0.0017575197853147,measured_excluding_encoding,"[23, 9, 11, 6]","[6, 3, 8, 3]",Python/PACS+,3.11.15,,,<paper>/revision_campaign_20260914/default/amazon/default.csv,
23,PACS_dC,1,feasible,complete,1,1,returned,0,,6,0.0526315789473684,0.2185097037237241,0.0526315789473684,0.0001926370896399,0.000998840201646,52.0,1,0,0.0,0.0,0.0,0.0,,,57,1.0,0.0008909469470381,0.0,49.0,4.0,1.0,0.0008062031120061,False,,,,,,,,,True,completed,beam_search,"[6, 3, 8, 3]",1.1194031685590744e-05,solver final filtering and index remapping; caller metric conversion excluded,r5-v1,,excluded_precomputed,,True,,,fresh_retrieval,3.371713683009148e-05,0.0001247911714017,2.293474972248077e-05,0.0001926370896399,0.000998840201646,measured_excluding_encoding,"[23, 9, 11, 6]","[6, 3, 8, 3]",Python/PACS_dC,3.11.15,,,<paper>/revision_campaign_20260914/default/amazon/default.csv,
23,PBS-unbounded,1,feasible,complete,1,1,returned,0,,57,1.0,1.0,1.0,0.0008615441620349,0.0016677472740411,282.0,1,0,0.0,0.0,0.0,0.0,49.0,20.0,57,1.0,0.0008909469470381,0.0,49.0,4.0,1.0,0.0008062031120061,True,,,,,,,,,True,completed,all_reduced_candidates,"[6, 3, 8, 3]",1.5972182154655457e-05,solver final filtering and index remapping; caller metric conversion excluded,r5-v1,,excluded_precomputed,,True,,,fresh_retrieval,3.1600240617990494e-05,0.0006121848709881,0.0002017868682742,0.0008615441620349,0.0016677472740411,measured_excluding_encoding,"[23, 9, 11, 6]","[6, 3, 8, 3]",Python/PBS-unbounded,3.11.15,,,<paper>/revision_campaign_20260914/default/amazon/default.csv,
23,PTS,1,feasible,complete,1,1,returned,0,,57,1.0,1.0,1.0,0.0026740948669612,0.0034802979789674,718.0,1,0,0.0,0.0,0.0,0.0,49.0,20.0,57,1.0,0.0008909469470381,0.0,49.0,4.0,1.0,0.0008062031120061,True,,,,,,,500.0,,True,completed,fixed_candidate_tree,"[6, 3, 8, 3]",2.774083986878395e-05,solver final filtering and index remapping; caller metric conversion excluded,r5-v1,,excluded_precomputed,,True,,,fresh_retrieval,2.974318340420723e-05,0.0024149031378328,0.0002017077058553,0.0026740948669612,0.0034802979789674,measured_excluding_encoding,"[23, 9, 11, 6]","[6, 3, 8, 3]",Python/DFS,3.11.15,,,<paper>/revision_campaign_20260914/default/amazon/default.csv,
23,eps-ILP g=2,1,feasible,complete,1,1,returned,0,5.0,2,0.0350877192982456,0.3618300416511494,0.0350877192982456,0.0110154822468757,0.0118216853588819,245.0,5,0,0.0,0.0,2.0,0.0,,,57,1.0,0.0008909469470381,0.0,49.0,4.0,1.0,0.0008062031120061,,,,,,,,,,True,grid_complete,configured_grid,,1.5253201127052309e-05,solver final filtering and index remapping; caller metric conversion excluded,r5-v1,,excluded_precomputed,,True,,,fresh_retrieval,0.0,0.0109831630252301,1.7066020518541336e-05,0.0110154822468757,0.0118216853588819,measured_excluding_encoding,"[23, 9, 11, 6]","[23, 9, 11, 6]",scipy.optimize.milp/HiGHS,1.17.1,1.12.0,1.0,<paper>/revision_campaign_20260914/default/amazon/default.csv,
23,eps-ILP g=4,1,feasible,complete,1,1,returned,0,17.0,8,0.1403508771929824,0.6296290714146572,0.1403508771929824,0.0749634439125657,0.0757696470245719,833.0,17,0,0.0,0.0,4.0,0.0,,,57,1.0,0.0008909469470381,0.0,49.0,4.0,1.0,0.0008062031120061,,,,,,,,,,True,grid_complete,configured_grid,,1.5927013009786606e-05,solver final filtering and index remapping; caller metric conversion excluded,r5-v1,,excluded_precomputed,,True,,,fresh_retrieval,0.0,0.0748934661969542,5.405070260167122e-05,0.0749634439125657,0.0757696470245719,measured_excluding_encoding,"[23, 9, 11, 6]","[23, 9, 11, 6]",scipy.optimize.milp/HiGHS,1.17.1,1.12.0,1.0,<paper>/revision_campaign_20260914/default/amazon/default.csv,
23,eps-ILP g=8,1,feasible,complete,1,1,returned,0,65.0,22,0.3859649122807017,0.906098337174482,0.3859649122807017,0.3110692356713116,0.3118754387833178,3185.0,65,0,0.0,0.0,13.0,0.0,,,57,1.0,0.0008909469470381,0.0,49.0,4.0,1.0,0.0008062031120061,,,,,,,,,,True,grid_complete,configured_grid,,1.8606893718242645e-05,solver final filtering and index remapping; caller metric conversion excluded,r5-v1,,excluded_precomputed,,True,,,fresh_retrieval,0.0,0.3106418098323047,0.0004088189452886,0.3110692356713116,0.3118754387833178,measured_excluding_encoding,"[23, 9, 11, 6]","[23, 9, 11, 6]",scipy.optimize.milp/HiGHS,1.17.1,1.12.0,1.0,<paper>/revision_campaign_20260914/default/amazon/default.csv,
23,eps-ILP g=16,1,feasible,complete,1,1,returned,0,257.0,33,0.5789473684210527,0.9780305016590308,0.5789473684210527,1.52748940885067,1.528295611962676,12593.0,257,0,0.0,0.0,48.0,0.0,,,57,1.0,0.0008909469470381,0.0,49.0,4.0,1.0,0.0008062031120061,,,,,,,,,,True,grid_complete,configured_grid,,3.429455682635307e-05,solver final filtering and index remapping; caller metric conversion excluded,r5-v1,,excluded_precomputed,,True,,,fresh_retrieval,0.0,1.5224612881429491,0.0049938261508941,1.52748940885067,1.528295611962676,measured_excluding_encoding,"[23, 9, 11, 6]","[23, 9, 11, 6]",scipy.optimize.milp/HiGHS,1.17.1,1.12.0,1.0,<paper>/revision_campaign_20260914/default/amazon/default.csv,
23,PBF,1,feasible,complete,1,1,returned,0,,57,1.0,1.0,1.0,0.006798337213695,0.0076045403257012,54648.0,1,0,0.0,0.0,0.0,0.0,,,57,1.0,0.0008909469470381,0.0,49.0,4.0,1.0,0.0008062031120061,True,,,,,,,,,True,complete,full_input,,0.006798337213695,solver final filtering and index remapping; caller metric conversion excluded,r5-v1,,excluded_precomputed,,True,,,fresh_retrieval,,,,0.006798337213695,0.0076045403257012,measured_excluding_encoding,"[23, 9, 11, 6]",,Python/PBF,3.11.15,,,<paper>/revision_campaign_20260914/default/amazon/default.csv,
24,PACS,1,feasible,complete,1,1,returned,0,,36,1.0,1.0,1.0,0.0005732038989663,0.0013387799263,209.0,1,0,0.0,0.0,0.0,0.0,32.0,21.0,36,1.0,0.0005620340816676,0.0,32.0,4.0,1.0,0.0007655760273337,True,,,,,,,,,True,completed,all_reduced_candidates,"[5, 3, 5, 8]",1.5129800885915756e-05,solver final filtering and index remapping; caller metric conversion excluded,r5-v1,,excluded_precomputed,,True,,,fresh_retrieval,3.344006836414337e-05,0.0003786338493227,0.0001460001803934,0.0005732038989663,0.0013387799263,measured_excluding_encoding,"[7, 3, 9, 13]","[5, 3, 5, 8]",Python/PACS+,3.11.15,,,<paper>/revision_campaign_20260914/default/amazon/default.csv,
24,PACS_dC,1,feasible,complete,1,1,returned,0,,28,0.75,0.9695514257911614,0.75,0.0003673243336379,0.0011329003609716,98.0,1,0,0.0,0.0,0.0,0.0,,,36,1.0,0.0005620340816676,0.0,32.0,4.0,1.0,0.0007655760273337,False,,,,,,,,,True,completed,beam_search,"[5, 3, 5, 8]",1.147529110312462e-05,solver final filtering and index remapping; caller metric conversion excluded,r5-v1,,excluded_precomputed,,True,,,fresh_retrieval,2.462323755025864e-05,0.0002370909787714,9.41348262131214e-05,0.0003673243336379,0.0011329003609716,measured_excluding_encoding,"[7, 3, 9, 13]","[5, 3, 5, 8]",Python/PACS_dC,3.11.15,,,<paper>/revision_campaign_20260914/default/amazon/default.csv,
24,PBS-unbounded,1,feasible,complete,1,1,returned,0,,36,1.0,1.0,1.0,0.0005596000701189,0.0013251760974526,209.0,1,0,0.0,0.0,0.0,0.0,32.0,21.0,36,1.0,0.0005620340816676,0.0,32.0,4.0,1.0,0.0007655760273337,True,,,,,,,,,True,completed,all_reduced_candidates,"[5, 3, 5, 8]",1.6180798411369324e-05,solver final filtering and index remapping; caller metric conversion excluded,r5-v1,,excluded_precomputed,,True,,,fresh_retrieval,2.6425346732139587e-05,0.000377946998924,0.0001390469260513,0.0005596000701189,0.0013251760974526,measured_excluding_encoding,"[7, 3, 9, 13]","[5, 3, 5, 8]",Python/PBS-unbounded,3.11.15,,,<paper>/revision_campaign_20260914/default/amazon/default.csv,
24,PTS,1,feasible,complete,1,1,returned,0,,36,1.0,1.0000000000000002,1.0,0.0014566420577466,0.0022222180850803,481.0,1,0,0.0,0.0,0.0,0.0,32.0,21.0,36,1.0,0.0005620340816676,0.0,32.0,4.0,1.0,0.0007655760273337,True,,,,,,,500.0,,True,completed,fixed_candidate_tree,"[5, 3, 5, 8]",2.345582470297813e-05,solver final filtering and index remapping; caller metric conversion excluded,r5-v1,,excluded_precomputed,,True,,,fresh_retrieval,2.3703090846538544e-05,0.0012758523225784,0.0001336308196187,0.0014566420577466,0.0022222180850803,measured_excluding_encoding,"[7, 3, 9, 13]","[5, 3, 5, 8]",Python/DFS,3.11.15,,,<paper>/revision_campaign_20260914/default/amazon/default.csv,
24,eps-ILP g=2,1,feasible,complete,1,1,returned,0,5.0,2,0.0555555555555555,0.2649652911082123,0.0555555555555555,0.0144396019168198,0.0152051779441535,160.0,5,0,0.0,0.0,2.0,0.0,,,36,1.0,0.0005620340816676,0.0,32.0,4.0,1.0,0.0007655760273337,,,,,,,,,,True,grid_complete,configured_grid,,1.528952270746231e-05,solver final filtering and index remapping; caller metric conversion excluded,r5-v1,,excluded_precomputed,,True,,,fresh_retrieval,0.0,0.0144008020870387,2.351030707359314e-05,0.0144396019168198,0.0152051779441535,measured_excluding_encoding,"[7, 3, 9, 13]","[7, 3, 9, 13]",scipy.optimize.milp/HiGHS,1.17.1,1.12.0,1.0,<paper>/revision_campaign_20260914/default/amazon/default.csv,
24,eps-ILP g=4,1,feasible,complete,1,1,returned,0,17.0,7,0.1944444444444444,0.699012689999708,0.1944444444444444,0.0866668638773262,0.0874324399046599,544.0,17,0,0.0,0.0,4.0,0.0,,,36,1.0,0.0005620340816676,0.0,32.0,4.0,1.0,0.0007655760273337,,,,,,,,,,True,grid_complete,configured_grid,,1.4893710613250732e-05,solver final filtering and index remapping; caller metric conversion excluded,r5-v1,,excluded_precomputed,,True,,,fresh_retrieval,0.0,0.0866009830497205,5.09871169924736e-05,0.0866668638773262,0.0874324399046599,measured_excluding_encoding,"[7, 3, 9, 13]","[7, 3, 9, 13]",scipy.optimize.milp/HiGHS,1.17.1,1.12.0,1.0,<paper>/revision_campaign_20260914/default/amazon/default.csv,
24,eps-ILP g=8,1,feasible,complete,1,1,returned,0,65.0,17,0.4722222222222222,0.8795673722819469,0.4722222222222222,0.3232282074168324,0.3239937834441662,2080.0,65,0,0.0,0.0,12.0,0.0,,,36,1.0,0.0005620340816676,0.0,32.0,4.0,1.0,0.0007655760273337,,,,,,,,,,True,grid_complete,configured_grid,,1.8120277673006054e-05,solver final filtering and index remapping; caller metric conversion excluded,r5-v1,,excluded_precomputed,,True,,,fresh_retrieval,0.0,0.3228028300218284,0.000407257117331,0.3232282074168324,0.3239937834441662,measured_excluding_encoding,"[7, 3, 9, 13]","[7, 3, 9, 13]",scipy.optimize.milp/HiGHS,1.17.1,1.12.0,1.0,<paper>/revision_campaign_20260914/default/amazon/default.csv,
24,eps-ILP g=16,1,feasible,complete,1,1,returned,0,257.0,29,0.8055555555555556,0.9671838918462686,0.8055555555555556,1.3030806463211777,1.3038462223485112,8224.0,257,0,0.0,0.0,35.0,0.0,,,36,1.0,0.0005620340816676,0.0,32.0,4.0,1.0,0.0007655760273337,,,,,,,,,,True,grid_complete,configured_grid,,3.258837386965752e-05,solver final filtering and index remapping; caller metric conversion excluded,r5-v1,,excluded_precomputed,,True,,,fresh_retrieval,0.0,1.297284325119108,0.0057637328281998,1.3030806463211777,1.3038462223485112,measured_excluding_encoding,"[7, 3, 9, 13]","[7, 3, 9, 13]",scipy.optimize.milp/HiGHS,1.17.1,1.12.0,1.0,<paper>/revision_campaign_20260914/default/amazon/default.csv,
24,PBF,1,feasible,complete,1,1,returned,0,,36,1.0,1.0,1.0,0.0018379669636487,0.0026035429909825,9828.0,1,0,0.0,0.0,0.0,0.0,,,36,1.0,0.0005620340816676,0.0,32.0,4.0,1.0,0.0007655760273337,True,,,,,,,,,True,complete,full_input,,0.0018379669636487,solver final filtering and index remapping; caller metric conversion excluded,r5-v1,,excluded_precomputed,,True,,,fresh_retrieval,,,,0.0018379669636487,0.0026035429909825,measured_excluding_encoding,"[7, 3, 9, 13]",,Python/PBF,3.11.15,,,<paper>/revision_campaign_20260914/default/amazon/default.csv,
25,PACS,1,feasible,complete,1,1,returned,0,,33,0.165,0.7810559074398317,0.1633663366336633,0.0054701128974556,0.0063844327814877,1514.0,1,0,0.0,0.0,0.0,0.0,174.0,34.0,200,1.0,0.0089992857538163,0.0,174.0,6.0,1.0,0.000914319884032,False,,,,,,,,,True,completed,beam_search,"[2, 2, 2, 9, 8, 11]",7.315259426832199e-05,solver final filtering and index remapping; caller metric conversion excluded,r5-v1,,excluded_precomputed,,True,,,fresh_retrieval,0.0001215911470353,0.0049474127590656,0.0003279563970863,0.0054701128974556,0.0063844327814877,measured_excluding_encoding,"[3, 3, 8, 77, 23, 60]","[2, 2, 2, 9, 8, 11]",Python/PACS+,3.11.15,,,<paper>/revision_campaign_20260914/default/amazon/default.csv,
25,PACS_dC,1,feasible,complete,1,1,returned,0,,100,0.315,0.932737422714664,0.3217821782178218,0.003077533096075,0.003991852980107,691.0,1,0,0.0,0.0,0.0,0.0,,,200,1.0,0.0089992857538163,0.0,174.0,6.0,1.0,0.000914319884032,False,,,,,,,,,True,completed,beam_search,"[2, 2, 2, 9, 8, 11]",3.520585596561432e-05,solver final filtering and index remapping; caller metric conversion excluded,r5-v1,,excluded_precomputed,,True,,,fresh_retrieval,0.0001036659814417,0.0025812489911913,0.0003574122674763,0.003077533096075,0.003991852980107,measured_excluding_encoding,"[3, 3, 8, 77, 23, 60]","[2, 2, 2, 9, 8, 11]",Python/PACS_dC,3.11.15,,,<paper>/revision_campaign_20260914/default/amazon/default.csv,
25,PBS-unbounded,1,feasible,complete,1,1,returned,0,,200,1.0,1.0,0.99009900990099,0.0097605730406939,0.010674892924726,2251.0,1,0,0.0,0.0,0.0,0.0,174.0,34.0,200,1.0,0.0089992857538163,0.0,174.0,6.0,1.0,0.000914319884032,True,,,,,,,,,True,completed,all_reduced_candidates,"[2, 2, 2, 9, 8, 11]",0.0001173769123852,solver final filtering and index remapping; caller metric conversion excluded,r5-v1,,excluded_precomputed,,True,,,fresh_retrieval,0.0001226039603352,0.0083273812197148,0.0011932109482586,0.0097605730406939,0.010674892924726,measured_excluding_encoding,"[3, 3, 8, 77, 23, 60]","[2, 2, 2, 9, 8, 11]",Python/PBS-unbounded,3.11.15,,,<paper>/revision_campaign_20260914/default/amazon/default.csv,
25,PTS,1,feasible,complete,1,1,returned,0,,150,0.395,0.8741302036741009,0.3910891089108911,0.0111620165407657,0.0120763364247977,2380.0,1,0,0.0,0.0,0.0,0.0,174.0,34.0,200,1.0,0.0089992857538163,0.0,174.0,6.0,1.0,0.000914319884032,False,,,,,,,500.0,,False,iteration_limit,fixed_candidate_tree,"[2, 2, 2, 9, 8, 11]",4.979223012924194e-05,solver final filtering and index remapping; caller metric conversion excluded,r5-v1,,excluded_precomputed,,True,,,fresh_retrieval,0.0001148502342402,0.0104508879594504,0.0005464861169457,0.0111620165407657,0.0120763364247977,measured_excluding_encoding,"[3, 3, 8, 77, 23, 60]","[2, 2, 2, 9, 8, 11]",Python/DFS,3.11.15,,,<paper>/revision_campaign_20260914/default/amazon/default.csv,
25,eps-ILP g=2,1,feasible,complete,1,1,returned,0,5.0,3,0.015,0.442104192458729,0.0148514851485148,0.0253241779282689,0.0262384978123009,870.0,5,0,0.0,0.0,1.0,0.0,,,200,1.0,0.0089992857538163,0.0,174.0,6.0,1.0,0.000914319884032,,,,,,,,,,True,grid_complete,configured_grid,,1.441407948732376e-05,solver final filtering and index remapping; caller metric conversion excluded,r5-v1,,excluded_precomputed,,True,,,fresh_retrieval,0.0,0.0252898591570556,1.9904691725969315e-05,0.0253241779282689,0.0262384978123009,measured_excluding_encoding,"[3, 3, 8, 77, 23, 60]","[3, 3, 8, 77, 23, 60]",scipy.optimize.milp/HiGHS,1.17.1,1.12.0,1.0,<paper>/revision_campaign_20260914/default/amazon/default.csv,
25,eps-ILP g=4,1,feasible,complete,1,1,returned,0,17.0,10,0.05,0.7067424217696621,0.0495049504950495,0.1144565991126,0.1153709189966321,2958.0,17,0,0.0,0.0,1.0,0.0,,,200,1.0,0.0089992857538163,0.0,174.0,6.0,1.0,0.000914319884032,,,,,,,,,,True,grid_complete,configured_grid,,1.5363097190856934e-05,solver final filtering and index remapping; caller metric conversion excluded,r5-v1,,excluded_precomputed,,True,,,fresh_retrieval,0.0,0.1143752532079815,6.598280742764473e-05,0.1144565991126,0.1153709189966321,measured_excluding_encoding,"[3, 3, 8, 77, 23, 60]","[3, 3, 8, 77, 23, 60]",scipy.optimize.milp/HiGHS,1.17.1,1.12.0,1.0,<paper>/revision_campaign_20260914/default/amazon/default.csv,
25,eps-ILP g=8,1,feasible,complete,1,1,returned,0,65.0,19,0.095,0.8926887453949742,0.094059405940594,0.4468340738676488,0.4477483937516808,11310.0,65,0,0.0,0.0,3.0,0.0,,,200,1.0,0.0089992857538163,0.0,174.0,6.0,1.0,0.000914319884032,,,,,,,,,,True,grid_complete,configured_grid,,1.938687637448311e-05,solver final filtering and index remapping; caller metric conversion excluded,r5-v1,,excluded_precomputed,,True,,,fresh_retrieval,0.0,0.4462823481298983,0.000532338861376,0.4468340738676488,0.4477483937516808,measured_excluding_encoding,"[3, 3, 8, 77, 23, 60]","[3, 3, 8, 77, 23, 60]",scipy.optimize.milp/HiGHS,1.17.1,1.12.0,1.0,<paper>/revision_campaign_20260914/default/amazon/default.csv,
25,eps-ILP g=16,1,feasible,complete,1,1,returned,0,257.0,54,0.27,0.9701787910675254,0.2673267326732673,1.9532340923324227,1.9541484122164547,44718.0,257,0,0.0,0.0,6.0,0.0,,,200,1.0,0.0089992857538163,0.0,174.0,6.0,1.0,0.000914319884032,,,,,,,,,,True,grid_complete,configured_grid,,3.459956496953964e-05,solver final filtering and index remapping; caller metric conversion excluded,r5-v1,,excluded_precomputed,,True,,,fresh_retrieval,0.0,1.9456698950380087,0.0075295977294445,1.9532340923324227,1.9541484122164547,measured_excluding_encoding,"[3, 3, 8, 77, 23, 60]","[3, 3, 8, 77, 23, 60]",scipy.optimize.milp/HiGHS,1.17.1,1.12.0,1.0,<paper>/revision_campaign_20260914/default/amazon/default.csv,
25,PBF,1,feasible,complete,1,1,returned,0,,200,1.0,0.9999999999999996,0.99009900990099,25.528683035634455,25.52959735551849,45904320.0,1,0,0.0,0.0,0.0,0.0,,,200,1.0,0.0089992857538163,0.0,174.0,6.0,1.0,0.000914319884032,True,,,,,,,,,True,complete,full_input,,25.528683035634455,solver final filtering and index remapping; caller metric conversion excluded,r5-v1,,excluded_precomputed,,True,,,fresh_retrieval,,,,25.528683035634455,25.52959735551849,measured_excluding_encoding,"[3, 3, 8, 77, 23, 60]",,Python/PBF,3.11.15,,,<paper>/revision_campaign_20260914/default/amazon/default.csv,
26,PACS,1,feasible,complete,1,1,returned,0,,79,0.6475409836065574,0.9117405289070488,0.6475409836065574,0.0046068951487541,0.0057418933138251,2158.0,1,0,0.0,0.0,0.0,0.0,385.0,49.0,122,1.0,0.0047116028144955,0.0,385.0,6.0,1.0,0.001134998165071,False,,,,,,,,,True,completed,beam_search,"[11, 12, 4, 9, 6, 7]",2.8873328119516373e-05,solver final filtering and index remapping; caller metric conversion excluded,r5-v1,,excluded_precomputed,,True,,,fresh_retrieval,0.0002444367855787,0.0039878343231976,0.0003457507118582,0.0046068951487541,0.0057418933138251,measured_excluding_encoding,"[35, 25, 7, 192, 22, 104]","[11, 12, 4, 9, 6, 7]",Python/PACS+,3.11.15,,,<paper>/revision_campaign_20260914/default/amazon/default.csv,
26,PACS_dC,0,feasible,complete,1,1,no_assignment,0,,0,0.0,0.0,0.0,0.0004558661021292,0.0015908642672002,263.0,1,0,0.0,0.0,0.0,0.0,,,122,1.0,0.0047116028144955,0.0,385.0,6.0,1.0,0.001134998165071,False,,,,,,,,,True,completed,beam_search,"[11, 12, 4, 9, 6, 7]",1.342128962278366e-05,solver final filtering and index remapping; caller metric conversion excluded,r5-v1,,excluded_precomputed,,True,,,fresh_retrieval,0.0002232869155704,0.0002162507735192,2.907123416662216e-06,0.0004558661021292,0.0015908642672002,measured_excluding_encoding,"[35, 25, 7, 192, 22, 104]","[11, 12, 4, 9, 6, 7]",Python/PACS_dC,3.11.15,,,<paper>/revision_campaign_20260914/default/amazon/default.csv,
26,PBS-unbounded,1,feasible,complete,1,1,returned,0,,122,1.0,1.0,1.0,0.0047308569774031,0.0058658551424741,2466.0,1,0,0.0,0.0,0.0,0.0,385.0,49.0,122,1.0,0.0047116028144955,0.0,385.0,6.0,1.0,0.001134998165071,True,,,,,,,,,True,completed,all_reduced_candidates,"[11, 12, 4, 9, 6, 7]",3.3561140298843384e-05,solver final filtering and index remapping; caller metric conversion excluded,r5-v1,,excluded_precomputed,,True,,,fresh_retrieval,0.0002332115545868,0.0039585633203387,0.0005055209621787,0.0047308569774031,0.0058658551424741,measured_excluding_encoding,"[35, 25, 7, 192, 22, 104]","[11, 12, 4, 9, 6, 7]",Python/PBS-unbounded,3.11.15,,,<paper>/revision_campaign_20260914/default/amazon/default.csv,
26,PTS,1,feasible,complete,1,1,returned,0,,36,0.2131147540983606,0.8617039367890944,0.2131147540983606,0.0083786128088831,0.0095136109739542,4356.0,1,0,0.0,0.0,0.0,0.0,385.0,49.0,122,1.0,0.0047116028144955,0.0,385.0,6.0,1.0,0.001134998165071,False,,,,,,,500.0,,False,iteration_limit,fixed_candidate_tree,"[11, 12, 4, 9, 6, 7]",4.823599010705948e-05,solver final filtering and index remapping; caller metric conversion excluded,r5-v1,,excluded_precomputed,,True,,,fresh_retrieval,0.0001890477724373,0.0079989340156316,0.0001423950307071,0.0083786128088831,0.0095136109739542,measured_excluding_encoding,"[35, 25, 7, 192, 22, 104]","[11, 12, 4, 9, 6, 7]",Python/DFS,3.11.15,,,<paper>/revision_campaign_20260914/default/amazon/default.csv,
26,eps-ILP g=2,1,feasible,complete,1,1,returned,0,5.0,2,0.0163934426229508,0.2713583789713391,0.0163934426229508,0.058584882877767,0.0597198810428381,1925.0,5,0,0.0,0.0,2.0,0.0,,,122,1.0,0.0047116028144955,0.0,385.0,6.0,1.0,0.001134998165071,,,,,,,,,,True,grid_complete,configured_grid,,1.3888813555240633e-05,solver final filtering and index remapping; caller metric conversion excluded,r5-v1,,excluded_precomputed,,True,,,fresh_retrieval,0.0,0.0585522218607366,1.8772203475236893e-05,0.058584882877767,0.0597198810428381,measured_excluding_encoding,"[35, 25, 7, 192, 22, 104]","[35, 25, 7, 192, 22, 104]",scipy.optimize.milp/HiGHS,1.17.1,1.12.0,1.0,<paper>/revision_campaign_20260914/default/amazon/default.csv,
26,eps-ILP g=4,1,feasible,complete,1,1,returned,0,17.0,4,0.0327868852459016,0.516744150857565,0.0327868852459016,0.2059580977074802,0.2070930958725512,6545.0,17,0,0.0,0.0,4.0,0.0,,,122,1.0,0.0047116028144955,0.0,385.0,6.0,1.0,0.001134998165071,,,,,,,,,,True,grid_complete,configured_grid,,1.6347505152225494e-05,solver final filtering and index remapping; caller metric conversion excluded,r5-v1,,excluded_precomputed,,True,,,fresh_retrieval,0.0,0.2058893251232803,5.24250790476799e-05,0.2059580977074802,0.2070930958725512,measured_excluding_encoding,"[35, 25, 7, 192, 22, 104]","[35, 25, 7, 192, 22, 104]",scipy.optimize.milp/HiGHS,1.17.1,1.12.0,1.0,<paper>/revision_campaign_20260914/default/amazon/default.csv,
26,eps-ILP g=8,1,feasible,complete,1,1,returned,0,65.0,14,0.1147540983606557,0.8289319558011219,0.1147540983606557,0.9083415828645228,0.909476581029594,25025.0,65,0,0.0,0.0,10.0,0.0,,,122,1.0,0.0047116028144955,0.0,385.0,6.0,1.0,0.001134998165071,,,,,,,,,,True,grid_complete,configured_grid,,2.0816922187805176e-05,solver final filtering and index remapping; caller metric conversion excluded,r5-v1,,excluded_precomputed,,True,,,fresh_retrieval,0.0,0.9079019399359822,0.0004188260063529,0.9083415828645228,0.909476581029594,measured_excluding_encoding,"[35, 25, 7, 192, 22, 104]","[35, 25, 7, 192, 22, 104]",scipy.optimize.milp/HiGHS,1.17.1,1.12.0,1.0,<paper>/revision_campaign_20260914/default/amazon/default.csv,
26,eps-ILP g=16,1,feasible,complete,1,1,returned,0,257.0,40,0.3278688524590163,0.9512292496976033,0.3278688524590163,3.419096161145717,3.420231159310788,98945.0,257,0,0.0,0.0,29.0,0.0,,,122,1.0,0.0047116028144955,0.0,385.0,6.0,1.0,0.001134998165071,,,,,,,,,,True,grid_complete,configured_grid,,3.539910539984703e-05,solver final filtering and index remapping; caller metric conversion excluded,r5-v1,,excluded_precomputed,,True,,,fresh_retrieval,0.0,3.4131313487887383,0.0059294132515788,3.419096161145717,3.420231159310788,measured_excluding_encoding,"[35, 25, 7, 192, 22, 104]","[35, 25, 7, 192, 22, 104]",scipy.optimize.milp/HiGHS,1.17.1,1.12.0,1.0,<paper>/revision_campaign_20260914/default/amazon/default.csv,
26,PBF,0,feasible,complete,1,1,work_limit,0,,0,0.0,0.0,0.0,2.2917985916137692e-05,0.0011579161509871,0.0,1,0,0.0,0.0,0.0,0.0,,,122,1.0,0.0047116028144955,0.0,385.0,6.0,1.0,0.001134998165071,False,,,,,,,,,False,combination_limit,full_input,,2.2917985916137692e-05,solver final filtering and index remapping; caller metric conversion excluded,r5-v1,,excluded_precomputed,,True,,,fresh_retrieval,,,,2.2917985916137692e-05,0.0011579161509871,measured_excluding_encoding,"[35, 25, 7, 192, 22, 104]",,Python/PBF,3.11.15,,,<paper>/revision_campaign_20260914/default/amazon/default.csv,
27,PACS,1,feasible,complete,1,1,returned,0,,76,0.5671641791044776,0.91955903895877,0.5671641791044776,0.0035799038596451,0.0048231747932732,1170.0,1,0,0.0,0.0,0.0,0.0,527.0,36.0,134,1.0,0.0038200491108,0.0,527.0,5.0,1.0,0.001243270933628,False,,,,,,,,,True,completed,beam_search,"[4, 9, 7, 13, 3]",2.5770626962184903e-05,solver final filtering and index remapping; caller metric conversion excluded,r5-v1,,excluded_precomputed,,True,,,fresh_retrieval,0.0003250860609114,0.0028739911504089,0.0003550560213625,0.0035799038596451,0.0048231747932732,measured_excluding_encoding,"[4, 341, 23, 40, 119]","[4, 9, 7, 13, 3]",Python/PACS+,3.11.15,,,<paper>/revision_campaign_20260914/default/amazon/default.csv,
27,PACS_dC,1,feasible,complete,1,1,returned,0,,22,0.0,0.3592335310477672,0.0,0.000823319889605,0.0020665908232331,267.0,1,0,0.0,0.0,0.0,0.0,,,134,1.0,0.0038200491108,0.0,527.0,5.0,1.0,0.001243270933628,False,,,,,,,,,True,completed,beam_search,"[4, 9, 7, 13, 3]",1.1689029633998873e-05,solver final filtering and index remapping; caller metric conversion excluded,r5-v1,,excluded_precomputed,,True,,,fresh_retrieval,0.0002752798609435,0.0004572961479425,7.905485108494759e-05,0.000823319889605,0.0020665908232331,measured_excluding_encoding,"[4, 341, 23, 40, 119]","[4, 9, 7, 13, 3]",Python/PACS_dC,3.11.15,,,<paper>/revision_campaign_20260914/default/amazon/default.csv,
27,PBS-unbounded,1,feasible,complete,1,1,returned,0,,134,1.0,1.0,1.0,0.0038324771448969,0.005075748078525,1257.0,1,0,0.0,0.0,0.0,0.0,527.0,36.0,134,1.0,0.0038200491108,0.0,527.0,5.0,1.0,0.001243270933628,True,,,,,,,,,True,completed,all_reduced_candidates,"[4, 9, 7, 13, 3]",3.0129216611385345e-05,solver final filtering and index remapping; caller metric conversion excluded,r5-v1,,excluded_precomputed,,True,,,fresh_retrieval,0.0003179707564413,0.0029417183250188,0.0005426588468253,0.0038324771448969,0.005075748078525,measured_excluding_encoding,"[4, 341, 23, 40, 119]","[4, 9, 7, 13, 3]",Python/PBS-unbounded,3.11.15,,,<paper>/revision_campaign_20260914/default/amazon/default.csv,
27,PTS,1,feasible,complete,1,1,returned,0,,54,0.2238805970149253,0.8711871292717686,0.2238805970149253,0.0074948570691049,0.0087381280027329,1817.0,1,0,0.0,0.0,0.0,0.0,527.0,36.0,134,1.0,0.0038200491108,0.0,527.0,5.0,1.0,0.001243270933628,False,,,,,,,500.0,,False,iteration_limit,fixed_candidate_tree,"[4, 9, 7, 13, 3]",3.99579294025898e-05,solver final filtering and index remapping; caller metric conversion excluded,r5-v1,,excluded_precomputed,,True,,,fresh_retrieval,0.0002590361982583,0.0069946469739079,0.0002012159675359,0.0074948570691049,0.0087381280027329,measured_excluding_encoding,"[4, 341, 23, 40, 119]","[4, 9, 7, 13, 3]",Python/DFS,3.11.15,,,<paper>/revision_campaign_20260914/default/amazon/default.csv,
27,eps-ILP g=2,1,feasible,complete,1,1,returned,0,5.0,3,0.0223880597014925,0.288106379883313,0.0223880597014925,0.0734799769707024,0.0747232479043304,2635.0,5,0,0.0,0.0,1.0,0.0,,,134,1.0,0.0038200491108,0.0,527.0,5.0,1.0,0.001243270933628,,,,,,,,,,True,grid_complete,configured_grid,,1.2990087270736694e-05,solver final filtering and index remapping; caller metric conversion excluded,r5-v1,,excluded_precomputed,,True,,,fresh_retrieval,0.0,0.073447500821203,1.9486062228679657e-05,0.0734799769707024,0.0747232479043304,measured_excluding_encoding,"[4, 341, 23, 40, 119]","[4, 341, 23, 40, 119]",scipy.optimize.milp/HiGHS,1.17.1,1.12.0,1.0,<paper>/revision_campaign_20260914/default/amazon/default.csv,
27,eps-ILP g=4,1,feasible,complete,1,1,returned,0,17.0,7,0.0522388059701492,0.5386729949711747,0.0522388059701492,0.2703806147910654,0.2716238857246935,8959.0,17,0,0.0,0.0,2.0,0.0,,,134,1.0,0.0038200491108,0.0,527.0,5.0,1.0,0.001243270933628,,,,,,,,,,True,grid_complete,configured_grid,,1.4514662325382233e-05,solver final filtering and index remapping; caller metric conversion excluded,r5-v1,,excluded_precomputed,,True,,,fresh_retrieval,0.0,0.2703053969889879,6.070313975214958e-05,0.2703806147910654,0.2716238857246935,measured_excluding_encoding,"[4, 341, 23, 40, 119]","[4, 341, 23, 40, 119]",scipy.optimize.milp/HiGHS,1.17.1,1.12.0,1.0,<paper>/revision_campaign_20260914/default/amazon/default.csv,
27,eps-ILP g=8,1,feasible,complete,1,1,returned,0,65.0,22,0.1641791044776119,0.9090065904258016,0.1641791044776119,1.0758239552378654,1.0770672261714935,34255.0,65,0,0.0,0.0,5.0,0.0,,,134,1.0,0.0038200491108,0.0,527.0,5.0,1.0,0.001243270933628,,,,,,,,,,True,grid_complete,configured_grid,,2.019014209508896e-05,solver final filtering and index remapping; caller metric conversion excluded,r5-v1,,excluded_precomputed,,True,,,fresh_retrieval,0.0,1.0753046981990335,0.0004990668967366,1.0758239552378654,1.0770672261714935,measured_excluding_encoding,"[4, 341, 23, 40, 119]","[4, 341, 23, 40, 119]",scipy.optimize.milp/HiGHS,1.17.1,1.12.0,1.0,<paper>/revision_campaign_20260914/default/amazon/default.csv,
27,eps-ILP g=16,1,feasible,complete,1,1,returned,0,257.0,51,0.3805970149253731,0.9636748939624667,0.3805970149253731,4.418252537958324,4.419495808891952,135439.0,257,0,0.0,0.0,10.0,0.0,,,134,1.0,0.0038200491108,0.0,527.0,5.0,1.0,0.001243270933628,,,,,,,,,,True,grid_complete,configured_grid,,4.009483382105827e-05,solver final filtering and index remapping; caller metric conversion excluded,r5-v1,,excluded_precomputed,,True,,,fresh_retrieval,0.0,4.411520461086184,0.0066919820383191,4.418252537958324,4.419495808891952,measured_excluding_encoding,"[4, 341, 23, 40, 119]","[4, 341, 23, 40, 119]",scipy.optimize.milp/HiGHS,1.17.1,1.12.0,1.0,<paper>/revision_campaign_20260914/default/amazon/default.csv,
27,PBF,1,feasible,complete,1,1,solver_timeout,0,,130,0.126865671641791,0.8182537979970029,0.126865671641791,30.15818023029715,30.159423501230776,390594560.0,1,1,0.0,0.0,0.0,1.0,,,134,1.0,0.0038200491108,0.0,527.0,5.0,1.0,0.001243270933628,False,,,,,,,,,False,timeout,full_input,,30.15818023029715,solver final filtering and index remapping; caller metric conversion excluded,r5-v1,,excluded_precomputed,,True,,,fresh_retrieval,,,,30.15818023029715,30.159423501230776,measured_excluding_encoding,"[4, 341, 23, 40, 119]",,Python/PBF,3.11.15,,,<paper>/revision_campaign_20260914/default/amazon/default.csv,
28,PACS,1,feasible,complete,1,1,returned,0,,29,1.0,1.0,1.0,0.0005987896583974,0.0014238255098462,146.0,1,0,0.0,0.0,0.0,0.0,50.0,19.0,29,1.0,0.0005838209763169,0.0,50.0,3.0,1.0,0.0008250358514487,True,,,,,,,,,True,completed,all_reduced_candidates,"[2, 6, 11]",1.5669502317905426e-05,solver final filtering and index remapping; caller metric conversion excluded,r5-v1,,excluded_precomputed,,True,,,fresh_retrieval,4.932330921292305e-05,0.0003551570698618,0.0001786397770047,0.0005987896583974,0.0014238255098462,measured_excluding_encoding,"[4, 9, 37]","[2, 6, 11]",Python/PACS+,3.11.15,,,<paper>/revision_campaign_20260914/default/amazon/default.csv,
28,PACS_dC,1,feasible,complete,1,1,returned,0,,19,0.6206896551724138,0.9908498522658258,0.6206896551724138,0.0003284062258899,0.0011534420773386,69.0,1,0,0.0,0.0,0.0,0.0,,,29,1.0,0.0005838209763169,0.0,50.0,3.0,1.0,0.0008250358514487,False,,,,,,,,,True,completed,beam_search,"[2, 6, 11]",1.1872034519910812e-05,solver final filtering and index remapping; caller metric conversion excluded,r5-v1,,excluded_precomputed,,True,,,fresh_retrieval,3.760587424039841e-05,0.000211177393794,6.775092333555222e-05,0.0003284062258899,0.0011534420773386,measured_excluding_encoding,"[4, 9, 37]","[2, 6, 11]",Python/PACS_dC,3.11.15,,,<paper>/revision_campaign_20260914/default/amazon/default.csv,
28,PBS-unbounded,1,feasible,complete,1,1,returned,0,,29,1.0,1.0,1.0,0.0005578720010817,0.0013829078525304,146.0,1,0,0.0,0.0,0.0,0.0,50.0,19.0,29,1.0,0.0005838209763169,0.0,50.0,3.0,1.0,0.0008250358514487,True,,,,,,,,,True,completed,all_reduced_candidates,"[2, 6, 11]",1.6928184777498245e-05,solver final filtering and index remapping; caller metric conversion excluded,r5-v1,,excluded_precomputed,,True,,,fresh_retrieval,3.669271245598793e-05,0.0003455411642789,0.0001587099395692,0.0005578720010817,0.0013829078525304,measured_excluding_encoding,"[4, 9, 37]","[2, 6, 11]",Python/PBS-unbounded,3.11.15,,,<paper>/revision_campaign_20260914/default/amazon/default.csv,
28,PTS,1,feasible,complete,1,1,returned,0,,29,1.0,1.0,1.0,0.0899645211175084,0.0907895569689571,312.0,1,0,0.0,0.0,0.0,0.0,50.0,19.0,29,1.0,0.0005838209763169,0.0,50.0,3.0,1.0,0.0008250358514487,True,,,,,,,500.0,,True,completed,fixed_candidate_tree,"[2, 6, 11]",3.144005313515663e-05,solver final filtering and index remapping; caller metric conversion excluded,r5-v1,,excluded_precomputed,,True,,,fresh_retrieval,3.3529940992593765e-05,0.0897552059032023,0.0001443452201783,0.0899645211175084,0.0907895569689571,measured_excluding_encoding,"[4, 9, 37]","[2, 6, 11]",Python/DFS,3.11.15,,,<paper>/revision_campaign_20260914/default/amazon/default.csv,
28,eps-ILP g=2,1,feasible,complete,1,1,returned,0,5.0,2,0.0689655172413793,0.0410536563423568,0.0689655172413793,0.02150709182024,0.0223321276716887,250.0,5,0,0.0,0.0,1.0,0.0,,,29,1.0,0.0005838209763169,0.0,50.0,3.0,1.0,0.0008250358514487,,,,,,,,,,True,grid_complete,configured_grid,,1.423293724656105e-05,solver final filtering and index remapping; caller metric conversion excluded,r5-v1,,excluded_precomputed,,True,,,fresh_retrieval,0.0,0.0214738701470196,1.898873597383499e-05,0.02150709182024,0.0223321276716887,measured_excluding_encoding,"[4, 9, 37]","[4, 9, 37]",scipy.optimize.milp/HiGHS,1.17.1,1.12.0,1.0,<paper>/revision_campaign_20260914/default/amazon/default.csv,
28,eps-ILP g=4,1,feasible,complete,1,1,returned,0,17.0,5,0.1724137931034483,0.3430620358272196,0.1724137931034483,0.0840530889108777,0.0848781247623264,850.0,17,0,0.0,0.0,2.0,0.0,,,29,1.0,0.0005838209763169,0.0,50.0,3.0,1.0,0.0008250358514487,,,,,,,,,,True,grid_complete,configured_grid,,1.5626661479473114e-05,solver final filtering and index remapping; caller metric conversion excluded,r5-v1,,excluded_precomputed,,True,,,fresh_retrieval,0.0,0.083978365175426,5.909707397222519e-05,0.0840530889108777,0.0848781247623264,measured_excluding_encoding,"[4, 9, 37]","[4, 9, 37]",scipy.optimize.milp/HiGHS,1.17.1,1.12.0,1.0,<paper>/revision_campaign_20260914/default/amazon/default.csv,
28,eps-ILP g=8,1,feasible,complete,1,1,returned,0,65.0,10,0.3448275862068966,0.7799971688904316,0.3448275862068966,0.3357320455834269,0.3365570814348757,3250.0,65,0,0.0,0.0,5.0,0.0,,,29,1.0,0.0005838209763169,0.0,50.0,3.0,1.0,0.0008250358514487,,,,,,,,,,True,grid_complete,configured_grid,,1.9925646483898163e-05,solver final filtering and index remapping; caller metric conversion excluded,r5-v1,,excluded_precomputed,,True,,,fresh_retrieval,0.0,0.3351793428882956,0.0005327770486474,0.3357320455834269,0.3365570814348757,measured_excluding_encoding,"[4, 9, 37]","[4, 9, 37]",scipy.optimize.milp/HiGHS,1.17.1,1.12.0,1.0,<paper>/revision_campaign_20260914/default/amazon/default.csv,
28,eps-ILP g=16,1,feasible,complete,1,1,returned,0,257.0,20,0.6896551724137931,0.9733805528391076,0.6896551724137931,1.3127887952141464,1.3136138310655951,12850.0,257,0,0.0,0.0,13.0,0.0,,,29,1.0,0.0005838209763169,0.0,50.0,3.0,1.0,0.0008250358514487,,,,,,,,,,True,grid_complete,configured_grid,,3.195926547050476e-05,solver final filtering and index remapping; caller metric conversion excluded,r5-v1,,excluded_precomputed,,True,,,fresh_retrieval,0.0,1.30524344695732,0.0075133889913558,1.3127887952141464,1.3136138310655951,measured_excluding_encoding,"[4, 9, 37]","[4, 9, 37]",scipy.optimize.milp/HiGHS,1.17.1,1.12.0,1.0,<paper>/revision_campaign_20260914/default/amazon/default.csv,
28,PBF,1,feasible,complete,1,1,returned,0,,29,1.0,1.0,1.0,0.0015766648575663,0.0024017007090151,3996.0,1,0,0.0,0.0,0.0,0.0,,,29,1.0,0.0005838209763169,0.0,50.0,3.0,1.0,0.0008250358514487,True,,,,,,,,,True,complete,full_input,,0.0015766648575663,solver final filtering and index remapping; caller metric conversion excluded,r5-v1,,excluded_precomputed,,True,,,fresh_retrieval,,,,0.0015766648575663,0.0024017007090151,measured_excluding_encoding,"[4, 9, 37]",,Python/PBF,3.11.15,,,<paper>/revision_campaign_20260914/default/amazon/default.csv,
29,PACS,1,feasible,complete,1,1,returned,0,,51,1.0,1.0,1.0,0.0015742667019367,0.0024422984570264,1185.0,1,0,0.0,0.0,0.0,0.0,151.0,44.0,51,1.0,0.0015612780116498,0.0,151.0,4.0,1.0,0.0008680317550897,True,,,,,,,,,True,completed,all_reduced_candidates,"[10, 3, 17, 14]",2.3121945559978485e-05,solver final filtering and index remapping; caller metric conversion excluded,r5-v1,,excluded_precomputed,,True,,,fresh_retrieval,0.0001123999245464,0.001235048752278,0.0002036960795521,0.0015742667019367,0.0024422984570264,measured_excluding_encoding,"[33, 6, 61, 51]","[10, 3, 17, 14]",Python/PACS+,3.11.15,,,<paper>/revision_campaign_20260914/default/amazon/default.csv,
29,PACS_dC,1,feasible,complete,1,1,returned,0,,25,0.0,0.1010005686852047,0.0,0.0004663569852709,0.0013343887403607,423.0,1,0,0.0,0.0,0.0,0.0,,,51,1.0,0.0015612780116498,0.0,151.0,4.0,1.0,0.0008680317550897,False,,,,,,,,,True,completed,beam_search,"[10, 3, 17, 14]",1.147296279668808e-05,solver final filtering and index remapping; caller metric conversion excluded,r5-v1,,excluded_precomputed,,True,,,fresh_retrieval,8.970685303211212e-05,0.0002806019037961,8.457526564598083e-05,0.0004663569852709,0.0013343887403607,measured_excluding_encoding,"[33, 6, 61, 51]","[10, 3, 17, 14]",Python/PACS_dC,3.11.15,,,<paper>/revision_campaign_20260914/default/amazon/default.csv,
29,PBS-unbounded,1,feasible,complete,1,1,returned,0,,51,1.0,1.0,1.0,0.0015791850164532,0.002447216771543,1185.0,1,0,0.0,0.0,0.0,0.0,151.0,44.0,51,1.0,0.0015612780116498,0.0,151.0,4.0,1.0,0.0008680317550897,True,,,,,,,,,True,completed,all_reduced_candidates,"[10, 3, 17, 14]",2.3527070879936215e-05,solver final filtering and index remapping; caller metric conversion excluded,r5-v1,,excluded_precomputed,,True,,,fresh_retrieval,9.140884503722192e-05,0.0012637879699468,0.0002004611305892,0.0015791850164532,0.002447216771543,measured_excluding_encoding,"[33, 6, 61, 51]","[10, 3, 17, 14]",Python/PBS-unbounded,3.11.15,,,<paper>/revision_campaign_20260914/default/amazon/default.csv,
29,PTS,1,feasible,complete,1,1,returned,0,,51,1.0,1.0,1.0,0.0064125568605959,0.0072805886156857,3213.0,1,0,0.0,0.0,0.0,0.0,151.0,44.0,51,1.0,0.0015612780116498,0.0,151.0,4.0,1.0,0.0008680317550897,True,,,,,,,500.0,,True,completed,fixed_candidate_tree,"[10, 3, 17, 14]",4.369206726551056e-05,solver final filtering and index remapping; caller metric conversion excluded,r5-v1,,excluded_precomputed,,True,,,fresh_retrieval,0.0001096427440643,0.006066998001188,0.000192224048078,0.0064125568605959,0.0072805886156857,measured_excluding_encoding,"[33, 6, 61, 51]","[10, 3, 17, 14]",Python/DFS,3.11.15,,,<paper>/revision_campaign_20260914/default/amazon/default.csv,
29,eps-ILP g=2,1,feasible,complete,1,1,returned,0,5.0,2,0.0392156862745098,0.0943994373337058,0.0392156862745098,0.0293831103481352,0.0302511421032249,755.0,5,0,0.0,0.0,2.0,0.0,,,51,1.0,0.0015612780116498,0.0,151.0,4.0,1.0,0.0008680317550897,,,,,,,,,,True,grid_complete,configured_grid,,1.7360318452119827e-05,solver final filtering and index remapping; caller metric conversion excluded,r5-v1,,excluded_precomputed,,True,,,fresh_retrieval,0.0,0.0293481652624905,1.7584767192602158e-05,0.0293831103481352,0.0302511421032249,measured_excluding_encoding,"[33, 6, 61, 51]","[33, 6, 61, 51]",scipy.optimize.milp/HiGHS,1.17.1,1.12.0,1.0,<paper>/revision_campaign_20260914/default/amazon/default.csv,
29,eps-ILP g=4,1,feasible,complete,1,1,returned,0,17.0,8,0.1568627450980392,0.701565169255633,0.1568627450980392,0.1243629725649952,0.125231004320085,2567.0,17,0,0.0,0.0,4.0,0.0,,,51,1.0,0.0015612780116498,0.0,151.0,4.0,1.0,0.0008680317550897,,,,,,,,,,True,grid_complete,configured_grid,,1.4715362340211868e-05,solver final filtering and index remapping; caller metric conversion excluded,r5-v1,,excluded_precomputed,,True,,,fresh_retrieval,0.0,0.1242966051213443,5.1652081310749054e-05,0.1243629725649952,0.125231004320085,measured_excluding_encoding,"[33, 6, 61, 51]","[33, 6, 61, 51]",scipy.optimize.milp/HiGHS,1.17.1,1.12.0,1.0,<paper>/revision_campaign_20260914/default/amazon/default.csv,
29,eps-ILP g=8,1,feasible,complete,1,1,returned,0,65.0,19,0.3725490196078431,0.9325461548194413,0.3725490196078431,0.4796202997677028,0.4804883315227926,9815.0,65,0,0.0,0.0,14.0,0.0,,,51,1.0,0.0015612780116498,0.0,151.0,4.0,1.0,0.0008680317550897,,,,,,,,,,True,grid_complete,configured_grid,,1.7397571355104446e-05,solver final filtering and index remapping; caller metric conversion excluded,r5-v1,,excluded_precomputed,,True,,,fresh_retrieval,0.0,0.4792040069587528,0.0003988952375948,0.4796202997677028,0.4804883315227926,measured_excluding_encoding,"[33, 6, 61, 51]","[33, 6, 61, 51]",scipy.optimize.milp/HiGHS,1.17.1,1.12.0,1.0,<paper>/revision_campaign_20260914/default/amazon/default.csv,
29,eps-ILP g=16,1,feasible,complete,1,1,returned,0,257.0,29,0.5686274509803921,0.9867510612069832,0.5686274509803921,2.079165447037667,2.080033478792757,38807.0,257,0,0.0,0.0,49.0,0.0,,,51,1.0,0.0015612780116498,0.0,151.0,4.0,1.0,0.0008680317550897,,,,,,,,,,True,grid_complete,configured_grid,,3.085378557443619e-05,solver final filtering and index remapping; caller metric conversion excluded,r5-v1,,excluded_precomputed,,True,,,fresh_retrieval,0.0,2.074295051395893,0.0048395418561995,2.079165447037667,2.080033478792757,measured_excluding_encoding,"[33, 6, 61, 51]","[33, 6, 61, 51]",scipy.optimize.milp/HiGHS,1.17.1,1.12.0,1.0,<paper>/revision_campaign_20260914/default/amazon/default.csv,
29,PBF,1,feasible,complete,1,1,returned,0,,51,1.0,1.0,1.0,0.1866417787969112,0.187509810552001,2463912.0,1,0,0.0,0.0,0.0,0.0,,,51,1.0,0.0015612780116498,0.0,151.0,4.0,1.0,0.0008680317550897,True,,,,,,,,,True,complete,full_input,,0.1866417787969112,solver final filtering and index remapping; caller metric conversion excluded,r5-v1,,excluded_precomputed,,True,,,fresh_retrieval,,,,0.1866417787969112,0.187509810552001,measured_excluding_encoding,"[33, 6, 61, 51]",,Python/PBF,3.11.15,,,<paper>/revision_campaign_20260914/default/amazon/default.csv,
30,PACS,1,feasible,complete,1,1,returned,0,,16,1.0,1.0,1.0,0.0002953200601041,0.0010725781321525,107.0,1,0,0.0,0.0,0.0,0.0,53.0,17.0,16,1.0,0.0002869381569325,0.0,53.0,3.0,1.0,0.0007772580720484,True,,,,,,,,,True,completed,all_reduced_candidates,"[2, 10, 5]",1.2432225048542024e-05,solver final filtering and index remapping; caller metric conversion excluded,r5-v1,,excluded_precomputed,,True,,,fresh_retrieval,4.254188388586044e-05,0.0001596771180629,8.066883310675621e-05,0.0002953200601041,0.0010725781321525,measured_excluding_encoding,"[12, 33, 8]","[2, 10, 5]",Python/PACS+,3.11.15,,,<paper>/revision_campaign_20260914/default/amazon/default.csv,
30,PACS_dC,1,feasible,complete,1,1,returned,0,,6,0.375,0.6008674951086296,0.375,0.0001965910196304,0.0009738490916788,67.0,1,0,0.0,0.0,0.0,0.0,,,16,1.0,0.0002869381569325,0.0,53.0,3.0,1.0,0.0007772580720484,False,,,,,,,,,True,completed,beam_search,"[2, 10, 5]",1.1129304766654968e-05,solver final filtering and index remapping; caller metric conversion excluded,r5-v1,,excluded_precomputed,,True,,,fresh_retrieval,3.234483301639557e-05,0.0001281951554119,2.4921726435422897e-05,0.0001965910196304,0.0009738490916788,measured_excluding_encoding,"[12, 33, 8]","[2, 10, 5]",Python/PACS_dC,3.11.15,,,<paper>/revision_campaign_20260914/default/amazon/default.csv,
30,PBS-unbounded,1,feasible,complete,1,1,returned,0,,16,1.0,1.0,1.0,0.00027387868613,0.0010511367581784,107.0,1,0,0.0,0.0,0.0,0.0,53.0,17.0,16,1.0,0.0002869381569325,0.0,53.0,3.0,1.0,0.0007772580720484,True,,,,,,,,,True,completed,all_reduced_candidates,"[2, 10, 5]",1.3014301657676697e-05,solver final filtering and index remapping; caller metric conversion excluded,r5-v1,,excluded_precomputed,,True,,,fresh_retrieval,3.5142991691827774e-05,0.0001539210788905,7.180031388998032e-05,0.00027387868613,0.0010511367581784,measured_excluding_encoding,"[12, 33, 8]","[2, 10, 5]",Python/PBS-unbounded,3.11.15,,,<paper>/revision_campaign_20260914/default/amazon/default.csv,
30,PTS,1,feasible,complete,1,1,returned,0,,16,1.0,1.0,1.0,0.0005842158570885,0.0013614739291369,182.0,1,0,0.0,0.0,0.0,0.0,53.0,17.0,16,1.0,0.0002869381569325,0.0,53.0,3.0,1.0,0.0007772580720484,True,,,,,,,500.0,,True,completed,fixed_candidate_tree,"[2, 10, 5]",1.9753817468881607e-05,solver final filtering and index remapping; caller metric conversion excluded,r5-v1,,excluded_precomputed,,True,,,fresh_retrieval,3.212690353393555e-05,0.0004719123244285,6.042281165719032e-05,0.0005842158570885,0.0013614739291369,measured_excluding_encoding,"[12, 33, 8]","[2, 10, 5]",Python/DFS,3.11.15,,,<paper>/revision_campaign_20260914/default/amazon/default.csv,
30,eps-ILP g=2,1,feasible,complete,1,1,returned,0,5.0,2,0.125,0.5864624044783338,0.125,0.0177779230289161,0.0185551811009645,265.0,5,0,0.0,0.0,2.0,0.0,,,16,1.0,0.0002869381569325,0.0,53.0,3.0,1.0,0.0007772580720484,,,,,,,,,,True,grid_complete,configured_grid,,1.2916047126054764e-05,solver final filtering and index remapping; caller metric conversion excluded,r5-v1,,excluded_precomputed,,True,,,fresh_retrieval,0.0,0.0177490580826997,1.594889909029007e-05,0.0177779230289161,0.0185551811009645,measured_excluding_encoding,"[12, 33, 8]","[12, 33, 8]",scipy.optimize.milp/HiGHS,1.17.1,1.12.0,1.0,<paper>/revision_campaign_20260914/default/amazon/default.csv,
30,eps-ILP g=4,1,feasible,complete,1,1,returned,0,17.0,4,0.25,0.8731241130635964,0.25,0.0882335091009736,0.089010767173022,901.0,17,0,0.0,0.0,4.0,0.0,,,16,1.0,0.0002869381569325,0.0,53.0,3.0,1.0,0.0007772580720484,,,,,,,,,,True,grid_complete,configured_grid,,1.4605000615119934e-05,solver final filtering and index remapping; caller metric conversion excluded,r5-v1,,excluded_precomputed,,True,,,fresh_retrieval,0.0,0.0881705931387841,4.8310961574316025e-05,0.0882335091009736,0.089010767173022,measured_excluding_encoding,"[12, 33, 8]","[12, 33, 8]",scipy.optimize.milp/HiGHS,1.17.1,1.12.0,1.0,<paper>/revision_campaign_20260914/default/amazon/default.csv,
30,eps-ILP g=8,1,feasible,complete,1,1,returned,0,65.0,9,0.5625,0.9924547099967418,0.5625,0.3955255099572241,0.3963027680292725,3445.0,65,0,0.0,0.0,8.0,0.0,,,16,1.0,0.0002869381569325,0.0,53.0,3.0,1.0,0.0007772580720484,,,,,,,,,,True,grid_complete,configured_grid,,1.8723774701356888e-05,solver final filtering and index remapping; caller metric conversion excluded,r5-v1,,excluded_precomputed,,True,,,fresh_retrieval,0.0,0.3950628489255905,0.0004439372569322,0.3955255099572241,0.3963027680292725,measured_excluding_encoding,"[12, 33, 8]","[12, 33, 8]",scipy.optimize.milp/HiGHS,1.17.1,1.12.0,1.0,<paper>/revision_campaign_20260914/default/amazon/default.csv,
30,eps-ILP g=16,1,feasible,complete,1,1,returned,0,257.0,14,0.875,0.9996343402743376,0.875,1.548777441959828,1.5495547000318766,13621.0,257,0,0.0,0.0,16.0,0.0,,,16,1.0,0.0002869381569325,0.0,53.0,3.0,1.0,0.0007772580720484,,,,,,,,,,True,grid_complete,configured_grid,,3.751413896679878e-05,solver final filtering and index remapping; caller metric conversion excluded,r5-v1,,excluded_precomputed,,True,,,fresh_retrieval,0.0,1.541829296853393,0.006910630967468,1.548777441959828,1.5495547000318766,measured_excluding_encoding,"[12, 33, 8]","[12, 33, 8]",scipy.optimize.milp/HiGHS,1.17.1,1.12.0,1.0,<paper>/revision_campaign_20260914/default/amazon/default.csv,
30,PBF,1,feasible,complete,1,1,returned,0,,16,1.0,1.0,1.0,0.0026230136863887,0.0034002717584371,9504.0,1,0,0.0,0.0,0.0,0.0,,,16,1.0,0.0002869381569325,0.0,53.0,3.0,1.0,0.0007772580720484,True,,,,,,,,,True,complete,full_input,,0.0026230136863887,solver final filtering and index remapping; caller metric conversion excluded,r5-v1,,excluded_precomputed,,True,,,fresh_retrieval,,,,0.0026230136863887,0.0034002717584371,measured_excluding_encoding,"[12, 33, 8]",,Python/PBF,3.11.15,,,<paper>/revision_campaign_20260914/default/amazon/default.csv,
31,PACS,1,feasible,complete,1,1,returned,0,,31,0.3444444444444444,0.8385773296656388,0.3444444444444444,0.0051227179355919,0.00619433587417,1834.0,1,0,0.0,0.0,0.0,0.0,334.0,50.0,90,1.0,0.0055322749540209,0.0,334.0,5.0,1.0,0.0010716179385781,False,,,,,,,,,True,completed,beam_search,"[9, 7, 17, 14, 3]",2.8565991669893265e-05,solver final filtering and index remapping; caller metric conversion excluded,r5-v1,,excluded_precomputed,,True,,,fresh_retrieval,0.0003518131561577,0.0044215777888894,0.0003207609988749,0.0051227179355919,0.00619433587417,measured_excluding_encoding,"[23, 14, 193, 57, 47]","[9, 7, 17, 14, 3]",Python/PACS+,3.11.15,,,<paper>/revision_campaign_20260914/default/amazon/default.csv,
31,PACS_dC,1,feasible,complete,1,1,returned,0,,56,0.0,0.4452907227301435,0.0,0.0016479277983307,0.0027195457369089,599.0,1,0,0.0,0.0,0.0,0.0,,,90,1.0,0.0055322749540209,0.0,334.0,5.0,1.0,0.0010716179385781,False,,,,,,,,,True,completed,beam_search,"[9, 7, 17, 14, 3]",1.2241769582033156e-05,solver final filtering and index remapping; caller metric conversion excluded,r5-v1,,excluded_precomputed,,True,,,fresh_retrieval,0.0003151302225887,0.0011252956464886,0.0001952601596713,0.0016479277983307,0.0027195457369089,measured_excluding_encoding,"[23, 14, 193, 57, 47]","[9, 7, 17, 14, 3]",Python/PACS_dC,3.11.15,,,<paper>/revision_campaign_20260914/default/amazon/default.csv,
31,PBS-unbounded,1,feasible,complete,1,1,returned,0,,90,1.0,1.0,1.0,0.0053638857789337,0.0064355037175118,1909.0,1,0,0.0,0.0,0.0,0.0,334.0,50.0,90,1.0,0.0055322749540209,0.0,334.0,5.0,1.0,0.0010716179385781,True,,,,,,,,,True,completed,all_reduced_candidates,"[9, 7, 17, 14, 3]",2.879882231354713e-05,solver final filtering and index remapping; caller metric conversion excluded,r5-v1,,excluded_precomputed,,True,,,fresh_retrieval,0.0003202250227332,0.0044642998836934,0.0005505620501935,0.0053638857789337,0.0064355037175118,measured_excluding_encoding,"[23, 14, 193, 57, 47]","[9, 7, 17, 14, 3]",Python/PBS-unbounded,3.11.15,,,<paper>/revision_campaign_20260914/default/amazon/default.csv,
31,PTS,1,feasible,complete,1,1,returned,0,,73,0.6111111111111112,0.9493401377888953,0.6111111111111112,0.007853589951992,0.0089252078905701,2060.0,1,0,0.0,0.0,0.0,0.0,334.0,50.0,90,1.0,0.0055322749540209,0.0,334.0,5.0,1.0,0.0010716179385781,False,,,,,,,500.0,,False,iteration_limit,fixed_candidate_tree,"[9, 7, 17, 14, 3]",4.256097599864006e-05,solver final filtering and index remapping; caller metric conversion excluded,r5-v1,,excluded_precomputed,,True,,,fresh_retrieval,0.0003085159696638,0.0072378148324787,0.0002646981738507,0.007853589951992,0.0089252078905701,measured_excluding_encoding,"[23, 14, 193, 57, 47]","[9, 7, 17, 14, 3]",Python/DFS,3.11.15,,,<paper>/revision_campaign_20260914/default/amazon/default.csv,
31,eps-ILP g=2,1,feasible,complete,1,1,returned,0,5.0,2,0.0222222222222222,0.2297248033252399,0.0222222222222222,0.048815872054547,0.0498874899931252,1670.0,5,0,0.0,0.0,2.0,0.0,,,90,1.0,0.0055322749540209,0.0,334.0,5.0,1.0,0.0010716179385781,,,,,,,,,,True,grid_complete,configured_grid,,1.4716293662786484e-05,solver final filtering and index remapping; caller metric conversion excluded,r5-v1,,excluded_precomputed,,True,,,fresh_retrieval,0.0,0.0487831667996943,1.7988961189985275e-05,0.048815872054547,0.0498874899931252,measured_excluding_encoding,"[23, 14, 193, 57, 47]","[23, 14, 193, 57, 47]",scipy.optimize.milp/HiGHS,1.17.1,1.12.0,1.0,<paper>/revision_campaign_20260914/default/amazon/default.csv,
31,eps-ILP g=4,1,feasible,complete,1,1,returned,0,17.0,4,0.0444444444444444,0.4564965523917028,0.0444444444444444,0.1834637532010674,0.1845353711396455,5678.0,17,0,0.0,0.0,4.0,0.0,,,90,1.0,0.0055322749540209,0.0,334.0,5.0,1.0,0.0010716179385781,,,,,,,,,,True,grid_complete,configured_grid,,1.570349559187889e-05,solver final filtering and index remapping; caller metric conversion excluded,r5-v1,,excluded_precomputed,,True,,,fresh_retrieval,0.0,0.1833958839997649,5.216570571064949e-05,0.1834637532010674,0.1845353711396455,measured_excluding_encoding,"[23, 14, 193, 57, 47]","[23, 14, 193, 57, 47]",scipy.optimize.milp/HiGHS,1.17.1,1.12.0,1.0,<paper>/revision_campaign_20260914/default/amazon/default.csv,
31,eps-ILP g=8,1,feasible,complete,1,1,returned,0,65.0,13,0.1444444444444444,0.8183043664411891,0.1444444444444444,0.757959526963532,0.7590311449021101,21710.0,65,0,0.0,0.0,8.0,0.0,,,90,1.0,0.0055322749540209,0.0,334.0,5.0,1.0,0.0010716179385781,,,,,,,,,,True,grid_complete,configured_grid,,1.958431676030159e-05,solver final filtering and index remapping; caller metric conversion excluded,r5-v1,,excluded_precomputed,,True,,,fresh_retrieval,0.0,0.7574859126470983,0.0004540299996733,0.757959526963532,0.7590311449021101,measured_excluding_encoding,"[23, 14, 193, 57, 47]","[23, 14, 193, 57, 47]",scipy.optimize.milp/HiGHS,1.17.1,1.12.0,1.0,<paper>/revision_campaign_20260914/default/amazon/default.csv,
31,eps-ILP g=16,1,feasible,complete,1,1,returned,0,257.0,26,0.2888888888888888,0.947964741473282,0.2888888888888888,3.0175530849955976,3.018624702934176,85838.0,257,0,0.0,0.0,18.0,0.0,,,90,1.0,0.0055322749540209,0.0,334.0,5.0,1.0,0.0010716179385781,,,,,,,,,,True,grid_complete,configured_grid,,3.846408799290657e-05,solver final filtering and index remapping; caller metric conversion excluded,r5-v1,,excluded_precomputed,,True,,,fresh_retrieval,0.0,3.0109615717083216,0.0065530491992831,3.0175530849955976,3.018624702934176,measured_excluding_encoding,"[23, 14, 193, 57, 47]","[23, 14, 193, 57, 47]",scipy.optimize.milp/HiGHS,1.17.1,1.12.0,1.0,<paper>/revision_campaign_20260914/default/amazon/default.csv,
31,PBF,1,feasible,complete,1,1,solver_timeout,0,,76,0.8444444444444444,0.994159975065119,0.8444444444444444,30.33964446792379,30.34071608586237,215941120.0,1,1,0.0,0.0,0.0,1.0,,,90,1.0,0.0055322749540209,0.0,334.0,5.0,1.0,0.0010716179385781,False,,,,,,,,,False,timeout,full_input,,30.33964446792379,solver final filtering and index remapping; caller metric conversion excluded,r5-v1,,excluded_precomputed,,True,,,fresh_retrieval,,,,30.33964446792379,30.34071608586237,measured_excluding_encoding,"[23, 14, 193, 57, 47]",,Python/PBF,3.11.15,,,<paper>/revision_campaign_20260914/default/amazon/default.csv,
32,PACS,1,feasible,complete,1,1,returned,0,,90,0.1382405745062836,0.5459705391558043,0.1382405745062836,0.010213506873697,0.0113916690461337,3123.0,1,0,0.0,0.0,0.0,0.0,401.0,54.0,557,1.0,0.0262470617890357,0.0,401.0,8.0,1.0,0.0011781621724367,False,,,,,,,,,True,completed,beam_search,"[5, 4, 12, 5, 3, 5, 11, 9]",5.658157169818878e-05,solver final filtering and index remapping; caller metric conversion excluded,r5-v1,,excluded_precomputed,,True,,,fresh_retrieval,0.0002684420906007,0.0095193330198526,0.0003691501915454,0.010213506873697,0.0113916690461337,measured_excluding_encoding,"[52, 5, 75, 63, 13, 6, 85, 102]","[5, 4, 12, 5, 3, 5, 11, 9]",Python/PACS+,3.11.15,,,<paper>/revision_campaign_20260914/default/amazon/default.csv,
32,PACS_dC,1,feasible,complete,1,1,returned,0,,100,0.0,0.3486872854110617,0.0,0.0057501476258039,0.0069283097982406,1828.0,1,0,0.0,0.0,0.0,0.0,,,557,1.0,0.0262470617890357,0.0,401.0,8.0,1.0,0.0011781621724367,False,,,,,,,,,True,completed,beam_search,"[5, 4, 12, 5, 3, 5, 11, 9]",5.252379924058914e-05,solver final filtering and index remapping; caller metric conversion excluded,r5-v1,,excluded_precomputed,,True,,,fresh_retrieval,0.000249427743256,0.0050856960006058,0.0003625000827014,0.0057501476258039,0.0069283097982406,measured_excluding_encoding,"[52, 5, 75, 63, 13, 6, 85, 102]","[5, 4, 12, 5, 3, 5, 11, 9]",Python/PACS_dC,3.11.15,,,<paper>/revision_campaign_20260914/default/amazon/default.csv,
32,PBS-unbounded,1,feasible,complete,1,1,returned,0,,557,1.0,1.0,1.0,0.0268163960427045,0.0279945582151412,7800.0,1,0,0.0,0.0,0.0,0.0,401.0,54.0,557,1.0,0.0262470617890357,0.0,401.0,8.0,1.0,0.0011781621724367,True,,,,,,,,,True,completed,all_reduced_candidates,"[5, 4, 12, 5, 3, 5, 11, 9]",0.0001976992934942,solver final filtering and index remapping; caller metric conversion excluded,r5-v1,,excluded_precomputed,,True,,,fresh_retrieval,0.000246814917773,0.0236930660903453,0.0026788157410919,0.0268163960427045,0.0279945582151412,measured_excluding_encoding,"[52, 5, 75, 63, 13, 6, 85, 102]","[5, 4, 12, 5, 3, 5, 11, 9]",Python/PBS-unbounded,3.11.15,,,<paper>/revision_campaign_20260914/default/amazon/default.csv,
32,PTS,1,feasible,complete,1,1,returned,0,,119,0.0,0.1329377453245231,0.0,0.0112565299496054,0.0124346921220421,2675.0,1,0,0.0,0.0,0.0,0.0,401.0,54.0,557,1.0,0.0262470617890357,0.0,401.0,8.0,1.0,0.0011781621724367,False,,,,,,,500.0,,False,iteration_limit,fixed_candidate_tree,"[5, 4, 12, 5, 3, 5, 11, 9]",5.227886140346527e-05,solver final filtering and index remapping; caller metric conversion excluded,r5-v1,,excluded_precomputed,,True,,,fresh_retrieval,0.000240328721702,0.0104879923164844,0.0004759300500154,0.0112565299496054,0.0124346921220421,measured_excluding_encoding,"[52, 5, 75, 63, 13, 6, 85, 102]","[5, 4, 12, 5, 3, 5, 11, 9]",Python/DFS,3.11.15,,,<paper>/revision_campaign_20260914/default/amazon/default.csv,
32,eps-ILP g=2,1,feasible,complete,1,1,returned,0,5.0,2,0.0035906642728904,0.081420136817751,0.0035906642728904,0.0773763209581375,0.0785544831305742,2005.0,5,0,0.0,0.0,2.0,0.0,,,557,1.0,0.0262470617890357,0.0,401.0,8.0,1.0,0.0011781621724367,,,,,,,,,,True,grid_complete,configured_grid,,1.526717096567154e-05,solver final filtering and index remapping; caller metric conversion excluded,r5-v1,,excluded_precomputed,,True,,,fresh_retrieval,0.0,0.0773414350114762,1.9618775695562363e-05,0.0773763209581375,0.0785544831305742,measured_excluding_encoding,"[52, 5, 75, 63, 13, 6, 85, 102]","[52, 5, 75, 63, 13, 6, 85, 102]",scipy.optimize.milp/HiGHS,1.17.1,1.12.0,1.0,<paper>/revision_campaign_20260914/default/amazon/default.csv,
32,eps-ILP g=4,1,feasible,complete,1,1,returned,0,17.0,5,0.0089766606822262,0.4625672425077716,0.0089766606822262,0.2437515659257769,0.2449297280982136,6817.0,17,0,0.0,0.0,4.0,0.0,,,557,1.0,0.0262470617890357,0.0,401.0,8.0,1.0,0.0011781621724367,,,,,,,,,,True,grid_complete,configured_grid,,1.6088131815195084e-05,solver final filtering and index remapping; caller metric conversion excluded,r5-v1,,excluded_precomputed,,True,,,fresh_retrieval,0.0,0.2436814317479729,5.404604598879814e-05,0.2437515659257769,0.2449297280982136,measured_excluding_encoding,"[52, 5, 75, 63, 13, 6, 85, 102]","[52, 5, 75, 63, 13, 6, 85, 102]",scipy.optimize.milp/HiGHS,1.17.1,1.12.0,1.0,<paper>/revision_campaign_20260914/default/amazon/default.csv,
32,eps-ILP g=8,1,feasible,complete,1,1,returned,0,65.0,16,0.0287253141831238,0.7650217828683967,0.0287253141831238,0.9701148588210344,0.9712930209934711,26065.0,65,0,0.0,0.0,9.0,0.0,,,557,1.0,0.0262470617890357,0.0,401.0,8.0,1.0,0.0011781621724367,,,,,,,,,,True,grid_complete,configured_grid,,2.029165625572205e-05,solver final filtering and index remapping; caller metric conversion excluded,r5-v1,,excluded_precomputed,,True,,,fresh_retrieval,0.0,0.9696659101173282,0.0004286570474505,0.9701148588210344,0.9712930209934711,measured_excluding_encoding,"[52, 5, 75, 63, 13, 6, 85, 102]","[52, 5, 75, 63, 13, 6, 85, 102]",scipy.optimize.milp/HiGHS,1.17.1,1.12.0,1.0,<paper>/revision_campaign_20260914/default/amazon/default.csv,
32,eps-ILP g=16,1,feasible,complete,1,1,returned,0,257.0,50,0.0897666068222621,0.9037979831264488,0.0897666068222621,4.30321244103834,4.304390603210777,103057.0,257,0,0.0,0.0,24.0,0.0,,,557,1.0,0.0262470617890357,0.0,401.0,8.0,1.0,0.0011781621724367,,,,,,,,,,True,grid_complete,configured_grid,,3.580516204237938e-05,solver final filtering and index remapping; caller metric conversion excluded,r5-v1,,excluded_precomputed,,True,,,fresh_retrieval,0.0,4.297064701095223,0.0061119347810745,4.30321244103834,4.304390603210777,measured_excluding_encoding,"[52, 5, 75, 63, 13, 6, 85, 102]","[52, 5, 75, 63, 13, 6, 85, 102]",scipy.optimize.milp/HiGHS,1.17.1,1.12.0,1.0,<paper>/revision_campaign_20260914/default/amazon/default.csv,
32,PBF,0,feasible,complete,1,1,work_limit,0,,0,0.0,0.0,0.0,2.3132190108299252e-05,0.001201294362545,0.0,1,0,0.0,0.0,0.0,0.0,,,557,1.0,0.0262470617890357,0.0,401.0,8.0,1.0,0.0011781621724367,False,,,,,,,,,False,combination_limit,full_input,,2.3132190108299252e-05,solver final filtering and index remapping; caller metric conversion excluded,r5-v1,,excluded_precomputed,,True,,,fresh_retrieval,,,,2.3132190108299252e-05,0.001201294362545,measured_excluding_encoding,"[52, 5, 75, 63, 13, 6, 85, 102]",,Python/PBF,3.11.15,,,<paper>/revision_campaign_20260914/default/amazon/default.csv,
33,PACS,1,feasible,complete,1,1,returned,0,,22,1.0,1.0,1.0,0.0005914107896387,0.0014747297391295,188.0,1,0,0.0,0.0,0.0,0.0,47.0,19.0,22,1.0,0.0005629579536616,0.0,47.0,4.0,1.0,0.0008833189494907,True,,,,,,,,,True,completed,all_reduced_candidates,"[3, 2, 9, 5]",2.055475488305092e-05,solver final filtering and index remapping; caller metric conversion excluded,r5-v1,,excluded_precomputed,,True,,,fresh_retrieval,4.823319613933563e-05,0.0003878017887473,0.000134821049869,0.0005914107896387,0.0014747297391295,measured_excluding_encoding,"[7, 2, 32, 6]","[3, 2, 9, 5]",Python/PACS+,3.11.15,,,<paper>/revision_campaign_20260914/default/amazon/default.csv,
33,PACS_dC,1,feasible,complete,1,1,returned,0,,11,0.5,0.9715478749378084,0.5,0.0002048886381089,0.0010882075875997,44.0,1,0,0.0,0.0,0.0,0.0,,,22,1.0,0.0005629579536616,0.0,47.0,4.0,1.0,0.0008833189494907,False,,,,,,,,,True,completed,beam_search,"[3, 2, 9, 5]",1.2135598808526993e-05,solver final filtering and index remapping; caller metric conversion excluded,r5-v1,,excluded_precomputed,,True,,,fresh_retrieval,3.447197377681732e-05,0.0001166779547929,4.160311073064804e-05,0.0002048886381089,0.0010882075875997,measured_excluding_encoding,"[7, 2, 32, 6]","[3, 2, 9, 5]",Python/PACS_dC,3.11.15,,,<paper>/revision_campaign_20260914/default/amazon/default.csv,
33,PBS-unbounded,1,feasible,complete,1,1,returned,0,,22,1.0,1.0,1.0,0.0005454472266137,0.0014287661761045,188.0,1,0,0.0,0.0,0.0,0.0,47.0,19.0,22,1.0,0.0005629579536616,0.0,47.0,4.0,1.0,0.0008833189494907,True,,,,,,,,,True,completed,all_reduced_candidates,"[3, 2, 9, 5]",1.606810837984085e-05,solver final filtering and index remapping; caller metric conversion excluded,r5-v1,,excluded_precomputed,,True,,,fresh_retrieval,3.2553914934396744e-05,0.000371856149286,0.0001249690540134,0.0005454472266137,0.0014287661761045,measured_excluding_encoding,"[7, 2, 32, 6]","[3, 2, 9, 5]",Python/PBS-unbounded,3.11.15,,,<paper>/revision_campaign_20260914/default/amazon/default.csv,
33,PTS,1,feasible,complete,1,1,returned,0,,22,1.0,1.0,1.0,0.0010431301780045,0.0019264491274952,375.0,1,0,0.0,0.0,0.0,0.0,47.0,19.0,22,1.0,0.0005629579536616,0.0,47.0,4.0,1.0,0.0008833189494907,True,,,,,,,500.0,,True,completed,fixed_candidate_tree,"[3, 2, 9, 5]",2.2445805370807648e-05,solver final filtering and index remapping; caller metric conversion excluded,r5-v1,,excluded_precomputed,,True,,,fresh_retrieval,2.8902199119329453e-05,0.0009026378393173,8.914433419704437e-05,0.0010431301780045,0.0019264491274952,measured_excluding_encoding,"[7, 2, 32, 6]","[3, 2, 9, 5]",Python/DFS,3.11.15,,,<paper>/revision_campaign_20260914/default/amazon/default.csv,
33,eps-ILP g=2,1,feasible,complete,1,1,returned,0,5.0,2,0.0909090909090909,0.8075748367223092,0.0909090909090909,0.0290443110279738,0.0299276299774646,235.0,5,0,0.0,0.0,2.0,0.0,,,22,1.0,0.0005629579536616,0.0,47.0,4.0,1.0,0.0008833189494907,,,,,,,,,,True,grid_complete,configured_grid,,1.3396143913269045e-05,solver final filtering and index remapping; caller metric conversion excluded,r5-v1,,excluded_precomputed,,True,,,fresh_retrieval,0.0,0.0290088886395096,2.202624455094337e-05,0.0290443110279738,0.0299276299774646,measured_excluding_encoding,"[7, 2, 32, 6]","[7, 2, 32, 6]",scipy.optimize.milp/HiGHS,1.17.1,1.12.0,1.0,<paper>/revision_campaign_20260914/default/amazon/default.csv,
33,eps-ILP g=4,1,feasible,complete,1,1,returned,0,17.0,4,0.1818181818181818,0.807951337192844,0.1818181818181818,0.1075443080626428,0.1084276270121336,799.0,17,0,0.0,0.0,4.0,0.0,,,22,1.0,0.0005629579536616,0.0,47.0,4.0,1.0,0.0008833189494907,,,,,,,,,,True,grid_complete,configured_grid,,1.5304889529943466e-05,solver final filtering and index remapping; caller metric conversion excluded,r5-v1,,excluded_precomputed,,True,,,fresh_retrieval,0.0,0.1074782470241189,5.075614899396896e-05,0.1075443080626428,0.1084276270121336,measured_excluding_encoding,"[7, 2, 32, 6]","[7, 2, 32, 6]",scipy.optimize.milp/HiGHS,1.17.1,1.12.0,1.0,<paper>/revision_campaign_20260914/default/amazon/default.csv,
33,eps-ILP g=8,1,feasible,complete,1,1,returned,0,65.0,10,0.4545454545454545,0.9532644045937152,0.4545454545454545,0.4300437523052096,0.4309270712547004,3055.0,65,0,0.0,0.0,8.0,0.0,,,22,1.0,0.0005629579536616,0.0,47.0,4.0,1.0,0.0008833189494907,,,,,,,,,,True,grid_complete,configured_grid,,1.8893275409936905e-05,solver final filtering and index remapping; caller metric conversion excluded,r5-v1,,excluded_precomputed,,True,,,fresh_retrieval,0.0,0.4295646450482309,0.0004602139815688,0.4300437523052096,0.4309270712547004,measured_excluding_encoding,"[7, 2, 32, 6]","[7, 2, 32, 6]",scipy.optimize.milp/HiGHS,1.17.1,1.12.0,1.0,<paper>/revision_campaign_20260914/default/amazon/default.csv,
33,eps-ILP g=16,1,feasible,complete,1,1,returned,0,257.0,12,0.5454545454545454,0.9811571347653616,0.5454545454545454,1.735075839329511,1.7359591582790015,12079.0,257,0,0.0,0.0,24.0,0.0,,,22,1.0,0.0005629579536616,0.0,47.0,4.0,1.0,0.0008833189494907,,,,,,,,,,True,grid_complete,configured_grid,,3.339722752571106e-05,solver final filtering and index remapping; caller metric conversion excluded,r5-v1,,excluded_precomputed,,True,,,fresh_retrieval,0.0,1.7282564439810812,0.0067859981209039,1.735075839329511,1.7359591582790015,measured_excluding_encoding,"[7, 2, 32, 6]","[7, 2, 32, 6]",scipy.optimize.milp/HiGHS,1.17.1,1.12.0,1.0,<paper>/revision_campaign_20260914/default/amazon/default.csv,
33,PBF,1,feasible,complete,1,1,returned,0,,22,1.0,1.0,1.0,0.0040433262474834,0.0049266451969742,10752.0,1,0,0.0,0.0,0.0,0.0,,,22,1.0,0.0005629579536616,0.0,47.0,4.0,1.0,0.0008833189494907,True,,,,,,,,,True,complete,full_input,,0.0040433262474834,solver final filtering and index remapping; caller metric conversion excluded,r5-v1,,excluded_precomputed,,True,,,fresh_retrieval,,,,0.0040433262474834,0.0049266451969742,measured_excluding_encoding,"[7, 2, 32, 6]",,Python/PBF,3.11.15,,,<paper>/revision_campaign_20260914/default/amazon/default.csv,
34,PACS,1,feasible,complete,1,1,returned,0,,57,1.0,1.0,1.0,0.0020730909891426,0.0032380353659391,968.0,1,0,0.0,0.0,0.0,0.0,408.0,41.0,57,1.0,0.0021853493526577,0.0,408.0,5.0,1.0,0.0011649443767964,True,,,,,,,,,True,completed,all_reduced_candidates,"[4, 2, 6, 9, 20]",3.069406375288963e-05,solver final filtering and index remapping; caller metric conversion excluded,r5-v1,,excluded_precomputed,,True,,,fresh_retrieval,0.0002572368830442,0.0015302668325603,0.0002548932097852,0.0020730909891426,0.0032380353659391,measured_excluding_encoding,"[198, 4, 13, 43, 150]","[4, 2, 6, 9, 20]",Python/PACS+,3.11.15,,,<paper>/revision_campaign_20260914/default/amazon/default.csv,
34,PACS_dC,1,feasible,complete,1,1,returned,0,,44,0.5087719298245614,0.8340490733486162,0.5087719298245614,0.0013263211585581,0.0024912655353546,633.0,1,0,0.0,0.0,0.0,0.0,,,57,1.0,0.0021853493526577,0.0,408.0,5.0,1.0,0.0011649443767964,False,,,,,,,,,True,completed,beam_search,"[4, 2, 6, 9, 20]",1.9486062228679657e-05,solver final filtering and index remapping; caller metric conversion excluded,r5-v1,,excluded_precomputed,,True,,,fresh_retrieval,0.0002098158001899,0.0009466251358389,0.0001503941603004,0.0013263211585581,0.0024912655353546,measured_excluding_encoding,"[198, 4, 13, 43, 150]","[4, 2, 6, 9, 20]",Python/PACS_dC,3.11.15,,,<paper>/revision_campaign_20260914/default/amazon/default.csv,
34,PBS-unbounded,1,feasible,complete,1,1,returned,0,,57,1.0,1.0,1.0,0.0020112241618335,0.00317616853863,968.0,1,0,0.0,0.0,0.0,0.0,408.0,41.0,57,1.0,0.0021853493526577,0.0,408.0,5.0,1.0,0.0011649443767964,True,,,,,,,,,True,completed,all_reduced_candidates,"[4, 2, 6, 9, 20]",3.075413405895233e-05,solver final filtering and index remapping; caller metric conversion excluded,r5-v1,,excluded_precomputed,,True,,,fresh_retrieval,0.00021009799093,0.0015254779718816,0.0002448940649628,0.0020112241618335,0.00317616853863,measured_excluding_encoding,"[198, 4, 13, 43, 150]","[4, 2, 6, 9, 20]",Python/PBS-unbounded,3.11.15,,,<paper>/revision_campaign_20260914/default/amazon/default.csv,
34,PTS,1,feasible,complete,1,1,returned,0,,57,1.0,1.0,1.0,0.0061632408760488,0.0073281852528452,4008.0,1,0,0.0,0.0,0.0,0.0,408.0,41.0,57,1.0,0.0021853493526577,0.0,408.0,5.0,1.0,0.0011649443767964,True,,,,,,,500.0,,True,completed,fixed_candidate_tree,"[4, 2, 6, 9, 20]",3.642681986093521e-05,solver final filtering and index remapping; caller metric conversion excluded,r5-v1,,excluded_precomputed,,True,,,fresh_retrieval,0.0001977873034775,0.0056905858218669,0.0002384409308433,0.0061632408760488,0.0073281852528452,measured_excluding_encoding,"[198, 4, 13, 43, 150]","[4, 2, 6, 9, 20]",Python/DFS,3.11.15,,,<paper>/revision_campaign_20260914/default/amazon/default.csv,
34,eps-ILP g=2,1,feasible,complete,1,1,returned,0,5.0,2,0.0350877192982456,0.1952891533306518,0.0350877192982456,0.0615607881918549,0.0627257325686514,2040.0,5,0,0.0,0.0,2.0,0.0,,,57,1.0,0.0021853493526577,0.0,408.0,5.0,1.0,0.0011649443767964,,,,,,,,,,True,grid_complete,configured_grid,,1.4547258615493774e-05,solver final filtering and index remapping; caller metric conversion excluded,r5-v1,,excluded_precomputed,,True,,,fresh_retrieval,0.0,0.0615277257747948,1.851515844464302e-05,0.0615607881918549,0.0627257325686514,measured_excluding_encoding,"[198, 4, 13, 43, 150]","[198, 4, 13, 43, 150]",scipy.optimize.milp/HiGHS,1.17.1,1.12.0,1.0,<paper>/revision_campaign_20260914/default/amazon/default.csv,
34,eps-ILP g=4,1,feasible,complete,1,1,returned,0,17.0,4,0.0701754385964912,0.3523997711755702,0.0701754385964912,0.2241603266447782,0.2253252710215747,6936.0,17,0,0.0,0.0,4.0,0.0,,,57,1.0,0.0021853493526577,0.0,408.0,5.0,1.0,0.0011649443767964,,,,,,,,,,True,grid_complete,configured_grid,,1.5725381672382355e-05,solver final filtering and index remapping; caller metric conversion excluded,r5-v1,,excluded_precomputed,,True,,,fresh_retrieval,0.0,0.2240917361341416,5.286512896418572e-05,0.2241603266447782,0.2253252710215747,measured_excluding_encoding,"[198, 4, 13, 43, 150]","[198, 4, 13, 43, 150]",scipy.optimize.milp/HiGHS,1.17.1,1.12.0,1.0,<paper>/revision_campaign_20260914/default/amazon/default.csv,
34,eps-ILP g=8,1,feasible,complete,1,1,returned,0,65.0,13,0.2280701754385964,0.8300412931951068,0.2280701754385964,0.8708181413821876,0.8719830857589841,26520.0,65,0,0.0,0.0,8.0,0.0,,,57,1.0,0.0021853493526577,0.0,408.0,5.0,1.0,0.0011649443767964,,,,,,,,,,True,grid_complete,configured_grid,,2.110656350851059e-05,solver final filtering and index remapping; caller metric conversion excluded,r5-v1,,excluded_precomputed,,True,,,fresh_retrieval,0.0,0.8703506449237466,0.0004463898949325,0.8708181413821876,0.8719830857589841,measured_excluding_encoding,"[198, 4, 13, 43, 150]","[198, 4, 13, 43, 150]",scipy.optimize.milp/HiGHS,1.17.1,1.12.0,1.0,<paper>/revision_campaign_20260914/default/amazon/default.csv,
34,eps-ILP g=16,1,feasible,complete,1,1,returned,0,257.0,23,0.4035087719298245,0.9341046262185368,0.4035087719298245,3.421858994755894,3.4230239391326904,104856.0,257,0,0.0,0.0,16.0,0.0,,,57,1.0,0.0021853493526577,0.0,408.0,5.0,1.0,0.0011649443767964,,,,,,,,,,True,grid_complete,configured_grid,,3.8975849747657776e-05,solver final filtering and index remapping; caller metric conversion excluded,r5-v1,,excluded_precomputed,,True,,,fresh_retrieval,0.0,3.415240139234811,0.0065798796713352,3.421858994755894,3.4230239391326904,measured_excluding_encoding,"[198, 4, 13, 43, 150]","[198, 4, 13, 43, 150]",scipy.optimize.milp/HiGHS,1.17.1,1.12.0,1.0,<paper>/revision_campaign_20260914/default/amazon/default.csv,
34,PBF,1,feasible,complete,1,1,returned,0,,57,1.0,1.0,1.0,23.63354243012145,23.634707374498248,332046000.0,1,0,0.0,0.0,0.0,0.0,,,57,1.0,0.0021853493526577,0.0,408.0,5.0,1.0,0.0011649443767964,True,,,,,,,,,True,complete,full_input,,23.63354243012145,solver final filtering and index remapping; caller metric conversion excluded,r5-v1,,excluded_precomputed,,True,,,fresh_retrieval,,,,23.63354243012145,23.634707374498248,measured_excluding_encoding,"[198, 4, 13, 43, 150]",,Python/PBF,3.11.15,,,<paper>/revision_campaign_20260914/default/amazon/default.csv,
35,PACS,1,feasible,complete,1,1,returned,0,,77,0.4529411764705882,0.913694074446996,0.4529411764705882,0.0051992950029671,0.0065613128244876,1632.0,1,0,0.0,0.0,0.0,0.0,653.0,60.0,170,1.0,0.0061681801453232,0.0,653.0,4.0,1.0,0.0013620178215205,False,,,,,,,,,True,completed,beam_search,"[28, 3, 20, 9]",4.207435995340347e-05,solver final filtering and index remapping; caller metric conversion excluded,r5-v1,,excluded_precomputed,,True,,,fresh_retrieval,0.0004988056607544,0.0043104039505124,0.0003480110317468,0.0051992950029671,0.0065613128244876,measured_excluding_encoding,"[222, 7, 409, 15]","[28, 3, 20, 9]",Python/PACS+,3.11.15,,,<paper>/revision_campaign_20260914/default/amazon/default.csv,
35,PACS_dC,1,feasible,complete,1,1,returned,0,,19,0.0470588235294117,0.4833349097522254,0.0470588235294117,0.0009835688397288,0.0023455866612493,217.0,1,0,0.0,0.0,0.0,0.0,,,170,1.0,0.0061681801453232,0.0,653.0,4.0,1.0,0.0013620178215205,False,,,,,,,,,True,completed,beam_search,"[28, 3, 20, 9]",1.7908867448568344e-05,solver final filtering and index remapping; caller metric conversion excluded,r5-v1,,excluded_precomputed,,True,,,fresh_retrieval,0.0004923189990222,0.0004035183228552,6.982265040278435e-05,0.0009835688397288,0.0023455866612493,measured_excluding_encoding,"[222, 7, 409, 15]","[28, 3, 20, 9]",Python/PACS_dC,3.11.15,,,<paper>/revision_campaign_20260914/default/amazon/default.csv,
35,PBS-unbounded,1,feasible,complete,1,1,returned,0,,170,1.0,1.0,1.0,0.006306059192866,0.0076680770143866,2037.0,1,0,0.0,0.0,0.0,0.0,653.0,60.0,170,1.0,0.0061681801453232,0.0,653.0,4.0,1.0,0.0013620178215205,True,,,,,,,,,True,completed,all_reduced_candidates,"[28, 3, 20, 9]",5.628308281302452e-05,solver final filtering and index remapping; caller metric conversion excluded,r5-v1,,excluded_precomputed,,True,,,fresh_retrieval,0.0004847473464906,0.0050505045801401,0.0007145241834223,0.006306059192866,0.0076680770143866,measured_excluding_encoding,"[222, 7, 409, 15]","[28, 3, 20, 9]",Python/PBS-unbounded,3.11.15,,,<paper>/revision_campaign_20260914/default/amazon/default.csv,
35,PTS,1,feasible,complete,1,1,returned,0,,139,0.7941176470588235,0.9708707224168184,0.7941176470588235,0.0106795108877122,0.0120415287092328,3303.0,1,0,0.0,0.0,0.0,0.0,653.0,60.0,170,1.0,0.0061681801453232,0.0,653.0,4.0,1.0,0.0013620178215205,False,,,,,,,500.0,,False,iteration_limit,fixed_candidate_tree,"[28, 3, 20, 9]",4.958081990480423e-05,solver final filtering and index remapping; caller metric conversion excluded,r5-v1,,excluded_precomputed,,True,,,fresh_retrieval,0.0004545119591057,0.009667582809925,0.0005078352987766,0.0106795108877122,0.0120415287092328,measured_excluding_encoding,"[222, 7, 409, 15]","[28, 3, 20, 9]",Python/DFS,3.11.15,,,<paper>/revision_campaign_20260914/default/amazon/default.csv,
35,eps-ILP g=2,1,feasible,complete,1,1,returned,0,5.0,2,0.0117647058823529,0.3952604909610264,0.0117647058823529,0.100963806733489,0.1023258245550096,3265.0,5,0,0.0,0.0,2.0,0.0,,,170,1.0,0.0061681801453232,0.0,653.0,4.0,1.0,0.0013620178215205,,,,,,,,,,True,grid_complete,configured_grid,,1.4736782759428024e-05,solver final filtering and index remapping; caller metric conversion excluded,r5-v1,,excluded_precomputed,,True,,,fresh_retrieval,0.0,0.1009294739924371,1.9595958292484283e-05,0.100963806733489,0.1023258245550096,measured_excluding_encoding,"[222, 7, 409, 15]","[222, 7, 409, 15]",scipy.optimize.milp/HiGHS,1.17.1,1.12.0,1.0,<paper>/revision_campaign_20260914/default/amazon/default.csv,
35,eps-ILP g=4,1,feasible,complete,1,1,returned,0,17.0,4,0.0235294117647058,0.4096587264966203,0.0235294117647058,0.3548102928325534,0.3561723106540739,11101.0,17,0,0.0,0.0,4.0,0.0,,,170,1.0,0.0061681801453232,0.0,653.0,4.0,1.0,0.0013620178215205,,,,,,,,,,True,grid_complete,configured_grid,,1.618172973394394e-05,solver final filtering and index remapping; caller metric conversion excluded,r5-v1,,excluded_precomputed,,True,,,fresh_retrieval,0.0,0.3547428608871996,5.125021561980248e-05,0.3548102928325534,0.3561723106540739,measured_excluding_encoding,"[222, 7, 409, 15]","[222, 7, 409, 15]",scipy.optimize.milp/HiGHS,1.17.1,1.12.0,1.0,<paper>/revision_campaign_20260914/default/amazon/default.csv,
35,eps-ILP g=8,1,feasible,complete,1,1,returned,0,65.0,15,0.088235294117647,0.7831682238493392,0.088235294117647,1.4839620180428028,1.4853240358643234,42445.0,65,0,0.0,0.0,8.0,0.0,,,170,1.0,0.0061681801453232,0.0,653.0,4.0,1.0,0.0013620178215205,,,,,,,,,,True,grid_complete,configured_grid,,2.1795276552438736e-05,solver final filtering and index remapping; caller metric conversion excluded,r5-v1,,excluded_precomputed,,True,,,fresh_retrieval,0.0,1.4834797298535705,0.0004604929126799,1.4839620180428028,1.4853240358643234,measured_excluding_encoding,"[222, 7, 409, 15]","[222, 7, 409, 15]",scipy.optimize.milp/HiGHS,1.17.1,1.12.0,1.0,<paper>/revision_campaign_20260914/default/amazon/default.csv,
35,eps-ILP g=16,1,feasible,complete,1,1,returned,0,257.0,42,0.2470588235294117,0.9285863386635176,0.2470588235294117,5.776658711954951,5.778020729776472,167821.0,257,0,0.0,0.0,16.0,0.0,,,170,1.0,0.0061681801453232,0.0,653.0,4.0,1.0,0.0013620178215205,,,,,,,,,,True,grid_complete,configured_grid,,4.281708970665932e-05,solver final filtering and index remapping; caller metric conversion excluded,r5-v1,,excluded_precomputed,,True,,,fresh_retrieval,0.0,5.769868463277817,0.0067474315874278,5.776658711954951,5.778020729776472,measured_excluding_encoding,"[222, 7, 409, 15]","[222, 7, 409, 15]",scipy.optimize.milp/HiGHS,1.17.1,1.12.0,1.0,<paper>/revision_campaign_20260914/default/amazon/default.csv,
35,PBF,1,feasible,complete,1,1,returned,0,,170,1.0,1.0,1.0,5.043981424067169,5.04534344188869,38135160.0,1,0,0.0,0.0,0.0,0.0,,,170,1.0,0.0061681801453232,0.0,653.0,4.0,1.0,0.0013620178215205,True,,,,,,,,,True,complete,full_input,,5.043981424067169,solver final filtering and index remapping; caller metric conversion excluded,r5-v1,,excluded_precomputed,,True,,,fresh_retrieval,,,,5.043981424067169,5.04534344188869,measured_excluding_encoding,"[222, 7, 409, 15]",,Python/PBF,3.11.15,,,<paper>/revision_campaign_20260914/default/amazon/default.csv,
36,PACS,1,feasible,complete,1,1,returned,0,,30,0.2040816326530612,0.8747252748477581,0.2027027027027027,0.0071205450221896,0.0080945212393999,2218.0,1,0,0.0,0.0,0.0,0.0,194.0,42.0,147,1.0,0.0113413142971694,0.0,194.0,6.0,1.0,0.0009739762172102,False,,,,,,,,,True,completed,beam_search,"[6, 6, 6, 10, 4, 10]",6.203213706612587e-05,solver final filtering and index remapping; caller metric conversion excluded,r5-v1,,excluded_precomputed,,True,,,fresh_retrieval,0.0001496858894824,0.0065855691209435,0.0003232578746974,0.0071205450221896,0.0080945212393999,measured_excluding_encoding,"[17, 24, 16, 24, 6, 107]","[6, 6, 6, 10, 4, 10]",Python/PACS+,3.11.15,,,<paper>/revision_campaign_20260914/default/amazon/default.csv,
36,PACS_dC,1,feasible,complete,1,1,returned,0,,48,0.1904761904761904,0.6012254916503669,0.1959459459459459,0.0013595721684396,0.0023335483856499,710.0,1,0,0.0,0.0,0.0,0.0,,,147,1.0,0.0113413142971694,0.0,194.0,6.0,1.0,0.0009739762172102,False,,,,,,,,,True,completed,beam_search,"[6, 6, 6, 10, 4, 10]",1.844717189669609e-05,solver final filtering and index remapping; caller metric conversion excluded,r5-v1,,excluded_precomputed,,True,,,fresh_retrieval,0.0001155980862677,0.0010616839863359,0.0001638429239392,0.0013595721684396,0.0023335483856499,measured_excluding_encoding,"[17, 24, 16, 24, 6, 107]","[6, 6, 6, 10, 4, 10]",Python/PACS_dC,3.11.15,,,<paper>/revision_campaign_20260914/default/amazon/default.csv,
36,PBS-unbounded,1,feasible,complete,1,1,returned,0,,147,1.0,1.0,0.9932432432432432,0.0115701560862362,0.0125441323034465,3840.0,1,0,0.0,0.0,0.0,0.0,194.0,42.0,147,1.0,0.0113413142971694,0.0,194.0,6.0,1.0,0.0009739762172102,True,,,,,,,,,True,completed,all_reduced_candidates,"[6, 6, 6, 10, 4, 10]",0.0001746588386595,solver final filtering and index remapping; caller metric conversion excluded,r5-v1,,excluded_precomputed,,True,,,fresh_retrieval,0.0001354124397039,0.0103591918013989,0.0009008930064737,0.0115701560862362,0.0125441323034465,measured_excluding_encoding,"[17, 24, 16, 24, 6, 107]","[6, 6, 6, 10, 4, 10]",Python/PBS-unbounded,3.11.15,,,<paper>/revision_campaign_20260914/default/amazon/default.csv,
36,PTS,1,feasible,complete,1,1,returned,0,,85,0.2653061224489796,0.9385150227929876,0.2635135135135135,0.0093229170888662,0.0102968933060765,3456.0,1,0,0.0,0.0,0.0,0.0,194.0,42.0,147,1.0,0.0113413142971694,0.0,194.0,6.0,1.0,0.0009739762172102,False,,,,,,,500.0,,False,iteration_limit,fixed_candidate_tree,"[6, 6, 6, 10, 4, 10]",4.694797098636627e-05,solver final filtering and index remapping; caller metric conversion excluded,r5-v1,,excluded_precomputed,,True,,,fresh_retrieval,0.0001306300982832,0.0088106649927794,0.000334674026817,0.0093229170888662,0.0102968933060765,measured_excluding_encoding,"[17, 24, 16, 24, 6, 107]","[6, 6, 6, 10, 4, 10]",Python/DFS,3.11.15,,,<paper>/revision_campaign_20260914/default/amazon/default.csv,
36,eps-ILP g=2,1,feasible,complete,1,1,returned,0,5.0,3,0.0204081632653061,0.0429260192506988,0.0202702702702702,0.0399385690689086,0.0409125452861189,970.0,5,0,0.0,0.0,1.0,0.0,,,147,1.0,0.0113413142971694,0.0,194.0,6.0,1.0,0.0009739762172102,,,,,,,,,,True,grid_complete,configured_grid,,1.5029218047857285e-05,solver final filtering and index remapping; caller metric conversion excluded,r5-v1,,excluded_precomputed,,True,,,fresh_retrieval,0.0,0.0399032961577177,2.024369314312935e-05,0.0399385690689086,0.0409125452861189,measured_excluding_encoding,"[17, 24, 16, 24, 6, 107]","[17, 24, 16, 24, 6, 107]",scipy.optimize.milp/HiGHS,1.17.1,1.12.0,1.0,<paper>/revision_campaign_20260914/default/amazon/default.csv,
36,eps-ILP g=4,1,feasible,complete,1,1,returned,0,17.0,9,0.0612244897959183,0.3623033199460242,0.0608108108108108,0.161834695842117,0.1628086720593273,3298.0,17,0,0.0,0.0,3.0,0.0,,,147,1.0,0.0113413142971694,0.0,194.0,6.0,1.0,0.0009739762172102,,,,,,,,,,True,grid_complete,configured_grid,,1.4796853065490724e-05,solver final filtering and index remapping; caller metric conversion excluded,r5-v1,,excluded_precomputed,,True,,,fresh_retrieval,0.0,0.1617626021616161,5.729682743549347e-05,0.161834695842117,0.1628086720593273,measured_excluding_encoding,"[17, 24, 16, 24, 6, 107]","[17, 24, 16, 24, 6, 107]",scipy.optimize.milp/HiGHS,1.17.1,1.12.0,1.0,<paper>/revision_campaign_20260914/default/amazon/default.csv,
36,eps-ILP g=8,1,feasible,complete,1,1,returned,0,65.0,17,0.1156462585034013,0.8014221368918106,0.1148648648648648,0.6383393602445722,0.6393133364617825,12610.0,65,0,0.0,0.0,7.0,0.0,,,147,1.0,0.0113413142971694,0.0,194.0,6.0,1.0,0.0009739762172102,,,,,,,,,,True,grid_complete,configured_grid,,1.9838567823171616e-05,solver final filtering and index remapping; caller metric conversion excluded,r5-v1,,excluded_precomputed,,True,,,fresh_retrieval,0.0,0.6378499986603856,0.0004695230163633,0.6383393602445722,0.6393133364617825,measured_excluding_encoding,"[17, 24, 16, 24, 6, 107]","[17, 24, 16, 24, 6, 107]",scipy.optimize.milp/HiGHS,1.17.1,1.12.0,1.0,<paper>/revision_campaign_20260914/default/amazon/default.csv,
36,eps-ILP g=16,1,feasible,complete,1,1,returned,0,257.0,43,0.2925170068027211,0.9408667414682482,0.2905405405405405,2.660986336879432,2.6619603130966425,49858.0,257,0,0.0,0.0,14.0,0.0,,,147,1.0,0.0113413142971694,0.0,194.0,6.0,1.0,0.0009739762172102,,,,,,,,,,True,grid_complete,configured_grid,,3.5177916288375854e-05,solver final filtering and index remapping; caller metric conversion excluded,r5-v1,,excluded_precomputed,,True,,,fresh_retrieval,0.0,2.654239643830806,0.0067115151323378,2.660986336879432,2.6619603130966425,measured_excluding_encoding,"[17, 24, 16, 24, 6, 107]","[17, 24, 16, 24, 6, 107]",scipy.optimize.milp/HiGHS,1.17.1,1.12.0,1.0,<paper>/revision_campaign_20260914/default/amazon/default.csv,
36,PBF,1,feasible,complete,1,1,solver_timeout,0,,123,0.1632653061224489,0.9153881191077812,0.1689189189189189,30.38976096222177,30.39073493843898,283115520.0,1,1,0.0,0.0,0.0,1.0,,,147,1.0,0.0113413142971694,0.0,194.0,6.0,1.0,0.0009739762172102,False,,,,,,,,,False,timeout,full_input,,30.38976096222177,solver final filtering and index remapping; caller metric conversion excluded,r5-v1,,excluded_precomputed,,True,,,fresh_retrieval,,,,30.38976096222177,30.39073493843898,measured_excluding_encoding,"[17, 24, 16, 24, 6, 107]",,Python/PBF,3.11.15,,,<paper>/revision_campaign_20260914/default/amazon/default.csv,
37,PACS,1,feasible,complete,1,1,returned,0,,12,0.3428571428571428,0.8629815938836085,0.3428571428571428,0.0029537258669734,0.0038203708827495,1007.0,1,0,0.0,0.0,0.0,0.0,112.0,33.0,35,1.0,0.0029572141356766,0.0,112.0,5.0,1.0,0.0008666450157761,False,,,,,,,,,True,completed,beam_search,"[11, 9, 7, 3, 3]",3.308197483420372e-05,solver final filtering and index remapping; caller metric conversion excluded,r5-v1,,excluded_precomputed,,True,,,fresh_retrieval,9.69916582107544e-05,0.0025158021599054,0.000307850074023,0.0029537258669734,0.0038203708827495,measured_excluding_encoding,"[63, 19, 15, 6, 9]","[11, 9, 7, 3, 3]",Python/PACS+,3.11.15,,,<paper>/revision_campaign_20260914/default/amazon/default.csv,
37,PACS_dC,1,feasible,complete,1,1,returned,0,,13,0.3142857142857143,0.9170288162908586,0.3142857142857143,0.0006848080083727,0.0015514530241489,209.0,1,0,0.0,0.0,0.0,0.0,,,35,1.0,0.0029572141356766,0.0,112.0,5.0,1.0,0.0008666450157761,False,,,,,,,,,True,completed,beam_search,"[11, 9, 7, 3, 3]",1.2235250324010847e-05,solver final filtering and index remapping; caller metric conversion excluded,r5-v1,,excluded_precomputed,,True,,,fresh_retrieval,6.832275539636612e-05,0.0005571991205215,4.705088213086128e-05,0.0006848080083727,0.0015514530241489,measured_excluding_encoding,"[63, 19, 15, 6, 9]","[11, 9, 7, 3, 3]",Python/PACS_dC,3.11.15,,,<paper>/revision_campaign_20260914/default/amazon/default.csv,
37,PBS-unbounded,1,feasible,complete,1,1,returned,0,,35,1.0,1.0,1.0,0.0029180929996073,0.0037847380153834,1007.0,1,0,0.0,0.0,0.0,0.0,112.0,33.0,35,1.0,0.0029572141356766,0.0,112.0,5.0,1.0,0.0008666450157761,True,,,,,,,,,True,completed,all_reduced_candidates,"[11, 9, 7, 3, 3]",2.7895905077457428e-05,solver final filtering and index remapping; caller metric conversion excluded,r5-v1,,excluded_precomputed,,True,,,fresh_retrieval,6.77802599966526e-05,0.0024363729171454,0.0003860439173877,0.0029180929996073,0.0037847380153834,measured_excluding_encoding,"[63, 19, 15, 6, 9]","[11, 9, 7, 3, 3]",Python/PBS-unbounded,3.11.15,,,<paper>/revision_campaign_20260914/default/amazon/default.csv,
37,PTS,1,feasible,complete,1,1,returned,0,,35,1.0,1.0,1.0,0.0061227423138916,0.0069893873296678,1835.0,1,0,0.0,0.0,0.0,0.0,112.0,33.0,35,1.0,0.0029572141356766,0.0,112.0,5.0,1.0,0.0008666450157761,True,,,,,,,500.0,,True,completed,fixed_candidate_tree,"[11, 9, 7, 3, 3]",3.837328404188156e-05,solver final filtering and index remapping; caller metric conversion excluded,r5-v1,,excluded_precomputed,,True,,,fresh_retrieval,6.398884579539299e-05,0.005881970282644,0.0001384099014103,0.0061227423138916,0.0069893873296678,measured_excluding_encoding,"[63, 19, 15, 6, 9]","[11, 9, 7, 3, 3]",Python/DFS,3.11.15,,,<paper>/revision_campaign_20260914/default/amazon/default.csv,
37,eps-ILP g=2,1,feasible,complete,1,1,returned,0,5.0,3,0.0857142857142857,0.1755531028691107,0.0857142857142857,0.0407020021229982,0.0415686471387743,560.0,5,0,0.0,0.0,0.0,0.0,,,35,1.0,0.0029572141356766,0.0,112.0,5.0,1.0,0.0008666450157761,,,,,,,,,,True,grid_complete,configured_grid,,1.4421995729207993e-05,solver final filtering and index remapping; caller metric conversion excluded,r5-v1,,excluded_precomputed,,True,,,fresh_retrieval,0.0,0.0406652600504457,2.232007682323456e-05,0.0407020021229982,0.0415686471387743,measured_excluding_encoding,"[63, 19, 15, 6, 9]","[63, 19, 15, 6, 9]",scipy.optimize.milp/HiGHS,1.17.1,1.12.0,1.0,<paper>/revision_campaign_20260914/default/amazon/default.csv,
37,eps-ILP g=4,1,feasible,complete,1,1,returned,0,17.0,4,0.1142857142857142,0.2091183528252072,0.1142857142857142,0.1404646751470863,0.1413313201628625,1904.0,17,0,0.0,0.0,0.0,0.0,,,35,1.0,0.0029572141356766,0.0,112.0,5.0,1.0,0.0008666450157761,,,,,,,,,,True,grid_complete,configured_grid,,1.4664139598608015e-05,solver final filtering and index remapping; caller metric conversion excluded,r5-v1,,excluded_precomputed,,True,,,fresh_retrieval,0.0,0.1403796579688787,7.035303860902786e-05,0.1404646751470863,0.1413313201628625,measured_excluding_encoding,"[63, 19, 15, 6, 9]","[63, 19, 15, 6, 9]",scipy.optimize.milp/HiGHS,1.17.1,1.12.0,1.0,<paper>/revision_campaign_20260914/default/amazon/default.csv,
37,eps-ILP g=8,1,feasible,complete,1,1,returned,0,65.0,9,0.2571428571428571,0.8996550759249458,0.2571428571428571,0.5198227716609836,0.5206894166767597,7280.0,65,0,0.0,0.0,0.0,0.0,,,35,1.0,0.0029572141356766,0.0,112.0,5.0,1.0,0.0008666450157761,,,,,,,,,,True,grid_complete,configured_grid,,2.1550804376602173e-05,solver final filtering and index remapping; caller metric conversion excluded,r5-v1,,excluded_precomputed,,True,,,fresh_retrieval,0.0,0.5192342237569392,0.0005669970996677,0.5198227716609836,0.5206894166767597,measured_excluding_encoding,"[63, 19, 15, 6, 9]","[63, 19, 15, 6, 9]",scipy.optimize.milp/HiGHS,1.17.1,1.12.0,1.0,<paper>/revision_campaign_20260914/default/amazon/default.csv,
37,eps-ILP g=16,1,feasible,complete,1,1,returned,0,257.0,11,0.3142857142857143,0.902042315277843,0.3142857142857143,1.912266650237143,1.9131332952529192,28784.0,257,0,0.0,0.0,0.0,0.0,,,35,1.0,0.0029572141356766,0.0,112.0,5.0,1.0,0.0008666450157761,,,,,,,,,,True,grid_complete,configured_grid,,3.924313932657242e-05,solver final filtering and index remapping; caller metric conversion excluded,r5-v1,,excluded_precomputed,,True,,,fresh_retrieval,0.0,1.904611909296364,0.0076154978014528,1.912266650237143,1.9131332952529192,measured_excluding_encoding,"[63, 19, 15, 6, 9]","[63, 19, 15, 6, 9]",scipy.optimize.milp/HiGHS,1.17.1,1.12.0,1.0,<paper>/revision_campaign_20260914/default/amazon/default.csv,
37,PBF,1,feasible,complete,1,1,returned,0,,35,1.0,1.0,1.0,2.4186605559661984,2.4195272009819746,4847850.0,1,0,0.0,0.0,0.0,0.0,,,35,1.0,0.0029572141356766,0.0,112.0,5.0,1.0,0.0008666450157761,True,,,,,,,,,True,complete,full_input,,2.4186605559661984,solver final filtering and index remapping; caller metric conversion excluded,r5-v1,,excluded_precomputed,,True,,,fresh_retrieval,,,,2.4186605559661984,2.4195272009819746,measured_excluding_encoding,"[63, 19, 15, 6, 9]",,Python/PBF,3.11.15,,,<paper>/revision_campaign_20260914/default/amazon/default.csv,
38,PACS,1,feasible,complete,1,1,returned,0,,96,0.6857142857142857,0.93582754753154,0.6857142857142857,0.0037274756468832,0.0047877407632768,1553.0,1,0,0.0,0.0,0.0,0.0,355.0,46.0,140,1.0,0.003831410780549,0.0,355.0,5.0,1.0,0.0010602651163935,False,,,,,,,,,True,completed,beam_search,"[18, 8, 3, 2, 15]",3.725336864590645e-05,solver final filtering and index remapping; caller metric conversion excluded,r5-v1,,excluded_precomputed,,True,,,fresh_retrieval,0.000268658157438,0.0030577392317354,0.0003638248890638,0.0037274756468832,0.0047877407632768,measured_excluding_encoding,"[221, 23, 48, 3, 60]","[18, 8, 3, 2, 15]",Python/PACS+,3.11.15,,,<paper>/revision_campaign_20260914/default/amazon/default.csv,
38,PACS_dC,1,feasible,complete,1,1,returned,0,,21,0.1071428571428571,0.5843197346811239,0.1071428571428571,0.0009084078483283,0.0019686729647219,332.0,1,0,0.0,0.0,0.0,0.0,,,140,1.0,0.003831410780549,0.0,355.0,5.0,1.0,0.0010602651163935,False,,,,,,,,,True,completed,beam_search,"[18, 8, 3, 2, 15]",1.819804310798645e-05,solver final filtering and index remapping; caller metric conversion excluded,r5-v1,,excluded_precomputed,,True,,,fresh_retrieval,0.0002644807100296,0.000548793002963,7.693609222769737e-05,0.0009084078483283,0.0019686729647219,measured_excluding_encoding,"[221, 23, 48, 3, 60]","[18, 8, 3, 2, 15]",Python/PACS_dC,3.11.15,,,<paper>/revision_campaign_20260914/default/amazon/default.csv,
38,PBS-unbounded,1,feasible,complete,1,1,returned,0,,140,1.0,1.0,1.0,0.0038795112632215,0.004939776379615,1553.0,1,0,0.0,0.0,0.0,0.0,355.0,46.0,140,1.0,0.003831410780549,0.0,355.0,5.0,1.0,0.0010602651163935,True,,,,,,,,,True,completed,all_reduced_candidates,"[18, 8, 3, 2, 15]",4.183221608400345e-05,solver final filtering and index remapping; caller metric conversion excluded,r5-v1,,excluded_precomputed,,True,,,fresh_retrieval,0.0002623419277369,0.0030465540476143,0.0005287830717861,0.0038795112632215,0.004939776379615,measured_excluding_encoding,"[221, 23, 48, 3, 60]","[18, 8, 3, 2, 15]",Python/PBS-unbounded,3.11.15,,,<paper>/revision_campaign_20260914/default/amazon/default.csv,
38,PTS,1,feasible,complete,1,1,returned,0,,140,1.0,1.0,1.0,0.0091555402614176,0.0102158053778111,3825.0,1,0,0.0,0.0,0.0,0.0,355.0,46.0,140,1.0,0.003831410780549,0.0,355.0,5.0,1.0,0.0010602651163935,True,,,,,,,500.0,,True,completed,fixed_candidate_tree,"[18, 8, 3, 2, 15]",4.0801241993904114e-05,solver final filtering and index remapping; caller metric conversion excluded,r5-v1,,excluded_precomputed,,True,,,fresh_retrieval,0.0002172961831092,0.0083788498304784,0.000518593005836,0.0091555402614176,0.0102158053778111,measured_excluding_encoding,"[221, 23, 48, 3, 60]","[18, 8, 3, 2, 15]",Python/DFS,3.11.15,,,<paper>/revision_campaign_20260914/default/amazon/default.csv,
38,eps-ILP g=2,1,feasible,complete,1,1,returned,0,5.0,2,0.0142857142857142,0.2132511150790792,0.0142857142857142,0.0536599871702492,0.0547202522866427,1775.0,5,0,0.0,0.0,2.0,0.0,,,140,1.0,0.003831410780549,0.0,355.0,5.0,1.0,0.0010602651163935,,,,,,,,,,True,grid_complete,configured_grid,,1.4938879758119585e-05,solver final filtering and index remapping; caller metric conversion excluded,r5-v1,,excluded_precomputed,,True,,,fresh_retrieval,0.0,0.0536249252036213,2.0123086869716644e-05,0.0536599871702492,0.0547202522866427,measured_excluding_encoding,"[221, 23, 48, 3, 60]","[221, 23, 48, 3, 60]",scipy.optimize.milp/HiGHS,1.17.1,1.12.0,1.0,<paper>/revision_campaign_20260914/default/amazon/default.csv,
38,eps-ILP g=4,1,feasible,complete,1,1,returned,0,17.0,8,0.0571428571428571,0.4872899964978871,0.0571428571428571,0.1955521809868514,0.196612446103245,6035.0,17,0,0.0,0.0,4.0,0.0,,,140,1.0,0.003831410780549,0.0,355.0,5.0,1.0,0.0010602651163935,,,,,,,,,,True,grid_complete,configured_grid,,1.501990482211113e-05,solver final filtering and index remapping; caller metric conversion excluded,r5-v1,,excluded_precomputed,,True,,,fresh_retrieval,0.0,0.1954823234118521,5.48376701772213e-05,0.1955521809868514,0.196612446103245,measured_excluding_encoding,"[221, 23, 48, 3, 60]","[221, 23, 48, 3, 60]",scipy.optimize.milp/HiGHS,1.17.1,1.12.0,1.0,<paper>/revision_campaign_20260914/default/amazon/default.csv,
38,eps-ILP g=8,1,feasible,complete,1,1,returned,0,65.0,20,0.1428571428571428,0.8410503244646484,0.1428571428571428,0.8128693788312376,0.8139296439476311,23075.0,65,0,0.0,0.0,10.0,0.0,,,140,1.0,0.003831410780549,0.0,355.0,5.0,1.0,0.0010602651163935,,,,,,,,,,True,grid_complete,configured_grid,,1.9000843167304996e-05,solver final filtering and index remapping; caller metric conversion excluded,r5-v1,,excluded_precomputed,,True,,,fresh_retrieval,0.0,0.8123994418419898,0.0004509361460804,0.8128693788312376,0.8139296439476311,measured_excluding_encoding,"[221, 23, 48, 3, 60]","[221, 23, 48, 3, 60]",scipy.optimize.milp/HiGHS,1.17.1,1.12.0,1.0,<paper>/revision_campaign_20260914/default/amazon/default.csv,
38,eps-ILP g=16,1,feasible,complete,1,1,returned,0,257.0,59,0.4214285714285714,0.9669777228666188,0.4214285714285714,3.069945853203535,3.0710061183199286,91235.0,257,0,0.0,0.0,26.0,0.0,,,140,1.0,0.003831410780549,0.0,355.0,5.0,1.0,0.0010602651163935,,,,,,,,,,True,grid_complete,configured_grid,,3.325939178466797e-05,solver final filtering and index remapping; caller metric conversion excluded,r5-v1,,excluded_precomputed,,True,,,fresh_retrieval,0.0,3.063944671768695,0.0059679220430552,3.069945853203535,3.0710061183199286,measured_excluding_encoding,"[221, 23, 48, 3, 60]","[221, 23, 48, 3, 60]",scipy.optimize.milp/HiGHS,1.17.1,1.12.0,1.0,<paper>/revision_campaign_20260914/default/amazon/default.csv,
38,PBF,1,feasible,complete,1,1,returned,0,,140,1.0,1.0,1.0,18.94191828230396,18.942978547420356,219585600.0,1,0,0.0,0.0,0.0,0.0,,,140,1.0,0.003831410780549,0.0,355.0,5.0,1.0,0.0010602651163935,True,,,,,,,,,True,complete,full_input,,18.94191828230396,solver final filtering and index remapping; caller metric conversion excluded,r5-v1,,excluded_precomputed,,True,,,fresh_retrieval,,,,18.94191828230396,18.942978547420356,measured_excluding_encoding,"[221, 23, 48, 3, 60]",,Python/PBF,3.11.15,,,<paper>/revision_campaign_20260914/default/amazon/default.csv,
39,PACS,1,feasible,complete,1,1,returned,0,,97,0.138755980861244,0.4901402702467898,0.1380952380952381,0.0142171210609376,0.015642634127289,4105.0,1,0,0.0,0.0,0.0,0.0,678.0,65.0,627,1.0,0.0373002621345222,0.0,678.0,7.0,1.0,0.0014255130663514,False,,,,,,,,,True,completed,beam_search,"[3, 4, 13, 7, 9, 15, 14]",7.633306086063385e-05,solver final filtering and index remapping; caller metric conversion excluded,r5-v1,,excluded_precomputed,,True,,,fresh_retrieval,0.0005034757778048,0.0132642933167517,0.0003730189055204,0.0142171210609376,0.015642634127289,measured_excluding_encoding,"[3, 5, 57, 51, 351, 168, 43]","[3, 4, 13, 7, 9, 15, 14]",Python/PACS+,3.11.15,,,<paper>/revision_campaign_20260914/default/amazon/default.csv,
39,PACS_dC,1,feasible,complete,1,1,returned,0,,100,0.0972886762360446,0.7343532160486003,0.0968253968253968,0.012992980889976,0.0144184939563274,3425.0,1,0,0.0,0.0,0.0,0.0,,,627,1.0,0.0373002621345222,0.0,678.0,7.0,1.0,0.0014255130663514,False,,,,,,,,,True,completed,beam_search,"[3, 4, 13, 7, 9, 15, 14]",6.514322012662888e-05,solver final filtering and index remapping; caller metric conversion excluded,r5-v1,,excluded_precomputed,,True,,,fresh_retrieval,0.0004058750346302,0.0121629550121724,0.0003590076230466,0.012992980889976,0.0144184939563274,measured_excluding_encoding,"[3, 5, 57, 51, 351, 168, 43]","[3, 4, 13, 7, 9, 15, 14]",Python/PACS_dC,3.11.15,,,<paper>/revision_campaign_20260914/default/amazon/default.csv,
39,PBS-unbounded,1,feasible,complete,1,1,returned,0,,627,1.0,1.0,0.9952380952380953,0.0366656696423888,0.0380911827087402,11555.0,1,0,0.0,0.0,0.0,0.0,678.0,65.0,627,1.0,0.0373002621345222,0.0,678.0,7.0,1.0,0.0014255130663514,True,,,,,,,,,True,completed,all_reduced_candidates,"[3, 4, 13, 7, 9, 15, 14]",0.00022744666785,solver final filtering and index remapping; caller metric conversion excluded,r5-v1,,excluded_precomputed,,True,,,fresh_retrieval,0.0004247641190886,0.0334458551369607,0.0025676037184894,0.0366656696423888,0.0380911827087402,measured_excluding_encoding,"[3, 5, 57, 51, 351, 168, 43]","[3, 4, 13, 7, 9, 15, 14]",Python/PBS-unbounded,3.11.15,,,<paper>/revision_campaign_20260914/default/amazon/default.csv,
39,PTS,1,feasible,complete,1,1,returned,0,,134,0.0303030303030303,0.6031452978671463,0.0301587301587301,0.0129385688342154,0.0143640819005668,3390.0,1,0,0.0,0.0,0.0,0.0,678.0,65.0,627,1.0,0.0373002621345222,0.0,678.0,7.0,1.0,0.0014255130663514,False,,,,,,,500.0,,False,iteration_limit,fixed_candidate_tree,"[3, 4, 13, 7, 9, 15, 14]",6.100255995988846e-05,solver final filtering and index remapping; caller metric conversion excluded,r5-v1,,excluded_precomputed,,True,,,fresh_retrieval,0.0004221210256218,0.0119262272492051,0.0005292179994285,0.0129385688342154,0.0143640819005668,measured_excluding_encoding,"[3, 5, 57, 51, 351, 168, 43]","[3, 4, 13, 7, 9, 15, 14]",Python/DFS,3.11.15,,,<paper>/revision_campaign_20260914/default/amazon/default.csv,
39,eps-ILP g=2,1,feasible,complete,1,1,returned,0,5.0,2,0.0031897926634768,0.1510466555631318,0.0031746031746031,0.0964767360128462,0.0979022490791976,3390.0,5,0,0.0,0.0,2.0,0.0,,,627,1.0,0.0373002621345222,0.0,678.0,7.0,1.0,0.0014255130663514,,,,,,,,,,True,grid_complete,configured_grid,,1.5762168914079666e-05,solver final filtering and index remapping; caller metric conversion excluded,r5-v1,,excluded_precomputed,,True,,,fresh_retrieval,0.0,0.0964413690380752,1.960480585694313e-05,0.0964767360128462,0.0979022490791976,measured_excluding_encoding,"[3, 5, 57, 51, 351, 168, 43]","[3, 5, 57, 51, 351, 168, 43]",scipy.optimize.milp/HiGHS,1.17.1,1.12.0,1.0,<paper>/revision_campaign_20260914/default/amazon/default.csv,
39,eps-ILP g=4,1,feasible,complete,1,1,returned,0,17.0,7,0.011164274322169,0.3884339064123787,0.0111111111111111,0.341984577011317,0.3434100900776684,11526.0,17,0,0.0,0.0,5.0,0.0,,,627,1.0,0.0373002621345222,0.0,678.0,7.0,1.0,0.0014255130663514,,,,,,,,,,True,grid_complete,configured_grid,,1.5964731574058533e-05,solver final filtering and index remapping; caller metric conversion excluded,r5-v1,,excluded_precomputed,,True,,,fresh_retrieval,0.0,0.3419174780137837,5.113426595926285e-05,0.341984577011317,0.3434100900776684,measured_excluding_encoding,"[3, 5, 57, 51, 351, 168, 43]","[3, 5, 57, 51, 351, 168, 43]",scipy.optimize.milp/HiGHS,1.17.1,1.12.0,1.0,<paper>/revision_campaign_20260914/default/amazon/default.csv,
39,eps-ILP g=8,1,feasible,complete,1,1,returned,0,65.0,22,0.0350877192982456,0.7456177767218358,0.0349206349206349,1.3495359467342496,1.350961459800601,44070.0,65,0,0.0,0.0,12.0,0.0,,,627,1.0,0.0373002621345222,0.0,678.0,7.0,1.0,0.0014255130663514,,,,,,,,,,True,grid_complete,configured_grid,,2.2604595869779587e-05,solver final filtering and index remapping; caller metric conversion excluded,r5-v1,,excluded_precomputed,,True,,,fresh_retrieval,0.0,1.3490824401378632,0.0004309020005166,1.3495359467342496,1.350961459800601,measured_excluding_encoding,"[3, 5, 57, 51, 351, 168, 43]","[3, 5, 57, 51, 351, 168, 43]",scipy.optimize.milp/HiGHS,1.17.1,1.12.0,1.0,<paper>/revision_campaign_20260914/default/amazon/default.csv,
39,eps-ILP g=16,1,feasible,complete,1,1,returned,0,257.0,67,0.1068580542264752,0.9100576050395268,0.1063492063492063,5.97549491841346,5.976920431479812,174246.0,257,0,0.0,0.0,35.0,0.0,,,627,1.0,0.0373002621345222,0.0,678.0,7.0,1.0,0.0014255130663514,,,,,,,,,,True,grid_complete,configured_grid,,4.2018480598926544e-05,solver final filtering and index remapping; caller metric conversion excluded,r5-v1,,excluded_precomputed,,True,,,fresh_retrieval,0.0,5.969735065009445,0.0057178349234163,5.97549491841346,5.976920431479812,measured_excluding_encoding,"[3, 5, 57, 51, 351, 168, 43]","[3, 5, 57, 51, 351, 168, 43]",scipy.optimize.milp/HiGHS,1.17.1,1.12.0,1.0,<paper>/revision_campaign_20260914/default/amazon/default.csv,
39,PBF,0,feasible,complete,1,1,work_limit,0,,0,0.0,0.0,0.0,2.440391108393669e-05,0.0014499169774353,0.0,1,0,0.0,0.0,0.0,0.0,,,627,1.0,0.0373002621345222,0.0,678.0,7.0,1.0,0.0014255130663514,False,,,,,,,,,False,combination_limit,full_input,,2.440391108393669e-05,solver final filtering and index remapping; caller metric conversion excluded,r5-v1,,excluded_precomputed,,True,,,fresh_retrieval,,,,2.440391108393669e-05,0.0014499169774353,measured_excluding_encoding,"[3, 5, 57, 51, 351, 168, 43]",,Python/PBF,3.11.15,,,<paper>/revision_campaign_20260914/default/amazon/default.csv,
40,PACS,1,feasible,complete,1,1,returned,0,,57,1.0,1.0,1.0,0.0020077689550817,0.002932493109256,689.0,1,0,0.0,0.0,0.0,0.0,124.0,27.0,57,1.0,0.0020747971720993,0.0,124.0,5.0,1.0,0.0009247241541743,True,,,,,,,,,True,completed,all_reduced_candidates,"[4, 6, 10, 2, 5]",2.4701934307813644e-05,solver final filtering and index remapping; caller metric conversion excluded,r5-v1,,excluded_precomputed,,True,,,fresh_retrieval,8.546561002731323e-05,0.0015769801102578,0.0003206213004887,0.0020077689550817,0.002932493109256,measured_excluding_encoding,"[18, 23, 29, 10, 44]","[4, 6, 10, 2, 5]",Python/PACS+,3.11.15,,,<paper>/revision_campaign_20260914/default/amazon/default.csv,
40,PACS_dC,1,feasible,complete,1,1,returned,0,,23,0.2631578947368421,0.8518908656226387,0.2631578947368421,0.0005590007640421,0.0014837249182164,168.0,1,0,0.0,0.0,0.0,0.0,,,57,1.0,0.0020747971720993,0.0,124.0,5.0,1.0,0.0009247241541743,False,,,,,,,,,True,completed,beam_search,"[4, 6, 10, 2, 5]",1.2179836630821228e-05,solver final filtering and index remapping; caller metric conversion excluded,r5-v1,,excluded_precomputed,,True,,,fresh_retrieval,6.548594683408737e-05,0.0004021641798317,7.917080074548721e-05,0.0005590007640421,0.0014837249182164,measured_excluding_encoding,"[18, 23, 29, 10, 44]","[4, 6, 10, 2, 5]",Python/PACS_dC,3.11.15,,,<paper>/revision_campaign_20260914/default/amazon/default.csv,
40,PBS-unbounded,1,feasible,complete,1,1,returned,0,,57,1.0,1.0,1.0,0.0020939148962497,0.003018639050424,689.0,1,0,0.0,0.0,0.0,0.0,124.0,27.0,57,1.0,0.0020747971720993,0.0,124.0,5.0,1.0,0.0009247241541743,True,,,,,,,,,True,completed,all_reduced_candidates,"[4, 6, 10, 2, 5]",3.171199932694435e-05,solver final filtering and index remapping; caller metric conversion excluded,r5-v1,,excluded_precomputed,,True,,,fresh_retrieval,8.564116433262825e-05,0.0016502477228641,0.000326314009726,0.0020939148962497,0.003018639050424,measured_excluding_encoding,"[18, 23, 29, 10, 44]","[4, 6, 10, 2, 5]",Python/PBS-unbounded,3.11.15,,,<paper>/revision_campaign_20260914/default/amazon/default.csv,
40,PTS,1,feasible,complete,1,1,returned,0,,54,0.9473684210526316,0.9990774341411,0.9473684210526316,0.0077748256735503,0.0086995498277246,2389.0,1,0,0.0,0.0,0.0,0.0,124.0,27.0,57,1.0,0.0020747971720993,0.0,124.0,5.0,1.0,0.0009247241541743,False,,,,,,,500.0,,False,iteration_limit,fixed_candidate_tree,"[4, 6, 10, 2, 5]",4.509091377258301e-05,solver final filtering and index remapping; caller metric conversion excluded,r5-v1,,excluded_precomputed,,True,,,fresh_retrieval,6.077904254198074e-05,0.0074621536768972,0.0002068020403385,0.0077748256735503,0.0086995498277246,measured_excluding_encoding,"[18, 23, 29, 10, 44]","[4, 6, 10, 2, 5]",Python/DFS,3.11.15,,,<paper>/revision_campaign_20260914/default/amazon/default.csv,
40,eps-ILP g=2,1,feasible,complete,1,1,returned,0,5.0,2,0.0350877192982456,0.270338217656388,0.0350877192982456,0.027810052037239,0.0287347761914134,620.0,5,0,0.0,0.0,2.0,0.0,,,57,1.0,0.0020747971720993,0.0,124.0,5.0,1.0,0.0009247241541743,,,,,,,,,,True,grid_complete,configured_grid,,1.3708136975765228e-05,solver final filtering and index remapping; caller metric conversion excluded,r5-v1,,excluded_precomputed,,True,,,fresh_retrieval,0.0,0.0277783568017184,1.7987098544836044e-05,0.027810052037239,0.0287347761914134,measured_excluding_encoding,"[18, 23, 29, 10, 44]","[18, 23, 29, 10, 44]",scipy.optimize.milp/HiGHS,1.17.1,1.12.0,1.0,<paper>/revision_campaign_20260914/default/amazon/default.csv,
40,eps-ILP g=4,1,feasible,complete,1,1,returned,0,17.0,5,0.087719298245614,0.3727090427113969,0.087719298245614,0.1156954439356923,0.1166201680898666,2108.0,17,0,0.0,0.0,4.0,0.0,,,57,1.0,0.0020747971720993,0.0,124.0,5.0,1.0,0.0009247241541743,,,,,,,,,,True,grid_complete,configured_grid,,1.482618972659111e-05,solver final filtering and index remapping; caller metric conversion excluded,r5-v1,,excluded_precomputed,,True,,,fresh_retrieval,0.0,0.1156293167732656,5.130097270011902e-05,0.1156954439356923,0.1166201680898666,measured_excluding_encoding,"[18, 23, 29, 10, 44]","[18, 23, 29, 10, 44]",scipy.optimize.milp/HiGHS,1.17.1,1.12.0,1.0,<paper>/revision_campaign_20260914/default/amazon/default.csv,
40,eps-ILP g=8,1,feasible,complete,1,1,returned,0,65.0,14,0.2456140350877192,0.762400119981912,0.2456140350877192,0.4584662411361933,0.4593909652903676,8060.0,65,0,0.0,0.0,8.0,0.0,,,57,1.0,0.0020747971720993,0.0,124.0,5.0,1.0,0.0009247241541743,,,,,,,,,,True,grid_complete,configured_grid,,2.031540498137474e-05,solver final filtering and index remapping; caller metric conversion excluded,r5-v1,,excluded_precomputed,,True,,,fresh_retrieval,0.0,0.4580135187134146,0.0004324070177972,0.4584662411361933,0.4593909652903676,measured_excluding_encoding,"[18, 23, 29, 10, 44]","[18, 23, 29, 10, 44]",scipy.optimize.milp/HiGHS,1.17.1,1.12.0,1.0,<paper>/revision_campaign_20260914/default/amazon/default.csv,
40,eps-ILP g=16,1,feasible,complete,1,1,returned,0,257.0,37,0.6491228070175439,0.9751640821727008,0.6491228070175439,1.889349517878145,1.8902742420323195,31868.0,257,0,0.0,0.0,18.0,0.0,,,57,1.0,0.0020747971720993,0.0,124.0,5.0,1.0,0.0009247241541743,,,,,,,,,,True,grid_complete,configured_grid,,4.033464938402176e-05,solver final filtering and index remapping; caller metric conversion excluded,r5-v1,,excluded_precomputed,,True,,,fresh_retrieval,0.0,1.8828016822226343,0.0065075010061264,1.889349517878145,1.8902742420323195,measured_excluding_encoding,"[18, 23, 29, 10, 44]","[18, 23, 29, 10, 44]",scipy.optimize.milp/HiGHS,1.17.1,1.12.0,1.0,<paper>/revision_campaign_20260914/default/amazon/default.csv,
40,PBF,1,feasible,complete,1,1,returned,0,,57,1.0,0.9999999999999998,1.0,4.960096317343414,4.961021041497588,26413200.0,1,0,0.0,0.0,0.0,0.0,,,57,1.0,0.0020747971720993,0.0,124.0,5.0,1.0,0.0009247241541743,True,,,,,,,,,True,complete,full_input,,4.960096317343414,solver final filtering and index remapping; caller metric conversion excluded,r5-v1,,excluded_precomputed,,True,,,fresh_retrieval,,,,4.960096317343414,4.961021041497588,measured_excluding_encoding,"[18, 23, 29, 10, 44]",,Python/PBF,3.11.15,,,<paper>/revision_campaign_20260914/default/amazon/default.csv,
41,PACS,1,feasible,complete,1,1,returned,0,,80,0.963855421686747,0.99657838284671,0.963855421686747,0.001587179955095,0.0024525998160243,400.0,1,0,0.0,0.0,0.0,0.0,128.0,30.0,83,1.0,0.001602535136044,0.0,128.0,5.0,1.0,0.0008654198609292,False,,,,,,,,,True,completed,beam_search,"[1, 7, 1, 7, 14]",2.496875822544098e-05,solver final filtering and index remapping; caller metric conversion excluded,r5-v1,,excluded_precomputed,,True,,,fresh_retrieval,9.25031490623951e-05,0.0011108587495982,0.0003588492982089,0.001587179955095,0.0024525998160243,measured_excluding_encoding,"[24, 19, 1, 50, 34]","[1, 7, 1, 7, 14]",Python/PACS+,3.11.15,,,<paper>/revision_campaign_20260914/default/amazon/default.csv,
41,PACS_dC,1,feasible,complete,1,1,returned,0,,35,0.2048192771084337,0.8742263112433555,0.2048192771084337,0.0006807469762861,0.0015461668372154,130.0,1,0,0.0,0.0,0.0,0.0,,,83,1.0,0.001602535136044,0.0,128.0,5.0,1.0,0.0008654198609292,False,,,,,,,,,True,completed,beam_search,"[1, 7, 1, 7, 14]",1.949770376086235e-05,solver final filtering and index remapping; caller metric conversion excluded,r5-v1,,excluded_precomputed,,True,,,fresh_retrieval,9.408220648765564e-05,0.0004415269941091,0.0001256400719285,0.0006807469762861,0.0015461668372154,measured_excluding_encoding,"[24, 19, 1, 50, 34]","[1, 7, 1, 7, 14]",Python/PACS_dC,3.11.15,,,<paper>/revision_campaign_20260914/default/amazon/default.csv,
41,PBS-unbounded,1,feasible,complete,1,1,returned,0,,83,1.0,1.0,1.0,0.0015761801041662,0.0024415999650955,400.0,1,0,0.0,0.0,0.0,0.0,128.0,30.0,83,1.0,0.001602535136044,0.0,128.0,5.0,1.0,0.0008654198609292,True,,,,,,,,,True,completed,all_reduced_candidates,"[1, 7, 1, 7, 14]",2.657389268279076e-05,solver final filtering and index remapping; caller metric conversion excluded,r5-v1,,excluded_precomputed,,True,,,fresh_retrieval,7.745390757918358e-05,0.0011141332797706,0.0003580190241336,0.0015761801041662,0.0024415999650955,measured_excluding_encoding,"[24, 19, 1, 50, 34]","[1, 7, 1, 7, 14]",Python/PBS-unbounded,3.11.15,,,<paper>/revision_campaign_20260914/default/amazon/default.csv,
41,PTS,1,feasible,complete,1,1,returned,0,,83,1.0,1.0,1.0,0.0061968402005732,0.0070622600615024,1416.0,1,0,0.0,0.0,0.0,0.0,128.0,30.0,83,1.0,0.001602535136044,0.0,128.0,5.0,1.0,0.0008654198609292,True,,,,,,,500.0,,True,completed,fixed_candidate_tree,"[1, 7, 1, 7, 14]",3.638304769992829e-05,solver final filtering and index remapping; caller metric conversion excluded,r5-v1,,excluded_precomputed,,True,,,fresh_retrieval,6.929831579327583e-05,0.0057819229550659,0.000309235882014,0.0061968402005732,0.0070622600615024,measured_excluding_encoding,"[24, 19, 1, 50, 34]","[1, 7, 1, 7, 14]",Python/DFS,3.11.15,,,<paper>/revision_campaign_20260914/default/amazon/default.csv,
41,eps-ILP g=2,1,feasible,complete,1,1,returned,0,5.0,2,0.0240963855421686,0.4063884400096474,0.0240963855421686,0.0280266879126429,0.0288921077735722,640.0,5,0,0.0,0.0,2.0,0.0,,,83,1.0,0.001602535136044,0.0,128.0,5.0,1.0,0.0008654198609292,,,,,,,,,,True,grid_complete,configured_grid,,1.4252960681915283e-05,solver final filtering and index remapping; caller metric conversion excluded,r5-v1,,excluded_precomputed,,True,,,fresh_retrieval,0.0,0.0279951421543955,1.7292797565460205e-05,0.0280266879126429,0.0288921077735722,measured_excluding_encoding,"[24, 19, 1, 50, 34]","[24, 19, 1, 50, 34]",scipy.optimize.milp/HiGHS,1.17.1,1.12.0,1.0,<paper>/revision_campaign_20260914/default/amazon/default.csv,
41,eps-ILP g=4,1,feasible,complete,1,1,returned,0,17.0,5,0.0602409638554216,0.503462512248931,0.0602409638554216,0.1065869489684701,0.1074523688293993,2176.0,17,0,0.0,0.0,4.0,0.0,,,83,1.0,0.001602535136044,0.0,128.0,5.0,1.0,0.0008654198609292,,,,,,,,,,True,grid_complete,configured_grid,,1.4418736100196838e-05,solver final filtering and index remapping; caller metric conversion excluded,r5-v1,,excluded_precomputed,,True,,,fresh_retrieval,0.0,0.1065205452032387,5.198502913117409e-05,0.1065869489684701,0.1074523688293993,measured_excluding_encoding,"[24, 19, 1, 50, 34]","[24, 19, 1, 50, 34]",scipy.optimize.milp/HiGHS,1.17.1,1.12.0,1.0,<paper>/revision_campaign_20260914/default/amazon/default.csv,
41,eps-ILP g=8,1,feasible,complete,1,1,returned,0,65.0,15,0.180722891566265,0.8739095478913994,0.180722891566265,0.4076185720041394,0.4084839918650687,8320.0,65,0,0.0,0.0,8.0,0.0,,,83,1.0,0.001602535136044,0.0,128.0,5.0,1.0,0.0008654198609292,,,,,,,,,,True,grid_complete,configured_grid,,1.8796883523464203e-05,solver final filtering and index remapping; caller metric conversion excluded,r5-v1,,excluded_precomputed,,True,,,fresh_retrieval,0.0,0.4071306390687823,0.0004691360518336,0.4076185720041394,0.4084839918650687,measured_excluding_encoding,"[24, 19, 1, 50, 34]","[24, 19, 1, 50, 34]",scipy.optimize.milp/HiGHS,1.17.1,1.12.0,1.0,<paper>/revision_campaign_20260914/default/amazon/default.csv,
41,eps-ILP g=16,1,feasible,complete,1,1,returned,0,257.0,33,0.3975903614457831,0.9594469811243408,0.3975903614457831,1.6873648492619395,1.6882302691228688,32896.0,257,0,0.0,0.0,24.0,0.0,,,83,1.0,0.001602535136044,0.0,128.0,5.0,1.0,0.0008654198609292,,,,,,,,,,True,grid_complete,configured_grid,,3.445427864789963e-05,solver final filtering and index remapping; caller metric conversion excluded,r5-v1,,excluded_precomputed,,True,,,fresh_retrieval,0.0,1.6809324780479074,0.0063979169353842,1.6873648492619395,1.6882302691228688,measured_excluding_encoding,"[24, 19, 1, 50, 34]","[24, 19, 1, 50, 34]",scipy.optimize.milp/HiGHS,1.17.1,1.12.0,1.0,<paper>/revision_campaign_20260914/default/amazon/default.csv,
41,PBF,1,feasible,complete,1,1,returned,0,,83,1.0,1.0,1.0,0.8956782147288322,0.8965436345897615,3876000.0,1,0,0.0,0.0,0.0,0.0,,,83,1.0,0.001602535136044,0.0,128.0,5.0,1.0,0.0008654198609292,True,,,,,,,,,True,complete,full_input,,0.8956782147288322,solver final filtering and index remapping; caller metric conversion excluded,r5-v1,,excluded_precomputed,,True,,,fresh_retrieval,,,,0.8956782147288322,0.8965436345897615,measured_excluding_encoding,"[24, 19, 1, 50, 34]",,Python/PBF,3.11.15,,,<paper>/revision_campaign_20260914/default/amazon/default.csv,
42,PACS,1,feasible,complete,1,1,returned,0,,23,1.0,1.0,1.0,0.0005341819487512,0.0014064847491681,289.0,1,0,0.0,0.0,0.0,0.0,152.0,30.0,23,1.0,0.000569699332118,0.0,152.0,3.0,1.0,0.0008723028004169,True,,,,,,,,,True,completed,all_reduced_candidates,"[13, 12, 5]",1.3390090316534042e-05,solver final filtering and index remapping; caller metric conversion excluded,r5-v1,,excluded_precomputed,,True,,,fresh_retrieval,0.0001170989125967,0.0002968567423522,0.0001068362034857,0.0005341819487512,0.0014064847491681,measured_excluding_encoding,"[70, 65, 17]","[13, 12, 5]",Python/PACS+,3.11.15,,,<paper>/revision_campaign_20260914/default/amazon/default.csv,
42,PACS_dC,1,feasible,complete,1,1,returned,0,,12,0.1739130434782608,0.566740303116204,0.1739130434782608,0.0002908837050199,0.0011631865054368,123.0,1,0,0.0,0.0,0.0,0.0,,,23,1.0,0.000569699332118,0.0,152.0,3.0,1.0,0.0008723028004169,False,,,,,,,,,True,completed,beam_search,"[13, 12, 5]",1.0579824447631836e-05,solver final filtering and index remapping; caller metric conversion excluded,r5-v1,,excluded_precomputed,,True,,,fresh_retrieval,8.74912366271019e-05,0.0001492579467594,4.3554697185754776e-05,0.0002908837050199,0.0011631865054368,measured_excluding_encoding,"[70, 65, 17]","[13, 12, 5]",Python/PACS_dC,3.11.15,,,<paper>/revision_campaign_20260914/default/amazon/default.csv,
42,PBS-unbounded,1,feasible,complete,1,1,returned,0,,23,1.0,1.0,1.0,0.0004883022047579,0.0013606050051748,289.0,1,0,0.0,0.0,0.0,0.0,152.0,30.0,23,1.0,0.000569699332118,0.0,152.0,3.0,1.0,0.0008723028004169,True,,,,,,,,,True,completed,all_reduced_candidates,"[13, 12, 5]",1.3647135347127914e-05,solver final filtering and index remapping; caller metric conversion excluded,r5-v1,,excluded_precomputed,,True,,,fresh_retrieval,8.935201913118362e-05,0.0002869288437068,9.837420657277109e-05,0.0004883022047579,0.0013606050051748,measured_excluding_encoding,"[70, 65, 17]","[13, 12, 5]",Python/PBS-unbounded,3.11.15,,,<paper>/revision_campaign_20260914/default/amazon/default.csv,
42,PTS,1,feasible,complete,1,1,returned,0,,23,1.0,1.0,1.0,0.0014296481385827,0.0023019509389996,559.0,1,0,0.0,0.0,0.0,0.0,152.0,30.0,23,1.0,0.000569699332118,0.0,152.0,3.0,1.0,0.0008723028004169,True,,,,,,,500.0,,True,completed,fixed_candidate_tree,"[13, 12, 5]",2.3985281586647037e-05,solver final filtering and index remapping; caller metric conversion excluded,r5-v1,,excluded_precomputed,,True,,,fresh_retrieval,8.775666356086731e-05,0.0012207021936774,9.720399975776672e-05,0.0014296481385827,0.0023019509389996,measured_excluding_encoding,"[70, 65, 17]","[13, 12, 5]",Python/DFS,3.11.15,,,<paper>/revision_campaign_20260914/default/amazon/default.csv,
42,eps-ILP g=2,1,feasible,complete,1,1,returned,0,5.0,2,0.0869565217391304,0.0757289131153298,0.0869565217391304,0.0391188040375709,0.0399911068379879,760.0,5,0,0.0,0.0,2.0,0.0,,,23,1.0,0.000569699332118,0.0,152.0,3.0,1.0,0.0008723028004169,,,,,,,,,,True,grid_complete,configured_grid,,1.5336088836193085e-05,solver final filtering and index remapping; caller metric conversion excluded,r5-v1,,excluded_precomputed,,True,,,fresh_retrieval,0.0,0.0390845071524381,1.8960796296596527e-05,0.0391188040375709,0.0399911068379879,measured_excluding_encoding,"[70, 65, 17]","[70, 65, 17]",scipy.optimize.milp/HiGHS,1.17.1,1.12.0,1.0,<paper>/revision_campaign_20260914/default/amazon/default.csv,
42,eps-ILP g=4,1,feasible,complete,1,1,returned,0,17.0,6,0.2608695652173913,0.6872213143268054,0.2608695652173913,0.1163113140501082,0.1171836168505251,2584.0,17,0,0.0,0.0,4.0,0.0,,,23,1.0,0.000569699332118,0.0,152.0,3.0,1.0,0.0008723028004169,,,,,,,,,,True,grid_complete,configured_grid,,1.5881378203630447e-05,solver final filtering and index remapping; caller metric conversion excluded,r5-v1,,excluded_precomputed,,True,,,fresh_retrieval,0.0,0.116242085583508,5.3347088396549225e-05,0.1163113140501082,0.1171836168505251,measured_excluding_encoding,"[70, 65, 17]","[70, 65, 17]",scipy.optimize.milp/HiGHS,1.17.1,1.12.0,1.0,<paper>/revision_campaign_20260914/default/amazon/default.csv,
42,eps-ILP g=8,1,feasible,complete,1,1,returned,0,65.0,9,0.391304347826087,0.7929483809442229,0.391304347826087,0.4308111104182899,0.4316834132187068,9880.0,65,0,0.0,0.0,11.0,0.0,,,23,1.0,0.000569699332118,0.0,152.0,3.0,1.0,0.0008723028004169,,,,,,,,,,True,grid_complete,configured_grid,,1.8768012523651123e-05,solver final filtering and index remapping; caller metric conversion excluded,r5-v1,,excluded_precomputed,,True,,,fresh_retrieval,0.0,0.4303789474070072,0.000413394998759,0.4308111104182899,0.4316834132187068,measured_excluding_encoding,"[70, 65, 17]","[70, 65, 17]",scipy.optimize.milp/HiGHS,1.17.1,1.12.0,1.0,<paper>/revision_campaign_20260914/default/amazon/default.csv,
42,eps-ILP g=16,1,feasible,complete,1,1,returned,0,257.0,12,0.5217391304347826,0.953503073022584,0.5217391304347826,1.7496925541199744,1.750564856920391,39064.0,257,0,0.0,0.0,49.0,0.0,,,23,1.0,0.000569699332118,0.0,152.0,3.0,1.0,0.0008723028004169,,,,,,,,,,True,grid_complete,configured_grid,,3.1404197216033936e-05,solver final filtering and index remapping; caller metric conversion excluded,r5-v1,,excluded_precomputed,,True,,,fresh_retrieval,0.0,1.7444420880638063,0.005219061858952,1.7496925541199744,1.750564856920391,measured_excluding_encoding,"[70, 65, 17]","[70, 65, 17]",scipy.optimize.milp/HiGHS,1.17.1,1.12.0,1.0,<paper>/revision_campaign_20260914/default/amazon/default.csv,
42,PBF,1,feasible,complete,1,1,returned,0,,23,1.0,1.0,1.0,0.0201072809286415,0.0209795837290585,232050.0,1,0,0.0,0.0,0.0,0.0,,,23,1.0,0.000569699332118,0.0,152.0,3.0,1.0,0.0008723028004169,True,,,,,,,,,True,complete,full_input,,0.0201072809286415,solver final filtering and index remapping; caller metric conversion excluded,r5-v1,,excluded_precomputed,,True,,,fresh_retrieval,,,,0.0201072809286415,0.0209795837290585,measured_excluding_encoding,"[70, 65, 17]",,Python/PBF,3.11.15,,,<paper>/revision_campaign_20260914/default/amazon/default.csv,
43,PACS,1,feasible,complete,1,1,returned,0,,42,1.0,1.0,1.0,0.0015948349609971,0.0024930578656494,534.0,1,0,0.0,0.0,0.0,0.0,172.0,25.0,42,1.0,0.0016045710071921,0.0,172.0,6.0,1.0,0.0008982229046523,True,,,,,,,,,True,completed,all_reduced_candidates,"[2, 2, 6, 5, 2, 8]",2.493569627404213e-05,solver final filtering and index remapping; caller metric conversion excluded,r5-v1,,excluded_precomputed,,True,,,fresh_retrieval,0.0001137000508606,0.0011861571110785,0.0002700421027839,0.0015948349609971,0.0024930578656494,measured_excluding_encoding,"[2, 7, 23, 66, 7, 67]","[2, 2, 6, 5, 2, 8]",Python/PACS+,3.11.15,,,<paper>/revision_campaign_20260914/default/amazon/default.csv,
43,PACS_dC,1,feasible,complete,1,1,returned,0,,14,0.238095238095238,0.9262548280383924,0.238095238095238,0.0004891380667686,0.001387360971421,180.0,1,0,0.0,0.0,0.0,0.0,,,42,1.0,0.0016045710071921,0.0,172.0,6.0,1.0,0.0008982229046523,False,,,,,,,,,True,completed,beam_search,"[2, 2, 6, 5, 2, 8]",1.1628959327936172e-05,solver final filtering and index remapping; caller metric conversion excluded,r5-v1,,excluded_precomputed,,True,,,fresh_retrieval,8.454220369458199e-05,0.0003429688513278,4.999805241823197e-05,0.0004891380667686,0.001387360971421,measured_excluding_encoding,"[2, 7, 23, 66, 7, 67]","[2, 2, 6, 5, 2, 8]",Python/PACS_dC,3.11.15,,,<paper>/revision_campaign_20260914/default/amazon/default.csv,
43,PBS-unbounded,1,feasible,complete,1,1,returned,0,,42,1.0,1.0,1.0,0.00159895978868,0.0024971826933324,534.0,1,0,0.0,0.0,0.0,0.0,172.0,25.0,42,1.0,0.0016045710071921,0.0,172.0,6.0,1.0,0.0008982229046523,True,,,,,,,,,True,completed,all_reduced_candidates,"[2, 2, 6, 5, 2, 8]",2.7813948690891262e-05,solver final filtering and index remapping; caller metric conversion excluded,r5-v1,,excluded_precomputed,,True,,,fresh_retrieval,9.232992306351662e-05,0.0012145740911364,0.0002642418257892,0.00159895978868,0.0024971826933324,measured_excluding_encoding,"[2, 7, 23, 66, 7, 67]","[2, 2, 6, 5, 2, 8]",Python/PBS-unbounded,3.11.15,,,<paper>/revision_campaign_20260914/default/amazon/default.csv,
43,PTS,1,feasible,complete,1,1,returned,0,,42,1.0,1.0,1.0,0.0031698066741228,0.0040680295787751,1148.0,1,0,0.0,0.0,0.0,0.0,172.0,25.0,42,1.0,0.0016045710071921,0.0,172.0,6.0,1.0,0.0008982229046523,True,,,,,,,500.0,,True,completed,fixed_candidate_tree,"[2, 2, 6, 5, 2, 8]",3.1447503715753555e-05,solver final filtering and index remapping; caller metric conversion excluded,r5-v1,,excluded_precomputed,,True,,,fresh_retrieval,9.068381041288376e-05,0.0028839432634413,0.0001637320965528,0.0031698066741228,0.0040680295787751,measured_excluding_encoding,"[2, 7, 23, 66, 7, 67]","[2, 2, 6, 5, 2, 8]",Python/DFS,3.11.15,,,<paper>/revision_campaign_20260914/default/amazon/default.csv,
43,eps-ILP g=2,1,feasible,complete,1,1,returned,0,5.0,3,0.0714285714285714,0.3790891724219076,0.0714285714285714,0.0389033239334821,0.0398015468381345,860.0,5,0,0.0,0.0,1.0,0.0,,,42,1.0,0.0016045710071921,0.0,172.0,6.0,1.0,0.0008982229046523,,,,,,,,,,True,grid_complete,configured_grid,,1.3407785445451736e-05,solver final filtering and index remapping; caller metric conversion excluded,r5-v1,,excluded_precomputed,,True,,,fresh_retrieval,0.0,0.038870237302035,1.967884600162506e-05,0.0389033239334821,0.0398015468381345,measured_excluding_encoding,"[2, 7, 23, 66, 7, 67]","[2, 7, 23, 66, 7, 67]",scipy.optimize.milp/HiGHS,1.17.1,1.12.0,1.0,<paper>/revision_campaign_20260914/default/amazon/default.csv,
43,eps-ILP g=4,1,feasible,complete,1,1,returned,0,17.0,4,0.0952380952380952,0.3821635008531464,0.0952380952380952,0.156151698436588,0.1570499213412404,2924.0,17,0,0.0,0.0,2.0,0.0,,,42,1.0,0.0016045710071921,0.0,172.0,6.0,1.0,0.0008982229046523,,,,,,,,,,True,grid_complete,configured_grid,,1.6285572201013565e-05,solver final filtering and index remapping; caller metric conversion excluded,r5-v1,,excluded_precomputed,,True,,,fresh_retrieval,0.0,0.156075223814696,6.018904969096184e-05,0.156151698436588,0.1570499213412404,measured_excluding_encoding,"[2, 7, 23, 66, 7, 67]","[2, 7, 23, 66, 7, 67]",scipy.optimize.milp/HiGHS,1.17.1,1.12.0,1.0,<paper>/revision_campaign_20260914/default/amazon/default.csv,
43,eps-ILP g=8,1,feasible,complete,1,1,returned,0,65.0,9,0.2142857142857142,0.705081801889864,0.2142857142857142,0.5833332967013121,0.5842315196059644,11180.0,65,0,0.0,0.0,4.0,0.0,,,42,1.0,0.0016045710071921,0.0,172.0,6.0,1.0,0.0008982229046523,,,,,,,,,,True,grid_complete,configured_grid,,2.042669802904129e-05,solver final filtering and index remapping; caller metric conversion excluded,r5-v1,,excluded_precomputed,,True,,,fresh_retrieval,0.0,0.582788604311645,0.0005242656916379,0.5833332967013121,0.5842315196059644,measured_excluding_encoding,"[2, 7, 23, 66, 7, 67]","[2, 7, 23, 66, 7, 67]",scipy.optimize.milp/HiGHS,1.17.1,1.12.0,1.0,<paper>/revision_campaign_20260914/default/amazon/default.csv,
43,eps-ILP g=16,1,feasible,complete,1,1,returned,0,257.0,17,0.4047619047619047,0.9119092073517586,0.4047619047619047,2.4345719097182155,2.435470132622868,44204.0,257,0,0.0,0.0,7.0,0.0,,,42,1.0,0.0016045710071921,0.0,172.0,6.0,1.0,0.0008982229046523,,,,,,,,,,True,grid_complete,configured_grid,,3.432342782616615e-05,solver final filtering and index remapping; caller metric conversion excluded,r5-v1,,excluded_precomputed,,True,,,fresh_retrieval,0.0,2.4272904992103577,0.0072470870800316,2.4345719097182155,2.435470132622868,measured_excluding_encoding,"[2, 7, 23, 66, 7, 67]","[2, 7, 23, 66, 7, 67]",scipy.optimize.milp/HiGHS,1.17.1,1.12.0,1.0,<paper>/revision_campaign_20260914/default/amazon/default.csv,
43,PBF,1,feasible,complete,1,1,returned,0,,42,1.0,1.0,1.0,10.525076823774723,10.525975046679378,59803128.0,1,0,0.0,0.0,0.0,0.0,,,42,1.0,0.0016045710071921,0.0,172.0,6.0,1.0,0.0008982229046523,True,,,,,,,,,True,complete,full_input,,10.525076823774723,solver final filtering and index remapping; caller metric conversion excluded,r5-v1,,excluded_precomputed,,True,,,fresh_retrieval,,,,10.525076823774723,10.525975046679378,measured_excluding_encoding,"[2, 7, 23, 66, 7, 67]",,Python/PBF,3.11.15,,,<paper>/revision_campaign_20260914/default/amazon/default.csv,
44,PACS,1,feasible,complete,1,1,returned,0,,26,1.0,1.0,1.0,0.0007310416549444,0.001582121476531,301.0,1,0,0.0,0.0,0.0,0.0,92.0,26.0,26,1.0,0.000711556058377,0.0,92.0,6.0,1.0,0.0008510798215866,True,,,,,,,,,True,completed,all_reduced_candidates,"[6, 1, 2, 4, 9, 4]",1.6374513506889343e-05,solver final filtering and index remapping; caller metric conversion excluded,r5-v1,,excluded_precomputed,,True,,,fresh_retrieval,6.697606295347214e-05,0.00053496286273,0.000112728215754,0.0007310416549444,0.001582121476531,measured_excluding_encoding,"[29, 2, 7, 11, 22, 21]","[6, 1, 2, 4, 9, 4]",Python/PACS+,3.11.15,,,<paper>/revision_campaign_20260914/default/amazon/default.csv,
44,PACS_dC,1,feasible,complete,1,1,returned,0,,6,0.0384615384615384,0.1159881898338049,0.0384615384615384,0.0002257958985865,0.0010768757201731,72.0,1,0,0.0,0.0,0.0,0.0,,,26,1.0,0.000711556058377,0.0,92.0,6.0,1.0,0.0008510798215866,False,,,,,,,,,True,completed,beam_search,"[6, 1, 2, 4, 9, 4]",1.0733958333730698e-05,solver final filtering and index remapping; caller metric conversion excluded,r5-v1,,excluded_precomputed,,True,,,fresh_retrieval,5.078315734863281e-05,0.0001392657868564,2.501299604773521e-05,0.0002257958985865,0.0010768757201731,measured_excluding_encoding,"[29, 2, 7, 11, 22, 21]","[6, 1, 2, 4, 9, 4]",Python/PACS_dC,3.11.15,,,<paper>/revision_campaign_20260914/default/amazon/default.csv,
44,PBS-unbounded,1,feasible,complete,1,1,returned,0,,26,1.0,1.0,1.0,0.000681007746607,0.0015320875681936,301.0,1,0,0.0,0.0,0.0,0.0,92.0,26.0,26,1.0,0.000711556058377,0.0,92.0,6.0,1.0,0.0008510798215866,True,,,,,,,,,True,completed,all_reduced_candidates,"[6, 1, 2, 4, 9, 4]",1.6270671039819717e-05,solver final filtering and index remapping; caller metric conversion excluded,r5-v1,,excluded_precomputed,,True,,,fresh_retrieval,4.937872290611267e-05,0.0005136993713676,0.0001016589812934,0.000681007746607,0.0015320875681936,measured_excluding_encoding,"[29, 2, 7, 11, 22, 21]","[6, 1, 2, 4, 9, 4]",Python/PBS-unbounded,3.11.15,,,<paper>/revision_campaign_20260914/default/amazon/default.csv,
44,PTS,1,feasible,complete,1,1,returned,0,,26,1.0,1.0,1.0,0.0020389910787343,0.002890070900321,917.0,1,0,0.0,0.0,0.0,0.0,92.0,26.0,26,1.0,0.000711556058377,0.0,92.0,6.0,1.0,0.0008510798215866,True,,,,,,,500.0,,True,completed,fixed_candidate_tree,"[6, 1, 2, 4, 9, 4]",2.5043729692697525e-05,solver final filtering and index remapping; caller metric conversion excluded,r5-v1,,excluded_precomputed,,True,,,fresh_retrieval,4.682037979364395e-05,0.0018601999618113,0.0001069270074367,0.0020389910787343,0.002890070900321,measured_excluding_encoding,"[29, 2, 7, 11, 22, 21]","[6, 1, 2, 4, 9, 4]",Python/DFS,3.11.15,,,<paper>/revision_campaign_20260914/default/amazon/default.csv,
44,eps-ILP g=2,1,feasible,complete,1,1,returned,0,5.0,2,0.0769230769230769,0.1405007452166309,0.0769230769230769,0.0234954487532377,0.0243465285748243,460.0,5,0,0.0,0.0,2.0,0.0,,,26,1.0,0.000711556058377,0.0,92.0,6.0,1.0,0.0008510798215866,,,,,,,,,,True,grid_complete,configured_grid,,1.5154946595430374e-05,solver final filtering and index remapping; caller metric conversion excluded,r5-v1,,excluded_precomputed,,True,,,fresh_retrieval,0.0,0.0234628948383033,1.739896833896637e-05,0.0234954487532377,0.0243465285748243,measured_excluding_encoding,"[29, 2, 7, 11, 22, 21]","[29, 2, 7, 11, 22, 21]",scipy.optimize.milp/HiGHS,1.17.1,1.12.0,1.0,<paper>/revision_campaign_20260914/default/amazon/default.csv,
44,eps-ILP g=4,1,feasible,complete,1,1,returned,0,17.0,3,0.1153846153846153,0.7176228988248717,0.1153846153846153,0.0915837776847183,0.0924348575063049,1564.0,17,0,0.0,0.0,4.0,0.0,,,26,1.0,0.000711556058377,0.0,92.0,6.0,1.0,0.0008510798215866,,,,,,,,,,True,grid_complete,configured_grid,,1.5628524124622345e-05,solver final filtering and index remapping; caller metric conversion excluded,r5-v1,,excluded_precomputed,,True,,,fresh_retrieval,0.0,0.0915165650658309,5.158409476280213e-05,0.0915837776847183,0.0924348575063049,measured_excluding_encoding,"[29, 2, 7, 11, 22, 21]","[29, 2, 7, 11, 22, 21]",scipy.optimize.milp/HiGHS,1.17.1,1.12.0,1.0,<paper>/revision_campaign_20260914/default/amazon/default.csv,
44,eps-ILP g=8,1,feasible,complete,1,1,returned,0,65.0,6,0.2307692307692307,0.940287557788302,0.2307692307692307,0.3667734339833259,0.3676245138049125,5980.0,65,0,0.0,0.0,9.0,0.0,,,26,1.0,0.000711556058377,0.0,92.0,6.0,1.0,0.0008510798215866,,,,,,,,,,True,grid_complete,configured_grid,,1.86162069439888e-05,solver final filtering and index remapping; caller metric conversion excluded,r5-v1,,excluded_precomputed,,True,,,fresh_retrieval,0.0,0.3663140428252518,0.0004407749511301,0.3667734339833259,0.3676245138049125,measured_excluding_encoding,"[29, 2, 7, 11, 22, 21]","[29, 2, 7, 11, 22, 21]",scipy.optimize.milp/HiGHS,1.17.1,1.12.0,1.0,<paper>/revision_campaign_20260914/default/amazon/default.csv,
44,eps-ILP g=16,1,feasible,complete,1,1,returned,0,257.0,10,0.3846153846153846,0.9708837493957564,0.3846153846153846,1.532703029923141,1.5335541097447276,23644.0,257,0,0.0,0.0,24.0,0.0,,,26,1.0,0.000711556058377,0.0,92.0,6.0,1.0,0.0008510798215866,,,,,,,,,,True,grid_complete,configured_grid,,3.269407898187637e-05,solver final filtering and index remapping; caller metric conversion excluded,r5-v1,,excluded_precomputed,,True,,,fresh_retrieval,0.0,1.5262944637797773,0.0063758720643818,1.532703029923141,1.5335541097447276,measured_excluding_encoding,"[29, 2, 7, 11, 22, 21]","[29, 2, 7, 11, 22, 21]",scipy.optimize.milp/HiGHS,1.17.1,1.12.0,1.0,<paper>/revision_campaign_20260914/default/amazon/default.csv,
44,PBF,1,feasible,complete,1,1,returned,0,,26,1.0,1.0,1.0,1.1158292680047452,1.116680347826332,12379752.0,1,0,0.0,0.0,0.0,0.0,,,26,1.0,0.000711556058377,0.0,92.0,6.0,1.0,0.0008510798215866,True,,,,,,,,,True,complete,full_input,,1.1158292680047452,solver final filtering and index remapping; caller metric conversion excluded,r5-v1,,excluded_precomputed,,True,,,fresh_retrieval,,,,1.1158292680047452,1.116680347826332,measured_excluding_encoding,"[29, 2, 7, 11, 22, 21]",,Python/PBF,3.11.15,,,<paper>/revision_campaign_20260914/default/amazon/default.csv,
45,PACS,1,feasible,complete,1,1,returned,0,,60,1.0,1.0,0.9836065573770492,0.002184912096709,0.0031863111071288,663.0,1,0,0.0,0.0,0.0,0.0,298.0,36.0,60,1.0,0.0021669948473572,0.0,298.0,5.0,1.0,0.0010013990104198,True,,,,,,,,,True,completed,all_reduced_candidates,"[3, 2, 15, 5, 11]",2.7579255402088165e-05,solver final filtering and index remapping; caller metric conversion excluded,r5-v1,,excluded_precomputed,,True,,,fresh_retrieval,0.0002081021666526,0.0016332939267158,0.0003159367479383,0.002184912096709,0.0031863111071288,measured_excluding_encoding,"[5, 3, 236, 20, 34]","[3, 2, 15, 5, 11]",Python/PACS+,3.11.15,,,<paper>/revision_campaign_20260914/default/amazon/default.csv,
45,PACS_dC,1,feasible,complete,1,1,returned,0,,44,0.65,0.9883390327102368,0.6557377049180327,0.0011642146855592,0.0021656136959791,347.0,1,0,0.0,0.0,0.0,0.0,,,60,1.0,0.0021669948473572,0.0,298.0,5.0,1.0,0.0010013990104198,False,,,,,,,,,True,completed,beam_search,"[3, 2, 15, 5, 11]",1.62636861205101e-05,solver final filtering and index remapping; caller metric conversion excluded,r5-v1,,excluded_precomputed,,True,,,fresh_retrieval,0.0001742769964039,0.0008220002055168,0.000151673797518,0.0011642146855592,0.0021656136959791,measured_excluding_encoding,"[5, 3, 236, 20, 34]","[3, 2, 15, 5, 11]",Python/PACS_dC,3.11.15,,,<paper>/revision_campaign_20260914/default/amazon/default.csv,
45,PBS-unbounded,1,feasible,complete,1,1,returned,0,,60,1.0,1.0,0.9836065573770492,0.0021609608083963,0.0031623598188161,663.0,1,0,0.0,0.0,0.0,0.0,298.0,36.0,60,1.0,0.0021669948473572,0.0,298.0,5.0,1.0,0.0010013990104198,True,,,,,,,,,True,completed,all_reduced_candidates,"[3, 2, 15, 5, 11]",2.9986724257469177e-05,solver final filtering and index remapping; caller metric conversion excluded,r5-v1,,excluded_precomputed,,True,,,fresh_retrieval,0.0001703449524939,0.0016527981497347,0.0003078309819102,0.0021609608083963,0.0031623598188161,measured_excluding_encoding,"[5, 3, 236, 20, 34]","[3, 2, 15, 5, 11]",Python/PBS-unbounded,3.11.15,,,<paper>/revision_campaign_20260914/default/amazon/default.csv,
45,PTS,1,feasible,complete,1,1,returned,0,,60,1.0,1.0,0.9836065573770492,0.0055416286922991,0.0065430277027189,1804.0,1,0,0.0,0.0,0.0,0.0,298.0,36.0,60,1.0,0.0021669948473572,0.0,298.0,5.0,1.0,0.0010013990104198,True,,,,,,,500.0,,True,completed,fixed_candidate_tree,"[3, 2, 15, 5, 11]",4.6615954488515854e-05,solver final filtering and index remapping; caller metric conversion excluded,r5-v1,,excluded_precomputed,,True,,,fresh_retrieval,0.00021847570315,0.00504477834329,0.0002317586913704,0.0055416286922991,0.0065430277027189,measured_excluding_encoding,"[5, 3, 236, 20, 34]","[3, 2, 15, 5, 11]",Python/DFS,3.11.15,,,<paper>/revision_campaign_20260914/default/amazon/default.csv,
45,eps-ILP g=2,1,feasible,complete,1,1,returned,0,5.0,2,0.0333333333333333,0.1137711009362331,0.0327868852459016,0.0444227098487317,0.0454241088591516,1490.0,5,0,0.0,0.0,2.0,0.0,,,60,1.0,0.0021669948473572,0.0,298.0,5.0,1.0,0.0010013990104198,,,,,,,,,,True,grid_complete,configured_grid,,1.428276300430298e-05,solver final filtering and index remapping; caller metric conversion excluded,r5-v1,,excluded_precomputed,,True,,,fresh_retrieval,0.0,0.0443896679207682,1.875916495919228e-05,0.0444227098487317,0.0454241088591516,measured_excluding_encoding,"[5, 3, 236, 20, 34]","[5, 3, 236, 20, 34]",scipy.optimize.milp/HiGHS,1.17.1,1.12.0,1.0,<paper>/revision_campaign_20260914/default/amazon/default.csv,
45,eps-ILP g=4,1,feasible,complete,1,1,returned,0,17.0,4,0.0666666666666666,0.7466770118055742,0.0655737704918032,0.1745424219407141,0.1755438209511339,5066.0,17,0,0.0,0.0,4.0,0.0,,,60,1.0,0.0021669948473572,0.0,298.0,5.0,1.0,0.0010013990104198,,,,,,,,,,True,grid_complete,configured_grid,,1.6508158296346664e-05,solver final filtering and index remapping; caller metric conversion excluded,r5-v1,,excluded_precomputed,,True,,,fresh_retrieval,0.0,0.1744735687971115,5.234498530626297e-05,0.1745424219407141,0.1755438209511339,measured_excluding_encoding,"[5, 3, 236, 20, 34]","[5, 3, 236, 20, 34]",scipy.optimize.milp/HiGHS,1.17.1,1.12.0,1.0,<paper>/revision_campaign_20260914/default/amazon/default.csv,
45,eps-ILP g=8,1,feasible,complete,1,1,returned,0,65.0,8,0.1333333333333333,0.8954953999119503,0.1311475409836065,0.7187283891253173,0.7197297881357372,19370.0,65,0,0.0,0.0,8.0,0.0,,,60,1.0,0.0021669948473572,0.0,298.0,5.0,1.0,0.0010013990104198,,,,,,,,,,True,grid_complete,configured_grid,,2.7530360966920853e-05,solver final filtering and index remapping; caller metric conversion excluded,r5-v1,,excluded_precomputed,,True,,,fresh_retrieval,0.0,0.7182384398765862,0.0004624188877642,0.7187283891253173,0.7197297881357372,measured_excluding_encoding,"[5, 3, 236, 20, 34]","[5, 3, 236, 20, 34]",scipy.optimize.milp/HiGHS,1.17.1,1.12.0,1.0,<paper>/revision_campaign_20260914/default/amazon/default.csv,
45,eps-ILP g=16,1,feasible,complete,1,1,returned,0,257.0,13,0.2166666666666666,0.9510670171850418,0.2131147540983606,2.892905361019075,2.8939067600294948,76586.0,257,0,0.0,0.0,20.0,0.0,,,60,1.0,0.0021669948473572,0.0,298.0,5.0,1.0,0.0010013990104198,,,,,,,,,,True,grid_complete,configured_grid,,3.755604848265648e-05,solver final filtering and index remapping; caller metric conversion excluded,r5-v1,,excluded_precomputed,,True,,,fresh_retrieval,0.0,2.8862445149570704,0.0066232900135219,2.892905361019075,2.8939067600294948,measured_excluding_encoding,"[5, 3, 236, 20, 34]","[5, 3, 236, 20, 34]",scipy.optimize.milp/HiGHS,1.17.1,1.12.0,1.0,<paper>/revision_campaign_20260914/default/amazon/default.csv,
45,PBF,1,feasible,complete,1,1,returned,0,,60,1.0,1.0,0.9836065573770492,2.957798602990806,2.958800002001226,12036000.0,1,0,0.0,0.0,0.0,0.0,,,60,1.0,0.0021669948473572,0.0,298.0,5.0,1.0,0.0010013990104198,True,,,,,,,,,True,complete,full_input,,2.957798602990806,solver final filtering and index remapping; caller metric conversion excluded,r5-v1,,excluded_precomputed,,True,,,fresh_retrieval,,,,2.957798602990806,2.958800002001226,measured_excluding_encoding,"[5, 3, 236, 20, 34]",,Python/PBF,3.11.15,,,<paper>/revision_campaign_20260914/default/amazon/default.csv,
46,PACS,1,feasible,complete,1,1,returned,0,,11,1.0,1.0,1.0,0.0006024641916155,0.0014181663282215,173.0,1,0,0.0,0.0,0.0,0.0,53.0,21.0,11,1.0,0.0005926401354372,0.0,53.0,4.0,1.0,0.0008157021366059,True,,,,,,,,,True,completed,all_reduced_candidates,"[2, 5, 7, 7]",1.7379410564899445e-05,solver final filtering and index remapping; caller metric conversion excluded,r5-v1,,excluded_precomputed,,True,,,fresh_retrieval,4.908489063382149e-05,0.0004230919294059,0.0001129079610109,0.0006024641916155,0.0014181663282215,measured_excluding_encoding,"[2, 18, 22, 11]","[2, 5, 7, 7]",Python/PACS+,3.11.15,,,<paper>/revision_campaign_20260914/default/amazon/default.csv,
46,PACS_dC,1,feasible,complete,1,1,returned,0,,10,0.9090909090909092,0.9999294939907049,0.9090909090909092,0.0003087553195655,0.0011244574561715,68.0,1,0,0.0,0.0,0.0,0.0,,,11,1.0,0.0005926401354372,0.0,53.0,4.0,1.0,0.0008157021366059,False,,,,,,,,,True,completed,beam_search,"[2, 5, 7, 7]",1.1704396456480026e-05,solver final filtering and index remapping; caller metric conversion excluded,r5-v1,,excluded_precomputed,,True,,,fresh_retrieval,3.271084278821945e-05,0.0002264049835503,3.793509677052498e-05,0.0003087553195655,0.0011244574561715,measured_excluding_encoding,"[2, 18, 22, 11]","[2, 5, 7, 7]",Python/PACS_dC,3.11.15,,,<paper>/revision_campaign_20260914/default/amazon/default.csv,
46,PBS-unbounded,1,feasible,complete,1,1,returned,0,,11,1.0,1.0,1.0,0.0006302190013229,0.0014459211379289,173.0,1,0,0.0,0.0,0.0,0.0,53.0,21.0,11,1.0,0.0005926401354372,0.0,53.0,4.0,1.0,0.0008157021366059,True,,,,,,,,,True,completed,all_reduced_candidates,"[2, 5, 7, 7]",1.8180813640356064e-05,solver final filtering and index remapping; caller metric conversion excluded,r5-v1,,excluded_precomputed,,True,,,fresh_retrieval,3.3834949135780334e-05,0.0004746741615235,0.0001035290770232,0.0006302190013229,0.0014459211379289,measured_excluding_encoding,"[2, 18, 22, 11]","[2, 5, 7, 7]",Python/PBS-unbounded,3.11.15,,,<paper>/revision_campaign_20260914/default/amazon/default.csv,
46,PTS,1,feasible,complete,1,1,returned,0,,11,1.0,1.0,1.0,0.0008620186708867,0.0016777208074927,316.0,1,0,0.0,0.0,0.0,0.0,53.0,21.0,11,1.0,0.0005926401354372,0.0,53.0,4.0,1.0,0.0008157021366059,True,,,,,,,500.0,,True,completed,fixed_candidate_tree,"[2, 5, 7, 7]",2.399459481239319e-05,solver final filtering and index remapping; caller metric conversion excluded,r5-v1,,excluded_precomputed,,True,,,fresh_retrieval,3.4071970731019974e-05,0.0007524937391281,5.145836621522904e-05,0.0008620186708867,0.0016777208074927,measured_excluding_encoding,"[2, 18, 22, 11]","[2, 5, 7, 7]",Python/DFS,3.11.15,,,<paper>/revision_campaign_20260914/default/amazon/default.csv,
46,eps-ILP g=2,1,feasible,complete,1,1,returned,0,5.0,3,0.2727272727272727,0.142886287547307,0.2727272727272727,0.0233544697985053,0.0241701719351112,265.0,5,0,0.0,0.0,0.0,0.0,,,11,1.0,0.0005926401354372,0.0,53.0,4.0,1.0,0.0008157021366059,,,,,,,,,,True,grid_complete,configured_grid,,1.3990793377161026e-05,solver final filtering and index remapping; caller metric conversion excluded,r5-v1,,excluded_precomputed,,True,,,fresh_retrieval,0.0,0.0233185268007218,2.1952204406261444e-05,0.0233544697985053,0.0241701719351112,measured_excluding_encoding,"[2, 18, 22, 11]","[2, 18, 22, 11]",scipy.optimize.milp/HiGHS,1.17.1,1.12.0,1.0,<paper>/revision_campaign_20260914/default/amazon/default.csv,
46,eps-ILP g=4,1,feasible,complete,1,1,returned,0,17.0,4,0.3636363636363636,0.3574155391258251,0.3636363636363636,0.0874145380221307,0.0882302401587367,901.0,17,0,0.0,0.0,0.0,0.0,,,11,1.0,0.0005926401354372,0.0,53.0,4.0,1.0,0.0008157021366059,,,,,,,,,,True,grid_complete,configured_grid,,1.53249129652977e-05,solver final filtering and index remapping; caller metric conversion excluded,r5-v1,,excluded_precomputed,,True,,,fresh_retrieval,0.0,0.0873309182934463,6.829481571912766e-05,0.0874145380221307,0.0882302401587367,measured_excluding_encoding,"[2, 18, 22, 11]","[2, 18, 22, 11]",scipy.optimize.milp/HiGHS,1.17.1,1.12.0,1.0,<paper>/revision_campaign_20260914/default/amazon/default.csv,
46,eps-ILP g=8,1,feasible,complete,1,1,returned,0,65.0,5,0.4545454545454545,0.5351974541890206,0.4545454545454545,0.3509352202527225,0.3517509223893285,3445.0,65,0,0.0,0.0,0.0,0.0,,,11,1.0,0.0005926401354372,0.0,53.0,4.0,1.0,0.0008157021366059,,,,,,,,,,True,grid_complete,configured_grid,,1.992844045162201e-05,solver final filtering and index remapping; caller metric conversion excluded,r5-v1,,excluded_precomputed,,True,,,fresh_retrieval,0.0,0.350359056610614,0.0005562352016568,0.3509352202527225,0.3517509223893285,measured_excluding_encoding,"[2, 18, 22, 11]","[2, 18, 22, 11]",scipy.optimize.milp/HiGHS,1.17.1,1.12.0,1.0,<paper>/revision_campaign_20260914/default/amazon/default.csv,
46,eps-ILP g=16,1,feasible,complete,1,1,returned,0,257.0,7,0.6363636363636364,0.8991985531677944,0.6363636363636364,1.4886890184134245,1.4895047205500305,13621.0,257,0,0.0,0.0,0.0,0.0,,,11,1.0,0.0005926401354372,0.0,53.0,4.0,1.0,0.0008157021366059,,,,,,,,,,True,grid_complete,configured_grid,,3.454834222793579e-05,solver final filtering and index remapping; caller metric conversion excluded,r5-v1,,excluded_precomputed,,True,,,fresh_retrieval,0.0,1.480740088969469,0.0079143811017274,1.4886890184134245,1.4895047205500305,measured_excluding_encoding,"[2, 18, 22, 11]","[2, 18, 22, 11]",scipy.optimize.milp/HiGHS,1.17.1,1.12.0,1.0,<paper>/revision_campaign_20260914/default/amazon/default.csv,
46,PBF,1,feasible,complete,1,1,returned,0,,11,1.0,1.0,1.0,0.0219175079837441,0.0227332101203501,34848.0,1,0,0.0,0.0,0.0,0.0,,,11,1.0,0.0005926401354372,0.0,53.0,4.0,1.0,0.0008157021366059,True,,,,,,,,,True,complete,full_input,,0.0219175079837441,solver final filtering and index remapping; caller metric conversion excluded,r5-v1,,excluded_precomputed,,True,,,fresh_retrieval,,,,0.0219175079837441,0.0227332101203501,measured_excluding_encoding,"[2, 18, 22, 11]",,Python/PBF,3.11.15,,,<paper>/revision_campaign_20260914/default/amazon/default.csv,
47,PACS,1,feasible,complete,1,1,returned,0,,17,1.0,1.0,1.0,0.0004060678184032,0.0012085605412721,140.0,1,0,0.0,0.0,0.0,0.0,82.0,17.0,17,1.0,0.0004121731035411,0.0,82.0,4.0,1.0,0.0008024927228689,True,,,,,,,,,True,completed,all_reduced_candidates,"[6, 3, 5, 3]",1.815054565668106e-05,solver final filtering and index remapping; caller metric conversion excluded,r5-v1,,excluded_precomputed,,True,,,fresh_retrieval,6.936024874448776e-05,0.0002459269016981,7.263012230396271e-05,0.0004060678184032,0.0012085605412721,measured_excluding_encoding,"[37, 10, 24, 11]","[6, 3, 5, 3]",Python/PACS+,3.11.15,,,<paper>/revision_campaign_20260914/default/amazon/default.csv,
47,PACS_dC,1,feasible,complete,1,1,returned,0,,6,0.3529411764705882,0.9449406950530438,0.3529411764705882,0.0002719121985137,0.0010744049213826,84.0,1,0,0.0,0.0,0.0,0.0,,,17,1.0,0.0004121731035411,0.0,82.0,4.0,1.0,0.0008024927228689,False,,,,,,,,,True,completed,beam_search,"[6, 3, 5, 3]",1.1358875781297684e-05,solver final filtering and index remapping; caller metric conversion excluded,r5-v1,,excluded_precomputed,,True,,,fresh_retrieval,4.679011180996895e-05,0.0001884521916508,2.5311019271612167e-05,0.0002719121985137,0.0010744049213826,measured_excluding_encoding,"[37, 10, 24, 11]","[6, 3, 5, 3]",Python/PACS_dC,3.11.15,,,<paper>/revision_campaign_20260914/default/amazon/default.csv,
47,PBS-unbounded,1,feasible,complete,1,1,returned,0,,17,1.0,1.0,1.0,0.0003395448438823,0.0011420375667512,140.0,1,0,0.0,0.0,0.0,0.0,82.0,17.0,17,1.0,0.0004121731035411,0.0,82.0,4.0,1.0,0.0008024927228689,True,,,,,,,,,True,completed,all_reduced_candidates,"[6, 3, 5, 3]",1.3212673366069794e-05,solver final filtering and index remapping; caller metric conversion excluded,r5-v1,,excluded_precomputed,,True,,,fresh_retrieval,4.10228967666626e-05,0.0002227053046226,6.260396912693977e-05,0.0003395448438823,0.0011420375667512,measured_excluding_encoding,"[37, 10, 24, 11]","[6, 3, 5, 3]",Python/PBS-unbounded,3.11.15,,,<paper>/revision_campaign_20260914/default/amazon/default.csv,
47,PTS,1,feasible,complete,1,1,returned,0,,17,1.0,1.0,1.0,0.0011191917583346,0.0019216844812035,331.0,1,0,0.0,0.0,0.0,0.0,82.0,17.0,17,1.0,0.0004121731035411,0.0,82.0,4.0,1.0,0.0008024927228689,True,,,,,,,500.0,,True,completed,fixed_candidate_tree,"[6, 3, 5, 3]",2.3532193154096603e-05,solver final filtering and index remapping; caller metric conversion excluded,r5-v1,,excluded_precomputed,,True,,,fresh_retrieval,3.922684118151665e-05,0.0009885430335998,6.788969039916992e-05,0.0011191917583346,0.0019216844812035,measured_excluding_encoding,"[37, 10, 24, 11]","[6, 3, 5, 3]",Python/DFS,3.11.15,,,<paper>/revision_campaign_20260914/default/amazon/default.csv,
47,eps-ILP g=2,1,feasible,complete,1,1,returned,0,5.0,2,0.1176470588235294,0.8548326963461254,0.1176470588235294,0.0116129829548299,0.0124154756776988,410.0,5,0,0.0,0.0,2.0,0.0,,,17,1.0,0.0004121731035411,0.0,82.0,4.0,1.0,0.0008024927228689,,,,,,,,,,True,grid_complete,configured_grid,,1.4751218259334564e-05,solver final filtering and index remapping; caller metric conversion excluded,r5-v1,,excluded_precomputed,,True,,,fresh_retrieval,0.0,0.0115814437158405,1.6788020730018616e-05,0.0116129829548299,0.0124154756776988,measured_excluding_encoding,"[37, 10, 24, 11]","[37, 10, 24, 11]",scipy.optimize.milp/HiGHS,1.17.1,1.12.0,1.0,<paper>/revision_campaign_20260914/default/amazon/default.csv,
47,eps-ILP g=4,1,feasible,complete,1,1,returned,0,17.0,2,0.1176470588235294,0.8548326963461254,0.1176470588235294,0.049934864975512,0.0507373576983809,1394.0,17,0,0.0,0.0,5.0,0.0,,,17,1.0,0.0004121731035411,0.0,82.0,4.0,1.0,0.0008024927228689,,,,,,,,,,True,grid_complete,configured_grid,,1.4596153050661089e-05,solver final filtering and index remapping; caller metric conversion excluded,r5-v1,,excluded_precomputed,,True,,,fresh_retrieval,0.0,0.0498748649843037,4.540383815765381e-05,0.049934864975512,0.0507373576983809,measured_excluding_encoding,"[37, 10, 24, 11]","[37, 10, 24, 11]",scipy.optimize.milp/HiGHS,1.17.1,1.12.0,1.0,<paper>/revision_campaign_20260914/default/amazon/default.csv,
47,eps-ILP g=8,1,feasible,complete,1,1,returned,0,65.0,5,0.2941176470588235,0.9684444783897472,0.2941176470588235,0.2062041321769356,0.2070066248998046,5330.0,65,0,0.0,0.0,11.0,0.0,,,17,1.0,0.0004121731035411,0.0,82.0,4.0,1.0,0.0008024927228689,,,,,,,,,,True,grid_complete,configured_grid,,1.797592267394066e-05,solver final filtering and index remapping; caller metric conversion excluded,r5-v1,,excluded_precomputed,,True,,,fresh_retrieval,0.0,0.2057542111724615,0.0004319450818002,0.2062041321769356,0.2070066248998046,measured_excluding_encoding,"[37, 10, 24, 11]","[37, 10, 24, 11]",scipy.optimize.milp/HiGHS,1.17.1,1.12.0,1.0,<paper>/revision_campaign_20260914/default/amazon/default.csv,
47,eps-ILP g=16,1,feasible,complete,1,1,returned,0,257.0,10,0.5882352941176471,0.975163334233886,0.5882352941176471,0.7766564688645303,0.7774589615873992,21074.0,257,0,0.0,0.0,37.0,0.0,,,17,1.0,0.0004121731035411,0.0,82.0,4.0,1.0,0.0008024927228689,,,,,,,,,,True,grid_complete,configured_grid,,3.266800194978714e-05,solver final filtering and index remapping; caller metric conversion excluded,r5-v1,,excluded_precomputed,,True,,,fresh_retrieval,0.0,0.7702952716499567,0.0063285292126238,0.7766564688645303,0.7774589615873992,measured_excluding_encoding,"[37, 10, 24, 11]","[37, 10, 24, 11]",scipy.optimize.milp/HiGHS,1.17.1,1.12.0,1.0,<paper>/revision_campaign_20260914/default/amazon/default.csv,
47,PBF,1,feasible,complete,1,1,returned,0,,17,1.0,1.0,1.0,0.0352532328106462,0.0360557255335152,390720.0,1,0,0.0,0.0,0.0,0.0,,,17,1.0,0.0004121731035411,0.0,82.0,4.0,1.0,0.0008024927228689,True,,,,,,,,,True,complete,full_input,,0.0352532328106462,solver final filtering and index remapping; caller metric conversion excluded,r5-v1,,excluded_precomputed,,True,,,fresh_retrieval,,,,0.0352532328106462,0.0360557255335152,measured_excluding_encoding,"[37, 10, 24, 11]",,Python/PBF,3.11.15,,,<paper>/revision_campaign_20260914/default/amazon/default.csv,
48,PACS,1,feasible,complete,1,1,returned,0,,88,1.0,1.0,1.0,0.0028859139420092,0.0043730218894779,815.0,1,0,0.0,0.0,0.0,0.0,826.0,46.0,88,1.0,0.002925903070718,0.0,826.0,4.0,1.0,0.0014871079474687,True,,,,,,,,,True,completed,all_reduced_candidates,"[2, 14, 5, 25]",3.741588443517685e-05,solver final filtering and index remapping; caller metric conversion excluded,r5-v1,,excluded_precomputed,,True,,,fresh_retrieval,0.0006641829386353,0.0018622428178787,0.0003220723010599,0.0028859139420092,0.0043730218894779,measured_excluding_encoding,"[2, 478, 6, 340]","[2, 14, 5, 25]",Python/PACS+,3.11.15,,,<paper>/revision_campaign_20260914/default/amazon/default.csv,
48,PACS_dC,1,feasible,complete,1,1,returned,0,,64,0.4204545454545454,0.9323882256025356,0.4204545454545454,0.0015680631622672,0.0030551711097359,425.0,1,0,0.0,0.0,0.0,0.0,,,88,1.0,0.002925903070718,0.0,826.0,4.0,1.0,0.0014871079474687,False,,,,,,,,,True,completed,beam_search,"[2, 14, 5, 25]",1.787906512618065e-05,solver final filtering and index remapping; caller metric conversion excluded,r5-v1,,excluded_precomputed,,True,,,fresh_retrieval,0.0005510090850293,0.0007784981280565,0.0002206768840551,0.0015680631622672,0.0030551711097359,measured_excluding_encoding,"[2, 478, 6, 340]","[2, 14, 5, 25]",Python/PACS_dC,3.11.15,,,<paper>/revision_campaign_20260914/default/amazon/default.csv,
48,PBS-unbounded,1,feasible,complete,1,1,returned,0,,88,1.0,1.0,1.0,0.0027374038472771,0.0042245117947459,815.0,1,0,0.0,0.0,0.0,0.0,826.0,46.0,88,1.0,0.002925903070718,0.0,826.0,4.0,1.0,0.0014871079474687,True,,,,,,,,,True,completed,all_reduced_candidates,"[2, 14, 5, 25]",3.5439152270555496e-05,solver final filtering and index remapping; caller metric conversion excluded,r5-v1,,excluded_precomputed,,True,,,fresh_retrieval,0.0005466300062835,0.0018425877206027,0.0003127469681203,0.0027374038472771,0.0042245117947459,measured_excluding_encoding,"[2, 478, 6, 340]","[2, 14, 5, 25]",Python/PBS-unbounded,3.11.15,,,<paper>/revision_campaign_20260914/default/amazon/default.csv,
48,PTS,1,feasible,complete,1,1,returned,0,,88,1.0,1.0,1.0,0.0050289593636989,0.0065160673111677,1740.0,1,0,0.0,0.0,0.0,0.0,826.0,46.0,88,1.0,0.002925903070718,0.0,826.0,4.0,1.0,0.0014871079474687,True,,,,,,,500.0,,True,completed,fixed_candidate_tree,"[2, 14, 5, 25]",3.199232742190361e-05,solver final filtering and index remapping; caller metric conversion excluded,r5-v1,,excluded_precomputed,,True,,,fresh_retrieval,0.000543188303709,0.0041405879892408,0.0003131907433271,0.0050289593636989,0.0065160673111677,measured_excluding_encoding,"[2, 478, 6, 340]","[2, 14, 5, 25]",Python/DFS,3.11.15,,,<paper>/revision_campaign_20260914/default/amazon/default.csv,
48,eps-ILP g=2,1,feasible,complete,1,1,returned,0,5.0,2,0.0227272727272727,0.225321413148464,0.0227272727272727,0.0937547688372433,0.095241876784712,4130.0,5,0,0.0,0.0,2.0,0.0,,,88,1.0,0.002925903070718,0.0,826.0,4.0,1.0,0.0014871079474687,,,,,,,,,,True,grid_complete,configured_grid,,1.4354940503835678e-05,solver final filtering and index remapping; caller metric conversion excluded,r5-v1,,excluded_precomputed,,True,,,fresh_retrieval,0.0,0.0937213781289756,1.9035767763853077e-05,0.0937547688372433,0.095241876784712,measured_excluding_encoding,"[2, 478, 6, 340]","[2, 478, 6, 340]",scipy.optimize.milp/HiGHS,1.17.1,1.12.0,1.0,<paper>/revision_campaign_20260914/default/amazon/default.csv,
48,eps-ILP g=4,1,feasible,complete,1,1,returned,0,17.0,7,0.0795454545454545,0.589041353923091,0.0795454545454545,0.3367339628748595,0.3382210708223283,14042.0,17,0,0.0,0.0,4.0,0.0,,,88,1.0,0.002925903070718,0.0,826.0,4.0,1.0,0.0014871079474687,,,,,,,,,,True,grid_complete,configured_grid,,1.4598015695810318e-05,solver final filtering and index remapping; caller metric conversion excluded,r5-v1,,excluded_precomputed,,True,,,fresh_retrieval,0.0,0.3366657919250428,5.357293412089348e-05,0.3367339628748595,0.3382210708223283,measured_excluding_encoding,"[2, 478, 6, 340]","[2, 478, 6, 340]",scipy.optimize.milp/HiGHS,1.17.1,1.12.0,1.0,<paper>/revision_campaign_20260914/default/amazon/default.csv,
48,eps-ILP g=8,1,feasible,complete,1,1,returned,0,65.0,21,0.2386363636363636,0.9037450847458404,0.2386363636363636,1.5149085093289614,1.51639561727643,53690.0,65,0,0.0,0.0,8.0,0.0,,,88,1.0,0.002925903070718,0.0,826.0,4.0,1.0,0.0014871079474687,,,,,,,,,,True,grid_complete,configured_grid,,2.413010224699974e-05,solver final filtering and index remapping; caller metric conversion excluded,r5-v1,,excluded_precomputed,,True,,,fresh_retrieval,0.0,1.514377234969288,0.0005071442574262,1.5149085093289614,1.51639561727643,measured_excluding_encoding,"[2, 478, 6, 340]","[2, 478, 6, 340]",scipy.optimize.milp/HiGHS,1.17.1,1.12.0,1.0,<paper>/revision_campaign_20260914/default/amazon/default.csv,
48,eps-ILP g=16,1,feasible,complete,1,1,returned,0,257.0,38,0.4318181818181818,0.9713917598844988,0.4318181818181818,5.205705516040325,5.207192623987794,212282.0,257,0,0.0,0.0,16.0,0.0,,,88,1.0,0.002925903070718,0.0,826.0,4.0,1.0,0.0014871079474687,,,,,,,,,,True,grid_complete,configured_grid,,5.484605208039284e-05,solver final filtering and index remapping; caller metric conversion excluded,r5-v1,,excluded_precomputed,,True,,,fresh_retrieval,0.0,5.198911637067795,0.0067390329204499,5.205705516040325,5.207192623987794,measured_excluding_encoding,"[2, 478, 6, 340]","[2, 478, 6, 340]",scipy.optimize.milp/HiGHS,1.17.1,1.12.0,1.0,<paper>/revision_campaign_20260914/default/amazon/default.csv,
48,PBF,1,feasible,complete,1,1,returned,0,,88,1.0,1.0,1.0,1.136810814961791,1.1382979229092598,7800960.0,1,0,0.0,0.0,0.0,0.0,,,88,1.0,0.002925903070718,0.0,826.0,4.0,1.0,0.0014871079474687,True,,,,,,,,,True,complete,full_input,,1.136810814961791,solver final filtering and index remapping; caller metric conversion excluded,r5-v1,,excluded_precomputed,,True,,,fresh_retrieval,,,,1.136810814961791,1.1382979229092598,measured_excluding_encoding,"[2, 478, 6, 340]",,Python/PBF,3.11.15,,,<paper>/revision_campaign_20260914/default/amazon/default.csv,
49,PACS,1,feasible,complete,1,1,returned,0,,31,1.0,1.0,1.0,0.000939454883337,0.0019115307368338,289.0,1,0,0.0,0.0,0.0,0.0,146.0,30.0,31,1.0,0.0009475671686232,0.0,146.0,5.0,1.0,0.0009720758534967,True,,,,,,,,,True,completed,all_reduced_candidates,"[1, 5, 4, 17, 3]",2.0583625882864e-05,solver final filtering and index remapping; caller metric conversion excluded,r5-v1,,excluded_precomputed,,True,,,fresh_retrieval,0.0001344382762908,0.0005937539972364,0.0001906789839267,0.000939454883337,0.0019115307368338,measured_excluding_encoding,"[14, 5, 4, 118, 5]","[1, 5, 4, 17, 3]",Python/PACS+,3.11.15,,,<paper>/revision_campaign_20260914/default/amazon/default.csv,
49,PACS_dC,1,feasible,complete,1,1,returned,0,,26,0.8387096774193549,0.9836959959277584,0.8387096774193549,0.0007992298342287,0.0017713056877255,205.0,1,0,0.0,0.0,0.0,0.0,,,31,1.0,0.0009475671686232,0.0,146.0,5.0,1.0,0.0009720758534967,False,,,,,,,,,True,completed,beam_search,"[1, 5, 4, 17, 3]",1.9058585166931152e-05,solver final filtering and index remapping; caller metric conversion excluded,r5-v1,,excluded_precomputed,,True,,,fresh_retrieval,0.0001369402743875,0.0005529737100005,9.025726467370988e-05,0.0007992298342287,0.0017713056877255,measured_excluding_encoding,"[14, 5, 4, 118, 5]","[1, 5, 4, 17, 3]",Python/PACS_dC,3.11.15,,,<paper>/revision_campaign_20260914/default/amazon/default.csv,
49,PBS-unbounded,1,feasible,complete,1,1,returned,0,,31,1.0,1.0,1.0,0.00096479896456,0.0019368748180568,289.0,1,0,0.0,0.0,0.0,0.0,146.0,30.0,31,1.0,0.0009475671686232,0.0,146.0,5.0,1.0,0.0009720758534967,True,,,,,,,,,True,completed,all_reduced_candidates,"[1, 5, 4, 17, 3]",1.8162187188863758e-05,solver final filtering and index remapping; caller metric conversion excluded,r5-v1,,excluded_precomputed,,True,,,fresh_retrieval,0.0001036976464092,0.0006689983420073,0.0001739407889544,0.00096479896456,0.0019368748180568,measured_excluding_encoding,"[14, 5, 4, 118, 5]","[1, 5, 4, 17, 3]",Python/PBS-unbounded,3.11.15,,,<paper>/revision_campaign_20260914/default/amazon/default.csv,
49,PTS,1,feasible,complete,1,1,returned,0,,31,1.0,1.0,1.0,0.0013432600535452,0.002315335907042,442.0,1,0,0.0,0.0,0.0,0.0,146.0,30.0,31,1.0,0.0009475671686232,0.0,146.0,5.0,1.0,0.0009720758534967,True,,,,,,,500.0,,True,completed,fixed_candidate_tree,"[1, 5, 4, 17, 3]",2.3312866687774655e-05,solver final filtering and index remapping; caller metric conversion excluded,r5-v1,,excluded_precomputed,,True,,,fresh_retrieval,9.752810001373292e-05,0.0011070971377193,0.0001153219491243,0.0013432600535452,0.002315335907042,measured_excluding_encoding,"[14, 5, 4, 118, 5]","[1, 5, 4, 17, 3]",Python/DFS,3.11.15,,,<paper>/revision_campaign_20260914/default/amazon/default.csv,
49,eps-ILP g=2,1,feasible,complete,1,1,returned,0,5.0,3,0.0967741935483871,0.3065365366239159,0.0967741935483871,0.0364514631219208,0.0374235389754176,730.0,5,0,0.0,0.0,0.0,0.0,,,31,1.0,0.0009475671686232,0.0,146.0,5.0,1.0,0.0009720758534967,,,,,,,,,,True,grid_complete,configured_grid,,1.4870427548885344e-05,solver final filtering and index remapping; caller metric conversion excluded,r5-v1,,excluded_precomputed,,True,,,fresh_retrieval,0.0,0.0364130889065563,2.350378781557083e-05,0.0364514631219208,0.0374235389754176,measured_excluding_encoding,"[14, 5, 4, 118, 5]","[14, 5, 4, 118, 5]",scipy.optimize.milp/HiGHS,1.17.1,1.12.0,1.0,<paper>/revision_campaign_20260914/default/amazon/default.csv,
49,eps-ILP g=4,1,feasible,complete,1,1,returned,0,17.0,8,0.2580645161290322,0.906446754254081,0.2580645161290322,0.1180244418792426,0.1189965177327394,2482.0,17,0,0.0,0.0,0.0,0.0,,,31,1.0,0.0009475671686232,0.0,146.0,5.0,1.0,0.0009720758534967,,,,,,,,,,True,grid_complete,configured_grid,,1.648254692554474e-05,solver final filtering and index remapping; caller metric conversion excluded,r5-v1,,excluded_precomputed,,True,,,fresh_retrieval,0.0,0.1179370293393731,7.092999294400215e-05,0.1180244418792426,0.1189965177327394,measured_excluding_encoding,"[14, 5, 4, 118, 5]","[14, 5, 4, 118, 5]",scipy.optimize.milp/HiGHS,1.17.1,1.12.0,1.0,<paper>/revision_campaign_20260914/default/amazon/default.csv,
49,eps-ILP g=8,1,feasible,complete,1,1,returned,0,65.0,14,0.4516129032258064,0.9726361913630576,0.4516129032258064,0.4894396918825805,0.4904117677360773,9490.0,65,0,0.0,0.0,0.0,0.0,,,31,1.0,0.0009475671686232,0.0,146.0,5.0,1.0,0.0009720758534967,,,,,,,,,,True,grid_complete,configured_grid,,2.071307972073555e-05,solver final filtering and index remapping; caller metric conversion excluded,r5-v1,,excluded_precomputed,,True,,,fresh_retrieval,0.0,0.4888401906937361,0.0005787881091237,0.4894396918825805,0.4904117677360773,measured_excluding_encoding,"[14, 5, 4, 118, 5]","[14, 5, 4, 118, 5]",scipy.optimize.milp/HiGHS,1.17.1,1.12.0,1.0,<paper>/revision_campaign_20260914/default/amazon/default.csv,
49,eps-ILP g=16,1,feasible,complete,1,1,returned,0,257.0,23,0.7419354838709677,0.9958631483284284,0.7419354838709677,1.9915532930754123,1.9925253689289093,37522.0,257,0,0.0,0.0,0.0,0.0,,,31,1.0,0.0009475671686232,0.0,146.0,5.0,1.0,0.0009720758534967,,,,,,,,,,True,grid_complete,configured_grid,,3.893580287694931e-05,solver final filtering and index remapping; caller metric conversion excluded,r5-v1,,excluded_precomputed,,True,,,fresh_retrieval,0.0,1.9840321652591228,0.0074821920134127,1.9915532930754123,1.9925253689289093,measured_excluding_encoding,"[14, 5, 4, 118, 5]","[14, 5, 4, 118, 5]",scipy.optimize.milp/HiGHS,1.17.1,1.12.0,1.0,<paper>/revision_campaign_20260914/default/amazon/default.csv,
49,PBF,1,feasible,complete,1,1,returned,0,,31,1.0,1.0,1.0,0.1077176579274237,0.1086897337809205,826000.0,1,0,0.0,0.0,0.0,0.0,,,31,1.0,0.0009475671686232,0.0,146.0,5.0,1.0,0.0009720758534967,True,,,,,,,,,True,complete,full_input,,0.1077176579274237,solver final filtering and index remapping; caller metric conversion excluded,r5-v1,,excluded_precomputed,,True,,,fresh_retrieval,,,,0.1077176579274237,0.1086897337809205,measured_excluding_encoding,"[14, 5, 4, 118, 5]",,Python/PBF,3.11.15,,,<paper>/revision_campaign_20260914/default/amazon/default.csv,
50,PACS,1,feasible,complete,1,1,returned,0,,27,0.2454545454545454,0.8259385316655201,0.2454545454545454,0.0043875207193195,0.0057699028402566,1133.0,1,0,0.0,0.0,0.0,0.0,769.0,48.0,110,1.0,0.0047630290500819,0.0,769.0,5.0,1.0,0.0013823821209371,False,,,,,,,,,True,completed,beam_search,"[1, 11, 1, 10, 25]",6.650388240814209e-05,solver final filtering and index remapping; caller metric conversion excluded,r5-v1,,excluded_precomputed,,True,,,fresh_retrieval,0.0005359509959816,0.0034606289118528,0.0003244369290769,0.0043875207193195,0.0057699028402566,measured_excluding_encoding,"[9, 219, 2, 61, 478]","[1, 11, 1, 10, 25]",Python/PACS+,3.11.15,,,<paper>/revision_campaign_20260914/default/amazon/default.csv,
50,PACS_dC,1,feasible,complete,1,1,returned,0,,71,0.4818181818181818,0.9841224477799534,0.4818181818181818,0.0015322659164667,0.0029146480374038,245.0,1,0,0.0,0.0,0.0,0.0,,,110,1.0,0.0047630290500819,0.0,769.0,5.0,1.0,0.0013823821209371,False,,,,,,,,,True,completed,beam_search,"[1, 11, 1, 10, 25]",1.8978025764226917e-05,solver final filtering and index remapping; caller metric conversion excluded,r5-v1,,excluded_precomputed,,True,,,fresh_retrieval,0.0004990389570593,0.0007641641423106,0.0002500847913324,0.0015322659164667,0.0029146480374038,measured_excluding_encoding,"[9, 219, 2, 61, 478]","[1, 11, 1, 10, 25]",Python/PACS_dC,3.11.15,,,<paper>/revision_campaign_20260914/default/amazon/default.csv,
50,PBS-unbounded,1,feasible,complete,1,1,returned,0,,110,1.0,1.0,1.0,0.0047219088301062,0.0061042909510433,1133.0,1,0,0.0,0.0,0.0,0.0,769.0,48.0,110,1.0,0.0047630290500819,0.0,769.0,5.0,1.0,0.0013823821209371,True,,,,,,,,,True,completed,all_reduced_candidates,"[1, 11, 1, 10, 25]",6.807595491409302e-05,solver final filtering and index remapping; caller metric conversion excluded,r5-v1,,excluded_precomputed,,True,,,fresh_retrieval,0.0005537667311728,0.0034523960202932,0.0006476701237261,0.0047219088301062,0.0061042909510433,measured_excluding_encoding,"[9, 219, 2, 61, 478]","[1, 11, 1, 10, 25]",Python/PBS-unbounded,3.11.15,,,<paper>/revision_campaign_20260914/default/amazon/default.csv,
50,PTS,1,feasible,complete,1,1,returned,0,,110,1.0,1.0000000000000002,1.0,0.0101656490005552,0.0115480311214923,2790.0,1,0,0.0,0.0,0.0,0.0,769.0,48.0,110,1.0,0.0047630290500819,0.0,769.0,5.0,1.0,0.0013823821209371,True,,,,,,,500.0,,True,completed,fixed_candidate_tree,"[1, 11, 1, 10, 25]",4.2566098272800446e-05,solver final filtering and index remapping; caller metric conversion excluded,r5-v1,,excluded_precomputed,,True,,,fresh_retrieval,0.000502947717905,0.0092143099755048,0.0004058252088725,0.0101656490005552,0.0115480311214923,measured_excluding_encoding,"[9, 219, 2, 61, 478]","[1, 11, 1, 10, 25]",Python/DFS,3.11.15,,,<paper>/revision_campaign_20260914/default/amazon/default.csv,
50,eps-ILP g=2,1,feasible,complete,1,1,returned,0,5.0,3,0.0272727272727272,0.2248537994950729,0.0272727272727272,0.1159290107898414,0.1173113929107785,3845.0,5,0,0.0,0.0,1.0,0.0,,,110,1.0,0.0047630290500819,0.0,769.0,5.0,1.0,0.0013823821209371,,,,,,,,,,True,grid_complete,configured_grid,,1.4196615666151048e-05,solver final filtering and index remapping; caller metric conversion excluded,r5-v1,,excluded_precomputed,,True,,,fresh_retrieval,0.0,0.1158943721093237,2.044206485152245e-05,0.1159290107898414,0.1173113929107785,measured_excluding_encoding,"[9, 219, 2, 61, 478]","[9, 219, 2, 61, 478]",scipy.optimize.milp/HiGHS,1.17.1,1.12.0,1.0,<paper>/revision_campaign_20260914/default/amazon/default.csv,
50,eps-ILP g=4,1,feasible,complete,1,1,returned,0,17.0,7,0.0636363636363636,0.6433706963403946,0.0636363636363636,0.4085926651023328,0.4099750472232699,13073.0,17,0,0.0,0.0,1.0,0.0,,,110,1.0,0.0047630290500819,0.0,769.0,5.0,1.0,0.0013823821209371,,,,,,,,,,True,grid_complete,configured_grid,,1.5676487237215042e-05,solver final filtering and index remapping; caller metric conversion excluded,r5-v1,,excluded_precomputed,,True,,,fresh_retrieval,0.0,0.4085101056843996,6.688293069601059e-05,0.4085926651023328,0.4099750472232699,measured_excluding_encoding,"[9, 219, 2, 61, 478]","[9, 219, 2, 61, 478]",scipy.optimize.milp/HiGHS,1.17.1,1.12.0,1.0,<paper>/revision_campaign_20260914/default/amazon/default.csv,
50,eps-ILP g=8,1,feasible,complete,1,1,returned,0,65.0,15,0.1363636363636363,0.8114374144242141,0.1363636363636363,1.5519943688996136,1.5533767510205507,49985.0,65,0,0.0,0.0,1.0,0.0,,,110,1.0,0.0047630290500819,0.0,769.0,5.0,1.0,0.0013823821209371,,,,,,,,,,True,grid_complete,configured_grid,,2.033170312643051e-05,solver final filtering and index remapping; caller metric conversion excluded,r5-v1,,excluded_precomputed,,True,,,fresh_retrieval,0.0,1.551422324962914,0.0005517122335731,1.5519943688996136,1.5533767510205507,measured_excluding_encoding,"[9, 219, 2, 61, 478]","[9, 219, 2, 61, 478]",scipy.optimize.milp/HiGHS,1.17.1,1.12.0,1.0,<paper>/revision_campaign_20260914/default/amazon/default.csv,
50,eps-ILP g=16,1,feasible,complete,1,1,returned,0,257.0,30,0.2727272727272727,0.9237771536490352,0.2727272727272727,6.241565837990493,6.24294822011143,197633.0,257,0,0.0,0.0,2.0,0.0,,,110,1.0,0.0047630290500819,0.0,769.0,5.0,1.0,0.0013823821209371,,,,,,,,,,True,grid_complete,configured_grid,,4.418287426233292e-05,solver final filtering and index remapping; caller metric conversion excluded,r5-v1,,excluded_precomputed,,True,,,fresh_retrieval,0.0,6.234166128095239,0.0073555270209908,6.241565837990493,6.24294822011143,measured_excluding_encoding,"[9, 219, 2, 61, 478]","[9, 219, 2, 61, 478]",scipy.optimize.milp/HiGHS,1.17.1,1.12.0,1.0,<paper>/revision_campaign_20260914/default/amazon/default.csv,
50,PBF,1,feasible,complete,1,1,solver_timeout,0,,118,0.0,0.9104074805239696,0.0,30.5208570221439,30.52223940426484,172687360.0,1,1,0.0,0.0,0.0,1.0,,,110,1.0,0.0047630290500819,0.0,769.0,5.0,1.0,0.0013823821209371,False,,,,,,,,,False,timeout,full_input,,30.5208570221439,solver final filtering and index remapping; caller metric conversion excluded,r5-v1,,excluded_precomputed,,True,,,fresh_retrieval,,,,30.5208570221439,30.52223940426484,measured_excluding_encoding,"[9, 219, 2, 61, 478]",,Python/PBF,3.11.15,,,<paper>/revision_campaign_20260914/default/amazon/default.csv,
51,PACS,1,feasible,complete,1,1,returned,0,,44,0.6111111111111112,0.9141062805576928,0.6111111111111112,0.0036275335587561,0.0046040546149015,1384.0,1,0,0.0,0.0,0.0,0.0,166.0,34.0,72,1.0,0.003782320767641,0.0,166.0,4.0,1.0,0.0009765210561454,False,,,,,,,,,True,completed,beam_search,"[9, 5, 10, 10]",4.54452820122242e-05,solver final filtering and index remapping; caller metric conversion excluded,r5-v1,,excluded_precomputed,,True,,,fresh_retrieval,0.0001267259940505,0.0031255083158612,0.0003298539668321,0.0036275335587561,0.0046040546149015,measured_excluding_encoding,"[20, 7, 57, 82]","[9, 5, 10, 10]",Python/PACS+,3.11.15,,,<paper>/revision_campaign_20260914/default/amazon/default.csv,
51,PACS_dC,1,feasible,complete,1,1,returned,0,,29,0.25,0.7427166213497209,0.25,0.0008624149486422,0.0018389360047876,329.0,1,0,0.0,0.0,0.0,0.0,,,72,1.0,0.003782320767641,0.0,166.0,4.0,1.0,0.0009765210561454,False,,,,,,,,,True,completed,beam_search,"[9, 5, 10, 10]",2.14860774576664e-05,solver final filtering and index remapping; caller metric conversion excluded,r5-v1,,excluded_precomputed,,True,,,fresh_retrieval,0.0001217448152601,0.000615800730884,0.0001033833250403,0.0008624149486422,0.0018389360047876,measured_excluding_encoding,"[20, 7, 57, 82]","[9, 5, 10, 10]",Python/PACS_dC,3.11.15,,,<paper>/revision_campaign_20260914/default/amazon/default.csv,
51,PBS-unbounded,1,feasible,complete,1,1,returned,0,,72,1.0,1.0,1.0,0.0037014069966971,0.0046779280528426,1394.0,1,0,0.0,0.0,0.0,0.0,166.0,34.0,72,1.0,0.003782320767641,0.0,166.0,4.0,1.0,0.0009765210561454,True,,,,,,,,,True,completed,all_reduced_candidates,"[9, 5, 10, 10]",5.086464807391167e-05,solver final filtering and index remapping; caller metric conversion excluded,r5-v1,,excluded_precomputed,,True,,,fresh_retrieval,0.0001168241724371,0.0030976338312029,0.0004360843449831,0.0037014069966971,0.0046779280528426,measured_excluding_encoding,"[20, 7, 57, 82]","[9, 5, 10, 10]",Python/PBS-unbounded,3.11.15,,,<paper>/revision_campaign_20260914/default/amazon/default.csv,
51,PTS,1,feasible,complete,1,1,returned,0,,68,0.9444444444444444,0.9987713398027664,0.9444444444444444,0.0090101151727139,0.0099866362288594,2759.0,1,0,0.0,0.0,0.0,0.0,166.0,34.0,72,1.0,0.003782320767641,0.0,166.0,4.0,1.0,0.0009765210561454,False,,,,,,,500.0,,False,iteration_limit,fixed_candidate_tree,"[9, 5, 10, 10]",4.640733823180199e-05,solver final filtering and index remapping; caller metric conversion excluded,r5-v1,,excluded_precomputed,,True,,,fresh_retrieval,9.235087782144548e-05,0.0086169941350817,0.0002543628215789,0.0090101151727139,0.0099866362288594,measured_excluding_encoding,"[20, 7, 57, 82]","[9, 5, 10, 10]",Python/DFS,3.11.15,,,<paper>/revision_campaign_20260914/default/amazon/default.csv,
51,eps-ILP g=2,1,feasible,complete,1,1,returned,0,5.0,2,0.0277777777777777,0.37044373973932,0.0277777777777777,0.0389226949773728,0.0398992160335183,830.0,5,0,0.0,0.0,2.0,0.0,,,72,1.0,0.003782320767641,0.0,166.0,4.0,1.0,0.0009765210561454,,,,,,,,,,True,grid_complete,configured_grid,,1.5841331332921982e-05,solver final filtering and index remapping; caller metric conversion excluded,r5-v1,,excluded_precomputed,,True,,,fresh_retrieval,0.0,0.0388868898153305,1.99638307094574e-05,0.0389226949773728,0.0398992160335183,measured_excluding_encoding,"[20, 7, 57, 82]","[20, 7, 57, 82]",scipy.optimize.milp/HiGHS,1.17.1,1.12.0,1.0,<paper>/revision_campaign_20260914/default/amazon/default.csv,
51,eps-ILP g=4,1,feasible,complete,1,1,returned,0,17.0,4,0.0555555555555555,0.3986378579801326,0.0555555555555555,0.1434749960899353,0.1444515171460807,2822.0,17,0,0.0,0.0,4.0,0.0,,,72,1.0,0.003782320767641,0.0,166.0,4.0,1.0,0.0009765210561454,,,,,,,,,,True,grid_complete,configured_grid,,1.5754252672195435e-05,solver final filtering and index remapping; caller metric conversion excluded,r5-v1,,excluded_precomputed,,True,,,fresh_retrieval,0.0,0.1434052991680801,5.394266918301582e-05,0.1434749960899353,0.1444515171460807,measured_excluding_encoding,"[20, 7, 57, 82]","[20, 7, 57, 82]",scipy.optimize.milp/HiGHS,1.17.1,1.12.0,1.0,<paper>/revision_campaign_20260914/default/amazon/default.csv,
51,eps-ILP g=8,1,feasible,complete,1,1,returned,0,65.0,10,0.1388888888888889,0.7605075522368258,0.1388888888888889,0.5694467057473958,0.5704232268035412,10790.0,65,0,0.0,0.0,8.0,0.0,,,72,1.0,0.003782320767641,0.0,166.0,4.0,1.0,0.0009765210561454,,,,,,,,,,True,grid_complete,configured_grid,,2.1324027329683304e-05,solver final filtering and index remapping; caller metric conversion excluded,r5-v1,,excluded_precomputed,,True,,,fresh_retrieval,0.0,0.5689770630560815,0.0004483186639845,0.5694467057473958,0.5704232268035412,measured_excluding_encoding,"[20, 7, 57, 82]","[20, 7, 57, 82]",scipy.optimize.milp/HiGHS,1.17.1,1.12.0,1.0,<paper>/revision_campaign_20260914/default/amazon/default.csv,
51,eps-ILP g=16,1,feasible,complete,1,1,returned,0,257.0,15,0.2083333333333333,0.8182048949044898,0.2083333333333333,2.3035583342425525,2.304534855298698,42662.0,257,0,0.0,0.0,34.0,0.0,,,72,1.0,0.003782320767641,0.0,166.0,4.0,1.0,0.0009765210561454,,,,,,,,,,True,grid_complete,configured_grid,,3.82792204618454e-05,solver final filtering and index remapping; caller metric conversion excluded,r5-v1,,excluded_precomputed,,True,,,fresh_retrieval,0.0,2.29774091206491,0.0057791429571807,2.3035583342425525,2.304534855298698,measured_excluding_encoding,"[20, 7, 57, 82]","[20, 7, 57, 82]",scipy.optimize.milp/HiGHS,1.17.1,1.12.0,1.0,<paper>/revision_campaign_20260914/default/amazon/default.csv,
51,PBF,1,feasible,complete,1,1,returned,0,,72,1.0,1.0,1.0,0.9599858331494032,0.9609623542055488,2617440.0,1,0,0.0,0.0,0.0,0.0,,,72,1.0,0.003782320767641,0.0,166.0,4.0,1.0,0.0009765210561454,True,,,,,,,,,True,complete,full_input,,0.9599858331494032,solver final filtering and index remapping; caller metric conversion excluded,r5-v1,,excluded_precomputed,,True,,,fresh_retrieval,,,,0.9599858331494032,0.9609623542055488,measured_excluding_encoding,"[20, 7, 57, 82]",,Python/PBF,3.11.15,,,<paper>/revision_campaign_20260914/default/amazon/default.csv,
52,PACS,1,feasible,complete,1,1,returned,0,,12,0.3,0.8818525185673305,0.3,0.0025003752671182,0.0034275073558092,979.0,1,0,0.0,0.0,0.0,0.0,180.0,31.0,40,1.0,0.0025218441151082,0.0,180.0,6.0,1.0,0.0009271320886909,False,,,,,,,,,True,completed,beam_search,"[7, 4, 4, 5, 4, 7]",4.586344584822655e-05,solver final filtering and index remapping; caller metric conversion excluded,r5-v1,,excluded_precomputed,,True,,,fresh_retrieval,0.0001392089761793,0.0020661070011556,0.000249195843935,0.0025003752671182,0.0034275073558092,measured_excluding_encoding,"[54, 10, 33, 28, 11, 44]","[7, 4, 4, 5, 4, 7]",Python/PACS+,3.11.15,,,<paper>/revision_campaign_20260914/default/amazon/default.csv,
52,PACS_dC,1,feasible,complete,1,1,returned,0,,11,0.2,0.6109419553945512,0.2,0.0003900057636201,0.0013171378523111,117.0,1,0,0.0,0.0,0.0,0.0,,,40,1.0,0.0025218441151082,0.0,180.0,6.0,1.0,0.0009271320886909,False,,,,,,,,,True,completed,beam_search,"[7, 4, 4, 5, 4, 7]",1.0267365723848345e-05,solver final filtering and index remapping; caller metric conversion excluded,r5-v1,,excluded_precomputed,,True,,,fresh_retrieval,9.336136281490326e-05,0.0002464340068399,3.994302824139595e-05,0.0003900057636201,0.0013171378523111,measured_excluding_encoding,"[54, 10, 33, 28, 11, 44]","[7, 4, 4, 5, 4, 7]",Python/PACS_dC,3.11.15,,,<paper>/revision_campaign_20260914/default/amazon/default.csv,
52,PBS-unbounded,1,feasible,complete,1,1,returned,0,,40,1.0,1.0,1.0,0.002561739180237,0.003488871268928,979.0,1,0,0.0,0.0,0.0,0.0,180.0,31.0,40,1.0,0.0025218441151082,0.0,180.0,6.0,1.0,0.0009271320886909,True,,,,,,,,,True,completed,all_reduced_candidates,"[7, 4, 4, 5, 4, 7]",4.593515768647194e-05,solver final filtering and index remapping; caller metric conversion excluded,r5-v1,,excluded_precomputed,,True,,,fresh_retrieval,0.0001249788329005,0.002015383914113,0.000375441275537,0.002561739180237,0.003488871268928,measured_excluding_encoding,"[54, 10, 33, 28, 11, 44]","[7, 4, 4, 5, 4, 7]",Python/PBS-unbounded,3.11.15,,,<paper>/revision_campaign_20260914/default/amazon/default.csv,
52,PTS,1,feasible,complete,1,1,returned,0,,40,1.0,1.0,1.0,0.0039104209281504,0.0048375530168414,1618.0,1,0,0.0,0.0,0.0,0.0,180.0,31.0,40,1.0,0.0025218441151082,0.0,180.0,6.0,1.0,0.0009271320886909,True,,,,,,,500.0,,True,completed,fixed_candidate_tree,"[7, 4, 4, 5, 4, 7]",3.242958337068558e-05,solver final filtering and index remapping; caller metric conversion excluded,r5-v1,,excluded_precomputed,,True,,,fresh_retrieval,9.069917723536491e-05,0.0036319261416792,0.000155366025865,0.0039104209281504,0.0048375530168414,measured_excluding_encoding,"[54, 10, 33, 28, 11, 44]","[7, 4, 4, 5, 4, 7]",Python/DFS,3.11.15,,,<paper>/revision_campaign_20260914/default/amazon/default.csv,
52,eps-ILP g=2,1,feasible,complete,1,1,returned,0,5.0,2,0.05,0.7911312901180784,0.05,0.036318224389106,0.037245356477797,900.0,5,0,0.0,0.0,2.0,0.0,,,40,1.0,0.0025218441151082,0.0,180.0,6.0,1.0,0.0009271320886909,,,,,,,,,,True,grid_complete,configured_grid,,1.4482066035270693e-05,solver final filtering and index remapping; caller metric conversion excluded,r5-v1,,excluded_precomputed,,True,,,fresh_retrieval,0.0,0.0362849649973213,1.877732574939728e-05,0.036318224389106,0.037245356477797,measured_excluding_encoding,"[54, 10, 33, 28, 11, 44]","[54, 10, 33, 28, 11, 44]",scipy.optimize.milp/HiGHS,1.17.1,1.12.0,1.0,<paper>/revision_campaign_20260914/default/amazon/default.csv,
52,eps-ILP g=4,1,feasible,complete,1,1,returned,0,17.0,7,0.175,0.9000180440852672,0.175,0.1394773041829466,0.1404044362716376,3060.0,17,0,0.0,0.0,4.0,0.0,,,40,1.0,0.0025218441151082,0.0,180.0,6.0,1.0,0.0009271320886909,,,,,,,,,,True,grid_complete,configured_grid,,1.5251338481903076e-05,solver final filtering and index remapping; caller metric conversion excluded,r5-v1,,excluded_precomputed,,True,,,fresh_retrieval,0.0,0.1394056179560721,5.643488839268685e-05,0.1394773041829466,0.1404044362716376,measured_excluding_encoding,"[54, 10, 33, 28, 11, 44]","[54, 10, 33, 28, 11, 44]",scipy.optimize.milp/HiGHS,1.17.1,1.12.0,1.0,<paper>/revision_campaign_20260914/default/amazon/default.csv,
52,eps-ILP g=8,1,feasible,complete,1,1,returned,0,65.0,10,0.25,0.9466188858136174,0.25,0.5517966342158616,0.5527237663045526,11700.0,65,0,0.0,0.0,8.0,0.0,,,40,1.0,0.0025218441151082,0.0,180.0,6.0,1.0,0.0009271320886909,,,,,,,,,,True,grid_complete,configured_grid,,1.982925459742546e-05,solver final filtering and index remapping; caller metric conversion excluded,r5-v1,,excluded_precomputed,,True,,,fresh_retrieval,0.0,0.5513313729315996,0.0004454320296645,0.5517966342158616,0.5527237663045526,measured_excluding_encoding,"[54, 10, 33, 28, 11, 44]","[54, 10, 33, 28, 11, 44]",scipy.optimize.milp/HiGHS,1.17.1,1.12.0,1.0,<paper>/revision_campaign_20260914/default/amazon/default.csv,
52,eps-ILP g=16,1,feasible,complete,1,1,returned,0,257.0,15,0.375,0.953780306436802,0.375,2.1737866778858006,2.174713809974492,46260.0,257,0,0.0,0.0,27.0,0.0,,,40,1.0,0.0025218441151082,0.0,180.0,6.0,1.0,0.0009271320886909,,,,,,,,,,True,grid_complete,configured_grid,,3.6837998777627945e-05,solver final filtering and index remapping; caller metric conversion excluded,r5-v1,,excluded_precomputed,,True,,,fresh_retrieval,0.0,2.1677055838517845,0.0060442560352385,2.1737866778858006,2.174713809974492,measured_excluding_encoding,"[54, 10, 33, 28, 11, 44]","[54, 10, 33, 28, 11, 44]",scipy.optimize.milp/HiGHS,1.17.1,1.12.0,1.0,<paper>/revision_campaign_20260914/default/amazon/default.csv,
52,PBF,0,feasible,complete,1,1,work_limit,0,,0,0.0,0.0,0.0,1.398986205458641e-05,0.0009411219507455,0.0,1,0,0.0,0.0,0.0,0.0,,,40,1.0,0.0025218441151082,0.0,180.0,6.0,1.0,0.0009271320886909,False,,,,,,,,,False,combination_limit,full_input,,1.398986205458641e-05,solver final filtering and index remapping; caller metric conversion excluded,r5-v1,,excluded_precomputed,,True,,,fresh_retrieval,,,,1.398986205458641e-05,0.0009411219507455,measured_excluding_encoding,"[54, 10, 33, 28, 11, 44]",,Python/PBF,3.11.15,,,<paper>/revision_campaign_20260914/default/amazon/default.csv,
53,PACS,1,feasible,complete,1,1,returned,0,,17,0.7083333333333334,0.9216683958706444,0.7083333333333334,0.0028207097202539,0.0036649820394814,821.0,1,0,0.0,0.0,0.0,0.0,90.0,27.0,24,1.0,0.0034349989145994,0.0,90.0,6.0,1.0,0.0008442723192274,False,,,,,,,,,True,completed,beam_search,"[5, 10, 2, 6, 2, 2]",2.423068508505821e-05,solver final filtering and index remapping; caller metric conversion excluded,r5-v1,,excluded_precomputed,,True,,,fresh_retrieval,7.831398397684097e-05,0.0024078609421849,0.0003103041090071,0.0028207097202539,0.0036649820394814,measured_excluding_encoding,"[10, 51, 3, 15, 5, 6]","[5, 10, 2, 6, 2, 2]",Python/PACS+,3.11.15,,,<paper>/revision_campaign_20260914/default/amazon/default.csv,
53,PACS_dC,1,feasible,complete,1,1,returned,0,,14,0.4166666666666667,0.8415433030664012,0.4166666666666667,0.0004406436346471,0.0012849159538745,99.0,1,0,0.0,0.0,0.0,0.0,,,24,1.0,0.0034349989145994,0.0,90.0,6.0,1.0,0.0008442723192274,False,,,,,,,,,True,completed,beam_search,"[5, 10, 2, 6, 2, 2]",1.0866671800613403e-05,solver final filtering and index remapping; caller metric conversion excluded,r5-v1,,excluded_precomputed,,True,,,fresh_retrieval,5.452986806631088e-05,0.0003231689333915,5.207816138863564e-05,0.0004406436346471,0.0012849159538745,measured_excluding_encoding,"[10, 51, 3, 15, 5, 6]","[5, 10, 2, 6, 2, 2]",Python/PACS_dC,3.11.15,,,<paper>/revision_campaign_20260914/default/amazon/default.csv,
53,PBS-unbounded,1,feasible,complete,1,1,returned,0,,24,1.0,1.0,1.0,0.0033949450589716,0.0042392173781991,1003.0,1,0,0.0,0.0,0.0,0.0,90.0,27.0,24,1.0,0.0034349989145994,0.0,90.0,6.0,1.0,0.0008442723192274,True,,,,,,,,,True,completed,all_reduced_candidates,"[5, 10, 2, 6, 2, 2]",2.7516856789588928e-05,solver final filtering and index remapping; caller metric conversion excluded,r5-v1,,excluded_precomputed,,True,,,fresh_retrieval,6.0560181736946106e-05,0.0028534806333482,0.0004533873870968,0.0033949450589716,0.0042392173781991,measured_excluding_encoding,"[10, 51, 3, 15, 5, 6]","[5, 10, 2, 6, 2, 2]",Python/PBS-unbounded,3.11.15,,,<paper>/revision_campaign_20260914/default/amazon/default.csv,
53,PTS,1,feasible,complete,1,1,returned,0,,24,1.0,1.0,1.0,0.0030675060115754,0.0039117783308029,1133.0,1,0,0.0,0.0,0.0,0.0,90.0,27.0,24,1.0,0.0034349989145994,0.0,90.0,6.0,1.0,0.0008442723192274,True,,,,,,,500.0,,True,completed,fixed_candidate_tree,"[5, 10, 2, 6, 2, 2]",3.159837797284126e-05,solver final filtering and index remapping; caller metric conversion excluded,r5-v1,,excluded_precomputed,,True,,,fresh_retrieval,6.038276478648186e-05,0.002869738265872,0.0001057866029441,0.0030675060115754,0.0039117783308029,measured_excluding_encoding,"[10, 51, 3, 15, 5, 6]","[5, 10, 2, 6, 2, 2]",Python/DFS,3.11.15,,,<paper>/revision_campaign_20260914/default/amazon/default.csv,
53,eps-ILP g=2,1,feasible,complete,1,1,returned,0,5.0,3,0.125,0.7843828465109893,0.125,0.0257919621653854,0.0266362344846129,450.0,5,0,0.0,0.0,0.0,0.0,,,24,1.0,0.0034349989145994,0.0,90.0,6.0,1.0,0.0008442723192274,,,,,,,,,,True,grid_complete,configured_grid,,1.3540033251047134e-05,solver final filtering and index remapping; caller metric conversion excluded,r5-v1,,excluded_precomputed,,True,,,fresh_retrieval,0.0,0.0257563721388578,2.204999327659607e-05,0.0257919621653854,0.0266362344846129,measured_excluding_encoding,"[10, 51, 3, 15, 5, 6]","[10, 51, 3, 15, 5, 6]",scipy.optimize.milp/HiGHS,1.17.1,1.12.0,1.0,<paper>/revision_campaign_20260914/default/amazon/default.csv,
53,eps-ILP g=4,1,feasible,complete,1,1,returned,0,17.0,5,0.2083333333333333,0.8838527595053289,0.2083333333333333,0.0994386579841375,0.1002829303033649,1530.0,17,0,0.0,0.0,0.0,0.0,,,24,1.0,0.0034349989145994,0.0,90.0,6.0,1.0,0.0008442723192274,,,,,,,,,,True,grid_complete,configured_grid,,1.555774360895157e-05,solver final filtering and index remapping; caller metric conversion excluded,r5-v1,,excluded_precomputed,,True,,,fresh_retrieval,0.0,0.0993523220531642,7.077818736433983e-05,0.0994386579841375,0.1002829303033649,measured_excluding_encoding,"[10, 51, 3, 15, 5, 6]","[10, 51, 3, 15, 5, 6]",scipy.optimize.milp/HiGHS,1.17.1,1.12.0,1.0,<paper>/revision_campaign_20260914/default/amazon/default.csv,
53,eps-ILP g=8,1,feasible,complete,1,1,returned,0,65.0,5,0.2083333333333333,0.9042297190735774,0.2083333333333333,0.3819606509059667,0.3828049232251942,5850.0,65,0,0.0,0.0,0.0,0.0,,,24,1.0,0.0034349989145994,0.0,90.0,6.0,1.0,0.0008442723192274,,,,,,,,,,True,grid_complete,configured_grid,,2.099387347698212e-05,solver final filtering and index remapping; caller metric conversion excluded,r5-v1,,excluded_precomputed,,True,,,fresh_retrieval,0.0,0.3813674678094685,0.0005721892230212,0.3819606509059667,0.3828049232251942,measured_excluding_encoding,"[10, 51, 3, 15, 5, 6]","[10, 51, 3, 15, 5, 6]",scipy.optimize.milp/HiGHS,1.17.1,1.12.0,1.0,<paper>/revision_campaign_20260914/default/amazon/default.csv,
53,eps-ILP g=16,1,feasible,complete,1,1,returned,0,257.0,11,0.4583333333333333,0.9348499657877036,0.4583333333333333,1.6408016453497112,1.6416459176689386,23130.0,257,0,0.0,0.0,0.0,0.0,,,24,1.0,0.0034349989145994,0.0,90.0,6.0,1.0,0.0008442723192274,,,,,,,,,,True,grid_complete,configured_grid,,3.5365112125873566e-05,solver final filtering and index remapping; caller metric conversion excluded,r5-v1,,excluded_precomputed,,True,,,fresh_retrieval,0.0,1.6331479181535542,0.0076183620840311,1.6408016453497112,1.6416459176689386,measured_excluding_encoding,"[10, 51, 3, 15, 5, 6]","[10, 51, 3, 15, 5, 6]",scipy.optimize.milp/HiGHS,1.17.1,1.12.0,1.0,<paper>/revision_campaign_20260914/default/amazon/default.csv,
53,PBF,1,feasible,complete,1,1,returned,0,,24,1.0,1.0,1.0,1.363627971149981,1.3644722434692085,4131000.0,1,0,0.0,0.0,0.0,0.0,,,24,1.0,0.0034349989145994,0.0,90.0,6.0,1.0,0.0008442723192274,True,,,,,,,,,True,complete,full_input,,1.363627971149981,solver final filtering and index remapping; caller metric conversion excluded,r5-v1,,excluded_precomputed,,True,,,fresh_retrieval,,,,1.363627971149981,1.3644722434692085,measured_excluding_encoding,"[10, 51, 3, 15, 5, 6]",,Python/PBF,3.11.15,,,<paper>/revision_campaign_20260914/default/amazon/default.csv,
54,PACS,1,feasible,complete,1,1,returned,0,,47,0.6438356164383562,0.972379412575295,0.6438356164383562,0.002308732829988,0.0030981306917965,659.0,1,0,0.0,0.0,0.0,0.0,51.0,25.0,73,1.0,0.0037694848142564,0.0,51.0,6.0,1.0,0.0007893978618085,False,,,,,,,,,True,completed,beam_search,"[9, 4, 1, 5, 2, 4]",2.92179174721241e-05,solver final filtering and index remapping; caller metric conversion excluded,r5-v1,,excluded_precomputed,,True,,,fresh_retrieval,5.086185410618782e-05,0.0018982677720487,0.0003303852863609,0.002308732829988,0.0030981306917965,measured_excluding_encoding,"[24, 5, 1, 12, 4, 5]","[9, 4, 1, 5, 2, 4]",Python/PACS+,3.11.15,,,<paper>/revision_campaign_20260914/default/amazon/default.csv,
54,PACS_dC,1,feasible,complete,1,1,returned,0,,43,0.5616438356164384,0.977694076365248,0.5616438356164384,0.0008342443034052,0.0016236421652138,187.0,1,0,0.0,0.0,0.0,0.0,,,73,1.0,0.0037694848142564,0.0,51.0,6.0,1.0,0.0007893978618085,False,,,,,,,,,True,completed,beam_search,"[9, 4, 1, 5, 2, 4]",1.4910008758306503e-05,solver final filtering and index remapping; caller metric conversion excluded,r5-v1,,excluded_precomputed,,True,,,fresh_retrieval,3.8294121623039246e-05,0.0006339838728308,0.000147056300193,0.0008342443034052,0.0016236421652138,measured_excluding_encoding,"[24, 5, 1, 12, 4, 5]","[9, 4, 1, 5, 2, 4]",Python/PACS_dC,3.11.15,,,<paper>/revision_campaign_20260914/default/amazon/default.csv,
54,PBS-unbounded,1,feasible,complete,1,1,returned,0,,73,1.0,1.0,1.0,0.0024124719202518,0.0032018697820603,659.0,1,0,0.0,0.0,0.0,0.0,51.0,25.0,73,1.0,0.0037694848142564,0.0,51.0,6.0,1.0,0.0007893978618085,True,,,,,,,,,True,completed,all_reduced_candidates,"[9, 4, 1, 5, 2, 4]",3.4967903047800064e-05,solver final filtering and index remapping; caller metric conversion excluded,r5-v1,,excluded_precomputed,,True,,,fresh_retrieval,5.199294537305832e-05,0.0019054911099374,0.0004200199618935,0.0024124719202518,0.0032018697820603,measured_excluding_encoding,"[24, 5, 1, 12, 4, 5]","[9, 4, 1, 5, 2, 4]",Python/PBS-unbounded,3.11.15,,,<paper>/revision_campaign_20260914/default/amazon/default.csv,
54,PTS,1,feasible,complete,1,1,returned,0,,73,1.0,1.0,1.0,0.0074371541850268,0.0082265520468354,1887.0,1,0,0.0,0.0,0.0,0.0,51.0,25.0,73,1.0,0.0037694848142564,0.0,51.0,6.0,1.0,0.0007893978618085,True,,,,,,,500.0,,True,completed,fixed_candidate_tree,"[9, 4, 1, 5, 2, 4]",4.406832158565521e-05,solver final filtering and index remapping; caller metric conversion excluded,r5-v1,,excluded_precomputed,,True,,,fresh_retrieval,3.451993688941002e-05,0.0070839100517332,0.0002746558748185,0.0074371541850268,0.0082265520468354,measured_excluding_encoding,"[24, 5, 1, 12, 4, 5]","[9, 4, 1, 5, 2, 4]",Python/DFS,3.11.15,,,<paper>/revision_campaign_20260914/default/amazon/default.csv,
54,eps-ILP g=2,1,feasible,complete,1,1,returned,0,5.0,3,0.0410958904109589,0.228377667360227,0.0410958904109589,0.0227751899510622,0.0235645878128707,255.0,5,0,0.0,0.0,1.0,0.0,,,73,1.0,0.0037694848142564,0.0,51.0,6.0,1.0,0.0007893978618085,,,,,,,,,,True,grid_complete,configured_grid,,1.4569144695997238e-05,solver final filtering and index remapping; caller metric conversion excluded,r5-v1,,excluded_precomputed,,True,,,fresh_retrieval,0.0,0.022741510067135,1.911073923110962e-05,0.0227751899510622,0.0235645878128707,measured_excluding_encoding,"[24, 5, 1, 12, 4, 5]","[24, 5, 1, 12, 4, 5]",scipy.optimize.milp/HiGHS,1.17.1,1.12.0,1.0,<paper>/revision_campaign_20260914/default/amazon/default.csv,
54,eps-ILP g=4,1,feasible,complete,1,1,returned,0,17.0,7,0.0958904109589041,0.496027397188336,0.0958904109589041,0.0922382320277392,0.0930276298895478,867.0,17,0,0.0,0.0,3.0,0.0,,,73,1.0,0.0037694848142564,0.0,51.0,6.0,1.0,0.0007893978618085,,,,,,,,,,True,grid_complete,configured_grid,,1.5840865671634674e-05,solver final filtering and index remapping; caller metric conversion excluded,r5-v1,,excluded_precomputed,,True,,,fresh_retrieval,0.0,0.0921655967831611,5.679437890648842e-05,0.0922382320277392,0.0930276298895478,measured_excluding_encoding,"[24, 5, 1, 12, 4, 5]","[24, 5, 1, 12, 4, 5]",scipy.optimize.milp/HiGHS,1.17.1,1.12.0,1.0,<paper>/revision_campaign_20260914/default/amazon/default.csv,
54,eps-ILP g=8,1,feasible,complete,1,1,returned,0,65.0,14,0.1917808219178082,0.8497920614586322,0.1917808219178082,0.4184313220903277,0.4192207199521363,3315.0,65,0,0.0,0.0,6.0,0.0,,,73,1.0,0.0037694848142564,0.0,51.0,6.0,1.0,0.0007893978618085,,,,,,,,,,True,grid_complete,configured_grid,,2.2780150175094604e-05,solver final filtering and index remapping; caller metric conversion excluded,r5-v1,,excluded_precomputed,,True,,,fresh_retrieval,0.0,0.4179357141256332,0.0004728278145194,0.4184313220903277,0.4192207199521363,measured_excluding_encoding,"[24, 5, 1, 12, 4, 5]","[24, 5, 1, 12, 4, 5]",scipy.optimize.milp/HiGHS,1.17.1,1.12.0,1.0,<paper>/revision_campaign_20260914/default/amazon/default.csv,
54,eps-ILP g=16,1,feasible,complete,1,1,returned,0,257.0,27,0.3698630136986301,0.9370666120828536,0.3698630136986301,1.6824346450157464,1.683224042877555,13107.0,257,0,0.0,0.0,14.0,0.0,,,73,1.0,0.0037694848142564,0.0,51.0,6.0,1.0,0.0007893978618085,,,,,,,,,,True,grid_complete,configured_grid,,3.942009061574936e-05,solver final filtering and index remapping; caller metric conversion excluded,r5-v1,,excluded_precomputed,,True,,,fresh_retrieval,0.0,1.6755590047687292,0.0068362201564013,1.6824346450157464,1.683224042877555,measured_excluding_encoding,"[24, 5, 1, 12, 4, 5]","[24, 5, 1, 12, 4, 5]",scipy.optimize.milp/HiGHS,1.17.1,1.12.0,1.0,<paper>/revision_campaign_20260914/default/amazon/default.csv,
54,PBF,1,feasible,complete,1,1,returned,0,,73,1.0,1.0000000000000004,1.0,0.1212815889157354,0.122070986777544,172800.0,1,0,0.0,0.0,0.0,0.0,,,73,1.0,0.0037694848142564,0.0,51.0,6.0,1.0,0.0007893978618085,True,,,,,,,,,True,complete,full_input,,0.1212815889157354,solver final filtering and index remapping; caller metric conversion excluded,r5-v1,,excluded_precomputed,,True,,,fresh_retrieval,,,,0.1212815889157354,0.122070986777544,measured_excluding_encoding,"[24, 5, 1, 12, 4, 5]",,Python/PBF,3.11.15,,,<paper>/revision_campaign_20260914/default/amazon/default.csv,
55,PACS,1,feasible,complete,1,1,returned,0,,59,0.7468354430379747,0.9288516690529276,0.7468354430379747,0.0047714859247207,0.0058732628822326,1186.0,1,0,0.0,0.0,0.0,0.0,452.0,44.0,79,1.0,0.00313630560413,0.0,452.0,4.0,1.0,0.0011017769575119,False,,,,,,,,,True,completed,beam_search,"[9, 6, 16, 13]",5.010515451431274e-05,solver final filtering and index remapping; caller metric conversion excluded,r5-v1,,excluded_precomputed,,True,,,fresh_retrieval,0.0005608149804174,0.0036220028996467,0.0005385628901422,0.0047714859247207,0.0058732628822326,measured_excluding_encoding,"[222, 7, 204, 19]","[9, 6, 16, 13]",Python/PACS+,3.11.15,,,<paper>/revision_campaign_20260914/default/amazon/default.csv,
55,PACS_dC,1,feasible,complete,1,1,returned,0,,26,0.240506329113924,0.6490234375287504,0.240506329113924,0.0014540259726345,0.0025558029301464,436.0,1,0,0.0,0.0,0.0,0.0,,,79,1.0,0.00313630560413,0.0,452.0,4.0,1.0,0.0011017769575119,False,,,,,,,,,True,completed,beam_search,"[9, 6, 16, 13]",2.010725438594818e-05,solver final filtering and index remapping; caller metric conversion excluded,r5-v1,,excluded_precomputed,,True,,,fresh_retrieval,0.000504798721522,0.0007867431268095,0.0001423768699169,0.0014540259726345,0.0025558029301464,measured_excluding_encoding,"[222, 7, 204, 19]","[9, 6, 16, 13]",Python/PACS_dC,3.11.15,,,<paper>/revision_campaign_20260914/default/amazon/default.csv,
55,PBS-unbounded,1,feasible,complete,1,1,returned,0,,79,1.0,1.0,1.0,0.0048392317257821,0.005941008683294,1186.0,1,0,0.0,0.0,0.0,0.0,452.0,44.0,79,1.0,0.00313630560413,0.0,452.0,4.0,1.0,0.0011017769575119,True,,,,,,,,,True,completed,all_reduced_candidates,"[9, 6, 16, 13]",5.574803799390793e-05,solver final filtering and index remapping; caller metric conversion excluded,r5-v1,,excluded_precomputed,,True,,,fresh_retrieval,0.0005701477639377,0.0035821390338242,0.0006311968900263,0.0048392317257821,0.005941008683294,measured_excluding_encoding,"[222, 7, 204, 19]","[9, 6, 16, 13]",Python/PBS-unbounded,3.11.15,,,<paper>/revision_campaign_20260914/default/amazon/default.csv,
55,PTS,1,feasible,complete,1,1,returned,0,,79,1.0,1.0,1.0,0.0083293141797184,0.0094310911372303,2171.0,1,0,0.0,0.0,0.0,0.0,452.0,44.0,79,1.0,0.00313630560413,0.0,452.0,4.0,1.0,0.0011017769575119,True,,,,,,,500.0,,True,completed,fixed_candidate_tree,"[9, 6, 16, 13]",4.949653521180153e-05,solver final filtering and index remapping; caller metric conversion excluded,r5-v1,,excluded_precomputed,,True,,,fresh_retrieval,0.0004939017817378,0.0073341038078069,0.0004518120549619,0.0083293141797184,0.0094310911372303,measured_excluding_encoding,"[222, 7, 204, 19]","[9, 6, 16, 13]",Python/DFS,3.11.15,,,<paper>/revision_campaign_20260914/default/amazon/default.csv,
55,eps-ILP g=2,1,feasible,complete,1,1,returned,0,5.0,2,0.0253164556962025,0.4682423026256726,0.0253164556962025,0.1034549442119896,0.1045567211695015,2260.0,5,0,0.0,0.0,2.0,0.0,,,79,1.0,0.00313630560413,0.0,452.0,4.0,1.0,0.0011017769575119,,,,,,,,,,True,grid_complete,configured_grid,,2.0130537450313568e-05,solver final filtering and index remapping; caller metric conversion excluded,r5-v1,,excluded_precomputed,,True,,,fresh_retrieval,0.0,0.1034070216119289,2.77920626103878e-05,0.1034549442119896,0.1045567211695015,measured_excluding_encoding,"[222, 7, 204, 19]","[222, 7, 204, 19]",scipy.optimize.milp/HiGHS,1.17.1,1.12.0,1.0,<paper>/revision_campaign_20260914/default/amazon/default.csv,
55,eps-ILP g=4,1,feasible,complete,1,1,returned,0,17.0,4,0.050632911392405,0.542605122655158,0.050632911392405,0.2826521401293576,0.2837539170868695,7684.0,17,0,0.0,0.0,4.0,0.0,,,79,1.0,0.00313630560413,0.0,452.0,4.0,1.0,0.0011017769575119,,,,,,,,,,True,grid_complete,configured_grid,,1.8069520592689518e-05,solver final filtering and index remapping; caller metric conversion excluded,r5-v1,,excluded_precomputed,,True,,,fresh_retrieval,0.0,0.2825803779996931,5.369260907173157e-05,0.2826521401293576,0.2837539170868695,measured_excluding_encoding,"[222, 7, 204, 19]","[222, 7, 204, 19]",scipy.optimize.milp/HiGHS,1.17.1,1.12.0,1.0,<paper>/revision_campaign_20260914/default/amazon/default.csv,
55,eps-ILP g=8,1,feasible,complete,1,1,returned,0,65.0,15,0.189873417721519,0.8380933056337313,0.189873417721519,0.9811254339292644,0.9822272108867764,29380.0,65,0,0.0,0.0,8.0,0.0,,,79,1.0,0.00313630560413,0.0,452.0,4.0,1.0,0.0011017769575119,,,,,,,,,,True,grid_complete,configured_grid,,1.968909054994583e-05,solver final filtering and index remapping; caller metric conversion excluded,r5-v1,,excluded_precomputed,,True,,,fresh_retrieval,0.0,0.980655903927982,0.0004498409107327,0.9811254339292644,0.9822272108867764,measured_excluding_encoding,"[222, 7, 204, 19]","[222, 7, 204, 19]",scipy.optimize.milp/HiGHS,1.17.1,1.12.0,1.0,<paper>/revision_campaign_20260914/default/amazon/default.csv,
55,eps-ILP g=16,1,feasible,complete,1,1,returned,0,257.0,23,0.2911392405063291,0.9224894539367882,0.2911392405063291,3.977395657915622,3.978497434873134,116164.0,257,0,0.0,0.0,17.0,0.0,,,79,1.0,0.00313630560413,0.0,452.0,4.0,1.0,0.0011017769575119,,,,,,,,,,True,grid_complete,configured_grid,,3.782520070672035e-05,solver final filtering and index remapping; caller metric conversion excluded,r5-v1,,excluded_precomputed,,True,,,fresh_retrieval,0.0,3.970920492894948,0.0064373398199677,3.977395657915622,3.978497434873134,measured_excluding_encoding,"[222, 7, 204, 19]","[222, 7, 204, 19]",scipy.optimize.milp/HiGHS,1.17.1,1.12.0,1.0,<paper>/revision_campaign_20260914/default/amazon/default.csv,
55,PBF,1,feasible,complete,1,1,returned,0,,79,1.0,1.0,1.0,2.2042868938297038,2.2053886707872152,24093216.0,1,0,0.0,0.0,0.0,0.0,,,79,1.0,0.00313630560413,0.0,452.0,4.0,1.0,0.0011017769575119,True,,,,,,,,,True,complete,full_input,,2.2042868938297038,solver final filtering and index remapping; caller metric conversion excluded,r5-v1,,excluded_precomputed,,True,,,fresh_retrieval,,,,2.2042868938297038,2.2053886707872152,measured_excluding_encoding,"[222, 7, 204, 19]",,Python/PBF,3.11.15,,,<paper>/revision_campaign_20260914/default/amazon/default.csv,
56,PACS,1,feasible,complete,1,1,returned,0,,32,1.0,1.0,1.0,0.0003972817212343,0.0012212214060127,100.0,1,0,0.0,0.0,0.0,0.0,41.0,17.0,32,1.0,0.000375326257199,0.0,41.0,4.0,1.0,0.0008239396847784,True,,,,,,,,,True,completed,all_reduced_candidates,"[3, 3, 7, 4]",1.2961681932210922e-05,solver final filtering and index remapping; caller metric conversion excluded,r5-v1,,excluded_precomputed,,True,,,fresh_retrieval,3.846874460577965e-05,0.0002238522283732,0.000121999066323,0.0003972817212343,0.0012212214060127,measured_excluding_encoding,"[12, 3, 7, 19]","[3, 3, 7, 4]",Python/PACS+,3.11.15,,,<paper>/revision_campaign_20260914/default/amazon/default.csv,
56,PACS_dC,1,feasible,complete,1,1,returned,0,,17,0.53125,0.9676650952980114,0.53125,0.0002908180467784,0.0011147577315568,48.0,1,0,0.0,0.0,0.0,0.0,,,32,1.0,0.000375326257199,0.0,41.0,4.0,1.0,0.0008239396847784,False,,,,,,,,,True,completed,beam_search,"[3, 3, 7, 4]",1.757778227329254e-05,solver final filtering and index remapping; caller metric conversion excluded,r5-v1,,excluded_precomputed,,True,,,fresh_retrieval,3.936886787414551e-05,0.0001710131764411,6.28582201898098e-05,0.0002908180467784,0.0011147577315568,measured_excluding_encoding,"[12, 3, 7, 19]","[3, 3, 7, 4]",Python/PACS_dC,3.11.15,,,<paper>/revision_campaign_20260914/default/amazon/default.csv,
56,PBS-unbounded,1,feasible,complete,1,1,returned,0,,32,1.0,1.0,1.0,0.0003629853017628,0.0011869249865412,100.0,1,0,0.0,0.0,0.0,0.0,41.0,17.0,32,1.0,0.000375326257199,0.0,41.0,4.0,1.0,0.0008239396847784,True,,,,,,,,,True,completed,all_reduced_candidates,"[3, 3, 7, 4]",1.3666227459907532e-05,solver final filtering and index remapping; caller metric conversion excluded,r5-v1,,excluded_precomputed,,True,,,fresh_retrieval,2.6349909603595734e-05,0.0002106893807649,0.0001122797839343,0.0003629853017628,0.0011869249865412,measured_excluding_encoding,"[12, 3, 7, 19]","[3, 3, 7, 4]",Python/PBS-unbounded,3.11.15,,,<paper>/revision_campaign_20260914/default/amazon/default.csv,
56,PTS,1,feasible,complete,1,1,returned,0,,32,1.0,1.0,1.0,0.0009253220632672,0.0017492617480456,220.0,1,0,0.0,0.0,0.0,0.0,41.0,17.0,32,1.0,0.000375326257199,0.0,41.0,4.0,1.0,0.0008239396847784,True,,,,,,,500.0,,True,completed,fixed_candidate_tree,"[3, 3, 7, 4]",2.072006464004517e-05,solver final filtering and index remapping; caller metric conversion excluded,r5-v1,,excluded_precomputed,,True,,,fresh_retrieval,2.481183037161827e-05,0.0007659010589122,0.0001138891093432,0.0009253220632672,0.0017492617480456,measured_excluding_encoding,"[12, 3, 7, 19]","[3, 3, 7, 4]",Python/DFS,3.11.15,,,<paper>/revision_campaign_20260914/default/amazon/default.csv,
56,eps-ILP g=2,1,feasible,complete,1,1,returned,0,5.0,2,0.0625,0.2992134637691073,0.0625,0.015166878234595,0.0159908179193735,205.0,5,0,0.0,0.0,2.0,0.0,,,32,1.0,0.000375326257199,0.0,41.0,4.0,1.0,0.0008239396847784,,,,,,,,,,True,grid_complete,configured_grid,,1.4757271856069565e-05,solver final filtering and index remapping; caller metric conversion excluded,r5-v1,,excluded_precomputed,,True,,,fresh_retrieval,0.0,0.015135571360588,1.6549602150917053e-05,0.015166878234595,0.0159908179193735,measured_excluding_encoding,"[12, 3, 7, 19]","[12, 3, 7, 19]",scipy.optimize.milp/HiGHS,1.17.1,1.12.0,1.0,<paper>/revision_campaign_20260914/default/amazon/default.csv,
56,eps-ILP g=4,1,feasible,complete,1,1,returned,0,17.0,3,0.09375,0.3104944282932305,0.09375,0.077601424884051,0.0784253645688295,697.0,17,0,0.0,0.0,5.0,0.0,,,32,1.0,0.000375326257199,0.0,41.0,4.0,1.0,0.0008239396847784,,,,,,,,,,True,grid_complete,configured_grid,,1.581059768795967e-05,solver final filtering and index remapping; caller metric conversion excluded,r5-v1,,excluded_precomputed,,True,,,fresh_retrieval,0.0,0.077538832090795,4.678219556808472e-05,0.077601424884051,0.0784253645688295,measured_excluding_encoding,"[12, 3, 7, 19]","[12, 3, 7, 19]",scipy.optimize.milp/HiGHS,1.17.1,1.12.0,1.0,<paper>/revision_campaign_20260914/default/amazon/default.csv,
56,eps-ILP g=8,1,feasible,complete,1,1,returned,0,65.0,11,0.34375,0.925747865811608,0.34375,0.3186042020097375,0.3194281416945159,2665.0,65,0,0.0,0.0,11.0,0.0,,,32,1.0,0.000375326257199,0.0,41.0,4.0,1.0,0.0008239396847784,,,,,,,,,,True,grid_complete,configured_grid,,1.6740988940000534e-05,solver final filtering and index remapping; caller metric conversion excluded,r5-v1,,excluded_precomputed,,True,,,fresh_retrieval,0.0,0.3181644142605364,0.000423046760261,0.3186042020097375,0.3194281416945159,measured_excluding_encoding,"[12, 3, 7, 19]","[12, 3, 7, 19]",scipy.optimize.milp/HiGHS,1.17.1,1.12.0,1.0,<paper>/revision_campaign_20260914/default/amazon/default.csv,
56,eps-ILP g=16,1,feasible,complete,1,1,returned,0,257.0,21,0.65625,0.9793816458910958,0.65625,1.257483183871955,1.2583071235567331,10537.0,257,0,0.0,0.0,33.0,0.0,,,32,1.0,0.000375326257199,0.0,41.0,4.0,1.0,0.0008239396847784,,,,,,,,,,True,grid_complete,configured_grid,,3.082491457462311e-05,solver final filtering and index remapping; caller metric conversion excluded,r5-v1,,excluded_precomputed,,True,,,fresh_retrieval,0.0,1.251398339867592,0.0060540190897881,1.257483183871955,1.2583071235567331,measured_excluding_encoding,"[12, 3, 7, 19]","[12, 3, 7, 19]",scipy.optimize.milp/HiGHS,1.17.1,1.12.0,1.0,<paper>/revision_campaign_20260914/default/amazon/default.csv,
56,PBF,1,feasible,complete,1,1,returned,0,,32,1.0,1.0,1.0,0.0026141218841075,0.003438061568886,19152.0,1,0,0.0,0.0,0.0,0.0,,,32,1.0,0.000375326257199,0.0,41.0,4.0,1.0,0.0008239396847784,True,,,,,,,,,True,complete,full_input,,0.0026141218841075,solver final filtering and index remapping; caller metric conversion excluded,r5-v1,,excluded_precomputed,,True,,,fresh_retrieval,,,,0.0026141218841075,0.003438061568886,measured_excluding_encoding,"[12, 3, 7, 19]",,Python/PBF,3.11.15,,,<paper>/revision_campaign_20260914/default/amazon/default.csv,
57,PACS,1,feasible,complete,1,1,returned,0,,36,1.0,1.0,1.0,0.0006770058535039,0.001478808466345,225.0,1,0,0.0,0.0,0.0,0.0,69.0,25.0,36,1.0,0.0006706751883029,0.0,69.0,3.0,1.0,0.0008018026128411,True,,,,,,,,,True,completed,all_reduced_candidates,"[16, 4, 5]",1.3012904673814774e-05,solver final filtering and index remapping; caller metric conversion excluded,r5-v1,,excluded_precomputed,,True,,,fresh_retrieval,0.0001579145900905,0.000349935144186,0.0001561432145535,0.0006770058535039,0.001478808466345,measured_excluding_encoding,"[51, 4, 14]","[16, 4, 5]",Python/PACS+,3.11.15,,,<paper>/revision_campaign_20260914/default/amazon/default.csv,
57,PACS_dC,1,feasible,complete,1,1,returned,0,,13,0.3611111111111111,0.8706103796670833,0.3611111111111111,0.0003749798052012,0.0011767824180424,113.0,1,0,0.0,0.0,0.0,0.0,,,36,1.0,0.0006706751883029,0.0,69.0,3.0,1.0,0.0008018026128411,False,,,,,,,,,True,completed,beam_search,"[16, 4, 5]",1.0655727237462996e-05,solver final filtering and index remapping; caller metric conversion excluded,r5-v1,,excluded_precomputed,,True,,,fresh_retrieval,0.0001365300267934,0.0001825490035116,4.524504765868187e-05,0.0003749798052012,0.0011767824180424,measured_excluding_encoding,"[51, 4, 14]","[16, 4, 5]",Python/PACS_dC,3.11.15,,,<paper>/revision_campaign_20260914/default/amazon/default.csv,
57,PBS-unbounded,1,feasible,complete,1,1,returned,0,,36,1.0,1.0,1.0,0.0006352919153869,0.001437094528228,225.0,1,0,0.0,0.0,0.0,0.0,69.0,25.0,36,1.0,0.0006706751883029,0.0,69.0,3.0,1.0,0.0008018026128411,True,,,,,,,,,True,completed,all_reduced_candidates,"[16, 4, 5]",1.3022683560848236e-05,solver final filtering and index remapping; caller metric conversion excluded,r5-v1,,excluded_precomputed,,True,,,fresh_retrieval,0.0001355060376226,0.0003386898897588,0.0001480733044445,0.0006352919153869,0.001437094528228,measured_excluding_encoding,"[51, 4, 14]","[16, 4, 5]",Python/PBS-unbounded,3.11.15,,,<paper>/revision_campaign_20260914/default/amazon/default.csv,
57,PTS,1,feasible,complete,1,1,returned,0,,36,1.0,1.0,1.0,0.0014271601103246,0.0022289627231657,411.0,1,0,0.0,0.0,0.0,0.0,69.0,25.0,36,1.0,0.0006706751883029,0.0,69.0,3.0,1.0,0.0008018026128411,True,,,,,,,500.0,,True,completed,fixed_candidate_tree,"[16, 4, 5]",2.2503547370433807e-05,solver final filtering and index remapping; caller metric conversion excluded,r5-v1,,excluded_precomputed,,True,,,fresh_retrieval,0.0001303716562688,0.0011361679062247,0.0001381170004606,0.0014271601103246,0.0022289627231657,measured_excluding_encoding,"[51, 4, 14]","[16, 4, 5]",Python/DFS,3.11.15,,,<paper>/revision_campaign_20260914/default/amazon/default.csv,
57,eps-ILP g=2,1,feasible,complete,1,1,returned,0,5.0,2,0.0555555555555555,0.5519436491809055,0.0555555555555555,0.0229324367828667,0.0237342393957078,345.0,5,0,0.0,0.0,2.0,0.0,,,36,1.0,0.0006706751883029,0.0,69.0,3.0,1.0,0.0008018026128411,,,,,,,,,,True,grid_complete,configured_grid,,1.456867903470993e-05,solver final filtering and index remapping; caller metric conversion excluded,r5-v1,,excluded_precomputed,,True,,,fresh_retrieval,0.0,0.0229007247835397,1.714332029223442e-05,0.0229324367828667,0.0237342393957078,measured_excluding_encoding,"[51, 4, 14]","[51, 4, 14]",scipy.optimize.milp/HiGHS,1.17.1,1.12.0,1.0,<paper>/revision_campaign_20260914/default/amazon/default.csv,
57,eps-ILP g=4,1,feasible,complete,1,1,returned,0,17.0,6,0.1666666666666666,0.8191163237495822,0.1666666666666666,0.0927803432568907,0.0935821458697319,1173.0,17,0,0.0,0.0,4.0,0.0,,,36,1.0,0.0006706751883029,0.0,69.0,3.0,1.0,0.0008018026128411,,,,,,,,,,True,grid_complete,configured_grid,,1.5187077224254608e-05,solver final filtering and index remapping; caller metric conversion excluded,r5-v1,,excluded_precomputed,,True,,,fresh_retrieval,0.0,0.0927131022326648,5.205394700169563e-05,0.0927803432568907,0.0935821458697319,measured_excluding_encoding,"[51, 4, 14]","[51, 4, 14]",scipy.optimize.milp/HiGHS,1.17.1,1.12.0,1.0,<paper>/revision_campaign_20260914/default/amazon/default.csv,
57,eps-ILP g=8,1,feasible,complete,1,1,returned,0,65.0,11,0.3055555555555556,0.9289869545746006,0.3055555555555556,0.388883070088923,0.3896848727017641,4485.0,65,0,0.0,0.0,8.0,0.0,,,36,1.0,0.0006706751883029,0.0,69.0,3.0,1.0,0.0008018026128411,,,,,,,,,,True,grid_complete,configured_grid,,1.7999205738306046e-05,solver final filtering and index remapping; caller metric conversion excluded,r5-v1,,excluded_precomputed,,True,,,fresh_retrieval,0.0,0.3884152863174677,0.0004497845657169,0.388883070088923,0.3896848727017641,measured_excluding_encoding,"[51, 4, 14]","[51, 4, 14]",scipy.optimize.milp/HiGHS,1.17.1,1.12.0,1.0,<paper>/revision_campaign_20260914/default/amazon/default.csv,
57,eps-ILP g=16,1,feasible,complete,1,1,returned,0,257.0,20,0.5555555555555556,0.9660293117190244,0.5555555555555556,1.6081002918072045,1.6089020944200456,17733.0,257,0,0.0,0.0,16.0,0.0,,,36,1.0,0.0006706751883029,0.0,69.0,3.0,1.0,0.0008018026128411,,,,,,,,,,True,grid_complete,configured_grid,,3.228476271033287e-05,solver final filtering and index remapping; caller metric conversion excluded,r5-v1,,excluded_precomputed,,True,,,fresh_retrieval,0.0,1.601207924075425,0.0068600829690694,1.6081002918072045,1.6089020944200456,measured_excluding_encoding,"[51, 4, 14]","[51, 4, 14]",scipy.optimize.milp/HiGHS,1.17.1,1.12.0,1.0,<paper>/revision_campaign_20260914/default/amazon/default.csv,
57,PBF,1,feasible,complete,1,1,returned,0,,36,1.0,1.0,1.0,0.0015368079766631,0.0023386105895042,8568.0,1,0,0.0,0.0,0.0,0.0,,,36,1.0,0.0006706751883029,0.0,69.0,3.0,1.0,0.0008018026128411,True,,,,,,,,,True,complete,full_input,,0.0015368079766631,solver final filtering and index remapping; caller metric conversion excluded,r5-v1,,excluded_precomputed,,True,,,fresh_retrieval,,,,0.0015368079766631,0.0023386105895042,measured_excluding_encoding,"[51, 4, 14]",,Python/PBF,3.11.15,,,<paper>/revision_campaign_20260914/default/amazon/default.csv,
58,PACS,1,feasible,complete,1,1,returned,0,,32,1.0,1.0,1.0,0.0007517761550843,0.0016183052211999,279.0,1,0,0.0,0.0,0.0,0.0,161.0,27.0,32,1.0,0.0007953708991408,0.0,161.0,3.0,1.0,0.0008665290661156,True,,,,,,,,,True,completed,all_reduced_candidates,"[13, 8, 6]",1.4625489711761476e-05,solver final filtering and index remapping; caller metric conversion excluded,r5-v1,,excluded_precomputed,,True,,,fresh_retrieval,0.0001145349815487,0.0004865140654146,0.0001361016184091,0.0007517761550843,0.0016183052211999,measured_excluding_encoding,"[110, 29, 22]","[13, 8, 6]",Python/PACS+,3.11.15,,,<paper>/revision_campaign_20260914/default/amazon/default.csv,
58,PACS_dC,1,feasible,complete,1,1,returned,0,,3,0.09375,0.357619654968398,0.09375,0.0002044127322733,0.0010709417983889,53.0,1,0,0.0,0.0,0.0,0.0,,,32,1.0,0.0007953708991408,0.0,161.0,3.0,1.0,0.0008665290661156,False,,,,,,,,,True,completed,beam_search,"[13, 8, 6]",9.728595614433289e-06,solver final filtering and index remapping; caller metric conversion excluded,r5-v1,,excluded_precomputed,,True,,,fresh_retrieval,8.787401020526886e-05,9.36887226998806e-05,1.3121403753757477e-05,0.0002044127322733,0.0010709417983889,measured_excluding_encoding,"[110, 29, 22]","[13, 8, 6]",Python/PACS_dC,3.11.15,,,<paper>/revision_campaign_20260914/default/amazon/default.csv,
58,PBS-unbounded,1,feasible,complete,1,1,returned,0,,32,1.0,1.0,1.0,0.0007171239703893,0.0015836530365049,279.0,1,0,0.0,0.0,0.0,0.0,161.0,27.0,32,1.0,0.0007953708991408,0.0,161.0,3.0,1.0,0.0008665290661156,True,,,,,,,,,True,completed,all_reduced_candidates,"[13, 8, 6]",1.615053042769432e-05,solver final filtering and index remapping; caller metric conversion excluded,r5-v1,,excluded_precomputed,,True,,,fresh_retrieval,9.369803592562675e-05,0.0004762010648846,0.0001310743391513,0.0007171239703893,0.0015836530365049,measured_excluding_encoding,"[110, 29, 22]","[13, 8, 6]",Python/PBS-unbounded,3.11.15,,,<paper>/revision_campaign_20260914/default/amazon/default.csv,
58,PTS,1,feasible,complete,1,1,returned,0,,32,1.0,1.0,1.0,0.0017813411541283,0.0026478702202439,637.0,1,0,0.0,0.0,0.0,0.0,161.0,27.0,32,1.0,0.0007953708991408,0.0,161.0,3.0,1.0,0.0008665290661156,True,,,,,,,500.0,,True,completed,fixed_candidate_tree,"[13, 8, 6]",2.292916178703308e-05,solver final filtering and index remapping; caller metric conversion excluded,r5-v1,,excluded_precomputed,,True,,,fresh_retrieval,8.578505367040634e-05,0.0015492709353566,0.0001233560033142,0.0017813411541283,0.0026478702202439,measured_excluding_encoding,"[110, 29, 22]","[13, 8, 6]",Python/DFS,3.11.15,,,<paper>/revision_campaign_20260914/default/amazon/default.csv,
58,eps-ILP g=2,1,feasible,complete,1,1,returned,0,5.0,2,0.0625,0.3919936948878713,0.0625,0.0303085432387888,0.0311750723049044,805.0,5,0,0.0,0.0,2.0,0.0,,,32,1.0,0.0007953708991408,0.0,161.0,3.0,1.0,0.0008665290661156,,,,,,,,,,True,grid_complete,configured_grid,,1.3527926057577131e-05,solver final filtering and index remapping; caller metric conversion excluded,r5-v1,,excluded_precomputed,,True,,,fresh_retrieval,0.0,0.0302775362506508,1.74790620803833e-05,0.0303085432387888,0.0311750723049044,measured_excluding_encoding,"[110, 29, 22]","[110, 29, 22]",scipy.optimize.milp/HiGHS,1.17.1,1.12.0,1.0,<paper>/revision_campaign_20260914/default/amazon/default.csv,
58,eps-ILP g=4,1,feasible,complete,1,1,returned,0,17.0,5,0.15625,0.8935533303501368,0.15625,0.1171121969819068,0.1179787260480225,2737.0,17,0,0.0,0.0,4.0,0.0,,,32,1.0,0.0007953708991408,0.0,161.0,3.0,1.0,0.0008665290661156,,,,,,,,,,True,grid_complete,configured_grid,,1.5384983271360397e-05,solver final filtering and index remapping; caller metric conversion excluded,r5-v1,,excluded_precomputed,,True,,,fresh_retrieval,0.0,0.1170430248603224,5.378713831305504e-05,0.1171121969819068,0.1179787260480225,measured_excluding_encoding,"[110, 29, 22]","[110, 29, 22]",scipy.optimize.milp/HiGHS,1.17.1,1.12.0,1.0,<paper>/revision_campaign_20260914/default/amazon/default.csv,
58,eps-ILP g=8,1,feasible,complete,1,1,returned,0,65.0,11,0.34375,0.9437813699283812,0.34375,0.4950881139375269,0.4959546430036425,10465.0,65,0,0.0,0.0,8.0,0.0,,,32,1.0,0.0007953708991408,0.0,161.0,3.0,1.0,0.0008665290661156,,,,,,,,,,True,grid_complete,configured_grid,,1.9416678696870804e-05,solver final filtering and index remapping; caller metric conversion excluded,r5-v1,,excluded_precomputed,,True,,,fresh_retrieval,0.0,0.4946160772815346,0.0004526199772953,0.4950881139375269,0.4959546430036425,measured_excluding_encoding,"[110, 29, 22]","[110, 29, 22]",scipy.optimize.milp/HiGHS,1.17.1,1.12.0,1.0,<paper>/revision_campaign_20260914/default/amazon/default.csv,
58,eps-ILP g=16,1,feasible,complete,1,1,returned,0,257.0,22,0.6875,0.9898120896497103,0.6875,1.950949703808874,1.9518162328749893,41377.0,257,0,0.0,0.0,23.0,0.0,,,32,1.0,0.0007953708991408,0.0,161.0,3.0,1.0,0.0008665290661156,,,,,,,,,,True,grid_complete,configured_grid,,3.1653791666030884e-05,solver final filtering and index remapping; caller metric conversion excluded,r5-v1,,excluded_precomputed,,True,,,fresh_retrieval,0.0,1.944614265114069,0.0063037849031388,1.950949703808874,1.9518162328749893,measured_excluding_encoding,"[110, 29, 22]","[110, 29, 22]",scipy.optimize.milp/HiGHS,1.17.1,1.12.0,1.0,<paper>/revision_campaign_20260914/default/amazon/default.csv,
58,PBF,1,feasible,complete,1,1,returned,0,,32,1.0,1.0,1.0,0.0278132748790085,0.0286798039451241,210540.0,1,0,0.0,0.0,0.0,0.0,,,32,1.0,0.0007953708991408,0.0,161.0,3.0,1.0,0.0008665290661156,True,,,,,,,,,True,complete,full_input,,0.0278132748790085,solver final filtering and index remapping; caller metric conversion excluded,r5-v1,,excluded_precomputed,,True,,,fresh_retrieval,,,,0.0278132748790085,0.0286798039451241,measured_excluding_encoding,"[110, 29, 22]",,Python/PBF,3.11.15,,,<paper>/revision_campaign_20260914/default/amazon/default.csv,
59,PACS,1,feasible,complete,1,1,returned,0,,49,1.0,1.0,1.0,0.0007835300639271,0.0015674508176743,295.0,1,0,0.0,0.0,0.0,0.0,63.0,25.0,49,1.0,0.0007656160742044,0.0,63.0,4.0,1.0,0.0007839207537472,True,,,,,,,,,True,completed,all_reduced_candidates,"[13, 3, 2, 7]",1.5146099030971529e-05,solver final filtering and index remapping; caller metric conversion excluded,r5-v1,,excluded_precomputed,,True,,,fresh_retrieval,5.663279443979263e-05,0.0005324771627783,0.000179274007678,0.0007835300639271,0.0015674508176743,measured_excluding_encoding,"[42, 4, 2, 15]","[13, 3, 2, 7]",Python/PACS+,3.11.15,,,<paper>/revision_campaign_20260914/default/amazon/default.csv,
59,PACS_dC,1,feasible,complete,1,1,returned,0,,7,0.0816326530612244,0.3577105998161788,0.0816326530612244,0.0002293121069669,0.0010132328607141,85.0,1,0,0.0,0.0,0.0,0.0,,,49,1.0,0.0007656160742044,0.0,63.0,4.0,1.0,0.0007839207537472,False,,,,,,,,,True,completed,beam_search,"[13, 3, 2, 7]",1.0064337402582169e-05,solver final filtering and index remapping; caller metric conversion excluded,r5-v1,,excluded_precomputed,,True,,,fresh_retrieval,4.371581599116325e-05,0.0001492169685661,2.6314985007047653e-05,0.0002293121069669,0.0010132328607141,measured_excluding_encoding,"[42, 4, 2, 15]","[13, 3, 2, 7]",Python/PACS_dC,3.11.15,,,<paper>/revision_campaign_20260914/default/amazon/default.csv,
59,PBS-unbounded,1,feasible,complete,1,1,returned,0,,49,1.0,1.0,1.0,0.000750585924834,0.0015345066785812,295.0,1,0,0.0,0.0,0.0,0.0,63.0,25.0,49,1.0,0.0007656160742044,0.0,63.0,4.0,1.0,0.0007839207537472,True,,,,,,,,,True,completed,all_reduced_candidates,"[13, 3, 2, 7]",1.5279743820428848e-05,solver final filtering and index remapping; caller metric conversion excluded,r5-v1,,excluded_precomputed,,True,,,fresh_retrieval,4.511512815952301e-05,0.0005229809321463,0.0001672101207077,0.000750585924834,0.0015345066785812,measured_excluding_encoding,"[42, 4, 2, 15]","[13, 3, 2, 7]",Python/PBS-unbounded,3.11.15,,,<paper>/revision_campaign_20260914/default/amazon/default.csv,
59,PTS,1,feasible,complete,1,1,returned,0,,49,1.0,1.0,1.0,0.0024148453958332,0.0031987661495804,827.0,1,0,0.0,0.0,0.0,0.0,63.0,25.0,49,1.0,0.0007656160742044,0.0,63.0,4.0,1.0,0.0007839207537472,True,,,,,,,500.0,,True,completed,fixed_candidate_tree,"[13, 3, 2, 7]",2.5554094463586807e-05,solver final filtering and index remapping; caller metric conversion excluded,r5-v1,,excluded_precomputed,,True,,,fresh_retrieval,4.258099943399429e-05,0.0021713022142648,0.0001754080876708,0.0024148453958332,0.0031987661495804,measured_excluding_encoding,"[42, 4, 2, 15]","[13, 3, 2, 7]",Python/DFS,3.11.15,,,<paper>/revision_campaign_20260914/default/amazon/default.csv,
59,eps-ILP g=2,1,feasible,complete,1,1,returned,0,5.0,2,0.0408163265306122,0.4346928617775208,0.0408163265306122,0.0146079361438751,0.0153918568976223,315.0,5,0,0.0,0.0,2.0,0.0,,,49,1.0,0.0007656160742044,0.0,63.0,4.0,1.0,0.0007839207537472,,,,,,,,,,True,grid_complete,configured_grid,,1.5554949641227722e-05,solver final filtering and index remapping; caller metric conversion excluded,r5-v1,,excluded_precomputed,,True,,,fresh_retrieval,0.0,0.0145751992240548,1.7181970179080963e-05,0.0146079361438751,0.0153918568976223,measured_excluding_encoding,"[42, 4, 2, 15]","[42, 4, 2, 15]",scipy.optimize.milp/HiGHS,1.17.1,1.12.0,1.0,<paper>/revision_campaign_20260914/default/amazon/default.csv,
59,eps-ILP g=4,1,feasible,complete,1,1,returned,0,17.0,7,0.1428571428571428,0.6635890248327118,0.1428571428571428,0.0826517799869179,0.0834357007406652,1071.0,17,0,0.0,0.0,4.0,0.0,,,49,1.0,0.0007656160742044,0.0,63.0,4.0,1.0,0.0007839207537472,,,,,,,,,,True,grid_complete,configured_grid,,1.496030017733574e-05,solver final filtering and index remapping; caller metric conversion excluded,r5-v1,,excluded_precomputed,,True,,,fresh_retrieval,0.0,0.082584629766643,5.218992009758949e-05,0.0826517799869179,0.0834357007406652,measured_excluding_encoding,"[42, 4, 2, 15]","[42, 4, 2, 15]",scipy.optimize.milp/HiGHS,1.17.1,1.12.0,1.0,<paper>/revision_campaign_20260914/default/amazon/default.csv,
59,eps-ILP g=8,1,feasible,complete,1,1,returned,0,65.0,14,0.2857142857142857,0.9138015351914408,0.2857142857142857,0.3698173719458282,0.3706012926995754,4095.0,65,0,0.0,0.0,10.0,0.0,,,49,1.0,0.0007656160742044,0.0,63.0,4.0,1.0,0.0007839207537472,,,,,,,,,,True,grid_complete,configured_grid,,1.8833205103874207e-05,solver final filtering and index remapping; caller metric conversion excluded,r5-v1,,excluded_precomputed,,True,,,fresh_retrieval,0.0,0.3693712428212166,0.0004272959195077,0.3698173719458282,0.3706012926995754,measured_excluding_encoding,"[42, 4, 2, 15]","[42, 4, 2, 15]",scipy.optimize.milp/HiGHS,1.17.1,1.12.0,1.0,<paper>/revision_campaign_20260914/default/amazon/default.csv,
59,eps-ILP g=16,1,feasible,complete,1,1,returned,0,257.0,33,0.673469387755102,0.9895475469041892,0.673469387755102,1.415745547041297,1.4165294677950442,16191.0,257,0,0.0,0.0,29.0,0.0,,,49,1.0,0.0007656160742044,0.0,63.0,4.0,1.0,0.0007839207537472,,,,,,,,,,True,grid_complete,configured_grid,,3.239186480641365e-05,solver final filtering and index remapping; caller metric conversion excluded,r5-v1,,excluded_precomputed,,True,,,fresh_retrieval,0.0,1.4098089560866356,0.0059041990898549,1.415745547041297,1.4165294677950442,measured_excluding_encoding,"[42, 4, 2, 15]","[42, 4, 2, 15]",scipy.optimize.milp/HiGHS,1.17.1,1.12.0,1.0,<paper>/revision_campaign_20260914/default/amazon/default.csv,
59,PBF,1,feasible,complete,1,1,returned,0,,49,1.0,1.0,1.0,0.0030501303263008,0.003834051080048,20160.0,1,0,0.0,0.0,0.0,0.0,,,49,1.0,0.0007656160742044,0.0,63.0,4.0,1.0,0.0007839207537472,True,,,,,,,,,True,complete,full_input,,0.0030501303263008,solver final filtering and index remapping; caller metric conversion excluded,r5-v1,,excluded_precomputed,,True,,,fresh_retrieval,,,,0.0030501303263008,0.003834051080048,measured_excluding_encoding,"[42, 4, 2, 15]",,Python/PBF,3.11.15,,,<paper>/revision_campaign_20260914/default/amazon/default.csv,
60,PACS,1,feasible,complete,1,1,returned,0,,39,1.0,1.0,0.975,0.0009101130999624,0.0016997084021568,384.0,1,0,0.0,0.0,0.0,0.0,62.0,24.0,39,1.0,0.0008614398539066,0.0,62.0,4.0,1.0,0.0007895953021943,True,,,,,,,,,True,completed,all_reduced_candidates,"[5, 5, 8, 6]",2.189911901950836e-05,solver final filtering and index remapping; caller metric conversion excluded,r5-v1,,excluded_precomputed,,True,,,fresh_retrieval,5.612196400761604e-05,0.0006535602733492,0.000178531743586,0.0009101130999624,0.0016997084021568,measured_excluding_encoding,"[11, 12, 19, 20]","[5, 5, 8, 6]",Python/PACS+,3.11.15,,,<paper>/revision_campaign_20260914/default/amazon/default.csv,
60,PACS_dC,1,feasible,complete,1,1,returned,0,,20,0.4871794871794871,0.8710402262833444,0.5,0.0004505133256316,0.0012401086278259,170.0,1,0,0.0,0.0,0.0,0.0,,,39,1.0,0.0008614398539066,0.0,62.0,4.0,1.0,0.0007895953021943,False,,,,,,,,,True,completed,beam_search,"[5, 5, 8, 6]",1.227622851729393e-05,solver final filtering and index remapping; caller metric conversion excluded,r5-v1,,excluded_precomputed,,True,,,fresh_retrieval,4.1365157812833786e-05,0.0003258488141,7.10231252014637e-05,0.0004505133256316,0.0012401086278259,measured_excluding_encoding,"[11, 12, 19, 20]","[5, 5, 8, 6]",Python/PACS_dC,3.11.15,,,<paper>/revision_campaign_20260914/default/amazon/default.csv,
60,PBS-unbounded,1,feasible,complete,1,1,returned,0,,39,1.0,1.0,0.975,0.0008489126339554,0.0016385079361498,384.0,1,0,0.0,0.0,0.0,0.0,62.0,24.0,39,1.0,0.0008614398539066,0.0,62.0,4.0,1.0,0.0007895953021943,True,,,,,,,,,True,completed,all_reduced_candidates,"[5, 5, 8, 6]",1.7618294805288315e-05,solver final filtering and index remapping; caller metric conversion excluded,r5-v1,,excluded_precomputed,,True,,,fresh_retrieval,3.7594232708215714e-05,0.0006243390962481,0.0001693610101938,0.0008489126339554,0.0016385079361498,measured_excluding_encoding,"[11, 12, 19, 20]","[5, 5, 8, 6]",Python/PBS-unbounded,3.11.15,,,<paper>/revision_campaign_20260914/default/amazon/default.csv,
60,PTS,1,feasible,complete,1,1,returned,0,,39,1.0,1.0,0.975,0.0020582173019647,0.0028478126041591,654.0,1,0,0.0,0.0,0.0,0.0,62.0,24.0,39,1.0,0.0008614398539066,0.0,62.0,4.0,1.0,0.0007895953021943,True,,,,,,,500.0,,True,completed,fixed_candidate_tree,"[5, 5, 8, 6]",2.658134326338768e-05,solver final filtering and index remapping; caller metric conversion excluded,r5-v1,,excluded_precomputed,,True,,,fresh_retrieval,3.449292853474617e-05,0.001842136029154,0.0001550070010125,0.0020582173019647,0.0028478126041591,measured_excluding_encoding,"[11, 12, 19, 20]","[5, 5, 8, 6]",Python/DFS,3.11.15,,,<paper>/revision_campaign_20260914/default/amazon/default.csv,
60,eps-ILP g=2,1,feasible,complete,1,1,returned,0,5.0,2,0.0512820512820512,0.3786473775540567,0.05,0.0224112798459827,0.0232008751481771,310.0,5,0,0.0,0.0,2.0,0.0,,,39,1.0,0.0008614398539066,0.0,62.0,4.0,1.0,0.0007895953021943,,,,,,,,,,True,grid_complete,configured_grid,,1.4079734683036804e-05,solver final filtering and index remapping; caller metric conversion excluded,r5-v1,,excluded_precomputed,,True,,,fresh_retrieval,0.0,0.0223799990490078,1.720106229186058e-05,0.0224112798459827,0.0232008751481771,measured_excluding_encoding,"[11, 12, 19, 20]","[11, 12, 19, 20]",scipy.optimize.milp/HiGHS,1.17.1,1.12.0,1.0,<paper>/revision_campaign_20260914/default/amazon/default.csv,
60,eps-ILP g=4,1,feasible,complete,1,1,returned,0,17.0,6,0.1538461538461538,0.6135491041156288,0.15,0.1077169133350253,0.1085065086372196,1054.0,17,0,0.0,0.0,4.0,0.0,,,39,1.0,0.0008614398539066,0.0,62.0,4.0,1.0,0.0007895953021943,,,,,,,,,,True,grid_complete,configured_grid,,1.4958437532186508e-05,solver final filtering and index remapping; caller metric conversion excluded,r5-v1,,excluded_precomputed,,True,,,fresh_retrieval,0.0,0.1076484937220811,5.346117541193962e-05,0.1077169133350253,0.1085065086372196,measured_excluding_encoding,"[11, 12, 19, 20]","[11, 12, 19, 20]",scipy.optimize.milp/HiGHS,1.17.1,1.12.0,1.0,<paper>/revision_campaign_20260914/default/amazon/default.csv,
60,eps-ILP g=8,1,feasible,complete,1,1,returned,0,65.0,12,0.3076923076923077,0.8062039502963866,0.3,0.4078648518770933,0.4086544471792876,4030.0,65,0,0.0,0.0,15.0,0.0,,,39,1.0,0.0008614398539066,0.0,62.0,4.0,1.0,0.0007895953021943,,,,,,,,,,True,grid_complete,configured_grid,,1.881690695881844e-05,solver final filtering and index remapping; caller metric conversion excluded,r5-v1,,excluded_precomputed,,True,,,fresh_retrieval,0.0,0.4074836741201579,0.0003623608499765,0.4078648518770933,0.4086544471792876,measured_excluding_encoding,"[11, 12, 19, 20]","[11, 12, 19, 20]",scipy.optimize.milp/HiGHS,1.17.1,1.12.0,1.0,<paper>/revision_campaign_20260914/default/amazon/default.csv,
60,eps-ILP g=16,1,feasible,complete,1,1,returned,0,257.0,17,0.4358974358974359,0.950675449643305,0.425,1.6181784351356328,1.618968030437827,15934.0,257,0,0.0,0.0,50.0,0.0,,,39,1.0,0.0008614398539066,0.0,62.0,4.0,1.0,0.0007895953021943,,,,,,,,,,True,grid_complete,configured_grid,,3.267405554652214e-05,solver final filtering and index remapping; caller metric conversion excluded,r5-v1,,excluded_precomputed,,True,,,fresh_retrieval,0.0,1.6128465812653303,0.0052991798147559,1.6181784351356328,1.618968030437827,measured_excluding_encoding,"[11, 12, 19, 20]","[11, 12, 19, 20]",scipy.optimize.milp/HiGHS,1.17.1,1.12.0,1.0,<paper>/revision_campaign_20260914/default/amazon/default.csv,
60,PBF,1,feasible,complete,1,1,returned,0,,39,1.0,1.0,0.975,0.0357167730107903,0.0365063683129847,200640.0,1,0,0.0,0.0,0.0,0.0,,,39,1.0,0.0008614398539066,0.0,62.0,4.0,1.0,0.0007895953021943,True,,,,,,,,,True,complete,full_input,,0.0357167730107903,solver final filtering and index remapping; caller metric conversion excluded,r5-v1,,excluded_precomputed,,True,,,fresh_retrieval,,,,0.0357167730107903,0.0365063683129847,measured_excluding_encoding,"[11, 12, 19, 20]",,Python/PBF,3.11.15,,,<paper>/revision_campaign_20260914/default/amazon/default.csv,
61,PACS,1,feasible,complete,1,1,returned,0,,79,1.0,1.0,1.0,0.001595864072442,0.0025162240490317,707.0,1,0,0.0,0.0,0.0,0.0,178.0,38.0,79,1.0,0.0016386280767619,0.0,178.0,6.0,1.0,0.0009203599765896,True,,,,,,,,,True,completed,all_reduced_candidates,"[9, 3, 3, 7, 7, 9]",2.0714011043310165e-05,solver final filtering and index remapping; caller metric conversion excluded,r5-v1,,excluded_precomputed,,True,,,fresh_retrieval,0.000170178245753,0.0011169640347361,0.0002880077809095,0.001595864072442,0.0025162240490317,measured_excluding_encoding,"[22, 4, 28, 27, 35, 62]","[9, 3, 3, 7, 7, 9]",Python/PACS+,3.11.15,,,<paper>/revision_campaign_20260914/default/amazon/default.csv,
61,PACS_dC,1,feasible,complete,1,1,returned,0,,18,0.0,0.1786256863580499,0.0,0.0005178889259696,0.0014382489025592,182.0,1,0,0.0,0.0,0.0,0.0,,,79,1.0,0.0016386280767619,0.0,178.0,6.0,1.0,0.0009203599765896,False,,,,,,,,,True,completed,beam_search,"[9, 3, 3, 7, 7, 9]",1.1761672794818878e-05,solver final filtering and index remapping; caller metric conversion excluded,r5-v1,,excluded_precomputed,,True,,,fresh_retrieval,0.0001479377970099,0.0002954010851681,6.278837099671364e-05,0.0005178889259696,0.0014382489025592,measured_excluding_encoding,"[22, 4, 28, 27, 35, 62]","[9, 3, 3, 7, 7, 9]",Python/PACS_dC,3.11.15,,,<paper>/revision_campaign_20260914/default/amazon/default.csv,
61,PBS-unbounded,1,feasible,complete,1,1,returned,0,,79,1.0,1.0,1.0,0.0016300580464303,0.00255041802302,707.0,1,0,0.0,0.0,0.0,0.0,178.0,38.0,79,1.0,0.0016386280767619,0.0,178.0,6.0,1.0,0.0009203599765896,True,,,,,,,,,True,completed,all_reduced_candidates,"[9, 3, 3, 7, 7, 9]",2.659345045685768e-05,solver final filtering and index remapping; caller metric conversion excluded,r5-v1,,excluded_precomputed,,True,,,fresh_retrieval,0.0001747789792716,0.0011329296976327,0.000295755919069,0.0016300580464303,0.00255041802302,measured_excluding_encoding,"[22, 4, 28, 27, 35, 62]","[9, 3, 3, 7, 7, 9]",Python/PBS-unbounded,3.11.15,,,<paper>/revision_campaign_20260914/default/amazon/default.csv,
61,PTS,1,feasible,complete,1,1,returned,0,,79,1.0,1.0,1.0,0.0083295069634914,0.0092498669400811,3685.0,1,0,0.0,0.0,0.0,0.0,178.0,38.0,79,1.0,0.0016386280767619,0.0,178.0,6.0,1.0,0.0009203599765896,True,,,,,,,500.0,,True,completed,fixed_candidate_tree,"[9, 3, 3, 7, 7, 9]",4.1252002120018005e-05,solver final filtering and index remapping; caller metric conversion excluded,r5-v1,,excluded_precomputed,,True,,,fresh_retrieval,0.0001388350501656,0.007863060105592,0.0002863598056137,0.0083295069634914,0.0092498669400811,measured_excluding_encoding,"[22, 4, 28, 27, 35, 62]","[9, 3, 3, 7, 7, 9]",Python/DFS,3.11.15,,,<paper>/revision_campaign_20260914/default/amazon/default.csv,
61,eps-ILP g=2,1,feasible,complete,1,1,returned,0,5.0,2,0.0253164556962025,0.0152838753053756,0.0253164556962025,0.0291090928949415,0.0300294528715312,890.0,5,0,0.0,0.0,2.0,0.0,,,79,1.0,0.0016386280767619,0.0,178.0,6.0,1.0,0.0009203599765896,,,,,,,,,,True,grid_complete,configured_grid,,1.4295801520347595e-05,solver final filtering and index remapping; caller metric conversion excluded,r5-v1,,excluded_precomputed,,True,,,fresh_retrieval,0.0,0.0290770051069557,1.77919864654541e-05,0.0291090928949415,0.0300294528715312,measured_excluding_encoding,"[22, 4, 28, 27, 35, 62]","[22, 4, 28, 27, 35, 62]",scipy.optimize.milp/HiGHS,1.17.1,1.12.0,1.0,<paper>/revision_campaign_20260914/default/amazon/default.csv,
61,eps-ILP g=4,1,feasible,complete,1,1,returned,0,17.0,4,0.050632911392405,0.4662816344189542,0.050632911392405,0.1097441441379487,0.1106645041145384,3026.0,17,0,0.0,0.0,4.0,0.0,,,79,1.0,0.0016386280767619,0.0,178.0,6.0,1.0,0.0009203599765896,,,,,,,,,,True,grid_complete,configured_grid,,1.565041020512581e-05,solver final filtering and index remapping; caller metric conversion excluded,r5-v1,,excluded_precomputed,,True,,,fresh_retrieval,0.0,0.1096778879873454,5.060574039816856e-05,0.1097441441379487,0.1106645041145384,measured_excluding_encoding,"[22, 4, 28, 27, 35, 62]","[22, 4, 28, 27, 35, 62]",scipy.optimize.milp/HiGHS,1.17.1,1.12.0,1.0,<paper>/revision_campaign_20260914/default/amazon/default.csv,
61,eps-ILP g=8,1,feasible,complete,1,1,returned,0,65.0,15,0.189873417721519,0.8403705484990649,0.189873417721519,0.500331609044224,0.5012519690208137,11570.0,65,0,0.0,0.0,10.0,0.0,,,79,1.0,0.0016386280767619,0.0,178.0,6.0,1.0,0.0009203599765896,,,,,,,,,,True,grid_complete,configured_grid,,1.9863713532686237e-05,solver final filtering and index remapping; caller metric conversion excluded,r5-v1,,excluded_precomputed,,True,,,fresh_retrieval,0.0,0.4999082731083035,0.0004034722223877,0.500331609044224,0.5012519690208137,measured_excluding_encoding,"[22, 4, 28, 27, 35, 62]","[22, 4, 28, 27, 35, 62]",scipy.optimize.milp/HiGHS,1.17.1,1.12.0,1.0,<paper>/revision_campaign_20260914/default/amazon/default.csv,
61,eps-ILP g=16,1,feasible,complete,1,1,returned,0,257.0,36,0.4556962025316455,0.9579353092813572,0.4556962025316455,2.008512519299984,2.0094328792765737,45746.0,257,0,0.0,0.0,32.0,0.0,,,79,1.0,0.0016386280767619,0.0,178.0,6.0,1.0,0.0009203599765896,,,,,,,,,,True,grid_complete,configured_grid,,3.4574419260025024e-05,solver final filtering and index remapping; caller metric conversion excluded,r5-v1,,excluded_precomputed,,True,,,fresh_retrieval,0.0,2.002719584852457,0.0057583600282669,2.008512519299984,2.0094328792765737,measured_excluding_encoding,"[22, 4, 28, 27, 35, 62]","[22, 4, 28, 27, 35, 62]",scipy.optimize.milp/HiGHS,1.17.1,1.12.0,1.0,<paper>/revision_campaign_20260914/default/amazon/default.csv,
61,PBF,1,feasible,complete,1,1,solver_timeout,0,,68,0.7721518987341772,0.9776238919144468,0.7721518987341772,30.370926526840776,30.37184688681737,578027520.0,1,1,0.0,0.0,0.0,1.0,,,79,1.0,0.0016386280767619,0.0,178.0,6.0,1.0,0.0009203599765896,False,,,,,,,,,False,timeout,full_input,,30.370926526840776,solver final filtering and index remapping; caller metric conversion excluded,r5-v1,,excluded_precomputed,,True,,,fresh_retrieval,,,,30.370926526840776,30.37184688681737,measured_excluding_encoding,"[22, 4, 28, 27, 35, 62]",,Python/PBF,3.11.15,,,<paper>/revision_campaign_20260914/default/amazon/default.csv,
62,PACS,1,feasible,complete,1,1,returned,0,,15,0.0847457627118644,0.7523030399451904,0.0847457627118644,0.0081221419386565,0.0092767449095845,2499.0,1,0,0.0,0.0,0.0,0.0,466.0,52.0,177,1.0,0.0113220787607133,0.0,466.0,6.0,1.0,0.0011546029709279,False,,,,,,,,,True,completed,beam_search,"[12, 7, 13, 6, 2, 12]",7.630791515111923e-05,solver final filtering and index remapping; caller metric conversion excluded,r5-v1,,excluded_precomputed,,True,,,fresh_retrieval,0.0003488468937575,0.0073826583102345,0.0003143288195133,0.0081221419386565,0.0092767449095845,measured_excluding_encoding,"[46, 14, 212, 12, 5, 177]","[12, 7, 13, 6, 2, 12]",Python/PACS+,3.11.15,,,<paper>/revision_campaign_20260914/default/amazon/default.csv,
62,PACS_dC,1,feasible,complete,1,1,returned,0,,50,0.1073446327683615,0.7298470490986035,0.1073446327683615,0.0017903517000377,0.0029449546709656,606.0,1,0,0.0,0.0,0.0,0.0,,,177,1.0,0.0113220787607133,0.0,466.0,6.0,1.0,0.0011546029709279,False,,,,,,,,,True,completed,beam_search,"[12, 7, 13, 6, 2, 12]",1.6493722796440125e-05,solver final filtering and index remapping; caller metric conversion excluded,r5-v1,,excluded_precomputed,,True,,,fresh_retrieval,0.0002897367812693,0.001311797183007,0.0001723240129649,0.0017903517000377,0.0029449546709656,measured_excluding_encoding,"[46, 14, 212, 12, 5, 177]","[12, 7, 13, 6, 2, 12]",Python/PACS_dC,3.11.15,,,<paper>/revision_campaign_20260914/default/amazon/default.csv,
62,PBS-unbounded,1,feasible,complete,1,1,returned,0,,177,1.0,1.0,1.0,0.0115159819833934,0.0126705849543213,3555.0,1,0,0.0,0.0,0.0,0.0,466.0,52.0,177,1.0,0.0113220787607133,0.0,466.0,6.0,1.0,0.0011546029709279,True,,,,,,,,,True,completed,all_reduced_candidates,"[12, 7, 13, 6, 2, 12]",0.0001115491613745,solver final filtering and index remapping; caller metric conversion excluded,r5-v1,,excluded_precomputed,,True,,,fresh_retrieval,0.0003191758878529,0.0099753150716423,0.0011099418625235,0.0115159819833934,0.0126705849543213,measured_excluding_encoding,"[46, 14, 212, 12, 5, 177]","[12, 7, 13, 6, 2, 12]",Python/PBS-unbounded,3.11.15,,,<paper>/revision_campaign_20260914/default/amazon/default.csv,
62,PTS,1,feasible,complete,1,1,returned,0,,139,0.327683615819209,0.9101382371992788,0.327683615819209,0.0111063080839812,0.0122609110549092,4017.0,1,0,0.0,0.0,0.0,0.0,466.0,52.0,177,1.0,0.0113220787607133,0.0,466.0,6.0,1.0,0.0011546029709279,False,,,,,,,500.0,,False,iteration_limit,fixed_candidate_tree,"[12, 7, 13, 6, 2, 12]",5.3581781685352325e-05,solver final filtering and index remapping; caller metric conversion excluded,r5-v1,,excluded_precomputed,,True,,,fresh_retrieval,0.0003181183710694,0.0102019067853689,0.0005327011458575,0.0111063080839812,0.0122609110549092,measured_excluding_encoding,"[46, 14, 212, 12, 5, 177]","[12, 7, 13, 6, 2, 12]",Python/DFS,3.11.15,,,<paper>/revision_campaign_20260914/default/amazon/default.csv,
62,eps-ILP g=2,1,feasible,complete,1,1,returned,0,5.0,3,0.0169491525423728,0.511942030438313,0.0169491525423728,0.0700012440793216,0.0711558470502495,2330.0,5,0,0.0,0.0,1.0,0.0,,,177,1.0,0.0113220787607133,0.0,466.0,6.0,1.0,0.0011546029709279,,,,,,,,,,True,grid_complete,configured_grid,,1.4999881386756895e-05,solver final filtering and index remapping; caller metric conversion excluded,r5-v1,,excluded_precomputed,,True,,,fresh_retrieval,0.0,0.069965642876923,2.0601321011781693e-05,0.0700012440793216,0.0711558470502495,measured_excluding_encoding,"[46, 14, 212, 12, 5, 177]","[46, 14, 212, 12, 5, 177]",scipy.optimize.milp/HiGHS,1.17.1,1.12.0,1.0,<paper>/revision_campaign_20260914/default/amazon/default.csv,
62,eps-ILP g=4,1,feasible,complete,1,1,returned,0,17.0,5,0.0282485875706214,0.5396976079682861,0.0282485875706214,0.2558585652150213,0.2570131681859493,7922.0,17,0,0.0,0.0,3.0,0.0,,,177,1.0,0.0113220787607133,0.0,466.0,6.0,1.0,0.0011546029709279,,,,,,,,,,True,grid_complete,configured_grid,,1.565227285027504e-05,solver final filtering and index remapping; caller metric conversion excluded,r5-v1,,excluded_precomputed,,True,,,fresh_retrieval,0.0,0.2557860179804265,5.689496174454689e-05,0.2558585652150213,0.2570131681859493,measured_excluding_encoding,"[46, 14, 212, 12, 5, 177]","[46, 14, 212, 12, 5, 177]",scipy.optimize.milp/HiGHS,1.17.1,1.12.0,1.0,<paper>/revision_campaign_20260914/default/amazon/default.csv,
62,eps-ILP g=8,1,feasible,complete,1,1,returned,0,65.0,17,0.096045197740113,0.7148558281518423,0.096045197740113,1.0392272439785302,1.040381846949458,30290.0,65,0,0.0,0.0,5.0,0.0,,,177,1.0,0.0113220787607133,0.0,466.0,6.0,1.0,0.0011546029709279,,,,,,,,,,True,grid_complete,configured_grid,,1.7846934497356415e-05,solver final filtering and index remapping; caller metric conversion excluded,r5-v1,,excluded_precomputed,,True,,,fresh_retrieval,0.0,1.038727506995201,0.0004818900488317,1.0392272439785302,1.040381846949458,measured_excluding_encoding,"[46, 14, 212, 12, 5, 177]","[46, 14, 212, 12, 5, 177]",scipy.optimize.milp/HiGHS,1.17.1,1.12.0,1.0,<paper>/revision_campaign_20260914/default/amazon/default.csv,
62,eps-ILP g=16,1,feasible,complete,1,1,returned,0,257.0,37,0.2090395480225988,0.9180638622586637,0.2090395480225988,4.255672852974385,4.256827455945313,119762.0,257,0,0.0,0.0,11.0,0.0,,,177,1.0,0.0113220787607133,0.0,466.0,6.0,1.0,0.0011546029709279,,,,,,,,,,True,grid_complete,configured_grid,,3.535626456141472e-05,solver final filtering and index remapping; caller metric conversion excluded,r5-v1,,excluded_precomputed,,True,,,fresh_retrieval,0.0,4.2488250778988,0.0068124188110232,4.255672852974385,4.256827455945313,measured_excluding_encoding,"[46, 14, 212, 12, 5, 177]","[46, 14, 212, 12, 5, 177]",scipy.optimize.milp/HiGHS,1.17.1,1.12.0,1.0,<paper>/revision_campaign_20260914/default/amazon/default.csv,
62,PBF,0,feasible,complete,1,1,work_limit,0,,0,0.0,0.0,0.0,2.255663275718689e-05,0.0011771596036851,0.0,1,0,0.0,0.0,0.0,0.0,,,177,1.0,0.0113220787607133,0.0,466.0,6.0,1.0,0.0011546029709279,False,,,,,,,,,False,combination_limit,full_input,,2.255663275718689e-05,solver final filtering and index remapping; caller metric conversion excluded,r5-v1,,excluded_precomputed,,True,,,fresh_retrieval,,,,2.255663275718689e-05,0.0011771596036851,measured_excluding_encoding,"[46, 14, 212, 12, 5, 177]",,Python/PBF,3.11.15,,,<paper>/revision_campaign_20260914/default/amazon/default.csv,
63,PACS,1,feasible,complete,1,1,returned,0,,32,0.2051282051282051,0.637092606202439,0.2038216560509554,0.0044336020946502,0.0053984369151294,1380.0,1,0,0.0,0.0,0.0,0.0,219.0,36.0,156,1.0,0.00540780602023,0.0,219.0,5.0,1.0,0.0009648348204791,False,,,,,,,,,True,completed,beam_search,"[13, 8, 4, 7, 4]",3.377208486199379e-05,solver final filtering and index remapping; caller metric conversion excluded,r5-v1,,excluded_precomputed,,True,,,fresh_retrieval,0.0001495331525802,0.0039264406077563,0.0003238562494516,0.0044336020946502,0.0053984369151294,measured_excluding_encoding,"[172, 27, 7, 7, 6]","[13, 8, 4, 7, 4]",Python/PACS+,3.11.15,,,<paper>/revision_campaign_20260914/default/amazon/default.csv,
63,PACS_dC,1,feasible,complete,1,1,returned,0,,58,0.3205128205128205,0.9629811178802544,0.3184713375796178,0.0013858159072697,0.0023506507277488,380.0,1,0,0.0,0.0,0.0,0.0,,,156,1.0,0.00540780602023,0.0,219.0,5.0,1.0,0.0009648348204791,False,,,,,,,,,True,completed,beam_search,"[13, 8, 4, 7, 4]",1.6569625586271286e-05,solver final filtering and index remapping; caller metric conversion excluded,r5-v1,,excluded_precomputed,,True,,,fresh_retrieval,0.0001399843022227,0.0010305428877472,0.0001987190917134,0.0013858159072697,0.0023506507277488,measured_excluding_encoding,"[172, 27, 7, 7, 6]","[13, 8, 4, 7, 4]",Python/PACS_dC,3.11.15,,,<paper>/revision_campaign_20260914/default/amazon/default.csv,
63,PBS-unbounded,1,feasible,complete,1,1,returned,0,,156,1.0,1.0,0.9936305732484076,0.0052130850963294,0.0061779199168086,1708.0,1,0,0.0,0.0,0.0,0.0,219.0,36.0,156,1.0,0.00540780602023,0.0,219.0,5.0,1.0,0.0009648348204791,True,,,,,,,,,True,completed,all_reduced_candidates,"[13, 8, 4, 7, 4]",3.7297140806913376e-05,solver final filtering and index remapping; caller metric conversion excluded,r5-v1,,excluded_precomputed,,True,,,fresh_retrieval,0.000139164738357,0.0042876102961599,0.0007490129210054,0.0052130850963294,0.0061779199168086,measured_excluding_encoding,"[172, 27, 7, 7, 6]","[13, 8, 4, 7, 4]",Python/PBS-unbounded,3.11.15,,,<paper>/revision_campaign_20260914/default/amazon/default.csv,
63,PTS,1,feasible,complete,1,1,returned,0,,119,0.6858974358974359,0.9688350223343364,0.6878980891719745,0.0090074921026825,0.0099723269231617,2441.0,1,0,0.0,0.0,0.0,0.0,219.0,36.0,156,1.0,0.00540780602023,0.0,219.0,5.0,1.0,0.0009648348204791,False,,,,,,,500.0,,False,iteration_limit,fixed_candidate_tree,"[13, 8, 4, 7, 4]",4.619592800736427e-05,solver final filtering and index remapping; caller metric conversion excluded,r5-v1,,excluded_precomputed,,True,,,fresh_retrieval,0.000149886123836,0.0083857928402721,0.0004256172105669,0.0090074921026825,0.0099723269231617,measured_excluding_encoding,"[172, 27, 7, 7, 6]","[13, 8, 4, 7, 4]",Python/DFS,3.11.15,,,<paper>/revision_campaign_20260914/default/amazon/default.csv,
63,eps-ILP g=2,1,feasible,complete,1,1,returned,0,5.0,2,0.0128205128205128,0.2931562233907855,0.0127388535031847,0.0384106910787522,0.0393755258992314,1095.0,5,0,0.0,0.0,2.0,0.0,,,156,1.0,0.00540780602023,0.0,219.0,5.0,1.0,0.0009648348204791,,,,,,,,,,True,grid_complete,configured_grid,,1.5269964933395386e-05,solver final filtering and index remapping; caller metric conversion excluded,r5-v1,,excluded_precomputed,,True,,,fresh_retrieval,0.0,0.0383780319243669,1.7389189451932907e-05,0.0384106910787522,0.0393755258992314,measured_excluding_encoding,"[172, 27, 7, 7, 6]","[172, 27, 7, 7, 6]",scipy.optimize.milp/HiGHS,1.17.1,1.12.0,1.0,<paper>/revision_campaign_20260914/default/amazon/default.csv,
63,eps-ILP g=4,1,feasible,complete,1,1,returned,0,17.0,7,0.0448717948717948,0.6430674483892518,0.0445859872611464,0.1617160770110786,0.1626809118315577,3723.0,17,0,0.0,0.0,5.0,0.0,,,156,1.0,0.00540780602023,0.0,219.0,5.0,1.0,0.0009648348204791,,,,,,,,,,True,grid_complete,configured_grid,,1.5483703464269638e-05,solver final filtering and index remapping; caller metric conversion excluded,r5-v1,,excluded_precomputed,,True,,,fresh_retrieval,0.0,0.1616524402052164,4.81531023979187e-05,0.1617160770110786,0.1626809118315577,measured_excluding_encoding,"[172, 27, 7, 7, 6]","[172, 27, 7, 7, 6]",scipy.optimize.milp/HiGHS,1.17.1,1.12.0,1.0,<paper>/revision_campaign_20260914/default/amazon/default.csv,
63,eps-ILP g=8,1,feasible,complete,1,1,returned,0,65.0,17,0.1089743589743589,0.8164479234659583,0.10828025477707,0.6843503038398921,0.6853151386603713,14235.0,65,0,0.0,0.0,18.0,0.0,,,156,1.0,0.00540780602023,0.0,219.0,5.0,1.0,0.0009648348204791,,,,,,,,,,True,grid_complete,configured_grid,,1.908373087644577e-05,solver final filtering and index remapping; caller metric conversion excluded,r5-v1,,excluded_precomputed,,True,,,fresh_retrieval,0.0,0.6840217420831323,0.0003094780258834,0.6843503038398921,0.6853151386603713,measured_excluding_encoding,"[172, 27, 7, 7, 6]","[172, 27, 7, 7, 6]",scipy.optimize.milp/HiGHS,1.17.1,1.12.0,1.0,<paper>/revision_campaign_20260914/default/amazon/default.csv,
63,eps-ILP g=16,1,feasible,complete,1,1,returned,0,257.0,41,0.2628205128205128,0.935600328036012,0.2611464968152866,2.693685602862388,2.694650437682867,56283.0,257,0,0.0,0.0,64.0,0.0,,,156,1.0,0.00540780602023,0.0,219.0,5.0,1.0,0.0009648348204791,,,,,,,,,,True,grid_complete,configured_grid,,3.3433083444833755e-05,solver final filtering and index remapping; caller metric conversion excluded,r5-v1,,excluded_precomputed,,True,,,fresh_retrieval,0.0,2.6893699942156672,0.0042821755632758,2.693685602862388,2.694650437682867,measured_excluding_encoding,"[172, 27, 7, 7, 6]","[172, 27, 7, 7, 6]",scipy.optimize.milp/HiGHS,1.17.1,1.12.0,1.0,<paper>/revision_campaign_20260914/default/amazon/default.csv,
63,PBF,1,feasible,complete,1,1,returned,0,,156,1.0,1.0,0.9936305732484076,1.387390322983265,1.388355157803744,6826680.0,1,0,0.0,0.0,0.0,0.0,,,156,1.0,0.00540780602023,0.0,219.0,5.0,1.0,0.0009648348204791,True,,,,,,,,,True,complete,full_input,,1.387390322983265,solver final filtering and index remapping; caller metric conversion excluded,r5-v1,,excluded_precomputed,,True,,,fresh_retrieval,,,,1.387390322983265,1.388355157803744,measured_excluding_encoding,"[172, 27, 7, 7, 6]",,Python/PBF,3.11.15,,,<paper>/revision_campaign_20260914/default/amazon/default.csv,
64,PACS,1,feasible,complete,1,1,returned,0,,41,1.0,1.0,1.0,0.0012043239548802,0.0020367298275232,343.0,1,0,0.0,0.0,0.0,0.0,106.0,24.0,41,1.0,0.0012370138429105,0.0,106.0,3.0,1.0,0.0008324058726429,True,,,,,,,,,True,completed,all_reduced_candidates,"[11, 4, 9]",2.3397617042064667e-05,solver final filtering and index remapping; caller metric conversion excluded,r5-v1,,excluded_precomputed,,True,,,fresh_retrieval,8.364534005522728e-05,0.0008276440203189,0.0002696369774639,0.0012043239548802,0.0020367298275232,measured_excluding_encoding,"[59, 5, 42]","[11, 4, 9]",Python/PACS+,3.11.15,,,<paper>/revision_campaign_20260914/default/amazon/default.csv,
64,PACS_dC,1,feasible,complete,1,1,returned,0,,19,0.2439024390243902,0.8856695889155782,0.2439024390243902,0.0003880052827298,0.0012204111553728,86.0,1,0,0.0,0.0,0.0,0.0,,,41,1.0,0.0012370138429105,0.0,106.0,3.0,1.0,0.0008324058726429,False,,,,,,,,,True,completed,beam_search,"[11, 4, 9]",1.2596137821674349e-05,solver final filtering and index remapping; caller metric conversion excluded,r5-v1,,excluded_precomputed,,True,,,fresh_retrieval,6.225099787116051e-05,0.0002460861578583,6.707198917865753e-05,0.0003880052827298,0.0012204111553728,measured_excluding_encoding,"[59, 5, 42]","[11, 4, 9]",Python/PACS_dC,3.11.15,,,<paper>/revision_campaign_20260914/default/amazon/default.csv,
64,PBS-unbounded,1,feasible,complete,1,1,returned,0,,41,1.0,1.0,1.0,0.0011570882052183,0.0019894940778613,343.0,1,0,0.0,0.0,0.0,0.0,106.0,24.0,41,1.0,0.0012370138429105,0.0,106.0,3.0,1.0,0.0008324058726429,True,,,,,,,,,True,completed,all_reduced_candidates,"[11, 4, 9]",2.354849129915237e-05,solver final filtering and index remapping; caller metric conversion excluded,r5-v1,,excluded_precomputed,,True,,,fresh_retrieval,6.162188947200775e-05,0.000814682804048,0.000257235020399,0.0011570882052183,0.0019894940778613,measured_excluding_encoding,"[59, 5, 42]","[11, 4, 9]",Python/PBS-unbounded,3.11.15,,,<paper>/revision_campaign_20260914/default/amazon/default.csv,
64,PTS,1,feasible,complete,1,1,returned,0,,41,1.0,1.0000000000000002,1.0,0.0028998898342251,0.0037322957068681,654.0,1,0,0.0,0.0,0.0,0.0,106.0,24.0,41,1.0,0.0012370138429105,0.0,106.0,3.0,1.0,0.0008324058726429,True,,,,,,,500.0,,True,completed,fixed_candidate_tree,"[11, 4, 9]",3.603007644414902e-05,solver final filtering and index remapping; caller metric conversion excluded,r5-v1,,excluded_precomputed,,True,,,fresh_retrieval,7.700687274336815e-05,0.0026176949031651,0.0001691579818725,0.0028998898342251,0.0037322957068681,measured_excluding_encoding,"[59, 5, 42]","[11, 4, 9]",Python/DFS,3.11.15,,,<paper>/revision_campaign_20260914/default/amazon/default.csv,
64,eps-ILP g=2,1,feasible,complete,1,1,returned,0,5.0,3,0.073170731707317,0.6014988667518494,0.073170731707317,0.0310320761054754,0.0318644819781184,530.0,5,0,0.0,0.0,1.0,0.0,,,41,1.0,0.0012370138429105,0.0,106.0,3.0,1.0,0.0008324058726429,,,,,,,,,,True,grid_complete,configured_grid,,1.3810116797685623e-05,solver final filtering and index remapping; caller metric conversion excluded,r5-v1,,excluded_precomputed,,True,,,fresh_retrieval,0.0,0.0309991599060595,1.9106082618236545e-05,0.0310320761054754,0.0318644819781184,measured_excluding_encoding,"[59, 5, 42]","[59, 5, 42]",scipy.optimize.milp/HiGHS,1.17.1,1.12.0,1.0,<paper>/revision_campaign_20260914/default/amazon/default.csv,
64,eps-ILP g=4,1,feasible,complete,1,1,returned,0,17.0,4,0.0975609756097561,0.7885239333496414,0.0975609756097561,0.1086118263192474,0.1094442321918904,1802.0,17,0,0.0,0.0,2.0,0.0,,,41,1.0,0.0012370138429105,0.0,106.0,3.0,1.0,0.0008324058726429,,,,,,,,,,True,grid_complete,configured_grid,,1.5750061720609665e-05,solver final filtering and index remapping; caller metric conversion excluded,r5-v1,,excluded_precomputed,,True,,,fresh_retrieval,0.0,0.1085367021150887,5.9374142438173294e-05,0.1086118263192474,0.1094442321918904,measured_excluding_encoding,"[59, 5, 42]","[59, 5, 42]",scipy.optimize.milp/HiGHS,1.17.1,1.12.0,1.0,<paper>/revision_campaign_20260914/default/amazon/default.csv,
64,eps-ILP g=8,1,feasible,complete,1,1,returned,0,65.0,9,0.2195121951219512,0.8858273737329438,0.2195121951219512,0.440780877135694,0.441613283008337,6890.0,65,0,0.0,0.0,3.0,0.0,,,41,1.0,0.0012370138429105,0.0,106.0,3.0,1.0,0.0008324058726429,,,,,,,,,,True,grid_complete,configured_grid,,1.9910745322704315e-05,solver final filtering and index remapping; caller metric conversion excluded,r5-v1,,excluded_precomputed,,True,,,fresh_retrieval,0.0,0.4402315323241055,0.0005294340662658,0.440780877135694,0.441613283008337,measured_excluding_encoding,"[59, 5, 42]","[59, 5, 42]",scipy.optimize.milp/HiGHS,1.17.1,1.12.0,1.0,<paper>/revision_campaign_20260914/default/amazon/default.csv,
64,eps-ILP g=16,1,feasible,complete,1,1,returned,0,257.0,18,0.4390243902439024,0.9763079181979832,0.4390243902439024,1.7423770958557725,1.7432095017284155,27242.0,257,0,0.0,0.0,6.0,0.0,,,41,1.0,0.0012370138429105,0.0,106.0,3.0,1.0,0.0008324058726429,,,,,,,,,,True,grid_complete,configured_grid,,3.311969339847565e-05,solver final filtering and index remapping; caller metric conversion excluded,r5-v1,,excluded_precomputed,,True,,,fresh_retrieval,0.0,1.7347156750038266,0.0076283011585474,1.7423770958557725,1.7432095017284155,measured_excluding_encoding,"[59, 5, 42]","[59, 5, 42]",scipy.optimize.milp/HiGHS,1.17.1,1.12.0,1.0,<paper>/revision_campaign_20260914/default/amazon/default.csv,
64,PBF,1,feasible,complete,1,1,returned,0,,41,1.0,1.0000000000000002,1.0,0.0278968727216124,0.0287292785942554,37170.0,1,0,0.0,0.0,0.0,0.0,,,41,1.0,0.0012370138429105,0.0,106.0,3.0,1.0,0.0008324058726429,True,,,,,,,,,True,complete,full_input,,0.0278968727216124,solver final filtering and index remapping; caller metric conversion excluded,r5-v1,,excluded_precomputed,,True,,,fresh_retrieval,,,,0.0278968727216124,0.0287292785942554,measured_excluding_encoding,"[59, 5, 42]",,Python/PBF,3.11.15,,,<paper>/revision_campaign_20260914/default/amazon/default.csv,
65,PACS,1,feasible,complete,1,1,returned,0,,25,0.1344086021505376,0.8932424611207732,0.1344086021505376,0.0102668353356421,0.0111887552775442,3164.0,1,0,0.0,0.0,0.0,0.0,187.0,52.0,186,1.0,0.0172034758143126,0.0,187.0,7.0,1.0,0.0009219199419021,False,,,,,,,,,True,completed,beam_search,"[5, 8, 11, 5, 7, 4, 12]",7.842248305678368e-05,solver final filtering and index remapping; caller metric conversion excluded,r5-v1,,excluded_precomputed,,True,,,fresh_retrieval,0.000122157856822,0.0097452769987285,0.0003209779970347,0.0102668353356421,0.0111887552775442,measured_excluding_encoding,"[14, 19, 60, 22, 16, 13, 43]","[5, 8, 11, 5, 7, 4, 12]",Python/PACS+,3.11.15,,,<paper>/revision_campaign_20260914/default/amazon/default.csv,
65,PACS_dC,1,feasible,complete,1,1,returned,0,,59,0.053763440860215,0.7031367322132762,0.053763440860215,0.0033512762747704,0.0042731962166726,1471.0,1,0,0.0,0.0,0.0,0.0,,,186,1.0,0.0172034758143126,0.0,187.0,7.0,1.0,0.0009219199419021,False,,,,,,,,,True,completed,beam_search,"[5, 8, 11, 5, 7, 4, 12]",2.564955502748489e-05,solver final filtering and index remapping; caller metric conversion excluded,r5-v1,,excluded_precomputed,,True,,,fresh_retrieval,0.0001062029041349,0.0030171927064657,0.0002022311091423,0.0033512762747704,0.0042731962166726,measured_excluding_encoding,"[14, 19, 60, 22, 16, 13, 43]","[5, 8, 11, 5, 7, 4, 12]",Python/PACS_dC,3.11.15,,,<paper>/revision_campaign_20260914/default/amazon/default.csv,
65,PBS-unbounded,1,feasible,complete,1,1,returned,0,,186,1.0,1.0,1.0,0.0176756479777395,0.0185975679196417,5642.0,1,0,0.0,0.0,0.0,0.0,187.0,52.0,186,1.0,0.0172034758143126,0.0,187.0,7.0,1.0,0.0009219199419021,True,,,,,,,,,True,completed,all_reduced_candidates,"[5, 8, 11, 5, 7, 4, 12]",0.0001588142476975,solver final filtering and index remapping; caller metric conversion excluded,r5-v1,,excluded_precomputed,,True,,,fresh_retrieval,0.0001243166625499,0.016276772134006,0.0011157449334859,0.0176756479777395,0.0185975679196417,measured_excluding_encoding,"[14, 19, 60, 22, 16, 13, 43]","[5, 8, 11, 5, 7, 4, 12]",Python/PBS-unbounded,3.11.15,,,<paper>/revision_campaign_20260914/default/amazon/default.csv,
65,PTS,1,feasible,complete,1,1,returned,0,,28,0.0,0.4296920149186182,0.0,0.009332749992609,0.0102546699345111,6418.0,1,0,0.0,0.0,0.0,0.0,187.0,52.0,186,1.0,0.0172034758143126,0.0,187.0,7.0,1.0,0.0009219199419021,False,,,,,,,500.0,,False,iteration_limit,fixed_candidate_tree,"[5, 8, 11, 5, 7, 4, 12]",5.121016874909401e-05,solver final filtering and index remapping; caller metric conversion excluded,r5-v1,,excluded_precomputed,,True,,,fresh_retrieval,0.0001151240430772,0.009047410916537,0.0001190048642456,0.009332749992609,0.0102546699345111,measured_excluding_encoding,"[14, 19, 60, 22, 16, 13, 43]","[5, 8, 11, 5, 7, 4, 12]",Python/DFS,3.11.15,,,<paper>/revision_campaign_20260914/default/amazon/default.csv,
65,eps-ILP g=2,1,feasible,complete,1,1,returned,0,5.0,2,0.010752688172043,0.2300747951684219,0.010752688172043,0.0355057949200272,0.0364277148619294,935.0,5,0,0.0,0.0,2.0,0.0,,,186,1.0,0.0172034758143126,0.0,187.0,7.0,1.0,0.0009219199419021,,,,,,,,,,True,grid_complete,configured_grid,,1.5453901141881943e-05,solver final filtering and index remapping; caller metric conversion excluded,r5-v1,,excluded_precomputed,,True,,,fresh_retrieval,0.0,0.0354716661386191,1.8674880266189572e-05,0.0355057949200272,0.0364277148619294,measured_excluding_encoding,"[14, 19, 60, 22, 16, 13, 43]","[14, 19, 60, 22, 16, 13, 43]",scipy.optimize.milp/HiGHS,1.17.1,1.12.0,1.0,<paper>/revision_campaign_20260914/default/amazon/default.csv,
65,eps-ILP g=4,1,feasible,complete,1,1,returned,0,17.0,4,0.021505376344086,0.2365790373458001,0.021505376344086,0.1270584519952535,0.1279803719371557,3179.0,17,0,0.0,0.0,4.0,0.0,,,186,1.0,0.0172034758143126,0.0,187.0,7.0,1.0,0.0009219199419021,,,,,,,,,,True,grid_complete,configured_grid,,1.636287197470665e-05,solver final filtering and index remapping; caller metric conversion excluded,r5-v1,,excluded_precomputed,,True,,,fresh_retrieval,0.0,0.126988397911191,5.369121208786965e-05,0.1270584519952535,0.1279803719371557,measured_excluding_encoding,"[14, 19, 60, 22, 16, 13, 43]","[14, 19, 60, 22, 16, 13, 43]",scipy.optimize.milp/HiGHS,1.17.1,1.12.0,1.0,<paper>/revision_campaign_20260914/default/amazon/default.csv,
65,eps-ILP g=8,1,feasible,complete,1,1,returned,0,65.0,11,0.0591397849462365,0.4942537504945946,0.0591397849462365,0.740708748344332,0.7416306682862341,12155.0,65,0,0.0,0.0,8.0,0.0,,,186,1.0,0.0172034758143126,0.0,187.0,7.0,1.0,0.0009219199419021,,,,,,,,,,True,grid_complete,configured_grid,,2.3447442799806595e-05,solver final filtering and index remapping; caller metric conversion excluded,r5-v1,,excluded_precomputed,,True,,,fresh_retrieval,0.0,0.7402304420247674,0.0004548588767647,0.740708748344332,0.7416306682862341,measured_excluding_encoding,"[14, 19, 60, 22, 16, 13, 43]","[14, 19, 60, 22, 16, 13, 43]",scipy.optimize.milp/HiGHS,1.17.1,1.12.0,1.0,<paper>/revision_campaign_20260914/default/amazon/default.csv,
65,eps-ILP g=16,1,feasible,complete,1,1,returned,0,257.0,21,0.1129032258064516,0.7985864395598812,0.1129032258064516,2.153112408705056,2.154034328646958,48059.0,257,0,0.0,0.0,16.0,0.0,,,186,1.0,0.0172034758143126,0.0,187.0,7.0,1.0,0.0009219199419021,,,,,,,,,,True,grid_complete,configured_grid,,3.946945071220398e-05,solver final filtering and index remapping; caller metric conversion excluded,r5-v1,,excluded_precomputed,,True,,,fresh_retrieval,0.0,2.1464011422358453,0.0066717970184981,2.153112408705056,2.154034328646958,measured_excluding_encoding,"[14, 19, 60, 22, 16, 13, 43]","[14, 19, 60, 22, 16, 13, 43]",scipy.optimize.milp/HiGHS,1.17.1,1.12.0,1.0,<paper>/revision_campaign_20260914/default/amazon/default.csv,
65,PBF,0,feasible,complete,1,1,work_limit,0,,0,0.0,0.0,0.0,2.333475276827812e-05,0.0009452546946704,0.0,1,0,0.0,0.0,0.0,0.0,,,186,1.0,0.0172034758143126,0.0,187.0,7.0,1.0,0.0009219199419021,False,,,,,,,,,False,combination_limit,full_input,,2.333475276827812e-05,solver final filtering and index remapping; caller metric conversion excluded,r5-v1,,excluded_precomputed,,True,,,fresh_retrieval,,,,2.333475276827812e-05,0.0009452546946704,measured_excluding_encoding,"[14, 19, 60, 22, 16, 13, 43]",,Python/PBF,3.11.15,,,<paper>/revision_campaign_20260914/default/amazon/default.csv,
66,PACS,1,feasible,complete,1,1,returned,0,,30,1.0,1.0,1.0,0.0011199368163943,0.0023344317451119,224.0,1,0,0.0,0.0,0.0,0.0,545.0,24.0,30,1.0,0.0012254631146788,0.0,545.0,4.0,1.0,0.0012144949287176,True,,,,,,,,,True,completed,all_reduced_candidates,"[3, 4, 16, 1]",1.329602673649788e-05,solver final filtering and index remapping; caller metric conversion excluded,r5-v1,,excluded_precomputed,,True,,,fresh_retrieval,0.0003791418857872,0.0005377801135182,0.0001897187903523,0.0011199368163943,0.0023344317451119,measured_excluding_encoding,"[253, 4, 287, 1]","[3, 4, 16, 1]",Python/PACS+,3.11.15,,,<paper>/revision_campaign_20260914/default/amazon/default.csv,
66,PACS_dC,1,feasible,complete,1,1,returned,0,,13,0.4333333333333333,0.8946283726920721,0.4333333333333333,0.0008392380550503,0.0020537329837679,111.0,1,0,0.0,0.0,0.0,0.0,,,30,1.0,0.0012254631146788,0.0,545.0,4.0,1.0,0.0012144949287176,False,,,,,,,,,True,completed,beam_search,"[3, 4, 16, 1]",1.6484875231981277e-05,solver final filtering and index remapping; caller metric conversion excluded,r5-v1,,excluded_precomputed,,True,,,fresh_retrieval,0.0004009651020169,0.0003749150782823,4.6872999519109726e-05,0.0008392380550503,0.0020537329837679,measured_excluding_encoding,"[253, 4, 287, 1]","[3, 4, 16, 1]",Python/PACS_dC,3.11.15,,,<paper>/revision_campaign_20260914/default/amazon/default.csv,
66,PBS-unbounded,1,feasible,complete,1,1,returned,0,,30,1.0,1.0,1.0,0.0010738251730799,0.0022883201017975,224.0,1,0,0.0,0.0,0.0,0.0,545.0,24.0,30,1.0,0.0012254631146788,0.0,545.0,4.0,1.0,0.0012144949287176,True,,,,,,,,,True,completed,all_reduced_candidates,"[3, 4, 16, 1]",1.6032252460718155e-05,solver final filtering and index remapping; caller metric conversion excluded,r5-v1,,excluded_precomputed,,True,,,fresh_retrieval,0.0003258669748902,0.0005359132774174,0.0001960126683115,0.0010738251730799,0.0022883201017975,measured_excluding_encoding,"[253, 4, 287, 1]","[3, 4, 16, 1]",Python/PBS-unbounded,3.11.15,,,<paper>/revision_campaign_20260914/default/amazon/default.csv,
66,PTS,1,feasible,complete,1,1,returned,0,,30,1.0,1.0,1.0,0.0018039010465145,0.0030183959752321,419.0,1,0,0.0,0.0,0.0,0.0,545.0,24.0,30,1.0,0.0012254631146788,0.0,545.0,4.0,1.0,0.0012144949287176,True,,,,,,,500.0,,True,completed,fixed_candidate_tree,"[3, 4, 16, 1]",2.6314985007047653e-05,solver final filtering and index remapping; caller metric conversion excluded,r5-v1,,excluded_precomputed,,True,,,fresh_retrieval,0.0003097960725426,0.0013489518314599,0.0001188381575047,0.0018039010465145,0.0030183959752321,measured_excluding_encoding,"[253, 4, 287, 1]","[3, 4, 16, 1]",Python/DFS,3.11.15,,,<paper>/revision_campaign_20260914/default/amazon/default.csv,
66,eps-ILP g=2,1,feasible,complete,1,1,returned,0,5.0,4,0.1333333333333333,0.3745669669329207,0.1333333333333333,0.0701482510194182,0.0713627459481358,2725.0,5,0,0.0,0.0,0.0,0.0,,,30,1.0,0.0012254631146788,0.0,545.0,4.0,1.0,0.0012144949287176,,,,,,,,,,True,grid_complete,configured_grid,,1.3417098671197891e-05,solver final filtering and index remapping; caller metric conversion excluded,r5-v1,,excluded_precomputed,,True,,,fresh_retrieval,0.0,0.0701118102297186,2.3023691028356552e-05,0.0701482510194182,0.0713627459481358,measured_excluding_encoding,"[253, 4, 287, 1]","[253, 4, 287, 1]",scipy.optimize.milp/HiGHS,1.17.1,1.12.0,1.0,<paper>/revision_campaign_20260914/default/amazon/default.csv,
66,eps-ILP g=4,1,feasible,complete,1,1,returned,0,17.0,6,0.2,0.8146193159811024,0.2,0.2601650981232524,0.26137959305197,9265.0,17,0,0.0,0.0,0.0,0.0,,,30,1.0,0.0012254631146788,0.0,545.0,4.0,1.0,0.0012144949287176,,,,,,,,,,True,grid_complete,configured_grid,,1.5861354768276215e-05,solver final filtering and index remapping; caller metric conversion excluded,r5-v1,,excluded_precomputed,,True,,,fresh_retrieval,0.0,0.2600702699273824,7.896684110164642e-05,0.2601650981232524,0.26137959305197,measured_excluding_encoding,"[253, 4, 287, 1]","[253, 4, 287, 1]",scipy.optimize.milp/HiGHS,1.17.1,1.12.0,1.0,<paper>/revision_campaign_20260914/default/amazon/default.csv,
66,eps-ILP g=8,1,feasible,complete,1,1,returned,0,65.0,13,0.4333333333333333,0.9745450357209888,0.4333333333333333,1.0306062288582325,1.03182072378695,35425.0,65,0,0.0,0.0,0.0,0.0,,,30,1.0,0.0012254631146788,0.0,545.0,4.0,1.0,0.0012144949287176,,,,,,,,,,True,grid_complete,configured_grid,,2.2792723029851917e-05,solver final filtering and index remapping; caller metric conversion excluded,r5-v1,,excluded_precomputed,,True,,,fresh_retrieval,0.0,1.0299778478220103,0.0006055883131921,1.0306062288582325,1.03182072378695,measured_excluding_encoding,"[253, 4, 287, 1]","[253, 4, 287, 1]",scipy.optimize.milp/HiGHS,1.17.1,1.12.0,1.0,<paper>/revision_campaign_20260914/default/amazon/default.csv,
66,eps-ILP g=16,1,feasible,complete,1,1,returned,0,257.0,19,0.6333333333333333,0.9922330038568058,0.6333333333333333,4.114376249257475,4.115590744186193,140065.0,257,0,0.0,0.0,0.0,0.0,,,30,1.0,0.0012254631146788,0.0,545.0,4.0,1.0,0.0012144949287176,,,,,,,,,,True,grid_complete,configured_grid,,4.039611667394638e-05,solver final filtering and index remapping; caller metric conversion excluded,r5-v1,,excluded_precomputed,,True,,,fresh_retrieval,0.0,4.106122170109302,0.0082136830314993,4.114376249257475,4.115590744186193,measured_excluding_encoding,"[253, 4, 287, 1]","[253, 4, 287, 1]",scipy.optimize.milp/HiGHS,1.17.1,1.12.0,1.0,<paper>/revision_campaign_20260914/default/amazon/default.csv,
66,PBF,1,feasible,complete,1,1,returned,0,,30,1.0,1.0,1.0,0.5411406578496099,0.5423551527783275,1161776.0,1,0,0.0,0.0,0.0,0.0,,,30,1.0,0.0012254631146788,0.0,545.0,4.0,1.0,0.0012144949287176,True,,,,,,,,,True,complete,full_input,,0.5411406578496099,solver final filtering and index remapping; caller metric conversion excluded,r5-v1,,excluded_precomputed,,True,,,fresh_retrieval,,,,0.5411406578496099,0.5423551527783275,measured_excluding_encoding,"[253, 4, 287, 1]",,Python/PBF,3.11.15,,,<paper>/revision_campaign_20260914/default/amazon/default.csv,
67,PACS,1,feasible,complete,1,1,returned,0,,15,1.0,1.0,1.0,0.0003672861494123,0.0016846191138029,92.0,1,0,0.0,0.0,0.0,0.0,134.0,20.0,15,1.0,0.0003511793911457,0.0,134.0,3.0,1.0,0.0013173329643905,True,,,,,,,,,True,completed,all_reduced_candidates,"[1, 13, 6]",1.295609399676323e-05,solver final filtering and index remapping; caller metric conversion excluded,r5-v1,,excluded_precomputed,,True,,,fresh_retrieval,0.0001025800593197,0.0001763738691806,7.537612691521645e-05,0.0003672861494123,0.0016846191138029,measured_excluding_encoding,"[3, 122, 9]","[1, 13, 6]",Python/PACS+,3.11.15,,,<paper>/revision_campaign_20260914/default/amazon/default.csv,
67,PACS_dC,1,feasible,complete,1,1,returned,0,,5,0.2666666666666666,0.8770789072187246,0.2666666666666666,0.0001942482776939,0.0015115812420845,26.0,1,0,0.0,0.0,0.0,0.0,,,15,1.0,0.0003511793911457,0.0,134.0,3.0,1.0,0.0013173329643905,False,,,,,,,,,True,completed,beam_search,"[1, 13, 6]",1.011136919260025e-05,solver final filtering and index remapping; caller metric conversion excluded,r5-v1,,excluded_precomputed,,True,,,fresh_retrieval,7.480289787054062e-05,8.80029983818531e-05,2.133101224899292e-05,0.0001942482776939,0.0015115812420845,measured_excluding_encoding,"[3, 122, 9]","[1, 13, 6]",Python/PACS_dC,3.11.15,,,<paper>/revision_campaign_20260914/default/amazon/default.csv,
67,PBS-unbounded,1,feasible,complete,1,1,returned,0,,15,1.0,1.0,1.0,0.0003186450339853,0.0016359779983758,92.0,1,0,0.0,0.0,0.0,0.0,134.0,20.0,15,1.0,0.0003511793911457,0.0,134.0,3.0,1.0,0.0013173329643905,True,,,,,,,,,True,completed,all_reduced_candidates,"[1, 13, 6]",1.2667383998632433e-05,solver final filtering and index remapping; caller metric conversion excluded,r5-v1,,excluded_precomputed,,True,,,fresh_retrieval,7.668090984225273e-05,0.0001649768091738,6.431993097066879e-05,0.0003186450339853,0.0016359779983758,measured_excluding_encoding,"[3, 122, 9]","[1, 13, 6]",Python/PBS-unbounded,3.11.15,,,<paper>/revision_campaign_20260914/default/amazon/default.csv,
67,PTS,1,feasible,complete,1,1,returned,0,,15,1.0,1.0,1.0,0.0006579058244824,0.0019752387888729,177.0,1,0,0.0,0.0,0.0,0.0,134.0,20.0,15,1.0,0.0003511793911457,0.0,134.0,3.0,1.0,0.0013173329643905,True,,,,,,,500.0,,True,completed,fixed_candidate_tree,"[1, 13, 6]",2.3344531655311584e-05,solver final filtering and index remapping; caller metric conversion excluded,r5-v1,,excluded_precomputed,,True,,,fresh_retrieval,8.349213749170303e-05,0.0004897061735391,6.136298179626465e-05,0.0006579058244824,0.0019752387888729,measured_excluding_encoding,"[3, 122, 9]","[1, 13, 6]",Python/DFS,3.11.15,,,<paper>/revision_campaign_20260914/default/amazon/default.csv,
67,eps-ILP g=2,1,feasible,complete,1,1,returned,0,5.0,2,0.1333333333333333,0.167749228770887,0.1333333333333333,0.0319250565953552,0.0332423895597457,670.0,5,0,0.0,0.0,2.0,0.0,,,15,1.0,0.0003511793911457,0.0,134.0,3.0,1.0,0.0013173329643905,,,,,,,,,,True,grid_complete,configured_grid,,1.3797543942928314e-05,solver final filtering and index remapping; caller metric conversion excluded,r5-v1,,excluded_precomputed,,True,,,fresh_retrieval,0.0,0.0318937893025577,1.7469748854637146e-05,0.0319250565953552,0.0332423895597457,measured_excluding_encoding,"[3, 122, 9]","[3, 122, 9]",scipy.optimize.milp/HiGHS,1.17.1,1.12.0,1.0,<paper>/revision_campaign_20260914/default/amazon/default.csv,
67,eps-ILP g=4,1,feasible,complete,1,1,returned,0,17.0,5,0.3333333333333333,0.5401387246449615,0.3333333333333333,0.1134690111503005,0.114786344114691,2278.0,17,0,0.0,0.0,4.0,0.0,,,15,1.0,0.0003511793911457,0.0,134.0,3.0,1.0,0.0013173329643905,,,,,,,,,,True,grid_complete,configured_grid,,1.6065780073404312e-05,solver final filtering and index remapping; caller metric conversion excluded,r5-v1,,excluded_precomputed,,True,,,fresh_retrieval,0.0,0.1134002013131976,5.27440570294857e-05,0.1134690111503005,0.114786344114691,measured_excluding_encoding,"[3, 122, 9]","[3, 122, 9]",scipy.optimize.milp/HiGHS,1.17.1,1.12.0,1.0,<paper>/revision_campaign_20260914/default/amazon/default.csv,
67,eps-ILP g=8,1,feasible,complete,1,1,returned,0,65.0,9,0.6,0.9911404260983594,0.6,0.4737058440223336,0.4750231769867241,8710.0,65,0,0.0,0.0,8.0,0.0,,,15,1.0,0.0003511793911457,0.0,134.0,3.0,1.0,0.0013173329643905,,,,,,,,,,True,grid_complete,configured_grid,,2.013798803091049e-05,solver final filtering and index remapping; caller metric conversion excluded,r5-v1,,excluded_precomputed,,True,,,fresh_retrieval,0.0,0.4732426591217518,0.0004430469125509,0.4737058440223336,0.4750231769867241,measured_excluding_encoding,"[3, 122, 9]","[3, 122, 9]",scipy.optimize.milp/HiGHS,1.17.1,1.12.0,1.0,<paper>/revision_campaign_20260914/default/amazon/default.csv,
67,eps-ILP g=16,1,feasible,complete,1,1,returned,0,257.0,11,0.7333333333333333,0.992428158706494,0.7333333333333333,1.8717736760154369,1.8730910089798272,34438.0,257,0,0.0,0.0,16.0,0.0,,,15,1.0,0.0003511793911457,0.0,134.0,3.0,1.0,0.0013173329643905,,,,,,,,,,True,grid_complete,configured_grid,,3.2907817512750626e-05,solver final filtering and index remapping; caller metric conversion excluded,r5-v1,,excluded_precomputed,,True,,,fresh_retrieval,0.0,1.8651613052934408,0.006579462904483,1.8717736760154369,1.8730910089798272,measured_excluding_encoding,"[3, 122, 9]","[3, 122, 9]",scipy.optimize.milp/HiGHS,1.17.1,1.12.0,1.0,<paper>/revision_campaign_20260914/default/amazon/default.csv,
67,PBF,1,feasible,complete,1,1,returned,0,,15,1.0,1.0,1.0,0.0035394309088587,0.0048567638732492,9882.0,1,0,0.0,0.0,0.0,0.0,,,15,1.0,0.0003511793911457,0.0,134.0,3.0,1.0,0.0013173329643905,True,,,,,,,,,True,complete,full_input,,0.0035394309088587,solver final filtering and index remapping; caller metric conversion excluded,r5-v1,,excluded_precomputed,,True,,,fresh_retrieval,,,,0.0035394309088587,0.0048567638732492,measured_excluding_encoding,"[3, 122, 9]",,Python/PBF,3.11.15,,,<paper>/revision_campaign_20260914/default/amazon/default.csv,
68,PACS,1,feasible,complete,1,1,returned,0,,90,0.7317073170731707,0.9895903924043804,0.7317073170731707,0.0067044249735772,0.007670606020838,3367.0,1,0,0.0,0.0,0.0,0.0,159.0,54.0,123,1.0,0.0071292580105364,0.0,159.0,7.0,1.0,0.0009661810472607,False,,,,,,,,,True,completed,beam_search,"[5, 8, 6, 6, 10, 10, 9]",3.769993782043457e-05,solver final filtering and index remapping; caller metric conversion excluded,r5-v1,,excluded_precomputed,,True,,,fresh_retrieval,0.0001201210543513,0.0061833132058382,0.0003632907755672,0.0067044249735772,0.007670606020838,measured_excluding_encoding,"[19, 18, 12, 9, 38, 47, 16]","[5, 8, 6, 6, 10, 10, 9]",Python/PACS+,3.11.15,,,<paper>/revision_campaign_20260914/default/amazon/default.csv,
68,PACS_dC,0,feasible,complete,1,1,no_assignment,0,,0,0.0,0.0,0.0,0.0006046933121979,0.0015708743594586,633.0,1,0,0.0,0.0,0.0,0.0,,,123,1.0,0.0071292580105364,0.0,159.0,7.0,1.0,0.0009661810472607,False,,,,,,,,,True,completed,beam_search,"[5, 8, 6, 6, 10, 10, 9]",1.2192409485578535e-05,solver final filtering and index remapping; caller metric conversion excluded,r5-v1,,excluded_precomputed,,True,,,fresh_retrieval,8.465489372611046e-05,0.0005051931366324,2.6528723537921906e-06,0.0006046933121979,0.0015708743594586,measured_excluding_encoding,"[19, 18, 12, 9, 38, 47, 16]","[5, 8, 6, 6, 10, 10, 9]",Python/PACS_dC,3.11.15,,,<paper>/revision_campaign_20260914/default/amazon/default.csv,
68,PBS-unbounded,1,feasible,complete,1,1,returned,0,,123,1.0,1.0,1.0,0.0073835761286318,0.0083497571758925,4651.0,1,0,0.0,0.0,0.0,0.0,159.0,54.0,123,1.0,0.0071292580105364,0.0,159.0,7.0,1.0,0.0009661810472607,True,,,,,,,,,True,completed,all_reduced_candidates,"[5, 8, 6, 6, 10, 10, 9]",3.964407369494438e-05,solver final filtering and index remapping; caller metric conversion excluded,r5-v1,,excluded_precomputed,,True,,,fresh_retrieval,0.0001044822856783,0.0067550060339272,0.0004844437353312,0.0073835761286318,0.0083497571758925,measured_excluding_encoding,"[19, 18, 12, 9, 38, 47, 16]","[5, 8, 6, 6, 10, 10, 9]",Python/PBS-unbounded,3.11.15,,,<paper>/revision_campaign_20260914/default/amazon/default.csv,
68,PTS,1,feasible,complete,1,1,returned,0,,60,0.089430894308943,0.5213515904216977,0.089430894308943,0.0077128438279032,0.008679024875164,5956.0,1,0,0.0,0.0,0.0,0.0,159.0,54.0,123,1.0,0.0071292580105364,0.0,159.0,7.0,1.0,0.0009661810472607,False,,,,,,,500.0,,False,iteration_limit,fixed_candidate_tree,"[5, 8, 6, 6, 10, 10, 9]",4.749000072479248e-05,solver final filtering and index remapping; caller metric conversion excluded,r5-v1,,excluded_precomputed,,True,,,fresh_retrieval,0.0001004599034786,0.0073365028947591,0.0002283910289406,0.0077128438279032,0.008679024875164,measured_excluding_encoding,"[19, 18, 12, 9, 38, 47, 16]","[5, 8, 6, 6, 10, 10, 9]",Python/DFS,3.11.15,,,<paper>/revision_campaign_20260914/default/amazon/default.csv,
68,eps-ILP g=2,1,feasible,complete,1,1,returned,0,5.0,2,0.016260162601626,0.4258627578010983,0.016260162601626,0.035920662805438,0.0368868438526988,795.0,5,0,0.0,0.0,2.0,0.0,,,123,1.0,0.0071292580105364,0.0,159.0,7.0,1.0,0.0009661810472607,,,,,,,,,,True,grid_complete,configured_grid,,1.3731885701417925e-05,solver final filtering and index remapping; caller metric conversion excluded,r5-v1,,excluded_precomputed,,True,,,fresh_retrieval,0.0,0.0358889917843043,1.7939135432243347e-05,0.035920662805438,0.0368868438526988,measured_excluding_encoding,"[19, 18, 12, 9, 38, 47, 16]","[19, 18, 12, 9, 38, 47, 16]",scipy.optimize.milp/HiGHS,1.17.1,1.12.0,1.0,<paper>/revision_campaign_20260914/default/amazon/default.csv,
68,eps-ILP g=4,1,feasible,complete,1,1,returned,0,17.0,7,0.056910569105691,0.7448847833387173,0.056910569105691,0.1512622484005987,0.1522284294478595,2703.0,17,0,0.0,0.0,5.0,0.0,,,123,1.0,0.0071292580105364,0.0,159.0,7.0,1.0,0.0009661810472607,,,,,,,,,,True,grid_complete,configured_grid,,1.5262514352798462e-05,solver final filtering and index remapping; caller metric conversion excluded,r5-v1,,excluded_precomputed,,True,,,fresh_retrieval,0.0,0.1511980127543211,4.897313192486763e-05,0.1512622484005987,0.1522284294478595,measured_excluding_encoding,"[19, 18, 12, 9, 38, 47, 16]","[19, 18, 12, 9, 38, 47, 16]",scipy.optimize.milp/HiGHS,1.17.1,1.12.0,1.0,<paper>/revision_campaign_20260914/default/amazon/default.csv,
68,eps-ILP g=8,1,feasible,complete,1,1,returned,0,65.0,20,0.1626016260162601,0.874174630698192,0.1626016260162601,0.5312447571195662,0.532210938166827,10335.0,65,0,0.0,0.0,16.0,0.0,,,123,1.0,0.0071292580105364,0.0,159.0,7.0,1.0,0.0009661810472607,,,,,,,,,,True,grid_complete,configured_grid,,1.944834366440773e-05,solver final filtering and index remapping; caller metric conversion excluded,r5-v1,,excluded_precomputed,,True,,,fresh_retrieval,0.0,0.530845598783344,0.0003797099925577,0.5312447571195662,0.532210938166827,measured_excluding_encoding,"[19, 18, 12, 9, 38, 47, 16]","[19, 18, 12, 9, 38, 47, 16]",scipy.optimize.milp/HiGHS,1.17.1,1.12.0,1.0,<paper>/revision_campaign_20260914/default/amazon/default.csv,
68,eps-ILP g=16,1,feasible,complete,1,1,returned,0,257.0,49,0.3983739837398374,0.948244751521792,0.3983739837398374,2.123844564892352,2.1248107459396124,40863.0,257,0,0.0,0.0,61.0,0.0,,,123,1.0,0.0071292580105364,0.0,159.0,7.0,1.0,0.0009661810472607,,,,,,,,,,True,grid_complete,configured_grid,,3.982288762927056e-05,solver final filtering and index remapping; caller metric conversion excluded,r5-v1,,excluded_precomputed,,True,,,fresh_retrieval,0.0,2.119437894783914,0.0043668472208082,2.123844564892352,2.1248107459396124,measured_excluding_encoding,"[19, 18, 12, 9, 38, 47, 16]","[19, 18, 12, 9, 38, 47, 16]",scipy.optimize.milp/HiGHS,1.17.1,1.12.0,1.0,<paper>/revision_campaign_20260914/default/amazon/default.csv,
68,PBF,0,feasible,complete,1,1,work_limit,0,,0,0.0,0.0,0.0,3.001326695084572e-05,0.0009961943142116,0.0,1,0,0.0,0.0,0.0,0.0,,,123,1.0,0.0071292580105364,0.0,159.0,7.0,1.0,0.0009661810472607,False,,,,,,,,,False,combination_limit,full_input,,3.001326695084572e-05,solver final filtering and index remapping; caller metric conversion excluded,r5-v1,,excluded_precomputed,,True,,,fresh_retrieval,,,,3.001326695084572e-05,0.0009961943142116,measured_excluding_encoding,"[19, 18, 12, 9, 38, 47, 16]",,Python/PBF,3.11.15,,,<paper>/revision_campaign_20260914/default/amazon/default.csv,
69,PACS,1,feasible,complete,1,1,returned,0,,10,0.0826446280991735,0.725481484301777,0.0793650793650793,0.0053959810175001,0.00637550605461,1537.0,1,0,0.0,0.0,0.0,0.0,238.0,37.0,121,1.0,0.0070121930912137,0.0,238.0,6.0,1.0,0.0009795250371098,False,,,,,,,,,True,completed,beam_search,"[1, 5, 5, 3, 14, 9]",6.437627598643303e-05,solver final filtering and index remapping; caller metric conversion excluded,r5-v1,,excluded_precomputed,,True,,,fresh_retrieval,0.0001904908567667,0.0048353131860494,0.0003058006986975,0.0053959810175001,0.00637550605461,measured_excluding_encoding,"[2, 20, 19, 4, 153, 40]","[1, 5, 5, 3, 14, 9]",Python/PACS+,3.11.15,,,<paper>/revision_campaign_20260914/default/amazon/default.csv,
69,PACS_dC,1,feasible,complete,1,1,returned,0,,63,0.2231404958677686,0.8623048785022446,0.2222222222222222,0.0021885400637984,0.0031680651009082,615.0,1,0,0.0,0.0,0.0,0.0,,,121,1.0,0.0070121930912137,0.0,238.0,6.0,1.0,0.0009795250371098,False,,,,,,,,,True,completed,beam_search,"[1, 5, 5, 3, 14, 9]",2.675224095582962e-05,solver final filtering and index remapping; caller metric conversion excluded,r5-v1,,excluded_precomputed,,True,,,fresh_retrieval,0.0001540426164865,0.0017906771972775,0.0002170680090785,0.0021885400637984,0.0031680651009082,measured_excluding_encoding,"[2, 20, 19, 4, 153, 40]","[1, 5, 5, 3, 14, 9]",Python/PACS_dC,3.11.15,,,<paper>/revision_campaign_20260914/default/amazon/default.csv,
69,PBS-unbounded,1,feasible,complete,1,1,returned,0,,121,1.0,1.0,0.9603174603174603,0.0074706156738102,0.00845014071092,1942.0,1,0,0.0,0.0,0.0,0.0,238.0,37.0,121,1.0,0.0070121930912137,0.0,238.0,6.0,1.0,0.0009795250371098,True,,,,,,,,,True,completed,all_reduced_candidates,"[1, 5, 5, 3, 14, 9]",8.340179920196533e-05,solver final filtering and index remapping; caller metric conversion excluded,r5-v1,,excluded_precomputed,,True,,,fresh_retrieval,0.0001748646609485,0.0063282381743192,0.0008841110393404,0.0074706156738102,0.00845014071092,measured_excluding_encoding,"[2, 20, 19, 4, 153, 40]","[1, 5, 5, 3, 14, 9]",Python/PBS-unbounded,3.11.15,,,<paper>/revision_campaign_20260914/default/amazon/default.csv,
69,PTS,1,feasible,complete,1,1,returned,0,,76,0.3388429752066115,0.907991975888388,0.365079365079365,0.0102124526165425,0.0111919776536524,2371.0,1,0,0.0,0.0,0.0,0.0,238.0,37.0,121,1.0,0.0070121930912137,0.0,238.0,6.0,1.0,0.0009795250371098,False,,,,,,,500.0,,False,iteration_limit,fixed_candidate_tree,"[1, 5, 5, 3, 14, 9]",5.4632313549518585e-05,solver final filtering and index remapping; caller metric conversion excluded,r5-v1,,excluded_precomputed,,True,,,fresh_retrieval,0.0001839161850512,0.0096634668298065,0.0003104372881352,0.0102124526165425,0.0111919776536524,measured_excluding_encoding,"[2, 20, 19, 4, 153, 40]","[1, 5, 5, 3, 14, 9]",Python/DFS,3.11.15,,,<paper>/revision_campaign_20260914/default/amazon/default.csv,
69,eps-ILP g=2,1,feasible,complete,1,1,returned,0,5.0,4,0.0330578512396694,0.524183136594637,0.0317460317460317,0.0435570101253688,0.0445365351624786,1190.0,5,0,0.0,0.0,0.0,0.0,,,121,1.0,0.0070121930912137,0.0,238.0,6.0,1.0,0.0009795250371098,,,,,,,,,,True,grid_complete,configured_grid,,1.428648829460144e-05,solver final filtering and index remapping; caller metric conversion excluded,r5-v1,,excluded_precomputed,,True,,,fresh_retrieval,0.0,0.0435199588537216,2.276478335261345e-05,0.0435570101253688,0.0445365351624786,measured_excluding_encoding,"[2, 20, 19, 4, 153, 40]","[2, 20, 19, 4, 153, 40]",scipy.optimize.milp/HiGHS,1.17.1,1.12.0,1.0,<paper>/revision_campaign_20260914/default/amazon/default.csv,
69,eps-ILP g=4,1,feasible,complete,1,1,returned,0,17.0,6,0.0495867768595041,0.6651278451118996,0.0476190476190476,0.1657677707262337,0.1667472957633435,4046.0,17,0,0.0,0.0,0.0,0.0,,,121,1.0,0.0070121930912137,0.0,238.0,6.0,1.0,0.0009795250371098,,,,,,,,,,True,grid_complete,configured_grid,,1.6427598893642426e-05,solver final filtering and index remapping; caller metric conversion excluded,r5-v1,,excluded_precomputed,,True,,,fresh_retrieval,0.0,0.1656812513247132,7.009180262684822e-05,0.1657677707262337,0.1667472957633435,measured_excluding_encoding,"[2, 20, 19, 4, 153, 40]","[2, 20, 19, 4, 153, 40]",scipy.optimize.milp/HiGHS,1.17.1,1.12.0,1.0,<paper>/revision_campaign_20260914/default/amazon/default.csv,
69,eps-ILP g=8,1,feasible,complete,1,1,returned,0,65.0,17,0.140495867768595,0.8256460515218499,0.1349206349206349,0.7152708228677511,0.716250347904861,15470.0,65,0,0.0,0.0,0.0,0.0,,,121,1.0,0.0070121930912137,0.0,238.0,6.0,1.0,0.0009795250371098,,,,,,,,,,True,grid_complete,configured_grid,,2.12155282497406e-05,solver final filtering and index remapping; caller metric conversion excluded,r5-v1,,excluded_precomputed,,True,,,fresh_retrieval,0.0,0.7147006429731846,0.0005489643663167,0.7152708228677511,0.716250347904861,measured_excluding_encoding,"[2, 20, 19, 4, 153, 40]","[2, 20, 19, 4, 153, 40]",scipy.optimize.milp/HiGHS,1.17.1,1.12.0,1.0,<paper>/revision_campaign_20260914/default/amazon/default.csv,
69,eps-ILP g=16,1,feasible,complete,1,1,returned,0,257.0,34,0.2809917355371901,0.941575319519854,0.2698412698412698,3.0603266321122646,3.0613061571493745,61166.0,257,0,0.0,0.0,0.0,0.0,,,121,1.0,0.0070121930912137,0.0,238.0,6.0,1.0,0.0009795250371098,,,,,,,,,,True,grid_complete,configured_grid,,4.039797931909561e-05,solver final filtering and index remapping; caller metric conversion excluded,r5-v1,,excluded_precomputed,,True,,,fresh_retrieval,0.0,3.0529592810198665,0.007326953113079,3.0603266321122646,3.0613061571493745,measured_excluding_encoding,"[2, 20, 19, 4, 153, 40]","[2, 20, 19, 4, 153, 40]",scipy.optimize.milp/HiGHS,1.17.1,1.12.0,1.0,<paper>/revision_campaign_20260914/default/amazon/default.csv,
69,PBF,1,feasible,complete,1,1,returned,0,,121,1.0,1.0,0.9603174603174603,29.626972103957087,29.6279516289942,111628800.0,1,0,0.0,0.0,0.0,0.0,,,121,1.0,0.0070121930912137,0.0,238.0,6.0,1.0,0.0009795250371098,True,,,,,,,,,True,complete,full_input,,29.626972103957087,solver final filtering and index remapping; caller metric conversion excluded,r5-v1,,excluded_precomputed,,True,,,fresh_retrieval,,,,29.626972103957087,29.6279516289942,measured_excluding_encoding,"[2, 20, 19, 4, 153, 40]",,Python/PBF,3.11.15,,,<paper>/revision_campaign_20260914/default/amazon/default.csv,
70,PACS,1,feasible,complete,1,1,returned,0,,25,1.0,1.0,1.0,0.0005383901298046,0.0013836552388966,212.0,1,0,0.0,0.0,0.0,0.0,73.0,21.0,25,1.0,0.0005184719339013,0.0,73.0,4.0,1.0,0.0008452651090919,True,,,,,,,,,True,completed,all_reduced_candidates,"[7, 3, 10, 1]",1.2199394404888151e-05,solver final filtering and index remapping; caller metric conversion excluded,r5-v1,,excluded_precomputed,,True,,,fresh_retrieval,6.0409773141145706e-05,0.0003647822886705,0.000100998673588,0.0005383901298046,0.0013836552388966,measured_excluding_encoding,"[26, 3, 41, 3]","[7, 3, 10, 1]",Python/PACS+,3.11.15,,,<paper>/revision_campaign_20260914/default/amazon/default.csv,
70,PACS_dC,1,feasible,complete,1,1,returned,0,,10,0.2,0.5255134452447444,0.2,0.0002931370399892,0.0011384021490812,95.0,1,0,0.0,0.0,0.0,0.0,,,25,1.0,0.0005184719339013,0.0,73.0,4.0,1.0,0.0008452651090919,False,,,,,,,,,True,completed,beam_search,"[7, 3, 10, 1]",1.0227318853139876e-05,solver final filtering and index remapping; caller metric conversion excluded,r5-v1,,excluded_precomputed,,True,,,fresh_retrieval,4.554400220513344e-05,0.000200648792088,3.671692684292793e-05,0.0002931370399892,0.0011384021490812,measured_excluding_encoding,"[26, 3, 41, 3]","[7, 3, 10, 1]",Python/PACS_dC,3.11.15,,,<paper>/revision_campaign_20260914/default/amazon/default.csv,
70,PBS-unbounded,1,feasible,complete,1,1,returned,0,,25,1.0,1.0,1.0,0.0004922449588775,0.0013375100679695,212.0,1,0,0.0,0.0,0.0,0.0,73.0,21.0,25,1.0,0.0005184719339013,0.0,73.0,4.0,1.0,0.0008452651090919,True,,,,,,,,,True,completed,all_reduced_candidates,"[7, 3, 10, 1]",1.2310221791267397e-05,solver final filtering and index remapping; caller metric conversion excluded,r5-v1,,excluded_precomputed,,True,,,fresh_retrieval,4.5652035623788834e-05,0.0003459258005023,8.835690096020699e-05,0.0004922449588775,0.0013375100679695,measured_excluding_encoding,"[26, 3, 41, 3]","[7, 3, 10, 1]",Python/PBS-unbounded,3.11.15,,,<paper>/revision_campaign_20260914/default/amazon/default.csv,
70,PTS,1,feasible,complete,1,1,returned,0,,25,1.0,1.0,1.0,0.0011151484213769,0.0019604135304689,353.0,1,0,0.0,0.0,0.0,0.0,73.0,21.0,25,1.0,0.0005184719339013,0.0,73.0,4.0,1.0,0.0008452651090919,True,,,,,,,500.0,,True,completed,fixed_candidate_tree,"[7, 3, 10, 1]",2.2182241082191467e-05,solver final filtering and index remapping; caller metric conversion excluded,r5-v1,,excluded_precomputed,,True,,,fresh_retrieval,4.267413169145584e-05,0.0009585940279066,9.169802069664e-05,0.0011151484213769,0.0019604135304689,measured_excluding_encoding,"[26, 3, 41, 3]","[7, 3, 10, 1]",Python/DFS,3.11.15,,,<paper>/revision_campaign_20260914/default/amazon/default.csv,
70,eps-ILP g=2,1,feasible,complete,1,1,returned,0,5.0,2,0.08,0.0917441345333931,0.08,0.0186610613018274,0.0195063264109194,365.0,5,0,0.0,0.0,2.0,0.0,,,25,1.0,0.0005184719339013,0.0,73.0,4.0,1.0,0.0008452651090919,,,,,,,,,,True,grid_complete,configured_grid,,1.5242490917444227e-05,solver final filtering and index remapping; caller metric conversion excluded,r5-v1,,excluded_precomputed,,True,,,fresh_retrieval,0.0,0.0186282987706363,1.7520040273666382e-05,0.0186610613018274,0.0195063264109194,measured_excluding_encoding,"[26, 3, 41, 3]","[26, 3, 41, 3]",scipy.optimize.milp/HiGHS,1.17.1,1.12.0,1.0,<paper>/revision_campaign_20260914/default/amazon/default.csv,
70,eps-ILP g=4,1,feasible,complete,1,1,returned,0,17.0,5,0.2,0.5828557407042803,0.2,0.0655308743007481,0.0663761394098401,1241.0,17,0,0.0,0.0,4.0,0.0,,,25,1.0,0.0005184719339013,0.0,73.0,4.0,1.0,0.0008452651090919,,,,,,,,,,True,grid_complete,configured_grid,,1.4584045857191086e-05,solver final filtering and index remapping; caller metric conversion excluded,r5-v1,,excluded_precomputed,,True,,,fresh_retrieval,0.0,0.0654642041772604,5.208607763051987e-05,0.0655308743007481,0.0663761394098401,measured_excluding_encoding,"[26, 3, 41, 3]","[26, 3, 41, 3]",scipy.optimize.milp/HiGHS,1.17.1,1.12.0,1.0,<paper>/revision_campaign_20260914/default/amazon/default.csv,
70,eps-ILP g=8,1,feasible,complete,1,1,returned,0,65.0,9,0.36,0.8380148397947211,0.36,0.3002326572313905,0.3010779223404825,4745.0,65,0,0.0,0.0,11.0,0.0,,,25,1.0,0.0005184719339013,0.0,73.0,4.0,1.0,0.0008452651090919,,,,,,,,,,True,grid_complete,configured_grid,,3.0337367206811905e-05,solver final filtering and index remapping; caller metric conversion excluded,r5-v1,,excluded_precomputed,,True,,,fresh_retrieval,0.0,0.2997827040962875,0.0004196157678961,0.3002326572313905,0.3010779223404825,measured_excluding_encoding,"[26, 3, 41, 3]","[26, 3, 41, 3]",scipy.optimize.milp/HiGHS,1.17.1,1.12.0,1.0,<paper>/revision_campaign_20260914/default/amazon/default.csv,
70,eps-ILP g=16,1,feasible,complete,1,1,returned,0,257.0,15,0.6,0.9156199936296686,0.6,1.2155337478034198,1.2163790129125118,18761.0,257,0,0.0,0.0,43.0,0.0,,,25,1.0,0.0005184719339013,0.0,73.0,4.0,1.0,0.0008452651090919,,,,,,,,,,True,grid_complete,configured_grid,,3.149174153804779e-05,solver final filtering and index remapping; caller metric conversion excluded,r5-v1,,excluded_precomputed,,True,,,fresh_retrieval,0.0,1.2099746740423143,0.0055275820195674,1.2155337478034198,1.2163790129125118,measured_excluding_encoding,"[26, 3, 41, 3]","[26, 3, 41, 3]",scipy.optimize.milp/HiGHS,1.17.1,1.12.0,1.0,<paper>/revision_campaign_20260914/default/amazon/default.csv,
70,PBF,1,feasible,complete,1,1,returned,0,,25,1.0,1.0,1.0,0.0045152478851377,0.0053605129942297,38376.0,1,0,0.0,0.0,0.0,0.0,,,25,1.0,0.0005184719339013,0.0,73.0,4.0,1.0,0.0008452651090919,True,,,,,,,,,True,complete,full_input,,0.0045152478851377,solver final filtering and index remapping; caller metric conversion excluded,r5-v1,,excluded_precomputed,,True,,,fresh_retrieval,,,,0.0045152478851377,0.0053605129942297,measured_excluding_encoding,"[26, 3, 41, 3]",,Python/PBF,3.11.15,,,<paper>/revision_campaign_20260914/default/amazon/default.csv,
71,PACS,1,feasible,complete,1,1,returned,0,,84,0.268370607028754,0.6669874854464508,0.268370607028754,0.0075870351865887,0.0085094301030039,2239.0,1,0,0.0,0.0,0.0,0.0,169.0,50.0,313,1.0,0.0128008755855262,0.0,169.0,8.0,1.0,0.0009223949164152,False,,,,,,,,,True,completed,beam_search,"[3, 5, 13, 3, 2, 10, 6, 8]",5.533406510949135e-05,solver final filtering and index remapping; caller metric conversion excluded,r5-v1,,excluded_precomputed,,True,,,fresh_retrieval,0.0002206549979746,0.0069422041997313,0.0003688419237732,0.0075870351865887,0.0085094301030039,measured_excluding_encoding,"[7, 52, 28, 18, 7, 14, 22, 21]","[3, 5, 13, 3, 2, 10, 6, 8]",Python/PACS+,3.11.15,,,<paper>/revision_campaign_20260914/default/amazon/default.csv,
71,PACS_dC,1,feasible,complete,1,1,returned,0,,100,0.0095846645367412,0.5302021598847472,0.0095846645367412,0.0038688811473548,0.00479127606377,1256.0,1,0,0.0,0.0,0.0,0.0,,,313,1.0,0.0128008755855262,0.0,169.0,8.0,1.0,0.0009223949164152,False,,,,,,,,,True,completed,beam_search,"[3, 5, 13, 3, 2, 10, 6, 8]",3.3217016607522964e-05,solver final filtering and index remapping; caller metric conversion excluded,r5-v1,,excluded_precomputed,,True,,,fresh_retrieval,0.0001756711862981,0.0033016209490597,0.0003583719953894,0.0038688811473548,0.00479127606377,measured_excluding_encoding,"[7, 52, 28, 18, 7, 14, 22, 21]","[3, 5, 13, 3, 2, 10, 6, 8]",Python/PACS_dC,3.11.15,,,<paper>/revision_campaign_20260914/default/amazon/default.csv,
71,PBS-unbounded,1,feasible,complete,1,1,returned,0,,313,1.0,1.0,1.0,0.0122032756917178,0.013125670608133,3561.0,1,0,0.0,0.0,0.0,0.0,169.0,50.0,313,1.0,0.0128008755855262,0.0,169.0,8.0,1.0,0.0009223949164152,True,,,,,,,,,True,completed,all_reduced_candidates,"[3, 5, 13, 3, 2, 10, 6, 8]",9.800074622035028e-05,solver final filtering and index remapping; caller metric conversion excluded,r5-v1,,excluded_precomputed,,True,,,fresh_retrieval,0.0001961300149559,0.0106098828837275,0.0012992620468139,0.0122032756917178,0.013125670608133,measured_excluding_encoding,"[7, 52, 28, 18, 7, 14, 22, 21]","[3, 5, 13, 3, 2, 10, 6, 8]",Python/PBS-unbounded,3.11.15,,,<paper>/revision_campaign_20260914/default/amazon/default.csv,
71,PTS,1,feasible,complete,1,1,returned,0,,96,0.0191693290734824,0.5070107449909431,0.0191693290734824,0.00973905576393,0.0106614506803452,1950.0,1,0,0.0,0.0,0.0,0.0,169.0,50.0,313,1.0,0.0128008755855262,0.0,169.0,8.0,1.0,0.0009223949164152,False,,,,,,,500.0,,False,iteration_limit,fixed_candidate_tree,"[3, 5, 13, 3, 2, 10, 6, 8]",5.0778500735759735e-05,solver final filtering and index remapping; caller metric conversion excluded,r5-v1,,excluded_precomputed,,True,,,fresh_retrieval,0.0001987870782613,0.0091094062663614,0.0003800839185714,0.00973905576393,0.0106614506803452,measured_excluding_encoding,"[7, 52, 28, 18, 7, 14, 22, 21]","[3, 5, 13, 3, 2, 10, 6, 8]",Python/DFS,3.11.15,,,<paper>/revision_campaign_20260914/default/amazon/default.csv,
71,eps-ILP g=2,1,feasible,complete,1,1,returned,0,5.0,2,0.0063897763578274,0.1436892717746569,0.0063897763578274,0.0373289189301431,0.0382513138465583,845.0,5,0,0.0,0.0,2.0,0.0,,,313,1.0,0.0128008755855262,0.0,169.0,8.0,1.0,0.0009223949164152,,,,,,,,,,True,grid_complete,configured_grid,,1.5547964721918106e-05,solver final filtering and index remapping; caller metric conversion excluded,r5-v1,,excluded_precomputed,,True,,,fresh_retrieval,0.0,0.0372951040044426,1.8266960978508e-05,0.0373289189301431,0.0382513138465583,measured_excluding_encoding,"[7, 52, 28, 18, 7, 14, 22, 21]","[7, 52, 28, 18, 7, 14, 22, 21]",scipy.optimize.milp/HiGHS,1.17.1,1.12.0,1.0,<paper>/revision_campaign_20260914/default/amazon/default.csv,
71,eps-ILP g=4,1,feasible,complete,1,1,returned,0,17.0,4,0.0127795527156549,0.2540289205214085,0.0127795527156549,0.1314223553054034,0.1323447502218186,2873.0,17,0,0.0,0.0,4.0,0.0,,,313,1.0,0.0128008755855262,0.0,169.0,8.0,1.0,0.0009223949164152,,,,,,,,,,True,grid_complete,configured_grid,,1.6537029296159744e-05,solver final filtering and index remapping; caller metric conversion excluded,r5-v1,,excluded_precomputed,,True,,,fresh_retrieval,0.0,0.1313512381166219,5.458015948534012e-05,0.1314223553054034,0.1323447502218186,measured_excluding_encoding,"[7, 52, 28, 18, 7, 14, 22, 21]","[7, 52, 28, 18, 7, 14, 22, 21]",scipy.optimize.milp/HiGHS,1.17.1,1.12.0,1.0,<paper>/revision_campaign_20260914/default/amazon/default.csv,
71,eps-ILP g=8,1,feasible,complete,1,1,returned,0,65.0,21,0.0670926517571885,0.708001203836513,0.0670926517571885,0.5642912560142577,0.5652136509306729,10985.0,65,0,0.0,0.0,10.0,0.0,,,313,1.0,0.0128008755855262,0.0,169.0,8.0,1.0,0.0009223949164152,,,,,,,,,,True,grid_complete,configured_grid,,1.986511051654816e-05,solver final filtering and index remapping; caller metric conversion excluded,r5-v1,,excluded_precomputed,,True,,,fresh_retrieval,0.0,0.5638158358633518,0.0004555550403892,0.5642912560142577,0.5652136509306729,measured_excluding_encoding,"[7, 52, 28, 18, 7, 14, 22, 21]","[7, 52, 28, 18, 7, 14, 22, 21]",scipy.optimize.milp/HiGHS,1.17.1,1.12.0,1.0,<paper>/revision_campaign_20260914/default/amazon/default.csv,
71,eps-ILP g=16,1,feasible,complete,1,1,returned,0,257.0,47,0.1501597444089457,0.906526052617876,0.1501597444089457,2.39121029060334,2.392132685519755,43433.0,257,0,0.0,0.0,26.0,0.0,,,313,1.0,0.0128008755855262,0.0,169.0,8.0,1.0,0.0009223949164152,,,,,,,,,,True,grid_complete,configured_grid,,3.8166530430316925e-05,solver final filtering and index remapping; caller metric conversion excluded,r5-v1,,excluded_precomputed,,True,,,fresh_retrieval,0.0,2.38519057398662,0.0059815500862896,2.39121029060334,2.392132685519755,measured_excluding_encoding,"[7, 52, 28, 18, 7, 14, 22, 21]","[7, 52, 28, 18, 7, 14, 22, 21]",scipy.optimize.milp/HiGHS,1.17.1,1.12.0,1.0,<paper>/revision_campaign_20260914/default/amazon/default.csv,
71,PBF,0,feasible,complete,1,1,work_limit,0,,0,0.0,0.0,0.0,2.46809795498848e-05,0.000947075895965,0.0,1,0,0.0,0.0,0.0,0.0,,,313,1.0,0.0128008755855262,0.0,169.0,8.0,1.0,0.0009223949164152,False,,,,,,,,,False,combination_limit,full_input,,2.46809795498848e-05,solver final filtering and index remapping; caller metric conversion excluded,r5-v1,,excluded_precomputed,,True,,,fresh_retrieval,,,,2.46809795498848e-05,0.000947075895965,measured_excluding_encoding,"[7, 52, 28, 18, 7, 14, 22, 21]",,Python/PBF,3.11.15,,,<paper>/revision_campaign_20260914/default/amazon/default.csv,
72,PACS,1,feasible,complete,1,1,returned,0,,53,1.0,1.0,1.0,0.0021201618947088,0.0031966571696102,1494.0,1,0,0.0,0.0,0.0,0.0,300.0,48.0,53,1.0,0.0022291587665677,0.0,300.0,4.0,1.0,0.0010764952749013,True,,,,,,,,,True,completed,all_reduced_candidates,"[7, 15, 10, 16]",2.1137762814760208e-05,solver final filtering and index remapping; caller metric conversion excluded,r5-v1,,excluded_precomputed,,True,,,fresh_retrieval,0.0002976218238472,0.0016027293168008,0.0001986729912459,0.0021201618947088,0.0031966571696102,measured_excluding_encoding,"[39, 141, 72, 48]","[7, 15, 10, 16]",Python/PACS+,3.11.15,,,<paper>/revision_campaign_20260914/default/amazon/default.csv,
72,PACS_dC,1,feasible,complete,1,1,returned,0,,7,0.1132075471698113,0.620061435624898,0.1132075471698113,0.0006271773017942,0.0017036725766956,359.0,1,0,0.0,0.0,0.0,0.0,,,53,1.0,0.0022291587665677,0.0,300.0,4.0,1.0,0.0010764952749013,False,,,,,,,,,True,completed,beam_search,"[7, 15, 10, 16]",1.7713289707899094e-05,solver final filtering and index remapping; caller metric conversion excluded,r5-v1,,excluded_precomputed,,True,,,fresh_retrieval,0.0002856529317796,0.0002945228479802,2.928823232650757e-05,0.0006271773017942,0.0017036725766956,measured_excluding_encoding,"[39, 141, 72, 48]","[7, 15, 10, 16]",Python/PACS_dC,3.11.15,,,<paper>/revision_campaign_20260914/default/amazon/default.csv,
72,PBS-unbounded,1,feasible,complete,1,1,returned,0,,53,1.0,1.0,1.0,0.0021351291798055,0.0032116244547069,1494.0,1,0,0.0,0.0,0.0,0.0,300.0,48.0,53,1.0,0.0022291587665677,0.0,300.0,4.0,1.0,0.0010764952749013,True,,,,,,,,,True,completed,all_reduced_candidates,"[7, 15, 10, 16]",2.129608765244484e-05,solver final filtering and index remapping; caller metric conversion excluded,r5-v1,,excluded_precomputed,,True,,,fresh_retrieval,0.0002472512423992,0.001676307991147,0.0001902738586068,0.0021351291798055,0.0032116244547069,measured_excluding_encoding,"[39, 141, 72, 48]","[7, 15, 10, 16]",Python/PBS-unbounded,3.11.15,,,<paper>/revision_campaign_20260914/default/amazon/default.csv,
72,PTS,1,feasible,complete,1,1,returned,0,,53,1.0,1.0,1.0,0.0039370567537844,0.0050135520286858,2654.0,1,0,0.0,0.0,0.0,0.0,300.0,48.0,53,1.0,0.0022291587665677,0.0,300.0,4.0,1.0,0.0010764952749013,True,,,,,,,500.0,,True,completed,fixed_candidate_tree,"[7, 15, 10, 16]",2.788286656141281e-05,solver final filtering and index remapping; caller metric conversion excluded,r5-v1,,excluded_precomputed,,True,,,fresh_retrieval,0.0002386546693742,0.0034774183295667,0.000193100888282,0.0039370567537844,0.0050135520286858,measured_excluding_encoding,"[39, 141, 72, 48]","[7, 15, 10, 16]",Python/DFS,3.11.15,,,<paper>/revision_campaign_20260914/default/amazon/default.csv,
72,eps-ILP g=2,1,feasible,complete,1,1,returned,0,5.0,2,0.0377358490566037,0.0191111120794052,0.0377358490566037,0.0432181670330464,0.0442946623079478,1500.0,5,0,0.0,0.0,2.0,0.0,,,53,1.0,0.0022291587665677,0.0,300.0,4.0,1.0,0.0010764952749013,,,,,,,,,,True,grid_complete,configured_grid,,1.3832934200763702e-05,solver final filtering and index remapping; caller metric conversion excluded,r5-v1,,excluded_precomputed,,True,,,fresh_retrieval,0.0,0.0431861099787056,1.8224120140075684e-05,0.0432181670330464,0.0442946623079478,measured_excluding_encoding,"[39, 141, 72, 48]","[39, 141, 72, 48]",scipy.optimize.milp/HiGHS,1.17.1,1.12.0,1.0,<paper>/revision_campaign_20260914/default/amazon/default.csv,
72,eps-ILP g=4,1,feasible,complete,1,1,returned,0,17.0,4,0.0754716981132075,0.5536761062482514,0.0754716981132075,0.1469395919702947,0.1480160872451961,5100.0,17,0,0.0,0.0,4.0,0.0,,,53,1.0,0.0022291587665677,0.0,300.0,4.0,1.0,0.0010764952749013,,,,,,,,,,True,grid_complete,configured_grid,,1.709023490548134e-05,solver final filtering and index remapping; caller metric conversion excluded,r5-v1,,excluded_precomputed,,True,,,fresh_retrieval,0.0,0.1468709139153361,5.1587820053100586e-05,0.1469395919702947,0.1480160872451961,measured_excluding_encoding,"[39, 141, 72, 48]","[39, 141, 72, 48]",scipy.optimize.milp/HiGHS,1.17.1,1.12.0,1.0,<paper>/revision_campaign_20260914/default/amazon/default.csv,
72,eps-ILP g=8,1,feasible,complete,1,1,returned,0,65.0,11,0.2075471698113207,0.8574674235382548,0.2075471698113207,0.6288561252877116,0.629932620562613,19500.0,65,0,0.0,0.0,9.0,0.0,,,53,1.0,0.0022291587665677,0.0,300.0,4.0,1.0,0.0010764952749013,,,,,,,,,,True,grid_complete,configured_grid,,2.0672567188739777e-05,solver final filtering and index remapping; caller metric conversion excluded,r5-v1,,excluded_precomputed,,True,,,fresh_retrieval,0.0,0.6284087160602212,0.0004267366603016,0.6288561252877116,0.629932620562613,measured_excluding_encoding,"[39, 141, 72, 48]","[39, 141, 72, 48]",scipy.optimize.milp/HiGHS,1.17.1,1.12.0,1.0,<paper>/revision_campaign_20260914/default/amazon/default.csv,
72,eps-ILP g=16,1,feasible,complete,1,1,returned,0,257.0,23,0.4339622641509434,0.9562148039788956,0.4339622641509434,2.5363819552585483,2.5374584505334496,77100.0,257,0,0.0,0.0,26.0,0.0,,,53,1.0,0.0022291587665677,0.0,300.0,4.0,1.0,0.0010764952749013,,,,,,,,,,True,grid_complete,configured_grid,,5.055498331785202e-05,solver final filtering and index remapping; caller metric conversion excluded,r5-v1,,excluded_precomputed,,True,,,fresh_retrieval,0.0,2.5301916003227234,0.006139799952507,2.5363819552585483,2.5374584505334496,measured_excluding_encoding,"[39, 141, 72, 48]","[39, 141, 72, 48]",scipy.optimize.milp/HiGHS,1.17.1,1.12.0,1.0,<paper>/revision_campaign_20260914/default/amazon/default.csv,
72,PBF,1,feasible,complete,1,1,returned,0,,53,1.0,1.0,1.0,5.359689752105624,5.360766247380525,76018176.0,1,0,0.0,0.0,0.0,0.0,,,53,1.0,0.0022291587665677,0.0,300.0,4.0,1.0,0.0010764952749013,True,,,,,,,,,True,complete,full_input,,5.359689752105624,solver final filtering and index remapping; caller metric conversion excluded,r5-v1,,excluded_precomputed,,True,,,fresh_retrieval,,,,5.359689752105624,5.360766247380525,measured_excluding_encoding,"[39, 141, 72, 48]",,Python/PBF,3.11.15,,,<paper>/revision_campaign_20260914/default/amazon/default.csv,
73,PACS,1,feasible,complete,1,1,returned,0,,48,0.0909090909090909,0.6138992388873056,0.0906432748538011,0.0075705046765506,0.0088410368189215,2270.0,1,0,0.0,0.0,0.0,0.0,530.0,48.0,341,1.0,0.0171492719091475,0.0,530.0,7.0,1.0,0.0012705321423709,False,,,,,,,,,True,completed,beam_search,"[2, 20, 4, 9, 2, 5, 6]",4.751281812787056e-05,solver final filtering and index remapping; caller metric conversion excluded,r5-v1,,excluded_precomputed,,True,,,fresh_retrieval,0.0004840018227696,0.0067012379877269,0.0003377520479261,0.0075705046765506,0.0088410368189215,measured_excluding_encoding,"[3, 415, 11, 62, 2, 13, 24]","[2, 20, 4, 9, 2, 5, 6]",Python/PACS+,3.11.15,,,<paper>/revision_campaign_20260914/default/amazon/default.csv,
73,PACS_dC,1,feasible,complete,1,1,returned,0,,52,0.0146627565982404,0.3488304207245993,0.0146198830409356,0.0013368548825383,0.0026073870249092,369.0,1,0,0.0,0.0,0.0,0.0,,,341,1.0,0.0171492719091475,0.0,530.0,7.0,1.0,0.0012705321423709,False,,,,,,,,,True,completed,beam_search,"[2, 20, 4, 9, 2, 5, 6]",1.6118865460157394e-05,solver final filtering and index remapping; caller metric conversion excluded,r5-v1,,excluded_precomputed,,True,,,fresh_retrieval,0.000353729352355,0.0007907589897513,0.0001762476749718,0.0013368548825383,0.0026073870249092,measured_excluding_encoding,"[3, 415, 11, 62, 2, 13, 24]","[2, 20, 4, 9, 2, 5, 6]",Python/PACS_dC,3.11.15,,,<paper>/revision_campaign_20260914/default/amazon/default.csv,
73,PBS-unbounded,1,feasible,complete,1,1,returned,0,,341,1.0,1.0,0.9970760233918128,0.0171708413399755,0.0184413734823465,4720.0,1,0,0.0,0.0,0.0,0.0,530.0,48.0,341,1.0,0.0171492719091475,0.0,530.0,7.0,1.0,0.0012705321423709,True,,,,,,,,,True,completed,all_reduced_candidates,"[2, 20, 4, 9, 2, 5, 6]",0.0001293206587433,solver final filtering and index remapping; caller metric conversion excluded,r5-v1,,excluded_precomputed,,True,,,fresh_retrieval,0.0003705397248268,0.0149084120057523,0.001762568950653,0.0171708413399755,0.0184413734823465,measured_excluding_encoding,"[3, 415, 11, 62, 2, 13, 24]","[2, 20, 4, 9, 2, 5, 6]",Python/PBS-unbounded,3.11.15,,,<paper>/revision_campaign_20260914/default/amazon/default.csv,
73,PTS,1,feasible,complete,1,1,returned,0,,104,0.0703812316715542,0.6861392951722761,0.0730994152046783,0.009986481629312,0.0112570137716829,2314.0,1,0,0.0,0.0,0.0,0.0,530.0,48.0,341,1.0,0.0171492719091475,0.0,530.0,7.0,1.0,0.0012705321423709,False,,,,,,,500.0,,False,iteration_limit,fixed_candidate_tree,"[2, 20, 4, 9, 2, 5, 6]",4.386063665151596e-05,solver final filtering and index remapping; caller metric conversion excluded,r5-v1,,excluded_precomputed,,True,,,fresh_retrieval,0.0003340980038046,0.0092350211925804,0.0003735017962753,0.009986481629312,0.0112570137716829,measured_excluding_encoding,"[3, 415, 11, 62, 2, 13, 24]","[2, 20, 4, 9, 2, 5, 6]",Python/DFS,3.11.15,,,<paper>/revision_campaign_20260914/default/amazon/default.csv,
73,eps-ILP g=2,1,feasible,complete,1,1,returned,0,5.0,2,0.0058651026392961,0.2231316657401796,0.0058479532163742,0.0829967348836362,0.0842672670260071,2650.0,5,0,0.0,0.0,2.0,0.0,,,341,1.0,0.0171492719091475,0.0,530.0,7.0,1.0,0.0012705321423709,,,,,,,,,,True,grid_complete,configured_grid,,1.5712808817625046e-05,solver final filtering and index remapping; caller metric conversion excluded,r5-v1,,excluded_precomputed,,True,,,fresh_retrieval,0.0,0.0829610889777541,1.9933097064495087e-05,0.0829967348836362,0.0842672670260071,measured_excluding_encoding,"[3, 415, 11, 62, 2, 13, 24]","[3, 415, 11, 62, 2, 13, 24]",scipy.optimize.milp/HiGHS,1.17.1,1.12.0,1.0,<paper>/revision_campaign_20260914/default/amazon/default.csv,
73,eps-ILP g=4,1,feasible,complete,1,1,returned,0,17.0,5,0.0146627565982404,0.2484371233471672,0.0146198830409356,0.2998693091794848,0.3011398413218558,9010.0,17,0,0.0,0.0,4.0,0.0,,,341,1.0,0.0171492719091475,0.0,530.0,7.0,1.0,0.0012705321423709,,,,,,,,,,True,grid_complete,configured_grid,,1.7772428691387177e-05,solver final filtering and index remapping; caller metric conversion excluded,r5-v1,,excluded_precomputed,,True,,,fresh_retrieval,0.0,0.2997974469326436,5.408981814980507e-05,0.2998693091794848,0.3011398413218558,measured_excluding_encoding,"[3, 415, 11, 62, 2, 13, 24]","[3, 415, 11, 62, 2, 13, 24]",scipy.optimize.milp/HiGHS,1.17.1,1.12.0,1.0,<paper>/revision_campaign_20260914/default/amazon/default.csv,
73,eps-ILP g=8,1,feasible,complete,1,1,returned,0,65.0,22,0.064516129032258,0.7305398331123114,0.0643274853801169,1.248422680888325,1.249693213030696,34450.0,65,0,0.0,0.0,8.0,0.0,,,341,1.0,0.0171492719091475,0.0,530.0,7.0,1.0,0.0012705321423709,,,,,,,,,,True,grid_complete,configured_grid,,2.175895497202873e-05,solver final filtering and index remapping; caller metric conversion excluded,r5-v1,,excluded_precomputed,,True,,,fresh_retrieval,0.0,1.2479143268428745,0.0004865950904786,1.248422680888325,1.249693213030696,measured_excluding_encoding,"[3, 415, 11, 62, 2, 13, 24]","[3, 415, 11, 62, 2, 13, 24]",scipy.optimize.milp/HiGHS,1.17.1,1.12.0,1.0,<paper>/revision_campaign_20260914/default/amazon/default.csv,
73,eps-ILP g=16,1,feasible,complete,1,1,returned,0,257.0,59,0.1730205278592375,0.9008109757762112,0.1725146198830409,5.108676867093891,5.109947399236262,136210.0,257,0,0.0,0.0,16.0,0.0,,,341,1.0,0.0171492719091475,0.0,530.0,7.0,1.0,0.0012705321423709,,,,,,,,,,True,grid_complete,configured_grid,,4.176236689090729e-05,solver final filtering and index remapping; caller metric conversion excluded,r5-v1,,excluded_precomputed,,True,,,fresh_retrieval,0.0,5.102063548751175,0.0065715559758245,5.108676867093891,5.109947399236262,measured_excluding_encoding,"[3, 415, 11, 62, 2, 13, 24]","[3, 415, 11, 62, 2, 13, 24]",scipy.optimize.milp/HiGHS,1.17.1,1.12.0,1.0,<paper>/revision_campaign_20260914/default/amazon/default.csv,
73,PBF,0,feasible,complete,1,1,work_limit,0,,0,0.0,0.0,0.0,2.3320317268371585e-05,0.0012938524596393,0.0,1,0,0.0,0.0,0.0,0.0,,,341,1.0,0.0171492719091475,0.0,530.0,7.0,1.0,0.0012705321423709,False,,,,,,,,,False,combination_limit,full_input,,2.3320317268371585e-05,solver final filtering and index remapping; caller metric conversion excluded,r5-v1,,excluded_precomputed,,True,,,fresh_retrieval,,,,2.3320317268371585e-05,0.0012938524596393,measured_excluding_encoding,"[3, 415, 11, 62, 2, 13, 24]",,Python/PBF,3.11.15,,,<paper>/revision_campaign_20260914/default/amazon/default.csv,
74,PACS,1,feasible,complete,1,1,returned,0,,32,1.0,1.0,1.0,0.0004828246310353,0.0013193655759096,110.0,1,0,0.0,0.0,0.0,0.0,45.0,16.0,32,1.0,0.0004669609479606,0.0,45.0,4.0,1.0,0.0008365409448742,True,,,,,,,,,True,completed,all_reduced_candidates,"[1, 5, 4, 6]",1.5655532479286194e-05,solver final filtering and index remapping; caller metric conversion excluded,r5-v1,,excluded_precomputed,,True,,,fresh_retrieval,4.48981299996376e-05,0.0002818969078361,0.0001403740607202,0.0004828246310353,0.0013193655759096,measured_excluding_encoding,"[1, 9, 4, 31]","[1, 5, 4, 6]",Python/PACS+,3.11.15,,,<paper>/revision_campaign_20260914/default/amazon/default.csv,
74,PACS_dC,1,feasible,complete,1,1,returned,0,,20,0.53125,0.963336912359727,0.53125,0.0003723260015249,0.0012088669463992,60.0,1,0,0.0,0.0,0.0,0.0,,,32,1.0,0.0004669609479606,0.0,45.0,4.0,1.0,0.0008365409448742,False,,,,,,,,,True,completed,beam_search,"[1, 5, 4, 6]",1.956196501851082e-05,solver final filtering and index remapping; caller metric conversion excluded,r5-v1,,excluded_precomputed,,True,,,fresh_retrieval,4.500802606344223e-05,0.0002360381186008,7.171789184212685e-05,0.0003723260015249,0.0012088669463992,measured_excluding_encoding,"[1, 9, 4, 31]","[1, 5, 4, 6]",Python/PACS_dC,3.11.15,,,<paper>/revision_campaign_20260914/default/amazon/default.csv,
74,PBS-unbounded,1,feasible,complete,1,1,returned,0,,32,1.0,1.0,1.0,0.0004466907121241,0.0012832316569983,110.0,1,0,0.0,0.0,0.0,0.0,45.0,16.0,32,1.0,0.0004669609479606,0.0,45.0,4.0,1.0,0.0008365409448742,True,,,,,,,,,True,completed,all_reduced_candidates,"[1, 5, 4, 6]",1.519080251455307e-05,solver final filtering and index remapping; caller metric conversion excluded,r5-v1,,excluded_precomputed,,True,,,fresh_retrieval,3.096088767051697e-05,0.0002728812396526,0.0001276577822864,0.0004466907121241,0.0012832316569983,measured_excluding_encoding,"[1, 9, 4, 31]","[1, 5, 4, 6]",Python/PBS-unbounded,3.11.15,,,<paper>/revision_campaign_20260914/default/amazon/default.csv,
74,PTS,1,feasible,complete,1,1,returned,0,,32,1.0,1.0,1.0,0.0012303949333727,0.002066935878247,243.0,1,0,0.0,0.0,0.0,0.0,45.0,16.0,32,1.0,0.0004669609479606,0.0,45.0,4.0,1.0,0.0008365409448742,True,,,,,,,500.0,,True,completed,fixed_candidate_tree,"[1, 5, 4, 6]",2.2343825548887253e-05,solver final filtering and index remapping; caller metric conversion excluded,r5-v1,,excluded_precomputed,,True,,,fresh_retrieval,2.7682166546583176e-05,0.0010607130825519,0.0001196558587253,0.0012303949333727,0.002066935878247,measured_excluding_encoding,"[1, 9, 4, 31]","[1, 5, 4, 6]",Python/DFS,3.11.15,,,<paper>/revision_campaign_20260914/default/amazon/default.csv,
74,eps-ILP g=2,1,feasible,complete,1,1,returned,0,5.0,4,0.125,0.2706567046997707,0.125,0.0138453291729092,0.0146818701177835,225.0,5,0,0.0,0.0,0.0,0.0,,,32,1.0,0.0004669609479606,0.0,45.0,4.0,1.0,0.0008365409448742,,,,,,,,,,True,grid_complete,configured_grid,,1.4901161193847656e-05,solver final filtering and index remapping; caller metric conversion excluded,r5-v1,,excluded_precomputed,,True,,,fresh_retrieval,0.0,0.0138082141056656,2.2213906049728397e-05,0.0138453291729092,0.0146818701177835,measured_excluding_encoding,"[1, 9, 4, 31]","[1, 9, 4, 31]",scipy.optimize.milp/HiGHS,1.17.1,1.12.0,1.0,<paper>/revision_campaign_20260914/default/amazon/default.csv,
74,eps-ILP g=4,1,feasible,complete,1,1,returned,0,17.0,9,0.28125,0.8848708981722054,0.28125,0.0815248461440205,0.0823613870888948,765.0,17,0,0.0,0.0,0.0,0.0,,,32,1.0,0.0004669609479606,0.0,45.0,4.0,1.0,0.0008365409448742,,,,,,,,,,True,grid_complete,configured_grid,,1.566018909215927e-05,solver final filtering and index remapping; caller metric conversion excluded,r5-v1,,excluded_precomputed,,True,,,fresh_retrieval,0.0,0.0814384641125798,7.072184234857559e-05,0.0815248461440205,0.0823613870888948,measured_excluding_encoding,"[1, 9, 4, 31]","[1, 9, 4, 31]",scipy.optimize.milp/HiGHS,1.17.1,1.12.0,1.0,<paper>/revision_campaign_20260914/default/amazon/default.csv,
74,eps-ILP g=8,1,feasible,complete,1,1,returned,0,65.0,13,0.40625,0.9689625371748662,0.40625,0.357159610837698,0.3579961517825722,2925.0,65,0,0.0,0.0,0.0,0.0,,,32,1.0,0.0004669609479606,0.0,45.0,4.0,1.0,0.0008365409448742,,,,,,,,,,True,grid_complete,configured_grid,,1.990748569369316e-05,solver final filtering and index remapping; caller metric conversion excluded,r5-v1,,excluded_precomputed,,True,,,fresh_retrieval,0.0,0.3565679653547704,0.0005717379972338,0.357159610837698,0.3579961517825722,measured_excluding_encoding,"[1, 9, 4, 31]","[1, 9, 4, 31]",scipy.optimize.milp/HiGHS,1.17.1,1.12.0,1.0,<paper>/revision_campaign_20260914/default/amazon/default.csv,
74,eps-ILP g=16,1,feasible,complete,1,1,returned,0,257.0,24,0.75,0.99508769078695,0.75,1.515991476830095,1.5168280177749691,11565.0,257,0,0.0,0.0,0.0,0.0,,,32,1.0,0.0004669609479606,0.0,45.0,4.0,1.0,0.0008365409448742,,,,,,,,,,True,grid_complete,configured_grid,,3.599468618631363e-05,solver final filtering and index remapping; caller metric conversion excluded,r5-v1,,excluded_precomputed,,True,,,fresh_retrieval,0.0,1.5082681691274047,0.007687313016504,1.515991476830095,1.5168280177749691,measured_excluding_encoding,"[1, 9, 4, 31]","[1, 9, 4, 31]",scipy.optimize.milp/HiGHS,1.17.1,1.12.0,1.0,<paper>/revision_campaign_20260914/default/amazon/default.csv,
74,PBF,1,feasible,complete,1,1,returned,0,,32,1.0,1.0,1.0,0.0019412892870604,0.0027778302319347,4464.0,1,0,0.0,0.0,0.0,0.0,,,32,1.0,0.0004669609479606,0.0,45.0,4.0,1.0,0.0008365409448742,True,,,,,,,,,True,complete,full_input,,0.0019412892870604,solver final filtering and index remapping; caller metric conversion excluded,r5-v1,,excluded_precomputed,,True,,,fresh_retrieval,,,,0.0019412892870604,0.0027778302319347,measured_excluding_encoding,"[1, 9, 4, 31]",,Python/PBF,3.11.15,,,<paper>/revision_campaign_20260914/default/amazon/default.csv,
75,PACS,1,feasible,complete,1,1,returned,0,,22,1.0,1.0,1.0,0.0003862981684505,0.0011978722177445,140.0,1,0,0.0,0.0,0.0,0.0,95.0,19.0,22,1.0,0.000385015271604,0.0,95.0,3.0,1.0,0.0008115740492939,True,,,,,,,,,True,completed,all_reduced_candidates,"[6, 9, 4]",1.30324624478817e-05,solver final filtering and index remapping; caller metric conversion excluded,r5-v1,,excluded_precomputed,,True,,,fresh_retrieval,6.547290831804276e-05,0.0002221381291747,8.565466850996017e-05,0.0003862981684505,0.0011978722177445,measured_excluding_encoding,"[15, 72, 8]","[6, 9, 4]",Python/PACS+,3.11.15,,,<paper>/revision_campaign_20260914/default/amazon/default.csv,
75,PACS_dC,1,feasible,complete,1,1,returned,0,,13,0.5,0.7961811639020411,0.5,0.0003452789969742,0.0011568530462682,97.0,1,0,0.0,0.0,0.0,0.0,,,22,1.0,0.000385015271604,0.0,95.0,3.0,1.0,0.0008115740492939,False,,,,,,,,,True,completed,beam_search,"[6, 9, 4]",1.80806964635849e-05,solver final filtering and index remapping; caller metric conversion excluded,r5-v1,,excluded_precomputed,,True,,,fresh_retrieval,6.818212568759918e-05,0.0002099089324474,4.910724237561226e-05,0.0003452789969742,0.0011568530462682,measured_excluding_encoding,"[15, 72, 8]","[6, 9, 4]",Python/PACS_dC,3.11.15,,,<paper>/revision_campaign_20260914/default/amazon/default.csv,
75,PBS-unbounded,1,feasible,complete,1,1,returned,0,,22,1.0,1.0,1.0,0.000361387617886,0.00117296166718,140.0,1,0,0.0,0.0,0.0,0.0,95.0,19.0,22,1.0,0.000385015271604,0.0,95.0,3.0,1.0,0.0008115740492939,True,,,,,,,,,True,completed,all_reduced_candidates,"[6, 9, 4]",1.339660957455635e-05,solver final filtering and index remapping; caller metric conversion excluded,r5-v1,,excluded_precomputed,,True,,,fresh_retrieval,5.037803202867508e-05,0.0002188929356634,7.872004061937332e-05,0.000361387617886,0.00117296166718,measured_excluding_encoding,"[15, 72, 8]","[6, 9, 4]",Python/PBS-unbounded,3.11.15,,,<paper>/revision_campaign_20260914/default/amazon/default.csv,
75,PTS,1,feasible,complete,1,1,returned,0,,22,1.0,1.0,1.0,0.0009944848716259,0.0018060589209198,256.0,1,0,0.0,0.0,0.0,0.0,95.0,19.0,22,1.0,0.000385015271604,0.0,95.0,3.0,1.0,0.0008115740492939,True,,,,,,,500.0,,True,completed,fixed_candidate_tree,"[6, 9, 4]",2.0719598978757855e-05,solver final filtering and index remapping; caller metric conversion excluded,r5-v1,,excluded_precomputed,,True,,,fresh_retrieval,4.671839997172356e-05,0.0008440129458904,8.303392678499222e-05,0.0009944848716259,0.0018060589209198,measured_excluding_encoding,"[15, 72, 8]","[6, 9, 4]",Python/DFS,3.11.15,,,<paper>/revision_campaign_20260914/default/amazon/default.csv,
75,eps-ILP g=2,1,feasible,complete,1,1,returned,0,5.0,2,0.0909090909090909,0.2604631982146848,0.0909090909090909,0.0243930681608617,0.0252046422101557,475.0,5,0,0.0,0.0,2.0,0.0,,,22,1.0,0.000385015271604,0.0,95.0,3.0,1.0,0.0008115740492939,,,,,,,,,,True,grid_complete,configured_grid,,1.3315118849277496e-05,solver final filtering and index remapping; caller metric conversion excluded,r5-v1,,excluded_precomputed,,True,,,fresh_retrieval,0.0,0.024362854193896,1.6898848116397858e-05,0.0243930681608617,0.0252046422101557,measured_excluding_encoding,"[15, 72, 8]","[15, 72, 8]",scipy.optimize.milp/HiGHS,1.17.1,1.12.0,1.0,<paper>/revision_campaign_20260914/default/amazon/default.csv,
75,eps-ILP g=4,1,feasible,complete,1,1,returned,0,17.0,6,0.2727272727272727,0.736534888363087,0.2727272727272727,0.0772286280989646,0.0780402021482586,1615.0,17,0,0.0,0.0,4.0,0.0,,,22,1.0,0.000385015271604,0.0,95.0,3.0,1.0,0.0008115740492939,,,,,,,,,,True,grid_complete,configured_grid,,1.5678349882364273e-05,solver final filtering and index remapping; caller metric conversion excluded,r5-v1,,excluded_precomputed,,True,,,fresh_retrieval,0.0,0.0771608189679682,5.213078111410141e-05,0.0772286280989646,0.0780402021482586,measured_excluding_encoding,"[15, 72, 8]","[15, 72, 8]",scipy.optimize.milp/HiGHS,1.17.1,1.12.0,1.0,<paper>/revision_campaign_20260914/default/amazon/default.csv,
75,eps-ILP g=8,1,feasible,complete,1,1,returned,0,65.0,11,0.5,0.923684983005135,0.5,0.3617899711243808,0.3626015451736748,6175.0,65,0,0.0,0.0,8.0,0.0,,,22,1.0,0.000385015271604,0.0,95.0,3.0,1.0,0.0008115740492939,,,,,,,,,,True,grid_complete,configured_grid,,1.832703128457069e-05,solver final filtering and index remapping; caller metric conversion excluded,r5-v1,,excluded_precomputed,,True,,,fresh_retrieval,0.0,0.3613108303397894,0.0004608137533068,0.3617899711243808,0.3626015451736748,measured_excluding_encoding,"[15, 72, 8]","[15, 72, 8]",scipy.optimize.milp/HiGHS,1.17.1,1.12.0,1.0,<paper>/revision_campaign_20260914/default/amazon/default.csv,
75,eps-ILP g=16,1,feasible,complete,1,1,returned,0,257.0,17,0.7727272727272727,0.9615391466706096,0.7727272727272727,1.488676077220589,1.489487651269883,24415.0,257,0,0.0,0.0,32.0,0.0,,,22,1.0,0.000385015271604,0.0,95.0,3.0,1.0,0.0008115740492939,,,,,,,,,,True,grid_complete,configured_grid,,5.877204239368439e-05,solver final filtering and index remapping; caller metric conversion excluded,r5-v1,,excluded_precomputed,,True,,,fresh_retrieval,0.0,1.4826628840528429,0.0059544211253523,1.488676077220589,1.489487651269883,measured_excluding_encoding,"[15, 72, 8]","[15, 72, 8]",scipy.optimize.milp/HiGHS,1.17.1,1.12.0,1.0,<paper>/revision_campaign_20260914/default/amazon/default.csv,
75,PBF,1,feasible,complete,1,1,returned,0,,22,1.0,1.0,1.0,0.0057615200057625,0.0065730940550565,25920.0,1,0,0.0,0.0,0.0,0.0,,,22,1.0,0.000385015271604,0.0,95.0,3.0,1.0,0.0008115740492939,True,,,,,,,,,True,complete,full_input,,0.0057615200057625,solver final filtering and index remapping; caller metric conversion excluded,r5-v1,,excluded_precomputed,,True,,,fresh_retrieval,,,,0.0057615200057625,0.0065730940550565,measured_excluding_encoding,"[15, 72, 8]",,Python/PBF,3.11.15,,,<paper>/revision_campaign_20260914/default/amazon/default.csv,
76,PACS,1,feasible,complete,1,1,returned,0,,9,1.0,1.0,1.0,0.0002254708670079,0.0009860876016318,48.0,1,0,0.0,0.0,0.0,0.0,24.0,13.0,9,1.0,0.0002224626950919,0.0,24.0,3.0,1.0,0.0007606167346239,True,,,,,,,,,True,completed,all_reduced_candidates,"[6, 1, 6]",1.2862961739301682e-05,solver final filtering and index remapping; caller metric conversion excluded,r5-v1,,excluded_precomputed,,True,,,fresh_retrieval,2.705678343772888e-05,0.0001164353452622,6.91157765686512e-05,0.0002254708670079,0.0009860876016318,measured_excluding_encoding,"[13, 1, 10]","[6, 1, 6]",Python/PACS+,3.11.15,,,<paper>/revision_campaign_20260914/default/amazon/default.csv,
76,PACS_dC,1,feasible,complete,1,1,returned,0,,7,0.5555555555555556,0.957671726010249,0.5555555555555556,0.0002192589454352,0.0009798756800591,27.0,1,0,0.0,0.0,0.0,0.0,,,9,1.0,0.0002224626950919,0.0,24.0,3.0,1.0,0.0007606167346239,False,,,,,,,,,True,completed,beam_search,"[6, 1, 6]",2.3428816348314285e-05,solver final filtering and index remapping; caller metric conversion excluded,r5-v1,,excluded_precomputed,,True,,,fresh_retrieval,3.460003063082695e-05,0.0001305970363318,3.063306212425232e-05,0.0002192589454352,0.0009798756800591,measured_excluding_encoding,"[13, 1, 10]","[6, 1, 6]",Python/PACS_dC,3.11.15,,,<paper>/revision_campaign_20260914/default/amazon/default.csv,
76,PBS-unbounded,1,feasible,complete,1,1,returned,0,,9,1.0,1.0,1.0,0.0002122051082551,0.000972821842879,48.0,1,0,0.0,0.0,0.0,0.0,24.0,13.0,9,1.0,0.0002224626950919,0.0,24.0,3.0,1.0,0.0007606167346239,True,,,,,,,,,True,completed,all_reduced_candidates,"[6, 1, 6]",1.2979842722415924e-05,solver final filtering and index remapping; caller metric conversion excluded,r5-v1,,excluded_precomputed,,True,,,fresh_retrieval,2.065533772110939e-05,0.0001181848347187,6.03850930929184e-05,0.0002122051082551,0.000972821842879,measured_excluding_encoding,"[13, 1, 10]","[6, 1, 6]",Python/PBS-unbounded,3.11.15,,,<paper>/revision_campaign_20260914/default/amazon/default.csv,
76,PTS,1,feasible,complete,1,1,returned,0,,9,1.0,1.0,1.0,0.000456407200545,0.0012170239351689,93.0,1,0,0.0,0.0,0.0,0.0,24.0,13.0,9,1.0,0.0002224626950919,0.0,24.0,3.0,1.0,0.0007606167346239,True,,,,,,,500.0,,True,completed,fixed_candidate_tree,"[6, 1, 6]",2.058502286672592e-05,solver final filtering and index remapping; caller metric conversion excluded,r5-v1,,excluded_precomputed,,True,,,fresh_retrieval,1.8749386072158813e-05,0.0003783255815505,3.874721005558968e-05,0.000456407200545,0.0012170239351689,measured_excluding_encoding,"[13, 1, 10]","[6, 1, 6]",Python/DFS,3.11.15,,,<paper>/revision_campaign_20260914/default/amazon/default.csv,
76,eps-ILP g=2,1,feasible,complete,1,1,returned,0,5.0,4,0.4444444444444444,0.7512019368650157,0.4444444444444444,0.0250412351451814,0.0258018518798053,120.0,5,0,0.0,0.0,0.0,0.0,,,9,1.0,0.0002224626950919,0.0,24.0,3.0,1.0,0.0007606167346239,,,,,,,,,,True,grid_complete,configured_grid,,1.3506971299648283e-05,solver final filtering and index remapping; caller metric conversion excluded,r5-v1,,excluded_precomputed,,True,,,fresh_retrieval,0.0,0.024999454151839,2.8274022042751312e-05,0.0250412351451814,0.0258018518798053,measured_excluding_encoding,"[13, 1, 10]","[13, 1, 10]",scipy.optimize.milp/HiGHS,1.17.1,1.12.0,1.0,<paper>/revision_campaign_20260914/default/amazon/default.csv,
76,eps-ILP g=4,1,feasible,complete,1,1,returned,0,17.0,5,0.5555555555555556,0.9149790719606308,0.5555555555555556,0.0938048204407095,0.0945654371753335,408.0,17,0,0.0,0.0,0.0,0.0,,,9,1.0,0.0002224626950919,0.0,24.0,3.0,1.0,0.0007606167346239,,,,,,,,,,True,grid_complete,configured_grid,,1.5845056623220444e-05,solver final filtering and index remapping; caller metric conversion excluded,r5-v1,,excluded_precomputed,,True,,,fresh_retrieval,0.0,0.0937194060534238,6.956933066248894e-05,0.0938048204407095,0.0945654371753335,measured_excluding_encoding,"[13, 1, 10]","[13, 1, 10]",scipy.optimize.milp/HiGHS,1.17.1,1.12.0,1.0,<paper>/revision_campaign_20260914/default/amazon/default.csv,
76,eps-ILP g=8,1,feasible,complete,1,1,returned,0,65.0,6,0.6666666666666666,0.9541275873142882,0.6666666666666666,0.3461502161808312,0.3469108329154551,1560.0,65,0,0.0,0.0,0.0,0.0,,,9,1.0,0.0002224626950919,0.0,24.0,3.0,1.0,0.0007606167346239,,,,,,,,,,True,grid_complete,configured_grid,,1.970399171113968e-05,solver final filtering and index remapping; caller metric conversion excluded,r5-v1,,excluded_precomputed,,True,,,fresh_retrieval,0.0,0.3455463531427085,0.0005841590464115,0.3461502161808312,0.3469108329154551,measured_excluding_encoding,"[13, 1, 10]","[13, 1, 10]",scipy.optimize.milp/HiGHS,1.17.1,1.12.0,1.0,<paper>/revision_campaign_20260914/default/amazon/default.csv,
76,eps-ILP g=16,1,feasible,complete,1,1,returned,0,257.0,8,0.8888888888888888,0.99487241072991,0.8888888888888888,1.3457563486881554,1.346516965422779,6168.0,257,0,0.0,0.0,0.0,0.0,,,9,1.0,0.0002224626950919,0.0,24.0,3.0,1.0,0.0007606167346239,,,,,,,,,,True,grid_complete,configured_grid,,3.228150308132172e-05,solver final filtering and index remapping; caller metric conversion excluded,r5-v1,,excluded_precomputed,,True,,,fresh_retrieval,0.0,1.337815480772406,0.0079085864126682,1.3457563486881554,1.346516965422779,measured_excluding_encoding,"[13, 1, 10]","[13, 1, 10]",scipy.optimize.milp/HiGHS,1.17.1,1.12.0,1.0,<paper>/revision_campaign_20260914/default/amazon/default.csv,
76,PBF,1,feasible,complete,1,1,returned,0,,9,1.0,1.0,1.0,0.0004010889679193,0.0011617057025432,390.0,1,0,0.0,0.0,0.0,0.0,,,9,1.0,0.0002224626950919,0.0,24.0,3.0,1.0,0.0007606167346239,True,,,,,,,,,True,complete,full_input,,0.0004010889679193,solver final filtering and index remapping; caller metric conversion excluded,r5-v1,,excluded_precomputed,,True,,,fresh_retrieval,,,,0.0004010889679193,0.0011617057025432,measured_excluding_encoding,"[13, 1, 10]",,Python/PBF,3.11.15,,,<paper>/revision_campaign_20260914/default/amazon/default.csv,
77,PACS,1,feasible,complete,1,1,returned,0,,23,1.0,1.0,1.0,0.0019490788690745,0.0031379731371998,1249.0,1,0,0.0,0.0,0.0,0.0,547.0,43.0,23,1.0,0.0020299348980188,0.0,547.0,5.0,1.0,0.0011888942681252,True,,,,,,,,,True,completed,all_reduced_candidates,"[12, 14, 7, 6, 4]",1.4654826372861862e-05,solver final filtering and index remapping; caller metric conversion excluded,r5-v1,,excluded_precomputed,,True,,,fresh_retrieval,0.0003419830463826,0.0015006330795586,9.180791676044464e-05,0.0019490788690745,0.0031379731371998,measured_excluding_encoding,"[112, 399, 20, 11, 5]","[12, 14, 7, 6, 4]",Python/PACS+,3.11.15,,,<paper>/revision_campaign_20260914/default/amazon/default.csv,
77,PACS_dC,0,feasible,complete,1,1,no_assignment,0,,0,0.0,0.0,0.0,0.0007315189577639,0.0019204132258892,369.0,1,0,0.0,0.0,0.0,0.0,,,23,1.0,0.0020299348980188,0.0,547.0,5.0,1.0,0.0011888942681252,False,,,,,,,,,True,completed,beam_search,"[12, 14, 7, 6, 4]",1.867162063717842e-05,solver final filtering and index remapping; caller metric conversion excluded,r5-v1,,excluded_precomputed,,True,,,fresh_retrieval,0.0003610793501138,0.0003482759930193,3.4919939935207367e-06,0.0007315189577639,0.0019204132258892,measured_excluding_encoding,"[112, 399, 20, 11, 5]","[12, 14, 7, 6, 4]",Python/PACS_dC,3.11.15,,,<paper>/revision_campaign_20260914/default/amazon/default.csv,
77,PBS-unbounded,1,feasible,complete,1,1,returned,0,,23,1.0,1.0,1.0,0.0019039059989154,0.0030928002670407,1249.0,1,0,0.0,0.0,0.0,0.0,547.0,43.0,23,1.0,0.0020299348980188,0.0,547.0,5.0,1.0,0.0011888942681252,True,,,,,,,,,True,completed,all_reduced_candidates,"[12, 14, 7, 6, 4]",1.4771707355976105e-05,solver final filtering and index remapping; caller metric conversion excluded,r5-v1,,excluded_precomputed,,True,,,fresh_retrieval,0.0003084200434386,0.0014933780767023,8.733617141842842e-05,0.0019039059989154,0.0030928002670407,measured_excluding_encoding,"[112, 399, 20, 11, 5]","[12, 14, 7, 6, 4]",Python/PBS-unbounded,3.11.15,,,<paper>/revision_campaign_20260914/default/amazon/default.csv,
77,PTS,1,feasible,complete,1,1,returned,0,,23,1.0,1.0,1.0,0.0023680990561842,0.0035569933243095,1721.0,1,0,0.0,0.0,0.0,0.0,547.0,43.0,23,1.0,0.0020299348980188,0.0,547.0,5.0,1.0,0.0011888942681252,True,,,,,,,500.0,,True,completed,fixed_candidate_tree,"[12, 14, 7, 6, 4]",2.478715032339096e-05,solver final filtering and index remapping; caller metric conversion excluded,r5-v1,,excluded_precomputed,,True,,,fresh_retrieval,0.0002963142469525,0.0019530938006937,9.390385821461678e-05,0.0023680990561842,0.0035569933243095,measured_excluding_encoding,"[112, 399, 20, 11, 5]","[12, 14, 7, 6, 4]",Python/DFS,3.11.15,,,<paper>/revision_campaign_20260914/default/amazon/default.csv,
77,eps-ILP g=2,1,feasible,complete,1,1,returned,0,5.0,2,0.0869565217391304,0.0112956188786414,0.0869565217391304,0.0691295801661908,0.0703184744343161,2735.0,5,0,0.0,0.0,2.0,0.0,,,23,1.0,0.0020299348980188,0.0,547.0,5.0,1.0,0.0011888942681252,,,,,,,,,,True,grid_complete,configured_grid,,1.4477409422397614e-05,solver final filtering and index remapping; caller metric conversion excluded,r5-v1,,excluded_precomputed,,True,,,fresh_retrieval,0.0,0.0690957140177488,1.938873901963234e-05,0.0691295801661908,0.0703184744343161,measured_excluding_encoding,"[112, 399, 20, 11, 5]","[112, 399, 20, 11, 5]",scipy.optimize.milp/HiGHS,1.17.1,1.12.0,1.0,<paper>/revision_campaign_20260914/default/amazon/default.csv,
77,eps-ILP g=4,1,feasible,complete,1,1,returned,0,17.0,6,0.2608695652173913,0.613869376176145,0.2608695652173913,0.2403490059077739,0.2415379001758992,9299.0,17,0,0.0,0.0,6.0,0.0,,,23,1.0,0.0020299348980188,0.0,547.0,5.0,1.0,0.0011888942681252,,,,,,,,,,True,grid_complete,configured_grid,,1.5418045222759247e-05,solver final filtering and index remapping; caller metric conversion excluded,r5-v1,,excluded_precomputed,,True,,,fresh_retrieval,0.0,0.2402822510339319,5.1336828619241714e-05,0.2403490059077739,0.2415379001758992,measured_excluding_encoding,"[112, 399, 20, 11, 5]","[112, 399, 20, 11, 5]",scipy.optimize.milp/HiGHS,1.17.1,1.12.0,1.0,<paper>/revision_campaign_20260914/default/amazon/default.csv,
77,eps-ILP g=8,1,feasible,complete,1,1,returned,0,65.0,9,0.391304347826087,0.9313035263655788,0.391304347826087,0.9531384110450744,0.9543273053131998,35555.0,65,0,0.0,0.0,20.0,0.0,,,23,1.0,0.0020299348980188,0.0,547.0,5.0,1.0,0.0011888942681252,,,,,,,,,,True,grid_complete,configured_grid,,1.969886943697929e-05,solver final filtering and index remapping; caller metric conversion excluded,r5-v1,,excluded_precomputed,,True,,,fresh_retrieval,0.0,0.9528134907595812,0.0003052214160561,0.9531384110450744,0.9543273053131998,measured_excluding_encoding,"[112, 399, 20, 11, 5]","[112, 399, 20, 11, 5]",scipy.optimize.milp/HiGHS,1.17.1,1.12.0,1.0,<paper>/revision_campaign_20260914/default/amazon/default.csv,
77,eps-ILP g=16,1,feasible,complete,1,1,returned,0,257.0,15,0.6521739130434783,0.9652477329557442,0.6521739130434783,3.756187515333295,3.75737640960142,140579.0,257,0,0.0,0.0,77.0,0.0,,,23,1.0,0.0020299348980188,0.0,547.0,5.0,1.0,0.0011888942681252,,,,,,,,,,True,grid_complete,configured_grid,,3.340933471918106e-05,solver final filtering and index remapping; caller metric conversion excluded,r5-v1,,excluded_precomputed,,True,,,fresh_retrieval,0.0,3.75226242793724,0.0038916780613362,3.756187515333295,3.75737640960142,measured_excluding_encoding,"[112, 399, 20, 11, 5]","[112, 399, 20, 11, 5]",scipy.optimize.milp/HiGHS,1.17.1,1.12.0,1.0,<paper>/revision_campaign_20260914/default/amazon/default.csv,
77,PBF,1,feasible,complete,1,1,returned,0,,23,1.0,1.0,1.0,12.50396570097655,12.505154595244676,245784000.0,1,0,0.0,0.0,0.0,0.0,,,23,1.0,0.0020299348980188,0.0,547.0,5.0,1.0,0.0011888942681252,True,,,,,,,,,True,complete,full_input,,12.50396570097655,solver final filtering and index remapping; caller metric conversion excluded,r5-v1,,excluded_precomputed,,True,,,fresh_retrieval,,,,12.50396570097655,12.505154595244676,measured_excluding_encoding,"[112, 399, 20, 11, 5]",,Python/PBF,3.11.15,,,<paper>/revision_campaign_20260914/default/amazon/default.csv,
78,PACS,1,feasible,complete,1,1,returned,0,,18,0.1224489795918367,0.6979584886255372,0.1224489795918367,0.1209386889822781,0.1220016139559447,1961.0,1,0,0.0,0.0,0.0,0.0,279.0,40.0,147,1.0,0.0131279379129409,0.0,279.0,7.0,1.0,0.0010629249736666,False,,,,,,,,,True,completed,beam_search,"[1, 7, 3, 3, 14, 1, 11]",8.180178701877594e-05,solver final filtering and index remapping; caller metric conversion excluded,r5-v1,,excluded_precomputed,,True,,,fresh_retrieval,0.000186129938811,0.1203400162048637,0.0003307410515844,0.1209386889822781,0.1220016139559447,measured_excluding_encoding,"[5, 8, 7, 3, 64, 1, 191]","[1, 7, 3, 3, 14, 1, 11]",Python/PACS+,3.11.15,,,<paper>/revision_campaign_20260914/default/amazon/default.csv,
78,PACS_dC,1,feasible,complete,1,1,returned,0,,48,0.2040816326530612,0.8551924795420427,0.2040816326530612,0.0011379229836165,0.0022008479572832,242.0,1,0,0.0,0.0,0.0,0.0,,,147,1.0,0.0131279379129409,0.0,279.0,7.0,1.0,0.0010629249736666,False,,,,,,,,,True,completed,beam_search,"[1, 7, 3, 3, 14, 1, 11]",1.5303026884794235e-05,solver final filtering and index remapping; caller metric conversion excluded,r5-v1,,excluded_precomputed,,True,,,fresh_retrieval,0.0001641833223402,0.0007937937043607,0.0001646429300308,0.0011379229836165,0.0022008479572832,measured_excluding_encoding,"[5, 8, 7, 3, 64, 1, 191]","[1, 7, 3, 3, 14, 1, 11]",Python/PACS_dC,3.11.15,,,<paper>/revision_campaign_20260914/default/amazon/default.csv,
78,PBS-unbounded,1,feasible,complete,1,1,returned,0,,147,1.0,1.0,1.0,0.0129480878822505,0.0140110128559172,3185.0,1,0,0.0,0.0,0.0,0.0,279.0,40.0,147,1.0,0.0131279379129409,0.0,279.0,7.0,1.0,0.0010629249736666,True,,,,,,,,,True,completed,all_reduced_candidates,"[1, 7, 3, 3, 14, 1, 11]",0.000149130821228,solver final filtering and index remapping; caller metric conversion excluded,r5-v1,,excluded_precomputed,,True,,,fresh_retrieval,0.0001855511218309,0.0111451749689877,0.0014682309702038,0.0129480878822505,0.0140110128559172,measured_excluding_encoding,"[5, 8, 7, 3, 64, 1, 191]","[1, 7, 3, 3, 14, 1, 11]",Python/PBS-unbounded,3.11.15,,,<paper>/revision_campaign_20260914/default/amazon/default.csv,
78,PTS,1,feasible,complete,1,1,returned,0,,97,0.238095238095238,0.7094342271774923,0.238095238095238,0.0100448741577565,0.0111077991314232,2898.0,1,0,0.0,0.0,0.0,0.0,279.0,40.0,147,1.0,0.0131279379129409,0.0,279.0,7.0,1.0,0.0010629249736666,False,,,,,,,500.0,,False,iteration_limit,fixed_candidate_tree,"[1, 7, 3, 3, 14, 1, 11]",4.7404319047927856e-05,solver final filtering and index remapping; caller metric conversion excluded,r5-v1,,excluded_precomputed,,True,,,fresh_retrieval,0.0001508709974586,0.0094868866726756,0.0003597121685743,0.0100448741577565,0.0111077991314232,measured_excluding_encoding,"[5, 8, 7, 3, 64, 1, 191]","[1, 7, 3, 3, 14, 1, 11]",Python/DFS,3.11.15,,,<paper>/revision_campaign_20260914/default/amazon/default.csv,
78,eps-ILP g=2,1,feasible,complete,1,1,returned,0,5.0,3,0.0204081632653061,0.3500093395518615,0.0204081632653061,0.0391505281440913,0.040213453117758,1395.0,5,0,0.0,0.0,1.0,0.0,,,147,1.0,0.0131279379129409,0.0,279.0,7.0,1.0,0.0010629249736666,,,,,,,,,,True,grid_complete,configured_grid,,1.5230383723974228e-05,solver final filtering and index remapping; caller metric conversion excluded,r5-v1,,excluded_precomputed,,True,,,fresh_retrieval,0.0,0.0391152282245457,2.006953582167625e-05,0.0391505281440913,0.040213453117758,measured_excluding_encoding,"[5, 8, 7, 3, 64, 1, 191]","[5, 8, 7, 3, 64, 1, 191]",scipy.optimize.milp/HiGHS,1.17.1,1.12.0,1.0,<paper>/revision_campaign_20260914/default/amazon/default.csv,
78,eps-ILP g=4,1,feasible,complete,1,1,returned,0,17.0,6,0.0408163265306122,0.5916238989252357,0.0408163265306122,0.1574898702092468,0.1585527951829135,4743.0,17,0,0.0,0.0,1.0,0.0,,,147,1.0,0.0131279379129409,0.0,279.0,7.0,1.0,0.0010629249736666,,,,,,,,,,True,grid_complete,configured_grid,,1.7138198018074036e-05,solver final filtering and index remapping; caller metric conversion excluded,r5-v1,,excluded_precomputed,,True,,,fresh_retrieval,0.0,0.1574017200618982,7.101194933056831e-05,0.1574898702092468,0.1585527951829135,measured_excluding_encoding,"[5, 8, 7, 3, 64, 1, 191]","[5, 8, 7, 3, 64, 1, 191]",scipy.optimize.milp/HiGHS,1.17.1,1.12.0,1.0,<paper>/revision_campaign_20260914/default/amazon/default.csv,
78,eps-ILP g=8,1,feasible,complete,1,1,returned,0,65.0,16,0.1088435374149659,0.8822798981329677,0.1088435374149659,0.6326211090199649,0.6336840339936316,18135.0,65,0,0.0,0.0,1.0,0.0,,,147,1.0,0.0131279379129409,0.0,279.0,7.0,1.0,0.0010629249736666,,,,,,,,,,True,grid_complete,configured_grid,,2.0061153918504715e-05,solver final filtering and index remapping; caller metric conversion excluded,r5-v1,,excluded_precomputed,,True,,,fresh_retrieval,0.0,0.6320342682301998,0.0005667796358466,0.6326211090199649,0.6336840339936316,measured_excluding_encoding,"[5, 8, 7, 3, 64, 1, 191]","[5, 8, 7, 3, 64, 1, 191]",scipy.optimize.milp/HiGHS,1.17.1,1.12.0,1.0,<paper>/revision_campaign_20260914/default/amazon/default.csv,
78,eps-ILP g=16,1,feasible,complete,1,1,returned,0,257.0,42,0.2857142857142857,0.970541287901853,0.2857142857142857,2.7010558848269284,2.702118809800595,71703.0,257,0,0.0,0.0,1.0,0.0,,,147,1.0,0.0131279379129409,0.0,279.0,7.0,1.0,0.0010629249736666,,,,,,,,,,True,grid_complete,configured_grid,,3.796722739934921e-05,solver final filtering and index remapping; caller metric conversion excluded,r5-v1,,excluded_precomputed,,True,,,fresh_retrieval,0.0,2.6933027380146086,0.0077151795849204,2.7010558848269284,2.702118809800595,measured_excluding_encoding,"[5, 8, 7, 3, 64, 1, 191]","[5, 8, 7, 3, 64, 1, 191]",scipy.optimize.milp/HiGHS,1.17.1,1.12.0,1.0,<paper>/revision_campaign_20260914/default/amazon/default.csv,
78,PBF,1,feasible,complete,1,1,solver_timeout,0,,147,1.0,1.0,1.0,30.377275940030813,30.37833886500448,60555264.0,1,1,0.0,0.0,0.0,1.0,,,147,1.0,0.0131279379129409,0.0,279.0,7.0,1.0,0.0010629249736666,False,,,,,,,,,False,timeout,full_input,,30.377275940030813,solver final filtering and index remapping; caller metric conversion excluded,r5-v1,,excluded_precomputed,,True,,,fresh_retrieval,,,,30.377275940030813,30.37833886500448,measured_excluding_encoding,"[5, 8, 7, 3, 64, 1, 191]",,Python/PBF,3.11.15,,,<paper>/revision_campaign_20260914/default/amazon/default.csv,
79,PACS,1,feasible,complete,1,1,returned,0,,99,0.188235294117647,0.8318156409174013,0.188235294117647,0.0073700137436389,0.0088149379007518,2122.0,1,0,0.0,0.0,0.0,0.0,754.0,44.0,425,1.0,0.0156225678510963,0.0,754.0,7.0,1.0,0.0014449241571128,False,,,,,,,,,True,completed,beam_search,"[6, 5, 3, 17, 3, 2, 8]",4.667649045586586e-05,solver final filtering and index remapping; caller metric conversion excluded,r5-v1,,excluded_precomputed,,True,,,fresh_retrieval,0.0005020080134272,0.0064507448114454,0.0003705844283103,0.0073700137436389,0.0088149379007518,measured_excluding_encoding,"[11, 10, 6, 352, 10, 2, 363]","[6, 5, 3, 17, 3, 2, 8]",Python/PACS+,3.11.15,,,<paper>/revision_campaign_20260914/default/amazon/default.csv,
79,PACS_dC,1,feasible,complete,1,1,returned,0,,4,0.0023529411764705,0.0795866955344287,0.0023529411764705,0.001395278610289,0.0028402027674019,368.0,1,0,0.0,0.0,0.0,0.0,,,425,1.0,0.0156225678510963,0.0,754.0,7.0,1.0,0.0014449241571128,False,,,,,,,,,True,completed,beam_search,"[6, 5, 3, 17, 3, 2, 8]",1.3300683349370956e-05,solver final filtering and index remapping; caller metric conversion excluded,r5-v1,,excluded_precomputed,,True,,,fresh_retrieval,0.0004624230787158,0.0008989297784864,2.0625069737434387e-05,0.001395278610289,0.0028402027674019,measured_excluding_encoding,"[11, 10, 6, 352, 10, 2, 363]","[6, 5, 3, 17, 3, 2, 8]",Python/PACS_dC,3.11.15,,,<paper>/revision_campaign_20260914/default/amazon/default.csv,
79,PBS-unbounded,1,feasible,complete,1,1,returned,0,,425,1.0,1.0,1.0,0.0155956037342548,0.0170405278913676,4544.0,1,0,0.0,0.0,0.0,0.0,754.0,44.0,425,1.0,0.0156225678510963,0.0,754.0,7.0,1.0,0.0014449241571128,True,,,,,,,,,True,completed,all_reduced_candidates,"[6, 5, 3, 17, 3, 2, 8]",0.0001183915883302,solver final filtering and index remapping; caller metric conversion excluded,r5-v1,,excluded_precomputed,,True,,,fresh_retrieval,0.0004910132847726,0.0132256150245666,0.0017605838365852,0.0155956037342548,0.0170405278913676,measured_excluding_encoding,"[11, 10, 6, 352, 10, 2, 363]","[6, 5, 3, 17, 3, 2, 8]",Python/PBS-unbounded,3.11.15,,,<paper>/revision_campaign_20260914/default/amazon/default.csv,
79,PTS,1,feasible,complete,1,1,returned,0,,69,0.0188235294117647,0.3507927359837728,0.0188235294117647,0.0082484148442745,0.0096933390013873,2872.0,1,0,0.0,0.0,0.0,0.0,754.0,44.0,425,1.0,0.0156225678510963,0.0,754.0,7.0,1.0,0.0014449241571128,False,,,,,,,500.0,,False,iteration_limit,fixed_candidate_tree,"[6, 5, 3, 17, 3, 2, 8]",4.8681627959012985e-05,solver final filtering and index remapping; caller metric conversion excluded,r5-v1,,excluded_precomputed,,True,,,fresh_retrieval,0.0004863031208515,0.0074565759859979,0.000256854109466,0.0082484148442745,0.0096933390013873,measured_excluding_encoding,"[11, 10, 6, 352, 10, 2, 363]","[6, 5, 3, 17, 3, 2, 8]",Python/DFS,3.11.15,,,<paper>/revision_campaign_20260914/default/amazon/default.csv,
79,eps-ILP g=2,1,feasible,complete,1,1,returned,0,5.0,3,0.0070588235294117,0.1053398114054549,0.0070588235294117,0.1149564972147345,0.1164014213718473,3770.0,5,0,0.0,0.0,1.0,0.0,,,425,1.0,0.0156225678510963,0.0,754.0,7.0,1.0,0.0014449241571128,,,,,,,,,,True,grid_complete,configured_grid,,1.5527475625276566e-05,solver final filtering and index remapping; caller metric conversion excluded,r5-v1,,excluded_precomputed,,True,,,fresh_retrieval,0.0,0.114919644780457,2.132495865225792e-05,0.1149564972147345,0.1164014213718473,measured_excluding_encoding,"[11, 10, 6, 352, 10, 2, 363]","[11, 10, 6, 352, 10, 2, 363]",scipy.optimize.milp/HiGHS,1.17.1,1.12.0,1.0,<paper>/revision_campaign_20260914/default/amazon/default.csv,
79,eps-ILP g=4,1,feasible,complete,1,1,returned,0,17.0,9,0.0211764705882352,0.3088416579220985,0.0211764705882352,0.4007722078822553,0.4022171320393681,12818.0,17,0,0.0,0.0,3.0,0.0,,,425,1.0,0.0156225678510963,0.0,754.0,7.0,1.0,0.0014449241571128,,,,,,,,,,True,grid_complete,configured_grid,,1.6479752957820892e-05,solver final filtering and index remapping; caller metric conversion excluded,r5-v1,,excluded_precomputed,,True,,,fresh_retrieval,0.0,0.4006961002014577,5.962792783975601e-05,0.4007722078822553,0.4022171320393681,measured_excluding_encoding,"[11, 10, 6, 352, 10, 2, 363]","[11, 10, 6, 352, 10, 2, 363]",scipy.optimize.milp/HiGHS,1.17.1,1.12.0,1.0,<paper>/revision_campaign_20260914/default/amazon/default.csv,
79,eps-ILP g=8,1,feasible,complete,1,1,returned,0,65.0,23,0.0541176470588235,0.7912488658411514,0.0541176470588235,1.6138986363075674,1.6153435604646802,49010.0,65,0,0.0,0.0,8.0,0.0,,,425,1.0,0.0156225678510963,0.0,754.0,7.0,1.0,0.0014449241571128,,,,,,,,,,True,grid_complete,configured_grid,,2.1234620362520215e-05,solver final filtering and index remapping; caller metric conversion excluded,r5-v1,,excluded_precomputed,,True,,,fresh_retrieval,0.0,1.6134324236772954,0.0004449780099093,1.6138986363075674,1.6153435604646802,measured_excluding_encoding,"[11, 10, 6, 352, 10, 2, 363]","[11, 10, 6, 352, 10, 2, 363]",scipy.optimize.milp/HiGHS,1.17.1,1.12.0,1.0,<paper>/revision_campaign_20260914/default/amazon/default.csv,
79,eps-ILP g=16,1,feasible,complete,1,1,returned,0,257.0,85,0.2,0.9187494777802884,0.2,6.3055773340165615,6.307022258173674,193778.0,257,0,0.0,0.0,20.0,0.0,,,425,1.0,0.0156225678510963,0.0,754.0,7.0,1.0,0.0014449241571128,,,,,,,,,,True,grid_complete,configured_grid,,3.4386757761240005e-05,solver final filtering and index remapping; caller metric conversion excluded,r5-v1,,excluded_precomputed,,True,,,fresh_retrieval,0.0,6.2992539051920176,0.0062890420667827,6.3055773340165615,6.307022258173674,measured_excluding_encoding,"[11, 10, 6, 352, 10, 2, 363]","[11, 10, 6, 352, 10, 2, 363]",scipy.optimize.milp/HiGHS,1.17.1,1.12.0,1.0,<paper>/revision_campaign_20260914/default/amazon/default.csv,
79,PBF,0,feasible,complete,1,1,work_limit,0,,0,0.0,0.0,0.0,2.5418121367692947e-05,0.0014703422784805,0.0,1,0,0.0,0.0,0.0,0.0,,,425,1.0,0.0156225678510963,0.0,754.0,7.0,1.0,0.0014449241571128,False,,,,,,,,,False,combination_limit,full_input,,2.5418121367692947e-05,solver final filtering and index remapping; caller metric conversion excluded,r5-v1,,excluded_precomputed,,True,,,fresh_retrieval,,,,2.5418121367692947e-05,0.0014703422784805,measured_excluding_encoding,"[11, 10, 6, 352, 10, 2, 363]",,Python/PBF,3.11.15,,,<paper>/revision_campaign_20260914/default/amazon/default.csv,
80,PACS,1,feasible,complete,1,1,returned,0,,25,1.0,1.0,1.0,0.0006166361272335,0.0015149721875786,203.0,1,0,0.0,0.0,0.0,0.0,98.0,22.0,25,1.0,0.0006661219522356,0.0,98.0,3.0,1.0,0.0008983360603451,True,,,,,,,,,True,completed,all_reduced_candidates,"[7, 8, 7]",1.5496741980314255e-05,solver final filtering and index remapping; caller metric conversion excluded,r5-v1,,excluded_precomputed,,True,,,fresh_retrieval,7.165130227804184e-05,0.0004029087722301,0.000126579310745,0.0006166361272335,0.0015149721875786,measured_excluding_encoding,"[16, 22, 60]","[7, 8, 7]",Python/PACS+,3.11.15,,,<paper>/revision_campaign_20260914/default/amazon/default.csv,
80,PACS_dC,1,feasible,complete,1,1,returned,0,,8,0.24,0.893956555075071,0.24,0.0002697859890758,0.001168122049421,51.0,1,0,0.0,0.0,0.0,0.0,,,25,1.0,0.0006661219522356,0.0,98.0,3.0,1.0,0.0008983360603451,False,,,,,,,,,True,completed,beam_search,"[7, 8, 7]",1.7972663044929504e-05,solver final filtering and index remapping; caller metric conversion excluded,r5-v1,,excluded_precomputed,,True,,,fresh_retrieval,7.499800994992256e-05,0.000143744982779,3.3070333302021027e-05,0.0002697859890758,0.001168122049421,measured_excluding_encoding,"[16, 22, 60]","[7, 8, 7]",Python/PACS_dC,3.11.15,,,<paper>/revision_campaign_20260914/default/amazon/default.csv,
80,PBS-unbounded,1,feasible,complete,1,1,returned,0,,25,1.0,1.0,1.0,0.0005901847034692,0.0014885207638144,203.0,1,0,0.0,0.0,0.0,0.0,98.0,22.0,25,1.0,0.0006661219522356,0.0,98.0,3.0,1.0,0.0008983360603451,True,,,,,,,,,True,completed,all_reduced_candidates,"[7, 8, 7]",1.6756821423768997e-05,solver final filtering and index remapping; caller metric conversion excluded,r5-v1,,excluded_precomputed,,True,,,fresh_retrieval,5.668913945555687e-05,0.0003978349268436,0.0001189038157463,0.0005901847034692,0.0014885207638144,measured_excluding_encoding,"[16, 22, 60]","[7, 8, 7]",Python/PBS-unbounded,3.11.15,,,<paper>/revision_campaign_20260914/default/amazon/default.csv,
80,PTS,1,feasible,complete,1,1,returned,0,,25,1.0,1.0,1.0,0.001271765679121,0.0021701017394661,392.0,1,0,0.0,0.0,0.0,0.0,98.0,22.0,25,1.0,0.0006661219522356,0.0,98.0,3.0,1.0,0.0008983360603451,True,,,,,,,500.0,,True,completed,fixed_candidate_tree,"[7, 8, 7]",2.245651558041573e-05,solver final filtering and index remapping; caller metric conversion excluded,r5-v1,,excluded_precomputed,,True,,,fresh_retrieval,5.2449293434619904e-05,0.0011020149104297,9.484495967626572e-05,0.001271765679121,0.0021701017394661,measured_excluding_encoding,"[16, 22, 60]","[7, 8, 7]",Python/DFS,3.11.15,,,<paper>/revision_campaign_20260914/default/amazon/default.csv,
80,eps-ILP g=2,1,feasible,complete,1,1,returned,0,5.0,4,0.16,0.0867231353368656,0.16,0.0254685953259468,0.0263669313862919,490.0,5,0,0.0,0.0,0.0,0.0,,,25,1.0,0.0006661219522356,0.0,98.0,3.0,1.0,0.0008983360603451,,,,,,,,,,True,grid_complete,configured_grid,,1.5133991837501526e-05,solver final filtering and index remapping; caller metric conversion excluded,r5-v1,,excluded_precomputed,,True,,,fresh_retrieval,0.0,0.0254314700141549,2.199131995439529e-05,0.0254685953259468,0.0263669313862919,measured_excluding_encoding,"[16, 22, 60]","[16, 22, 60]",scipy.optimize.milp/HiGHS,1.17.1,1.12.0,1.0,<paper>/revision_campaign_20260914/default/amazon/default.csv,
80,eps-ILP g=4,1,feasible,complete,1,1,returned,0,17.0,7,0.28,0.3409763789998886,0.28,0.1037339307367801,0.1046322667971253,1666.0,17,0,0.0,0.0,0.0,0.0,,,25,1.0,0.0006661219522356,0.0,98.0,3.0,1.0,0.0008983360603451,,,,,,,,,,True,grid_complete,configured_grid,,1.6715843230485916e-05,solver final filtering and index remapping; caller metric conversion excluded,r5-v1,,excluded_precomputed,,True,,,fresh_retrieval,0.0,0.1036452408879995,7.19740055501461e-05,0.1037339307367801,0.1046322667971253,measured_excluding_encoding,"[16, 22, 60]","[16, 22, 60]",scipy.optimize.milp/HiGHS,1.17.1,1.12.0,1.0,<paper>/revision_campaign_20260914/default/amazon/default.csv,
80,eps-ILP g=8,1,feasible,complete,1,1,returned,0,65.0,12,0.48,0.8507654582472196,0.48,0.4307160680182278,0.431614404078573,6370.0,65,0,0.0,0.0,0.0,0.0,,,25,1.0,0.0006661219522356,0.0,98.0,3.0,1.0,0.0008983360603451,,,,,,,,,,True,grid_complete,configured_grid,,2.212636172771454e-05,solver final filtering and index remapping; caller metric conversion excluded,r5-v1,,excluded_precomputed,,True,,,fresh_retrieval,0.0,0.4301157840527594,0.0005781576037406,0.4307160680182278,0.431614404078573,measured_excluding_encoding,"[16, 22, 60]","[16, 22, 60]",scipy.optimize.milp/HiGHS,1.17.1,1.12.0,1.0,<paper>/revision_campaign_20260914/default/amazon/default.csv,
80,eps-ILP g=16,1,feasible,complete,1,1,returned,0,257.0,18,0.72,0.9948110775431792,0.72,1.8480822001583876,1.8489805362187328,25186.0,257,0,0.0,0.0,0.0,0.0,,,25,1.0,0.0006661219522356,0.0,98.0,3.0,1.0,0.0008983360603451,,,,,,,,,,True,grid_complete,configured_grid,,4.005851224064827e-05,solver final filtering and index remapping; caller metric conversion excluded,r5-v1,,excluded_precomputed,,True,,,fresh_retrieval,0.0,1.840396100655198,0.0076460409909486,1.8480822001583876,1.8489805362187328,measured_excluding_encoding,"[16, 22, 60]","[16, 22, 60]",scipy.optimize.milp/HiGHS,1.17.1,1.12.0,1.0,<paper>/revision_campaign_20260914/default/amazon/default.csv,
80,PBF,1,feasible,complete,1,1,returned,0,,25,1.0,1.0,1.0,0.0200229128822684,0.0209212489426136,63360.0,1,0,0.0,0.0,0.0,0.0,,,25,1.0,0.0006661219522356,0.0,98.0,3.0,1.0,0.0008983360603451,True,,,,,,,,,True,complete,full_input,,0.0200229128822684,solver final filtering and index remapping; caller metric conversion excluded,r5-v1,,excluded_precomputed,,True,,,fresh_retrieval,,,,0.0200229128822684,0.0209212489426136,measured_excluding_encoding,"[16, 22, 60]",,Python/PBF,3.11.15,,,<paper>/revision_campaign_20260914/default/amazon/default.csv,
81,PACS,1,feasible,complete,1,1,returned,0,,27,1.0,1.0,1.0,0.0005052969790995,0.0014926316216588,172.0,1,0,0.0,0.0,0.0,0.0,296.0,28.0,27,1.0,0.0005555180832743,0.0,296.0,3.0,1.0,0.0009873346425592,True,,,,,,,,,True,completed,all_reduced_candidates,"[4, 6, 18]",1.1997763067483902e-05,solver final filtering and index remapping; caller metric conversion excluded,r5-v1,,excluded_precomputed,,True,,,fresh_retrieval,0.0002129124477505,0.0001770015805959,0.0001033851876854,0.0005052969790995,0.0014926316216588,measured_excluding_encoding,"[5, 33, 258]","[4, 6, 18]",Python/PACS+,3.11.15,,,<paper>/revision_campaign_20260914/default/amazon/default.csv,
81,PACS_dC,1,feasible,complete,1,1,returned,0,,27,1.0,1.0,1.0,0.0005124839954078,0.0014998186379671,172.0,1,0,0.0,0.0,0.0,0.0,,,27,1.0,0.0005555180832743,0.0,296.0,3.0,1.0,0.0009873346425592,False,,,,,,,,,True,completed,beam_search,"[4, 6, 18]",1.176772639155388e-05,solver final filtering and index remapping; caller metric conversion excluded,r5-v1,,excluded_precomputed,,True,,,fresh_retrieval,0.0001897681504487,0.0002208868972957,9.006122127175331e-05,0.0005124839954078,0.0014998186379671,measured_excluding_encoding,"[5, 33, 258]","[4, 6, 18]",Python/PACS_dC,3.11.15,,,<paper>/revision_campaign_20260914/default/amazon/default.csv,
81,PBS-unbounded,1,feasible,complete,1,1,returned,0,,27,1.0,1.0,1.0,0.0004583429545164,0.0014456775970757,172.0,1,0,0.0,0.0,0.0,0.0,296.0,28.0,27,1.0,0.0005555180832743,0.0,296.0,3.0,1.0,0.0009873346425592,True,,,,,,,,,True,completed,all_reduced_candidates,"[4, 6, 18]",1.3222917914390564e-05,solver final filtering and index remapping; caller metric conversion excluded,r5-v1,,excluded_precomputed,,True,,,fresh_retrieval,0.0001868628896772,0.0001645698212087,9.368732571601868e-05,0.0004583429545164,0.0014456775970757,measured_excluding_encoding,"[5, 33, 258]","[4, 6, 18]",Python/PBS-unbounded,3.11.15,,,<paper>/revision_campaign_20260914/default/amazon/default.csv,
81,PTS,1,feasible,complete,1,1,returned,0,,27,1.0,1.0,1.0,0.0009669810533523,0.0019543156959116,394.0,1,0,0.0,0.0,0.0,0.0,296.0,28.0,27,1.0,0.0005555180832743,0.0,296.0,3.0,1.0,0.0009873346425592,True,,,,,,,500.0,,True,completed,fixed_candidate_tree,"[4, 6, 18]",2.1188054233789444e-05,solver final filtering and index remapping; caller metric conversion excluded,r5-v1,,excluded_precomputed,,True,,,fresh_retrieval,0.0001849173568189,0.0006616208702325,9.925477206707e-05,0.0009669810533523,0.0019543156959116,measured_excluding_encoding,"[5, 33, 258]","[4, 6, 18]",Python/DFS,3.11.15,,,<paper>/revision_campaign_20260914/default/amazon/default.csv,
81,eps-ILP g=2,1,feasible,complete,1,1,returned,0,5.0,2,0.074074074074074,0.1053178833242688,0.074074074074074,0.04174594162032,0.0427332762628793,1480.0,5,0,0.0,0.0,2.0,0.0,,,27,1.0,0.0005555180832743,0.0,296.0,3.0,1.0,0.0009873346425592,,,,,,,,,,True,grid_complete,configured_grid,,1.4201737940311432e-05,solver final filtering and index remapping; caller metric conversion excluded,r5-v1,,excluded_precomputed,,True,,,fresh_retrieval,0.0,0.0417131036520004,1.8636230379343036e-05,0.04174594162032,0.0427332762628793,measured_excluding_encoding,"[5, 33, 258]","[5, 33, 258]",scipy.optimize.milp/HiGHS,1.17.1,1.12.0,1.0,<paper>/revision_campaign_20260914/default/amazon/default.csv,
81,eps-ILP g=4,1,feasible,complete,1,1,returned,0,17.0,6,0.2222222222222222,0.5755675249156625,0.2222222222222222,0.147249654866755,0.1482369895093143,5032.0,17,0,0.0,0.0,6.0,0.0,,,27,1.0,0.0005555180832743,0.0,296.0,3.0,1.0,0.0009873346425592,,,,,,,,,,True,grid_complete,configured_grid,,1.6291160136461258e-05,solver final filtering and index remapping; caller metric conversion excluded,r5-v1,,excluded_precomputed,,True,,,fresh_retrieval,0.0,0.1471885917708277,4.4771935790777206e-05,0.147249654866755,0.1482369895093143,measured_excluding_encoding,"[5, 33, 258]","[5, 33, 258]",scipy.optimize.milp/HiGHS,1.17.1,1.12.0,1.0,<paper>/revision_campaign_20260914/default/amazon/default.csv,
81,eps-ILP g=8,1,feasible,complete,1,1,returned,0,65.0,13,0.4814814814814814,0.9411043201199704,0.4814814814814814,0.6153388507664204,0.6163261854089797,19240.0,65,0,0.0,0.0,14.0,0.0,,,27,1.0,0.0005555180832743,0.0,296.0,3.0,1.0,0.0009873346425592,,,,,,,,,,True,grid_complete,configured_grid,,2.0496081560850143e-05,solver final filtering and index remapping; caller metric conversion excluded,r5-v1,,excluded_precomputed,,True,,,fresh_retrieval,0.0,0.614933867007494,0.0003844876773655,0.6153388507664204,0.6163261854089797,measured_excluding_encoding,"[5, 33, 258]","[5, 33, 258]",scipy.optimize.milp/HiGHS,1.17.1,1.12.0,1.0,<paper>/revision_campaign_20260914/default/amazon/default.csv,
81,eps-ILP g=16,1,feasible,complete,1,1,returned,0,257.0,17,0.6296296296296297,0.97638388219713,0.6296296296296297,2.44700002996251,2.447987364605069,76072.0,257,0,0.0,0.0,56.0,0.0,,,27,1.0,0.0005555180832743,0.0,296.0,3.0,1.0,0.0009873346425592,,,,,,,,,,True,grid_complete,configured_grid,,3.613019362092018e-05,solver final filtering and index remapping; caller metric conversion excluded,r5-v1,,excluded_precomputed,,True,,,fresh_retrieval,0.0,2.4421940511092544,0.0047698486596345,2.44700002996251,2.447987364605069,measured_excluding_encoding,"[5, 33, 258]","[5, 33, 258]",scipy.optimize.milp/HiGHS,1.17.1,1.12.0,1.0,<paper>/revision_campaign_20260914/default/amazon/default.csv,
81,PBF,1,feasible,complete,1,1,returned,0,,27,1.0,1.0,1.0,0.0114304511807858,0.0124177858233451,127710.0,1,0,0.0,0.0,0.0,0.0,,,27,1.0,0.0005555180832743,0.0,296.0,3.0,1.0,0.0009873346425592,True,,,,,,,,,True,complete,full_input,,0.0114304511807858,solver final filtering and index remapping; caller metric conversion excluded,r5-v1,,excluded_precomputed,,True,,,fresh_retrieval,,,,0.0114304511807858,0.0124177858233451,measured_excluding_encoding,"[5, 33, 258]",,Python/PBF,3.11.15,,,<paper>/revision_campaign_20260914/default/amazon/default.csv,
82,PACS,1,feasible,complete,1,1,returned,0,,50,1.0,1.0,1.0,0.0017586601898074,0.0026333662681281,715.0,1,0,0.0,0.0,0.0,0.0,134.0,29.0,50,1.0,0.0018369876779615,0.0,134.0,5.0,1.0,0.0008747060783207,True,,,,,,,,,True,completed,all_reduced_candidates,"[6, 9, 3, 7, 4]",2.5705434381961823e-05,solver final filtering and index remapping; caller metric conversion excluded,r5-v1,,excluded_precomputed,,True,,,fresh_retrieval,0.0001034210436046,0.0013710646890103,0.0002584690228104,0.0017586601898074,0.0026333662681281,measured_excluding_encoding,"[39, 25, 17, 44, 9]","[6, 9, 3, 7, 4]",Python/PACS+,3.11.15,,,<paper>/revision_campaign_20260914/default/amazon/default.csv,
82,PACS_dC,1,feasible,complete,1,1,returned,0,,7,0.12,0.5441403139353088,0.12,0.0004179868847131,0.0012926929630339,129.0,1,0,0.0,0.0,0.0,0.0,,,50,1.0,0.0018369876779615,0.0,134.0,5.0,1.0,0.0008747060783207,False,,,,,,,,,True,completed,beam_search,"[6, 9, 3, 7, 4]",1.2545846402645113e-05,solver final filtering and index remapping; caller metric conversion excluded,r5-v1,,excluded_precomputed,,True,,,fresh_retrieval,7.614679634571075e-05,0.0003010220825672,2.827215939760208e-05,0.0004179868847131,0.0012926929630339,measured_excluding_encoding,"[39, 25, 17, 44, 9]","[6, 9, 3, 7, 4]",Python/PACS_dC,3.11.15,,,<paper>/revision_campaign_20260914/default/amazon/default.csv,
82,PBS-unbounded,1,feasible,complete,1,1,returned,0,,50,1.0,1.0,1.0,0.0018417136743664,0.0027164197526872,715.0,1,0,0.0,0.0,0.0,0.0,134.0,29.0,50,1.0,0.0018369876779615,0.0,134.0,5.0,1.0,0.0008747060783207,True,,,,,,,,,True,completed,all_reduced_candidates,"[6, 9, 3, 7, 4]",2.3959670215845108e-05,solver final filtering and index remapping; caller metric conversion excluded,r5-v1,,excluded_precomputed,,True,,,fresh_retrieval,9.358488023281096e-05,0.0014602104201912,0.0002639587037265,0.0018417136743664,0.0027164197526872,measured_excluding_encoding,"[39, 25, 17, 44, 9]","[6, 9, 3, 7, 4]",Python/PBS-unbounded,3.11.15,,,<paper>/revision_campaign_20260914/default/amazon/default.csv,
82,PTS,1,feasible,complete,1,1,returned,0,,50,1.0,1.0,1.0,0.0063861305825412,0.0072608366608619,2410.0,1,0,0.0,0.0,0.0,0.0,134.0,29.0,50,1.0,0.0018369876779615,0.0,134.0,5.0,1.0,0.0008747060783207,True,,,,,,,500.0,,True,completed,fixed_candidate_tree,"[6, 9, 3, 7, 4]",4.204455763101578e-05,solver final filtering and index remapping; caller metric conversion excluded,r5-v1,,excluded_precomputed,,True,,,fresh_retrieval,6.807222962379456e-05,0.0060883308760821,0.0001876829192042,0.0063861305825412,0.0072608366608619,measured_excluding_encoding,"[39, 25, 17, 44, 9]","[6, 9, 3, 7, 4]",Python/DFS,3.11.15,,,<paper>/revision_campaign_20260914/default/amazon/default.csv,
82,eps-ILP g=2,1,feasible,complete,1,1,returned,0,5.0,2,0.04,0.1440115787286236,0.04,0.0335341989994049,0.0344089050777256,670.0,5,0,0.0,0.0,2.0,0.0,,,50,1.0,0.0018369876779615,0.0,134.0,5.0,1.0,0.0008747060783207,,,,,,,,,,True,grid_complete,configured_grid,,1.3855285942554474e-05,solver final filtering and index remapping; caller metric conversion excluded,r5-v1,,excluded_precomputed,,True,,,fresh_retrieval,0.0,0.0335025447420775,1.7798971384763718e-05,0.0335341989994049,0.0344089050777256,measured_excluding_encoding,"[39, 25, 17, 44, 9]","[39, 25, 17, 44, 9]",scipy.optimize.milp/HiGHS,1.17.1,1.12.0,1.0,<paper>/revision_campaign_20260914/default/amazon/default.csv,
82,eps-ILP g=4,1,feasible,complete,1,1,returned,0,17.0,7,0.14,0.7237720857231209,0.14,0.1212156149558723,0.122090321034193,2278.0,17,0,0.0,0.0,4.0,0.0,,,50,1.0,0.0018369876779615,0.0,134.0,5.0,1.0,0.0008747060783207,,,,,,,,,,True,grid_complete,configured_grid,,1.550000160932541e-05,solver final filtering and index remapping; caller metric conversion excluded,r5-v1,,excluded_precomputed,,True,,,fresh_retrieval,0.0,0.1211477192118763,5.239574238657952e-05,0.1212156149558723,0.122090321034193,measured_excluding_encoding,"[39, 25, 17, 44, 9]","[39, 25, 17, 44, 9]",scipy.optimize.milp/HiGHS,1.17.1,1.12.0,1.0,<paper>/revision_campaign_20260914/default/amazon/default.csv,
82,eps-ILP g=8,1,feasible,complete,1,1,returned,0,65.0,17,0.34,0.8543758049581976,0.34,0.4724778477102518,0.4733525537885725,8710.0,65,0,0.0,0.0,14.0,0.0,,,50,1.0,0.0018369876779615,0.0,134.0,5.0,1.0,0.0008747060783207,,,,,,,,,,True,grid_complete,configured_grid,,1.815706491470337e-05,solver final filtering and index remapping; caller metric conversion excluded,r5-v1,,excluded_precomputed,,True,,,fresh_retrieval,0.0,0.4720899686217308,0.0003697220236063,0.4724778477102518,0.4733525537885725,measured_excluding_encoding,"[39, 25, 17, 44, 9]","[39, 25, 17, 44, 9]",scipy.optimize.milp/HiGHS,1.17.1,1.12.0,1.0,<paper>/revision_campaign_20260914/default/amazon/default.csv,
82,eps-ILP g=16,1,feasible,complete,1,1,returned,0,257.0,26,0.52,0.965655108767968,0.52,1.899757874198258,1.9006325802765789,34438.0,257,0,0.0,0.0,49.0,0.0,,,50,1.0,0.0018369876779615,0.0,134.0,5.0,1.0,0.0008747060783207,,,,,,,,,,True,grid_complete,configured_grid,,3.521842882037163e-05,solver final filtering and index remapping; caller metric conversion excluded,r5-v1,,excluded_precomputed,,True,,,fresh_retrieval,0.0,1.894735463894904,0.0049871918745338,1.899757874198258,1.9006325802765789,measured_excluding_encoding,"[39, 25, 17, 44, 9]","[39, 25, 17, 44, 9]",scipy.optimize.milp/HiGHS,1.17.1,1.12.0,1.0,<paper>/revision_campaign_20260914/default/amazon/default.csv,
82,PBF,1,feasible,complete,1,1,returned,0,,50,1.0,1.0000000000000002,1.0,4.44083754112944,4.441712247207761,32818500.0,1,0,0.0,0.0,0.0,0.0,,,50,1.0,0.0018369876779615,0.0,134.0,5.0,1.0,0.0008747060783207,True,,,,,,,,,True,complete,full_input,,4.44083754112944,solver final filtering and index remapping; caller metric conversion excluded,r5-v1,,excluded_precomputed,,True,,,fresh_retrieval,,,,4.44083754112944,4.441712247207761,measured_excluding_encoding,"[39, 25, 17, 44, 9]",,Python/PBF,3.11.15,,,<paper>/revision_campaign_20260914/default/amazon/default.csv,
83,PACS,1,feasible,complete,1,1,returned,0,,61,0.4388489208633093,0.8925563940676768,0.4388489208633093,0.0039135450497269,0.0049057230353355,1416.0,1,0,0.0,0.0,0.0,0.0,295.0,38.0,139,1.0,0.0041131507605314,0.0,295.0,4.0,1.0,0.0009921779856085,False,,,,,,,,,True,completed,beam_search,"[15, 7, 4, 12]",4.919013008475304e-05,solver final filtering and index remapping; caller metric conversion excluded,r5-v1,,excluded_precomputed,,True,,,fresh_retrieval,0.0002135699614882,0.0032471772283315,0.0004036077298223,0.0039135450497269,0.0049057230353355,measured_excluding_encoding,"[57, 26, 6, 206]","[15, 7, 4, 12]",Python/PACS+,3.11.15,,,<paper>/revision_campaign_20260914/default/amazon/default.csv,
83,PACS_dC,1,feasible,complete,1,1,returned,0,,40,0.1007194244604316,0.6399064501250481,0.1007194244604316,0.0008651386015117,0.0018573165871202,379.0,1,0,0.0,0.0,0.0,0.0,,,139,1.0,0.0041131507605314,0.0,295.0,4.0,1.0,0.0009921779856085,False,,,,,,,,,True,completed,beam_search,"[15, 7, 4, 12]",1.4135614037513731e-05,solver final filtering and index remapping; caller metric conversion excluded,r5-v1,,excluded_precomputed,,True,,,fresh_retrieval,0.0001832232810556,0.0005318936891853,0.0001358860172331,0.0008651386015117,0.0018573165871202,measured_excluding_encoding,"[57, 26, 6, 206]","[15, 7, 4, 12]",Python/PACS_dC,3.11.15,,,<paper>/revision_campaign_20260914/default/amazon/default.csv,
83,PBS-unbounded,1,feasible,complete,1,1,returned,0,,139,1.0,1.0,1.0,0.0039680986665189,0.0049602766521275,1416.0,1,0,0.0,0.0,0.0,0.0,295.0,38.0,139,1.0,0.0041131507605314,0.0,295.0,4.0,1.0,0.0009921779856085,True,,,,,,,,,True,completed,all_reduced_candidates,"[15, 7, 4, 12]",4.837987944483757e-05,solver final filtering and index remapping; caller metric conversion excluded,r5-v1,,excluded_precomputed,,True,,,fresh_retrieval,0.0001999638043344,0.0031229010783135,0.000596853904426,0.0039680986665189,0.0049602766521275,measured_excluding_encoding,"[57, 26, 6, 206]","[15, 7, 4, 12]",Python/PBS-unbounded,3.11.15,,,<paper>/revision_campaign_20260914/default/amazon/default.csv,
83,PTS,1,feasible,complete,1,1,returned,0,,116,0.7410071942446043,0.9873557602905556,0.7410071942446043,0.0108444080688059,0.0118365860544145,2446.0,1,0,0.0,0.0,0.0,0.0,295.0,38.0,139,1.0,0.0041131507605314,0.0,295.0,4.0,1.0,0.0009921779856085,False,,,,,,,500.0,,False,iteration_limit,fixed_candidate_tree,"[15, 7, 4, 12]",4.541408270597458e-05,solver final filtering and index remapping; caller metric conversion excluded,r5-v1,,excluded_precomputed,,True,,,fresh_retrieval,0.0001730099320411,0.0102006341330707,0.000425349920988,0.0108444080688059,0.0118365860544145,measured_excluding_encoding,"[57, 26, 6, 206]","[15, 7, 4, 12]",Python/DFS,3.11.15,,,<paper>/revision_campaign_20260914/default/amazon/default.csv,
83,eps-ILP g=2,1,feasible,complete,1,1,returned,0,5.0,3,0.0215827338129496,0.0614176042784338,0.0215827338129496,0.0499115949496626,0.0509037729352712,1475.0,5,0,0.0,0.0,1.0,0.0,,,139,1.0,0.0041131507605314,0.0,295.0,4.0,1.0,0.0009921779856085,,,,,,,,,,True,grid_complete,configured_grid,,1.4316290616989136e-05,solver final filtering and index remapping; caller metric conversion excluded,r5-v1,,excluded_precomputed,,True,,,fresh_retrieval,0.0,0.0498761660419404,2.111261710524559e-05,0.0499115949496626,0.0509037729352712,measured_excluding_encoding,"[57, 26, 6, 206]","[57, 26, 6, 206]",scipy.optimize.milp/HiGHS,1.17.1,1.12.0,1.0,<paper>/revision_campaign_20260914/default/amazon/default.csv,
83,eps-ILP g=4,1,feasible,complete,1,1,returned,0,17.0,7,0.0503597122302158,0.3740698425945125,0.0503597122302158,0.1817868980579078,0.1827790760435164,5015.0,17,0,0.0,0.0,3.0,0.0,,,139,1.0,0.0041131507605314,0.0,295.0,4.0,1.0,0.0009921779856085,,,,,,,,,,True,grid_complete,configured_grid,,1.6387086361646652e-05,solver final filtering and index remapping; caller metric conversion excluded,r5-v1,,excluded_precomputed,,True,,,fresh_retrieval,0.0,0.1817141869105398,5.63240610063076e-05,0.1817868980579078,0.1827790760435164,measured_excluding_encoding,"[57, 26, 6, 206]","[57, 26, 6, 206]",scipy.optimize.milp/HiGHS,1.17.1,1.12.0,1.0,<paper>/revision_campaign_20260914/default/amazon/default.csv,
83,eps-ILP g=8,1,feasible,complete,1,1,returned,0,65.0,18,0.1294964028776978,0.8350577224814058,0.1294964028776978,0.7373582315631211,0.7383504095487297,19175.0,65,0,0.0,0.0,6.0,0.0,,,139,1.0,0.0041131507605314,0.0,295.0,4.0,1.0,0.0009921779856085,,,,,,,,,,True,grid_complete,configured_grid,,1.9313767552375797e-05,solver final filtering and index remapping; caller metric conversion excluded,r5-v1,,excluded_precomputed,,True,,,fresh_retrieval,0.0,0.7368644466623664,0.0004744711332023,0.7373582315631211,0.7383504095487297,measured_excluding_encoding,"[57, 26, 6, 206]","[57, 26, 6, 206]",scipy.optimize.milp/HiGHS,1.17.1,1.12.0,1.0,<paper>/revision_campaign_20260914/default/amazon/default.csv,
83,eps-ILP g=16,1,feasible,complete,1,1,returned,0,257.0,40,0.2877697841726618,0.9536223160132736,0.2877697841726618,3.0388372451998293,3.039829423185438,75815.0,257,0,0.0,0.0,20.0,0.0,,,139,1.0,0.0041131507605314,0.0,295.0,4.0,1.0,0.0009921779856085,,,,,,,,,,True,grid_complete,configured_grid,,4.738336428999901e-05,solver final filtering and index remapping; caller metric conversion excluded,r5-v1,,excluded_precomputed,,True,,,fresh_retrieval,0.0,3.0323214386589825,0.0064684231765568,3.0388372451998293,3.039829423185438,measured_excluding_encoding,"[57, 26, 6, 206]","[57, 26, 6, 206]",scipy.optimize.milp/HiGHS,1.17.1,1.12.0,1.0,<paper>/revision_campaign_20260914/default/amazon/default.csv,
83,PBF,1,feasible,complete,1,1,returned,0,,139,1.0,1.0,1.0,1.0867996481247246,1.0877918261103332,7327008.0,1,0,0.0,0.0,0.0,0.0,,,139,1.0,0.0041131507605314,0.0,295.0,4.0,1.0,0.0009921779856085,True,,,,,,,,,True,complete,full_input,,1.0867996481247246,solver final filtering and index remapping; caller metric conversion excluded,r5-v1,,excluded_precomputed,,True,,,fresh_retrieval,,,,1.0867996481247246,1.0877918261103332,measured_excluding_encoding,"[57, 26, 6, 206]",,Python/PBF,3.11.15,,,<paper>/revision_campaign_20260914/default/amazon/default.csv,
84,PACS,1,feasible,complete,1,1,returned,0,,1,1.0,1.0,1.0,8.245697245001793e-05,0.0008422788232564,12.0,1,0,0.0,0.0,0.0,0.0,11.0,6.0,1,1.0,7.012300193309784e-05,0.0,11.0,3.0,1.0,0.0007598218508064,True,,,,,,,,,True,completed,all_reduced_candidates,"[4, 1, 1]",1.1641066521406174e-05,solver final filtering and index remapping; caller metric conversion excluded,r5-v1,,excluded_precomputed,,True,,,fresh_retrieval,2.083415165543556e-05,1.64019875228405e-05,3.357976675033569e-05,8.245697245001793e-05,0.0008422788232564,measured_excluding_encoding,"[6, 1, 4]","[4, 1, 1]",Python/PACS+,3.11.15,,,<paper>/revision_campaign_20260914/default/amazon/default.csv,
84,PACS_dC,1,feasible,complete,1,1,returned,0,,1,1.0,1.0,1.0,0.0001064357347786,0.0008662575855851,6.0,1,0,0.0,0.0,0.0,0.0,,,1,1.0,7.012300193309784e-05,0.0,11.0,3.0,1.0,0.0007598218508064,False,,,,,,,,,True,completed,beam_search,"[4, 1, 1]",1.7472077161073685e-05,solver final filtering and index remapping; caller metric conversion excluded,r5-v1,,excluded_precomputed,,True,,,fresh_retrieval,2.505490556359291e-05,5.474686622619629e-05,9.16188582777977e-06,0.0001064357347786,0.0008662575855851,measured_excluding_encoding,"[6, 1, 4]","[4, 1, 1]",Python/PACS_dC,3.11.15,,,<paper>/revision_campaign_20260914/default/amazon/default.csv,
84,PBS-unbounded,1,feasible,complete,1,1,returned,0,,1,1.0,1.0,1.0,6.171595305204391e-05,0.0008215378038585,12.0,1,0,0.0,0.0,0.0,0.0,11.0,6.0,1,1.0,7.012300193309784e-05,0.0,11.0,3.0,1.0,0.0007598218508064,True,,,,,,,,,True,completed,all_reduced_candidates,"[4, 1, 1]",1.0591931641101835e-05,solver final filtering and index remapping; caller metric conversion excluded,r5-v1,,excluded_precomputed,,True,,,fresh_retrieval,1.3390090316534042e-05,1.5389174222946167e-05,2.2344756871461868e-05,6.171595305204391e-05,0.0008215378038585,measured_excluding_encoding,"[6, 1, 4]","[4, 1, 1]",Python/PBS-unbounded,3.11.15,,,<paper>/revision_campaign_20260914/default/amazon/default.csv,
84,PTS,1,feasible,complete,1,1,returned,0,,1,1.0,1.0,1.0,9.855534881353378e-05,0.00085837719962,7.0,1,0,0.0,0.0,0.0,0.0,11.0,6.0,1,1.0,7.012300193309784e-05,0.0,11.0,3.0,1.0,0.0007598218508064,True,,,,,,,500.0,,True,completed,fixed_candidate_tree,"[4, 1, 1]",2.0244158804416656e-05,solver final filtering and index remapping; caller metric conversion excluded,r5-v1,,excluded_precomputed,,True,,,fresh_retrieval,1.1552125215530396e-05,5.488889291882515e-05,1.187017187476158e-05,9.855534881353378e-05,0.00085837719962,measured_excluding_encoding,"[6, 1, 4]","[4, 1, 1]",Python/DFS,3.11.15,,,<paper>/revision_campaign_20260914/default/amazon/default.csv,
84,eps-ILP g=2,1,feasible,complete,1,1,returned,0,5.0,1,1.0,1.0,1.0,0.0137472730129957,0.0145070948638021,55.0,5,0,0.0,0.0,0.0,0.0,,,1,1.0,7.012300193309784e-05,0.0,11.0,3.0,1.0,0.0007598218508064,,,,,,,,,,True,grid_complete,configured_grid,,1.3601966202259064e-05,solver final filtering and index remapping; caller metric conversion excluded,r5-v1,,excluded_precomputed,,True,,,fresh_retrieval,0.0,0.0137122110463678,2.1460000425577164e-05,0.0137472730129957,0.0145070948638021,measured_excluding_encoding,"[6, 1, 4]","[6, 1, 4]",scipy.optimize.milp/HiGHS,1.17.1,1.12.0,1.0,<paper>/revision_campaign_20260914/default/amazon/default.csv,
84,eps-ILP g=4,1,feasible,complete,1,1,returned,0,17.0,1,1.0,1.0,1.0,0.0418001362122595,0.042559958063066,187.0,17,0,0.0,0.0,0.0,0.0,,,1,1.0,7.012300193309784e-05,0.0,11.0,3.0,1.0,0.0007598218508064,,,,,,,,,,True,grid_complete,configured_grid,,1.4404766261577606e-05,solver final filtering and index remapping; caller metric conversion excluded,r5-v1,,excluded_precomputed,,True,,,fresh_retrieval,0.0,0.0417168023996055,6.89290463924408e-05,0.0418001362122595,0.042559958063066,measured_excluding_encoding,"[6, 1, 4]","[6, 1, 4]",scipy.optimize.milp/HiGHS,1.17.1,1.12.0,1.0,<paper>/revision_campaign_20260914/default/amazon/default.csv,
84,eps-ILP g=8,1,feasible,complete,1,1,returned,0,65.0,1,1.0,1.0,1.0,0.1330202519893646,0.1337800738401711,715.0,65,0,0.0,0.0,0.0,0.0,,,1,1.0,7.012300193309784e-05,0.0,11.0,3.0,1.0,0.0007598218508064,,,,,,,,,,True,grid_complete,configured_grid,,1.901201903820038e-05,solver final filtering and index remapping; caller metric conversion excluded,r5-v1,,excluded_precomputed,,True,,,fresh_retrieval,0.0,0.1323481285944581,0.0006531113758683,0.1330202519893646,0.1337800738401711,measured_excluding_encoding,"[6, 1, 4]","[6, 1, 4]",scipy.optimize.milp/HiGHS,1.17.1,1.12.0,1.0,<paper>/revision_campaign_20260914/default/amazon/default.csv,
84,eps-ILP g=16,1,feasible,complete,1,1,returned,0,257.0,1,1.0,1.0,1.0,0.5351934120990336,0.5359532339498401,2827.0,257,0,0.0,0.0,0.0,0.0,,,1,1.0,7.012300193309784e-05,0.0,11.0,3.0,1.0,0.0007598218508064,,,,,,,,,,True,grid_complete,configured_grid,,3.129197284579277e-05,solver final filtering and index remapping; caller metric conversion excluded,r5-v1,,excluded_precomputed,,True,,,fresh_retrieval,0.0,0.5261546419933438,0.0090074781328439,0.5351934120990336,0.5359532339498401,measured_excluding_encoding,"[6, 1, 4]","[6, 1, 4]",scipy.optimize.milp/HiGHS,1.17.1,1.12.0,1.0,<paper>/revision_campaign_20260914/default/amazon/default.csv,
84,PBF,1,feasible,complete,1,1,returned,0,,1,1.0,1.0,1.0,0.0001270687207579,0.0008868905715644,72.0,1,0,0.0,0.0,0.0,0.0,,,1,1.0,7.012300193309784e-05,0.0,11.0,3.0,1.0,0.0007598218508064,True,,,,,,,,,True,complete,full_input,,0.0001270687207579,solver final filtering and index remapping; caller metric conversion excluded,r5-v1,,excluded_precomputed,,True,,,fresh_retrieval,,,,0.0001270687207579,0.0008868905715644,measured_excluding_encoding,"[6, 1, 4]",,Python/PBF,3.11.15,,,<paper>/revision_campaign_20260914/default/amazon/default.csv,
85,PACS,1,feasible,complete,1,1,returned,0,,89,1.0,1.0,1.0,0.0019749188795685,0.0032744626514613,683.0,1,0,0.0,0.0,0.0,0.0,74.0,28.0,89,1.0,0.0019147470593452,0.0,74.0,5.0,1.0,0.0012995437718927,True,,,,,,,,,True,completed,all_reduced_candidates,"[3, 4, 13, 4, 4]",2.3000873625278476e-05,solver final filtering and index remapping; caller metric conversion excluded,r5-v1,,excluded_precomputed,,True,,,fresh_retrieval,0.0001471322029829,0.0014767120592296,0.0003280737437307,0.0019749188795685,0.0032744626514613,measured_excluding_encoding,"[12, 15, 34, 8, 5]","[3, 4, 13, 4, 4]",Python/PACS+,3.11.15,,,<paper>/revision_campaign_20260914/default/amazon/default.csv,
85,PACS_dC,1,feasible,complete,1,1,returned,0,,26,0.2134831460674157,0.3849165822217548,0.2134831460674157,0.0005907481536269,0.0018902919255197,181.0,1,0,0.0,0.0,0.0,0.0,,,89,1.0,0.0019147470593452,0.0,74.0,5.0,1.0,0.0012995437718927,False,,,,,,,,,True,completed,beam_search,"[3, 4, 13, 4, 4]",1.200614497065544e-05,solver final filtering and index remapping; caller metric conversion excluded,r5-v1,,excluded_precomputed,,True,,,fresh_retrieval,0.0001151170581579,0.0003756922669708,8.793268352746964e-05,0.0005907481536269,0.0018902919255197,measured_excluding_encoding,"[12, 15, 34, 8, 5]","[3, 4, 13, 4, 4]",Python/PACS_dC,3.11.15,,,<paper>/revision_campaign_20260914/default/amazon/default.csv,
85,PBS-unbounded,1,feasible,complete,1,1,returned,0,,89,1.0,1.0,1.0,0.0020023281686007,0.0033018719404935,683.0,1,0,0.0,0.0,0.0,0.0,74.0,28.0,89,1.0,0.0019147470593452,0.0,74.0,5.0,1.0,0.0012995437718927,True,,,,,,,,,True,completed,all_reduced_candidates,"[3, 4, 13, 4, 4]",2.39470973610878e-05,solver final filtering and index remapping; caller metric conversion excluded,r5-v1,,excluded_precomputed,,True,,,fresh_retrieval,0.000153215136379,0.0014903051778674,0.0003348607569932,0.0020023281686007,0.0033018719404935,measured_excluding_encoding,"[12, 15, 34, 8, 5]","[3, 4, 13, 4, 4]",Python/PBS-unbounded,3.11.15,,,<paper>/revision_campaign_20260914/default/amazon/default.csv,
85,PTS,1,feasible,complete,1,1,returned,0,,89,1.0,1.0,1.0,0.0063255666755139,0.0076251104474067,1863.0,1,0,0.0,0.0,0.0,0.0,74.0,28.0,89,1.0,0.0019147470593452,0.0,74.0,5.0,1.0,0.0012995437718927,True,,,,,,,500.0,,True,completed,fixed_candidate_tree,"[3, 4, 13, 4, 4]",4.053255543112755e-05,solver final filtering and index remapping; caller metric conversion excluded,r5-v1,,excluded_precomputed,,True,,,fresh_retrieval,0.0001099309884011,0.0058501004241406,0.0003250027075409,0.0063255666755139,0.0076251104474067,measured_excluding_encoding,"[12, 15, 34, 8, 5]","[3, 4, 13, 4, 4]",Python/DFS,3.11.15,,,<paper>/revision_campaign_20260914/default/amazon/default.csv,
85,eps-ILP g=2,1,feasible,complete,1,1,returned,0,5.0,2,0.0224719101123595,0.1028672477094096,0.0224719101123595,0.0290446649305522,0.030344208702445,370.0,5,0,0.0,0.0,2.0,0.0,,,89,1.0,0.0019147470593452,0.0,74.0,5.0,1.0,0.0012995437718927,,,,,,,,,,True,grid_complete,configured_grid,,1.433398574590683e-05,solver final filtering and index remapping; caller metric conversion excluded,r5-v1,,excluded_precomputed,,True,,,fresh_retrieval,0.0,0.0290124309249222,1.7900019884109497e-05,0.0290446649305522,0.030344208702445,measured_excluding_encoding,"[12, 15, 34, 8, 5]","[12, 15, 34, 8, 5]",scipy.optimize.milp/HiGHS,1.17.1,1.12.0,1.0,<paper>/revision_campaign_20260914/default/amazon/default.csv,
85,eps-ILP g=4,1,feasible,complete,1,1,returned,0,17.0,4,0.0449438202247191,0.5829930577962491,0.0449438202247191,0.0937063298188149,0.0950058735907077,1258.0,17,0,0.0,0.0,5.0,0.0,,,89,1.0,0.0019147470593452,0.0,74.0,5.0,1.0,0.0012995437718927,,,,,,,,,,True,grid_complete,configured_grid,,1.5869736671447754e-05,solver final filtering and index remapping; caller metric conversion excluded,r5-v1,,excluded_precomputed,,True,,,fresh_retrieval,0.0,0.0936427880078554,4.7672074288129807e-05,0.0937063298188149,0.0950058735907077,measured_excluding_encoding,"[12, 15, 34, 8, 5]","[12, 15, 34, 8, 5]",scipy.optimize.milp/HiGHS,1.17.1,1.12.0,1.0,<paper>/revision_campaign_20260914/default/amazon/default.csv,
85,eps-ILP g=8,1,feasible,complete,1,1,returned,0,65.0,20,0.2247191011235955,0.9104100773770883,0.2247191011235955,0.4133778209798038,0.4146773647516966,4810.0,65,0,0.0,0.0,12.0,0.0,,,89,1.0,0.0019147470593452,0.0,74.0,5.0,1.0,0.0012995437718927,,,,,,,,,,True,grid_complete,configured_grid,,1.8791761249303814e-05,solver final filtering and index remapping; caller metric conversion excluded,r5-v1,,excluded_precomputed,,True,,,fresh_retrieval,0.0,0.4129410563036799,0.0004179729148745,0.4133778209798038,0.4146773647516966,measured_excluding_encoding,"[12, 15, 34, 8, 5]","[12, 15, 34, 8, 5]",scipy.optimize.milp/HiGHS,1.17.1,1.12.0,1.0,<paper>/revision_campaign_20260914/default/amazon/default.csv,
85,eps-ILP g=16,1,feasible,complete,1,1,returned,0,257.0,46,0.5168539325842697,0.9907577457415224,0.5168539325842697,1.475410406012088,1.4767099497839808,19018.0,257,0,0.0,0.0,30.0,0.0,,,89,1.0,0.0019147470593452,0.0,74.0,5.0,1.0,0.0012995437718927,,,,,,,,,,True,grid_complete,configured_grid,,3.339303657412529e-05,solver final filtering and index remapping; caller metric conversion excluded,r5-v1,,excluded_precomputed,,True,,,fresh_retrieval,0.0,1.469408974982798,0.0059680379927158,1.475410406012088,1.4767099497839808,measured_excluding_encoding,"[12, 15, 34, 8, 5]","[12, 15, 34, 8, 5]",scipy.optimize.milp/HiGHS,1.17.1,1.12.0,1.0,<paper>/revision_campaign_20260914/default/amazon/default.csv,
85,PBF,1,feasible,complete,1,1,returned,0,,89,1.0,1.0,1.0,0.1734351040795445,0.1747346478514373,1224000.0,1,0,0.0,0.0,0.0,0.0,,,89,1.0,0.0019147470593452,0.0,74.0,5.0,1.0,0.0012995437718927,True,,,,,,,,,True,complete,full_input,,0.1734351040795445,solver final filtering and index remapping; caller metric conversion excluded,r5-v1,,excluded_precomputed,,True,,,fresh_retrieval,,,,0.1734351040795445,0.1747346478514373,measured_excluding_encoding,"[12, 15, 34, 8, 5]",,Python/PBF,3.11.15,,,<paper>/revision_campaign_20260914/default/amazon/default.csv,
86,PACS,1,feasible,complete,1,1,returned,0,,54,0.4090909090909091,0.9572800170418596,0.4090909090909091,0.0039670011028647,0.0051474482752382,1151.0,1,0,0.0,0.0,0.0,0.0,438.0,36.0,132,1.0,0.0045603332109749,0.0,438.0,6.0,1.0,0.0011804471723735,False,,,,,,,,,True,completed,beam_search,"[7, 3, 1, 13, 7, 5]",3.550481051206589e-05,solver final filtering and index remapping; caller metric conversion excluded,r5-v1,,excluded_precomputed,,True,,,fresh_retrieval,0.000289992429316,0.0032980665564537,0.0003434373065829,0.0039670011028647,0.0051474482752382,measured_excluding_encoding,"[59, 3, 1, 323, 30, 22]","[7, 3, 1, 13, 7, 5]",Python/PACS+,3.11.15,,,<paper>/revision_campaign_20260914/default/amazon/default.csv,
86,PACS_dC,1,feasible,complete,1,1,returned,0,,64,0.4848484848484848,0.9472254893450596,0.4848484848484848,0.0015686713159084,0.0027491184882819,402.0,1,0,0.0,0.0,0.0,0.0,,,132,1.0,0.0045603332109749,0.0,438.0,6.0,1.0,0.0011804471723735,False,,,,,,,,,True,completed,beam_search,"[7, 3, 1, 13, 7, 5]",1.689651980996132e-05,solver final filtering and index remapping; caller metric conversion excluded,r5-v1,,excluded_precomputed,,True,,,fresh_retrieval,0.0002500009723007,0.0010770112276077,0.0002247625961899,0.0015686713159084,0.0027491184882819,measured_excluding_encoding,"[59, 3, 1, 323, 30, 22]","[7, 3, 1, 13, 7, 5]",Python/PACS_dC,3.11.15,,,<paper>/revision_campaign_20260914/default/amazon/default.csv,
86,PBS-unbounded,1,feasible,complete,1,1,returned,0,,132,1.0,1.0,1.0,0.0046017500571906,0.0057821972295641,1356.0,1,0,0.0,0.0,0.0,0.0,438.0,36.0,132,1.0,0.0045603332109749,0.0,438.0,6.0,1.0,0.0011804471723735,True,,,,,,,,,True,completed,all_reduced_candidates,"[7, 3, 1, 13, 7, 5]",4.292093217372894e-05,solver final filtering and index remapping; caller metric conversion excluded,r5-v1,,excluded_precomputed,,True,,,fresh_retrieval,0.0003057322464883,0.0036422931589186,0.0006108037196099,0.0046017500571906,0.0057821972295641,measured_excluding_encoding,"[59, 3, 1, 323, 30, 22]","[7, 3, 1, 13, 7, 5]",Python/PBS-unbounded,3.11.15,,,<paper>/revision_campaign_20260914/default/amazon/default.csv,
86,PTS,1,feasible,complete,1,1,returned,0,,124,0.9393939393939394,0.9988486444399948,0.9393939393939394,0.0091116460971534,0.0102920932695269,2350.0,1,0,0.0,0.0,0.0,0.0,438.0,36.0,132,1.0,0.0045603332109749,0.0,438.0,6.0,1.0,0.0011804471723735,False,,,,,,,500.0,,False,iteration_limit,fixed_candidate_tree,"[7, 3, 1, 13, 7, 5]",4.1191466152668e-05,solver final filtering and index remapping; caller metric conversion excluded,r5-v1,,excluded_precomputed,,True,,,fresh_retrieval,0.0002360106445848,0.0083787543699145,0.0004556896165013,0.0091116460971534,0.0102920932695269,measured_excluding_encoding,"[59, 3, 1, 323, 30, 22]","[7, 3, 1, 13, 7, 5]",Python/DFS,3.11.15,,,<paper>/revision_campaign_20260914/default/amazon/default.csv,
86,eps-ILP g=2,1,feasible,complete,1,1,returned,0,5.0,4,0.0303030303030303,0.1773574583052348,0.0303030303030303,0.0627746279351413,0.0639550751075148,2190.0,5,0,0.0,0.0,0.0,0.0,,,132,1.0,0.0045603332109749,0.0,438.0,6.0,1.0,0.0011804471723735,,,,,,,,,,True,grid_complete,configured_grid,,1.4526769518852234e-05,solver final filtering and index remapping; caller metric conversion excluded,r5-v1,,excluded_precomputed,,True,,,fresh_retrieval,0.0,0.0627369359135627,2.3165252059698105e-05,0.0627746279351413,0.0639550751075148,measured_excluding_encoding,"[59, 3, 1, 323, 30, 22]","[59, 3, 1, 323, 30, 22]",scipy.optimize.milp/HiGHS,1.17.1,1.12.0,1.0,<paper>/revision_campaign_20260914/default/amazon/default.csv,
86,eps-ILP g=4,1,feasible,complete,1,1,returned,0,17.0,7,0.053030303030303,0.2815231580016559,0.053030303030303,0.2272529387846589,0.2284333859570324,7446.0,17,0,0.0,0.0,0.0,0.0,,,132,1.0,0.0045603332109749,0.0,438.0,6.0,1.0,0.0011804471723735,,,,,,,,,,True,grid_complete,configured_grid,,1.5576370060443878e-05,solver final filtering and index remapping; caller metric conversion excluded,r5-v1,,excluded_precomputed,,True,,,fresh_retrieval,0.0,0.2271650852635502,7.227715104818344e-05,0.2272529387846589,0.2284333859570324,measured_excluding_encoding,"[59, 3, 1, 323, 30, 22]","[59, 3, 1, 323, 30, 22]",scipy.optimize.milp/HiGHS,1.17.1,1.12.0,1.0,<paper>/revision_campaign_20260914/default/amazon/default.csv,
86,eps-ILP g=8,1,feasible,complete,1,1,returned,0,65.0,17,0.1287878787878787,0.7447640075705929,0.1287878787878787,0.956801928114146,0.9579823752865196,28470.0,65,0,0.0,0.0,0.0,0.0,,,132,1.0,0.0045603332109749,0.0,438.0,6.0,1.0,0.0011804471723735,,,,,,,,,,True,grid_complete,configured_grid,,2.067768946290016e-05,solver final filtering and index remapping; caller metric conversion excluded,r5-v1,,excluded_precomputed,,True,,,fresh_retrieval,0.0,0.9562137122265996,0.0005675381980836,0.956801928114146,0.9579823752865196,measured_excluding_encoding,"[59, 3, 1, 323, 30, 22]","[59, 3, 1, 323, 30, 22]",scipy.optimize.milp/HiGHS,1.17.1,1.12.0,1.0,<paper>/revision_campaign_20260914/default/amazon/default.csv,
86,eps-ILP g=16,1,feasible,complete,1,1,returned,0,257.0,33,0.25,0.9081970647038208,0.25,3.7385055529884994,3.739686000160873,112566.0,257,0,0.0,0.0,0.0,0.0,,,132,1.0,0.0045603332109749,0.0,438.0,6.0,1.0,0.0011804471723735,,,,,,,,,,True,grid_complete,configured_grid,,3.87607142329216e-05,solver final filtering and index remapping; caller metric conversion excluded,r5-v1,,excluded_precomputed,,True,,,fresh_retrieval,0.0,3.730925743933767,0.0075410483404994,3.7385055529884994,3.739686000160873,measured_excluding_encoding,"[59, 3, 1, 323, 30, 22]","[59, 3, 1, 323, 30, 22]",scipy.optimize.milp/HiGHS,1.17.1,1.12.0,1.0,<paper>/revision_campaign_20260914/default/amazon/default.csv,
86,PBF,1,feasible,complete,1,1,solver_timeout,0,,134,0.9318181818181818,0.996807321198472,0.9318181818181818,30.16243976028636,30.16362020745873,101449728.0,1,1,0.0,0.0,0.0,1.0,,,132,1.0,0.0045603332109749,0.0,438.0,6.0,1.0,0.0011804471723735,False,,,,,,,,,False,timeout,full_input,,30.16243976028636,solver final filtering and index remapping; caller metric conversion excluded,r5-v1,,excluded_precomputed,,True,,,fresh_retrieval,,,,30.16243976028636,30.16362020745873,measured_excluding_encoding,"[59, 3, 1, 323, 30, 22]",,Python/PBF,3.11.15,,,<paper>/revision_campaign_20260914/default/amazon/default.csv,
87,PACS,1,feasible,complete,1,1,returned,0,,88,0.4938271604938271,0.933166595655684,0.4938271604938271,0.0071369740180671,0.0082068527117371,2348.0,1,0,0.0,0.0,0.0,0.0,315.0,49.0,162,1.0,0.0100526819005608,0.0,315.0,7.0,1.0,0.00106987869367,False,,,,,,,,,True,completed,beam_search,"[6, 10, 5, 14, 6, 6, 2]",2.5387853384017944e-05,solver final filtering and index remapping; caller metric conversion excluded,r5-v1,,excluded_precomputed,,True,,,fresh_retrieval,0.0002389792352914,0.006514610722661,0.0003579962067306,0.0071369740180671,0.0082068527117371,measured_excluding_encoding,"[12, 65, 15, 188, 23, 7, 5]","[6, 10, 5, 14, 6, 6, 2]",Python/PACS+,3.11.15,,,<paper>/revision_campaign_20260914/default/amazon/default.csv,
87,PACS_dC,1,feasible,complete,1,1,returned,0,,29,0.1296296296296296,0.3275255677112018,0.1296296296296296,0.0019366429187357,0.0030065216124057,909.0,1,0,0.0,0.0,0.0,0.0,,,162,1.0,0.0100526819005608,0.0,315.0,7.0,1.0,0.00106987869367,False,,,,,,,,,True,completed,beam_search,"[6, 10, 5, 14, 6, 6, 2]",8.946424350142479e-05,solver final filtering and index remapping; caller metric conversion excluded,r5-v1,,excluded_precomputed,,True,,,fresh_retrieval,0.0001771948300302,0.0015711309388279,9.885290637612344e-05,0.0019366429187357,0.0030065216124057,measured_excluding_encoding,"[12, 65, 15, 188, 23, 7, 5]","[6, 10, 5, 14, 6, 6, 2]",Python/PACS_dC,3.11.15,,,<paper>/revision_campaign_20260914/default/amazon/default.csv,
87,PBS-unbounded,1,feasible,complete,1,1,returned,0,,162,1.0,1.0,1.0,0.0099888937547802,0.0110587724484503,3676.0,1,0,0.0,0.0,0.0,0.0,315.0,49.0,162,1.0,0.0100526819005608,0.0,315.0,7.0,1.0,0.00106987869367,True,,,,,,,,,True,completed,all_reduced_candidates,"[6, 10, 5, 14, 6, 6, 2]",2.7589965611696243e-05,solver final filtering and index remapping; caller metric conversion excluded,r5-v1,,excluded_precomputed,,True,,,fresh_retrieval,0.0001726178452372,0.0090970201417803,0.0006916658021509,0.0099888937547802,0.0110587724484503,measured_excluding_encoding,"[12, 65, 15, 188, 23, 7, 5]","[6, 10, 5, 14, 6, 6, 2]",Python/PBS-unbounded,3.11.15,,,<paper>/revision_campaign_20260914/default/amazon/default.csv,
87,PTS,1,feasible,complete,1,1,returned,0,,70,0.2839506172839506,0.7090276724233322,0.2839506172839506,0.0078719030134379,0.008941781707108,3311.0,1,0,0.0,0.0,0.0,0.0,315.0,49.0,162,1.0,0.0100526819005608,0.0,315.0,7.0,1.0,0.00106987869367,False,,,,,,,500.0,,False,iteration_limit,fixed_candidate_tree,"[6, 10, 5, 14, 6, 6, 2]",5.650008097290993e-05,solver final filtering and index remapping; caller metric conversion excluded,r5-v1,,excluded_precomputed,,True,,,fresh_retrieval,0.0002239518798887,0.0073171369731426,0.0002743140794336,0.0078719030134379,0.008941781707108,measured_excluding_encoding,"[12, 65, 15, 188, 23, 7, 5]","[6, 10, 5, 14, 6, 6, 2]",Python/DFS,3.11.15,,,<paper>/revision_campaign_20260914/default/amazon/default.csv,
87,eps-ILP g=2,1,feasible,complete,1,1,returned,0,5.0,2,0.0123456790123456,0.4173566808735444,0.0123456790123456,0.0606687627732753,0.0617386414669454,1575.0,5,0,0.0,0.0,2.0,0.0,,,162,1.0,0.0100526819005608,0.0,315.0,7.0,1.0,0.00106987869367,,,,,,,,,,True,grid_complete,configured_grid,,1.476658508181572e-05,solver final filtering and index remapping; caller metric conversion excluded,r5-v1,,excluded_precomputed,,True,,,fresh_retrieval,0.0,0.060634602792561,1.9393395632505417e-05,0.0606687627732753,0.0617386414669454,measured_excluding_encoding,"[12, 65, 15, 188, 23, 7, 5]","[12, 65, 15, 188, 23, 7, 5]",scipy.optimize.milp/HiGHS,1.17.1,1.12.0,1.0,<paper>/revision_campaign_20260914/default/amazon/default.csv,
87,eps-ILP g=4,1,feasible,complete,1,1,returned,0,17.0,6,0.037037037037037,0.5513494944244253,0.037037037037037,0.2194697270169854,0.2205396057106554,5355.0,17,0,0.0,0.0,4.0,0.0,,,162,1.0,0.0100526819005608,0.0,315.0,7.0,1.0,0.00106987869367,,,,,,,,,,True,grid_complete,configured_grid,,1.7179176211357117e-05,solver final filtering and index remapping; caller metric conversion excluded,r5-v1,,excluded_precomputed,,True,,,fresh_retrieval,0.0,0.2193974861875176,5.506165325641632e-05,0.2194697270169854,0.2205396057106554,measured_excluding_encoding,"[12, 65, 15, 188, 23, 7, 5]","[12, 65, 15, 188, 23, 7, 5]",scipy.optimize.milp/HiGHS,1.17.1,1.12.0,1.0,<paper>/revision_campaign_20260914/default/amazon/default.csv,
87,eps-ILP g=8,1,feasible,complete,1,1,returned,0,65.0,20,0.1234567901234567,0.8551011546494095,0.1234567901234567,0.7898124512284994,0.7908823299221694,20475.0,65,0,0.0,0.0,8.0,0.0,,,162,1.0,0.0100526819005608,0.0,315.0,7.0,1.0,0.00106987869367,,,,,,,,,,True,grid_complete,configured_grid,,2.0152423530817032e-05,solver final filtering and index remapping; caller metric conversion excluded,r5-v1,,excluded_precomputed,,True,,,fresh_retrieval,0.0,0.7893055188469589,0.0004867799580097,0.7898124512284994,0.7908823299221694,measured_excluding_encoding,"[12, 65, 15, 188, 23, 7, 5]","[12, 65, 15, 188, 23, 7, 5]",scipy.optimize.milp/HiGHS,1.17.1,1.12.0,1.0,<paper>/revision_campaign_20260914/default/amazon/default.csv,
87,eps-ILP g=16,1,feasible,complete,1,1,returned,0,257.0,45,0.2777777777777778,0.9468645907021792,0.2777777777777778,3.2580409701913595,3.2591108488850296,80955.0,257,0,0.0,0.0,16.0,0.0,,,162,1.0,0.0100526819005608,0.0,315.0,7.0,1.0,0.00106987869367,,,,,,,,,,True,grid_complete,configured_grid,,3.75933013856411e-05,solver final filtering and index remapping; caller metric conversion excluded,r5-v1,,excluded_precomputed,,True,,,fresh_retrieval,0.0,3.2514059389941394,0.0065974378958344,3.2580409701913595,3.2591108488850296,measured_excluding_encoding,"[12, 65, 15, 188, 23, 7, 5]","[12, 65, 15, 188, 23, 7, 5]",scipy.optimize.milp/HiGHS,1.17.1,1.12.0,1.0,<paper>/revision_campaign_20260914/default/amazon/default.csv,
87,PBF,0,feasible,complete,1,1,work_limit,0,,0,0.0,0.0,0.0,2.423301339149475e-05,0.0010941117070615,0.0,1,0,0.0,0.0,0.0,0.0,,,162,1.0,0.0100526819005608,0.0,315.0,7.0,1.0,0.00106987869367,False,,,,,,,,,False,combination_limit,full_input,,2.423301339149475e-05,solver final filtering and index remapping; caller metric conversion excluded,r5-v1,,excluded_precomputed,,True,,,fresh_retrieval,,,,2.423301339149475e-05,0.0010941117070615,measured_excluding_encoding,"[12, 65, 15, 188, 23, 7, 5]",,Python/PBF,3.11.15,,,<paper>/revision_campaign_20260914/default/amazon/default.csv,
88,PACS,1,feasible,complete,1,1,returned,0,,75,0.6410256410256411,0.9327067602472796,0.6410256410256411,0.0038744383491575,0.0048013641498982,2392.0,1,0,0.0,0.0,0.0,0.0,149.0,54.0,117,1.0,0.003995070233941,0.0,149.0,4.0,1.0,0.0009269258007407,False,,,,,,,,,True,completed,beam_search,"[11, 10, 3, 30]",5.590543150901794e-05,solver final filtering and index remapping; caller metric conversion excluded,r5-v1,,excluded_precomputed,,True,,,fresh_retrieval,0.0003255107440054,0.0031462381593883,0.0003467840142548,0.0038744383491575,0.0048013641498982,measured_excluding_encoding,"[47, 14, 7, 81]","[11, 10, 3, 30]",Python/PACS+,3.11.15,,,<paper>/revision_campaign_20260914/default/amazon/default.csv,
88,PACS_dC,1,feasible,complete,1,1,returned,0,,38,0.2393162393162393,0.7513112900237156,0.2393162393162393,0.0008709910325706,0.0017979168333113,473.0,1,0,0.0,0.0,0.0,0.0,,,117,1.0,0.003995070233941,0.0,149.0,4.0,1.0,0.0009269258007407,False,,,,,,,,,True,completed,beam_search,"[11, 10, 3, 30]",1.2915115803480148e-05,solver final filtering and index remapping; caller metric conversion excluded,r5-v1,,excluded_precomputed,,True,,,fresh_retrieval,0.0002778526395559,0.0004495773464441,0.000130645930767,0.0008709910325706,0.0017979168333113,measured_excluding_encoding,"[47, 14, 7, 81]","[11, 10, 3, 30]",Python/PACS_dC,3.11.15,,,<paper>/revision_campaign_20260914/default/amazon/default.csv,
88,PBS-unbounded,1,feasible,complete,1,1,returned,0,,117,1.0,1.0,1.0,0.0041906097903847,0.0051175355911254,2392.0,1,0,0.0,0.0,0.0,0.0,149.0,54.0,117,1.0,0.003995070233941,0.0,149.0,4.0,1.0,0.0009269258007407,True,,,,,,,,,True,completed,all_reduced_candidates,"[11, 10, 3, 30]",5.536060780286789e-05,solver final filtering and index remapping; caller metric conversion excluded,r5-v1,,excluded_precomputed,,True,,,fresh_retrieval,0.0003050910308957,0.0033336831256747,0.0004964750260114,0.0041906097903847,0.0051175355911254,measured_excluding_encoding,"[47, 14, 7, 81]","[11, 10, 3, 30]",Python/PBS-unbounded,3.11.15,,,<paper>/revision_campaign_20260914/default/amazon/default.csv,
88,PTS,1,feasible,complete,1,1,returned,0,,117,1.0,1.0,1.0,0.0096849058754742,0.0106118316762149,6639.0,1,0,0.0,0.0,0.0,0.0,149.0,54.0,117,1.0,0.003995070233941,0.0,149.0,4.0,1.0,0.0009269258007407,True,,,,,,,500.0,,True,completed,fixed_candidate_tree,"[11, 10, 3, 30]",4.208693280816078e-05,solver final filtering and index remapping; caller metric conversion excluded,r5-v1,,excluded_precomputed,,True,,,fresh_retrieval,0.0002712020650506,0.0089466529898345,0.0004249638877809,0.0096849058754742,0.0106118316762149,measured_excluding_encoding,"[47, 14, 7, 81]","[11, 10, 3, 30]",Python/DFS,3.11.15,,,<paper>/revision_campaign_20260914/default/amazon/default.csv,
88,eps-ILP g=2,1,feasible,complete,1,1,returned,0,5.0,2,0.017094017094017,0.4155530833174827,0.017094017094017,0.0314843920059502,0.0324113178066909,745.0,5,0,0.0,0.0,2.0,0.0,,,117,1.0,0.003995070233941,0.0,149.0,4.0,1.0,0.0009269258007407,,,,,,,,,,True,grid_complete,configured_grid,,1.3879965990781784e-05,solver final filtering and index remapping; caller metric conversion excluded,r5-v1,,excluded_precomputed,,True,,,fresh_retrieval,0.0,0.0314522548578679,1.8257182091474533e-05,0.0314843920059502,0.0324113178066909,measured_excluding_encoding,"[47, 14, 7, 81]","[47, 14, 7, 81]",scipy.optimize.milp/HiGHS,1.17.1,1.12.0,1.0,<paper>/revision_campaign_20260914/default/amazon/default.csv,
88,eps-ILP g=4,1,feasible,complete,1,1,returned,0,17.0,8,0.0683760683760683,0.7043097831768695,0.0683760683760683,0.1286730258725583,0.129599951673299,2533.0,17,0,0.0,0.0,4.0,0.0,,,117,1.0,0.003995070233941,0.0,149.0,4.0,1.0,0.0009269258007407,,,,,,,,,,True,grid_complete,configured_grid,,1.6806647181510925e-05,solver final filtering and index remapping; caller metric conversion excluded,r5-v1,,excluded_precomputed,,True,,,fresh_retrieval,0.0,0.12860321206972,5.3007155656814575e-05,0.1286730258725583,0.129599951673299,measured_excluding_encoding,"[47, 14, 7, 81]","[47, 14, 7, 81]",scipy.optimize.milp/HiGHS,1.17.1,1.12.0,1.0,<paper>/revision_campaign_20260914/default/amazon/default.csv,
88,eps-ILP g=8,1,feasible,complete,1,1,returned,0,65.0,22,0.188034188034188,0.8871177846531253,0.188034188034188,0.4539071647450328,0.4548340905457735,9685.0,65,0,0.0,0.0,16.0,0.0,,,117,1.0,0.003995070233941,0.0,149.0,4.0,1.0,0.0009269258007407,,,,,,,,,,True,grid_complete,configured_grid,,1.9924715161323547e-05,solver final filtering and index remapping; caller metric conversion excluded,r5-v1,,excluded_precomputed,,True,,,fresh_retrieval,0.0,0.4535084790550172,0.0003787609748542,0.4539071647450328,0.4548340905457735,measured_excluding_encoding,"[47, 14, 7, 81]","[47, 14, 7, 81]",scipy.optimize.milp/HiGHS,1.17.1,1.12.0,1.0,<paper>/revision_campaign_20260914/default/amazon/default.csv,
88,eps-ILP g=16,1,feasible,complete,1,1,returned,0,257.0,47,0.4017094017094017,0.9666304370383042,0.4017094017094017,1.9403513451106849,1.9412782709114251,38293.0,257,0,0.0,0.0,63.0,0.0,,,117,1.0,0.003995070233941,0.0,149.0,4.0,1.0,0.0009269258007407,,,,,,,,,,True,grid_complete,configured_grid,,3.425544127821922e-05,solver final filtering and index remapping; caller metric conversion excluded,r5-v1,,excluded_precomputed,,True,,,fresh_retrieval,0.0,1.9359700330533087,0.0043470566160976,1.9403513451106849,1.9412782709114251,measured_excluding_encoding,"[47, 14, 7, 81]","[47, 14, 7, 81]",scipy.optimize.milp/HiGHS,1.17.1,1.12.0,1.0,<paper>/revision_campaign_20260914/default/amazon/default.csv,
88,PBF,1,feasible,complete,1,1,returned,0,,117,1.0,1.0,1.0,0.256566115655005,0.2574930414557457,1492344.0,1,0,0.0,0.0,0.0,0.0,,,117,1.0,0.003995070233941,0.0,149.0,4.0,1.0,0.0009269258007407,True,,,,,,,,,True,complete,full_input,,0.256566115655005,solver final filtering and index remapping; caller metric conversion excluded,r5-v1,,excluded_precomputed,,True,,,fresh_retrieval,,,,0.256566115655005,0.2574930414557457,measured_excluding_encoding,"[47, 14, 7, 81]",,Python/PBF,3.11.15,,,<paper>/revision_campaign_20260914/default/amazon/default.csv,
89,PACS,1,feasible,complete,1,1,returned,0,,44,0.3308270676691729,0.8804466969474368,0.3283582089552239,0.0038597253151237,0.0049165622331202,1171.0,1,0,0.0,0.0,0.0,0.0,354.0,33.0,133,1.0,0.004264015238732,0.0,354.0,6.0,1.0,0.0010568369179964,False,,,,,,,,,True,completed,beam_search,"[4, 2, 7, 12, 3, 5]",4.3217092752456665e-05,solver final filtering and index remapping; caller metric conversion excluded,r5-v1,,excluded_precomputed,,True,,,fresh_retrieval,0.0002460470423102,0.0032307198271155,0.0003397413529455,0.0038597253151237,0.0049165622331202,measured_excluding_encoding,"[14, 3, 17, 48, 254, 18]","[4, 2, 7, 12, 3, 5]",Python/PACS+,3.11.15,,,<paper>/revision_campaign_20260914/default/amazon/default.csv,
89,PACS_dC,1,feasible,complete,1,1,returned,0,,77,0.3383458646616541,0.7871376580979245,0.3432835820895522,0.0021438566036522,0.0032006935216486,635.0,1,0,0.0,0.0,0.0,0.0,,,133,1.0,0.004264015238732,0.0,354.0,6.0,1.0,0.0010568369179964,False,,,,,,,,,True,completed,beam_search,"[4, 2, 7, 12, 3, 5]",1.8102582544088364e-05,solver final filtering and index remapping; caller metric conversion excluded,r5-v1,,excluded_precomputed,,True,,,fresh_retrieval,0.0001875129528343,0.0016684299334883,0.0002698111347854,0.0021438566036522,0.0032006935216486,measured_excluding_encoding,"[14, 3, 17, 48, 254, 18]","[4, 2, 7, 12, 3, 5]",Python/PACS_dC,3.11.15,,,<paper>/revision_campaign_20260914/default/amazon/default.csv,
89,PBS-unbounded,1,feasible,complete,1,1,returned,0,,133,1.0,1.0,0.9925373134328358,0.0045760800130665,0.0056329169310629,1311.0,1,0,0.0,0.0,0.0,0.0,354.0,33.0,133,1.0,0.004264015238732,0.0,354.0,6.0,1.0,0.0010568369179964,True,,,,,,,,,True,completed,all_reduced_candidates,"[4, 2, 7, 12, 3, 5]",4.288787022233009e-05,solver final filtering and index remapping; caller metric conversion excluded,r5-v1,,excluded_precomputed,,True,,,fresh_retrieval,0.0002262769266963,0.003648464102298,0.0006584511138498,0.0045760800130665,0.0056329169310629,measured_excluding_encoding,"[14, 3, 17, 48, 254, 18]","[4, 2, 7, 12, 3, 5]",Python/PBS-unbounded,3.11.15,,,<paper>/revision_campaign_20260914/default/amazon/default.csv,
89,PTS,1,feasible,complete,1,1,returned,0,,82,0.037593984962406,0.596736834451162,0.0373134328358208,0.0100460266694426,0.011102863587439,1706.0,1,0,0.0,0.0,0.0,0.0,354.0,33.0,133,1.0,0.004264015238732,0.0,354.0,6.0,1.0,0.0010568369179964,False,,,,,,,500.0,,False,iteration_limit,fixed_candidate_tree,"[4, 2, 7, 12, 3, 5]",4.6528410166502e-05,solver final filtering and index remapping; caller metric conversion excluded,r5-v1,,excluded_precomputed,,True,,,fresh_retrieval,0.0001864582300186,0.0094971871003508,0.0003158529289066,0.0100460266694426,0.011102863587439,measured_excluding_encoding,"[14, 3, 17, 48, 254, 18]","[4, 2, 7, 12, 3, 5]",Python/DFS,3.11.15,,,<paper>/revision_campaign_20260914/default/amazon/default.csv,
89,eps-ILP g=2,1,feasible,complete,1,1,returned,0,5.0,3,0.0225563909774436,0.1464567512971994,0.0223880597014925,0.0567670119926333,0.0578238489106297,1770.0,5,0,0.0,0.0,1.0,0.0,,,133,1.0,0.004264015238732,0.0,354.0,6.0,1.0,0.0010568369179964,,,,,,,,,,True,grid_complete,configured_grid,,1.6098376363515854e-05,solver final filtering and index remapping; caller metric conversion excluded,r5-v1,,excluded_precomputed,,True,,,fresh_retrieval,0.0,0.056730574928224,2.0338688045740128e-05,0.0567670119926333,0.0578238489106297,measured_excluding_encoding,"[14, 3, 17, 48, 254, 18]","[14, 3, 17, 48, 254, 18]",scipy.optimize.milp/HiGHS,1.17.1,1.12.0,1.0,<paper>/revision_campaign_20260914/default/amazon/default.csv,
89,eps-ILP g=4,1,feasible,complete,1,1,returned,0,17.0,8,0.0601503759398496,0.5680983495352052,0.0597014925373134,0.2088948232121765,0.2099516601301729,6018.0,17,0,0.0,0.0,3.0,0.0,,,133,1.0,0.004264015238732,0.0,354.0,6.0,1.0,0.0010568369179964,,,,,,,,,,True,grid_complete,configured_grid,,1.6869045794010162e-05,solver final filtering and index remapping; caller metric conversion excluded,r5-v1,,excluded_precomputed,,True,,,fresh_retrieval,0.0,0.2088186652399599,5.928892642259598e-05,0.2088948232121765,0.2099516601301729,measured_excluding_encoding,"[14, 3, 17, 48, 254, 18]","[14, 3, 17, 48, 254, 18]",scipy.optimize.milp/HiGHS,1.17.1,1.12.0,1.0,<paper>/revision_campaign_20260914/default/amazon/default.csv,
89,eps-ILP g=8,1,feasible,complete,1,1,returned,0,65.0,21,0.1578947368421052,0.8666646536501068,0.1567164179104477,0.8449576552957296,0.846014492213726,23010.0,65,0,0.0,0.0,7.0,0.0,,,133,1.0,0.004264015238732,0.0,354.0,6.0,1.0,0.0010568369179964,,,,,,,,,,True,grid_complete,configured_grid,,2.025952562689781e-05,solver final filtering and index remapping; caller metric conversion excluded,r5-v1,,excluded_precomputed,,True,,,fresh_retrieval,0.0,0.8444701312109828,0.0004672645591199,0.8449576552957296,0.846014492213726,measured_excluding_encoding,"[14, 3, 17, 48, 254, 18]","[14, 3, 17, 48, 254, 18]",scipy.optimize.milp/HiGHS,1.17.1,1.12.0,1.0,<paper>/revision_campaign_20260914/default/amazon/default.csv,
89,eps-ILP g=16,1,feasible,complete,1,1,returned,0,257.0,39,0.2932330827067669,0.9516528743309552,0.291044776119403,3.365717487875372,3.3667743247933686,90978.0,257,0,0.0,0.0,15.0,0.0,,,133,1.0,0.004264015238732,0.0,354.0,6.0,1.0,0.0010568369179964,,,,,,,,,,True,grid_complete,configured_grid,,3.987783566117287e-05,solver final filtering and index remapping; caller metric conversion excluded,r5-v1,,excluded_precomputed,,True,,,fresh_retrieval,0.0,3.3590188273228705,0.0066587827168405,3.365717487875372,3.3667743247933686,measured_excluding_encoding,"[14, 3, 17, 48, 254, 18]","[14, 3, 17, 48, 254, 18]",scipy.optimize.milp/HiGHS,1.17.1,1.12.0,1.0,<paper>/revision_campaign_20260914/default/amazon/default.csv,
89,PBF,1,feasible,complete,1,1,solver_timeout,0,,159,0.0,0.8474211607482971,0.0,30.580602405127134,30.58165924204513,193462272.0,1,1,0.0,0.0,0.0,1.0,,,133,1.0,0.004264015238732,0.0,354.0,6.0,1.0,0.0010568369179964,False,,,,,,,,,False,timeout,full_input,,30.580602405127134,solver final filtering and index remapping; caller metric conversion excluded,r5-v1,,excluded_precomputed,,True,,,fresh_retrieval,,,,30.580602405127134,30.58165924204513,measured_excluding_encoding,"[14, 3, 17, 48, 254, 18]",,Python/PBF,3.11.15,,,<paper>/revision_campaign_20260914/default/amazon/default.csv,
90,PACS,1,feasible,complete,1,1,returned,0,,19,1.0,1.0,1.0,0.0003040842711925,0.0011552283540368,90.0,1,0,0.0,0.0,0.0,0.0,86.0,18.0,19,1.0,0.0002852277830243,0.0,86.0,3.0,1.0,0.0008511440828442,True,,,,,,,,,True,completed,all_reduced_candidates,"[3, 8, 7]",1.3638287782669067e-05,solver final filtering and index remapping; caller metric conversion excluded,r5-v1,,excluded_precomputed,,True,,,fresh_retrieval,6.035109981894493e-05,0.0001384699717164,9.16249118745327e-05,0.0003040842711925,0.0011552283540368,measured_excluding_encoding,"[47, 25, 14]","[3, 8, 7]",Python/PACS+,3.11.15,,,<paper>/revision_campaign_20260914/default/amazon/default.csv,
90,PACS_dC,1,feasible,complete,1,1,returned,0,,16,0.7894736842105263,0.9822430778814089,0.7894736842105263,0.0003340020775794,0.0011851461604237,69.0,1,0,0.0,0.0,0.0,0.0,,,19,1.0,0.0002852277830243,0.0,86.0,3.0,1.0,0.0008511440828442,False,,,,,,,,,True,completed,beam_search,"[3, 8, 7]",1.8331222236156464e-05,solver final filtering and index remapping; caller metric conversion excluded,r5-v1,,excluded_precomputed,,True,,,fresh_retrieval,6.393110379576683e-05,0.0001924945972859,5.924515426158905e-05,0.0003340020775794,0.0011851461604237,measured_excluding_encoding,"[47, 25, 14]","[3, 8, 7]",Python/PACS_dC,3.11.15,,,<paper>/revision_campaign_20260914/default/amazon/default.csv,
90,PBS-unbounded,1,feasible,complete,1,1,returned,0,,19,1.0,1.0,1.0,0.0002725138328969,0.0011236579157412,90.0,1,0,0.0,0.0,0.0,0.0,86.0,18.0,19,1.0,0.0002852277830243,0.0,86.0,3.0,1.0,0.0008511440828442,True,,,,,,,,,True,completed,all_reduced_candidates,"[3, 8, 7]",1.435447484254837e-05,solver final filtering and index remapping; caller metric conversion excluded,r5-v1,,excluded_precomputed,,True,,,fresh_retrieval,4.3905340135097504e-05,0.0001288950443267,8.535897359251976e-05,0.0002725138328969,0.0011236579157412,measured_excluding_encoding,"[47, 25, 14]","[3, 8, 7]",Python/PBS-unbounded,3.11.15,,,<paper>/revision_campaign_20260914/default/amazon/default.csv,
90,PTS,1,feasible,complete,1,1,returned,0,,19,1.0,1.0,1.0,0.0006262408569455,0.0014773849397897,198.0,1,0,0.0,0.0,0.0,0.0,86.0,18.0,19,1.0,0.0002852277830243,0.0,86.0,3.0,1.0,0.0008511440828442,True,,,,,,,500.0,,True,completed,fixed_candidate_tree,"[3, 8, 7]",1.9352883100509644e-05,solver final filtering and index remapping; caller metric conversion excluded,r5-v1,,excluded_precomputed,,True,,,fresh_retrieval,4.269089549779892e-05,0.000487633049488,7.656402885913849e-05,0.0006262408569455,0.0014773849397897,measured_excluding_encoding,"[47, 25, 14]","[3, 8, 7]",Python/DFS,3.11.15,,,<paper>/revision_campaign_20260914/default/amazon/default.csv,
90,eps-ILP g=2,1,feasible,complete,1,1,returned,0,5.0,3,0.1578947368421052,0.4631838463879463,0.1578947368421052,0.0306111122481524,0.0314622563309967,430.0,5,0,0.0,0.0,1.0,0.0,,,19,1.0,0.0002852277830243,0.0,86.0,3.0,1.0,0.0008511440828442,,,,,,,,,,True,grid_complete,configured_grid,,1.3840850442647934e-05,solver final filtering and index remapping; caller metric conversion excluded,r5-v1,,excluded_precomputed,,True,,,fresh_retrieval,0.0,0.0305784111842513,1.8860213458538052e-05,0.0306111122481524,0.0314622563309967,measured_excluding_encoding,"[47, 25, 14]","[47, 25, 14]",scipy.optimize.milp/HiGHS,1.17.1,1.12.0,1.0,<paper>/revision_campaign_20260914/default/amazon/default.csv,
90,eps-ILP g=4,1,feasible,complete,1,1,returned,0,17.0,5,0.2631578947368421,0.6287831738423542,0.2631578947368421,0.1159569462761282,0.1168080903589725,1462.0,17,0,0.0,0.0,3.0,0.0,,,19,1.0,0.0002852277830243,0.0,86.0,3.0,1.0,0.0008511440828442,,,,,,,,,,True,grid_complete,configured_grid,,1.6982201486825943e-05,solver final filtering and index remapping; caller metric conversion excluded,r5-v1,,excluded_precomputed,,True,,,fresh_retrieval,0.0,0.1158841298893094,5.583418533205986e-05,0.1159569462761282,0.1168080903589725,measured_excluding_encoding,"[47, 25, 14]","[47, 25, 14]",scipy.optimize.milp/HiGHS,1.17.1,1.12.0,1.0,<paper>/revision_campaign_20260914/default/amazon/default.csv,
90,eps-ILP g=8,1,feasible,complete,1,1,returned,0,65.0,10,0.5263157894736842,0.9832517114818596,0.5263157894736842,0.4411765988916158,0.4420277429744601,5590.0,65,0,0.0,0.0,6.0,0.0,,,19,1.0,0.0002852277830243,0.0,86.0,3.0,1.0,0.0008511440828442,,,,,,,,,,True,grid_complete,configured_grid,,1.9195955246686932e-05,solver final filtering and index remapping; caller metric conversion excluded,r5-v1,,excluded_precomputed,,True,,,fresh_retrieval,0.0,0.4406802891753614,0.0004771137610077,0.4411765988916158,0.4420277429744601,measured_excluding_encoding,"[47, 25, 14]","[47, 25, 14]",scipy.optimize.milp/HiGHS,1.17.1,1.12.0,1.0,<paper>/revision_campaign_20260914/default/amazon/default.csv,
90,eps-ILP g=16,1,feasible,complete,1,1,returned,0,257.0,16,0.8421052631578947,0.9993679559944966,0.8421052631578947,1.7732192520052197,1.7740703960880635,22102.0,257,0,0.0,0.0,13.0,0.0,,,19,1.0,0.0002852277830243,0.0,86.0,3.0,1.0,0.0008511440828442,,,,,,,,,,True,grid_complete,configured_grid,,3.358395770192146e-05,solver final filtering and index remapping; caller metric conversion excluded,r5-v1,,excluded_precomputed,,True,,,fresh_retrieval,0.0,1.7662509982474148,0.0069346698001027,1.7732192520052197,1.7740703960880635,measured_excluding_encoding,"[47, 25, 14]","[47, 25, 14]",scipy.optimize.milp/HiGHS,1.17.1,1.12.0,1.0,<paper>/revision_campaign_20260914/default/amazon/default.csv,
90,PBF,1,feasible,complete,1,1,returned,0,,19,1.0,1.0,1.0,0.013397566974163,0.0142487110570073,49350.0,1,0,0.0,0.0,0.0,0.0,,,19,1.0,0.0002852277830243,0.0,86.0,3.0,1.0,0.0008511440828442,True,,,,,,,,,True,complete,full_input,,0.013397566974163,solver final filtering and index remapping; caller metric conversion excluded,r5-v1,,excluded_precomputed,,True,,,fresh_retrieval,,,,0.013397566974163,0.0142487110570073,measured_excluding_encoding,"[47, 25, 14]",,Python/PBF,3.11.15,,,<paper>/revision_campaign_20260914/default/amazon/default.csv,
91,PACS,1,feasible,complete,1,1,returned,0,,55,0.7534246575342466,0.966917186865512,0.7534246575342466,0.0025924779474735,0.0035450709983706,758.0,1,0,0.0,0.0,0.0,0.0,236.0,31.0,73,1.0,0.002709524706006,0.0,236.0,5.0,1.0,0.0009525930508971,False,,,,,,,,,True,completed,beam_search,"[3, 3, 15, 3, 7]",3.295391798019409e-05,solver final filtering and index remapping; caller metric conversion excluded,r5-v1,,excluded_precomputed,,True,,,fresh_retrieval,0.0001750797964632,0.0020404802635312,0.0003439639694988,0.0025924779474735,0.0035450709983706,measured_excluding_encoding,"[10, 7, 199, 4, 16]","[3, 3, 15, 3, 7]",Python/PACS+,3.11.15,,,<paper>/revision_campaign_20260914/default/amazon/default.csv,
91,PACS_dC,1,feasible,complete,1,1,returned,0,,15,0.2054794520547945,0.6775282857794415,0.2054794520547945,0.0004471293650567,0.0013997224159538,84.0,1,0,0.0,0.0,0.0,0.0,,,73,1.0,0.002709524706006,0.0,236.0,5.0,1.0,0.0009525930508971,False,,,,,,,,,True,completed,beam_search,"[3, 3, 15, 3, 7]",1.068832352757454e-05,solver final filtering and index remapping; caller metric conversion excluded,r5-v1,,excluded_precomputed,,True,,,fresh_retrieval,0.0001489049755036,0.000233310740441,5.422532558441162e-05,0.0004471293650567,0.0013997224159538,measured_excluding_encoding,"[10, 7, 199, 4, 16]","[3, 3, 15, 3, 7]",Python/PACS_dC,3.11.15,,,<paper>/revision_campaign_20260914/default/amazon/default.csv,
91,PBS-unbounded,1,feasible,complete,1,1,returned,0,,73,1.0,1.0,1.0,0.0026922770775854,0.0036448701284825,758.0,1,0,0.0,0.0,0.0,0.0,236.0,31.0,73,1.0,0.002709524706006,0.0,236.0,5.0,1.0,0.0009525930508971,True,,,,,,,,,True,completed,all_reduced_candidates,"[3, 3, 15, 3, 7]",3.4188851714134216e-05,solver final filtering and index remapping; caller metric conversion excluded,r5-v1,,excluded_precomputed,,True,,,fresh_retrieval,0.0001587681472301,0.0021087289787828,0.0003905910998582,0.0026922770775854,0.0036448701284825,measured_excluding_encoding,"[10, 7, 199, 4, 16]","[3, 3, 15, 3, 7]",Python/PBS-unbounded,3.11.15,,,<paper>/revision_campaign_20260914/default/amazon/default.csv,
91,PTS,1,feasible,complete,1,1,returned,0,,73,1.0,1.0,1.0,0.0062411502003669,0.007193743251264,1976.0,1,0,0.0,0.0,0.0,0.0,236.0,31.0,73,1.0,0.002709524706006,0.0,236.0,5.0,1.0,0.0009525930508971,True,,,,,,,500.0,,True,completed,fixed_candidate_tree,"[3, 3, 15, 3, 7]",4.566414281725884e-05,solver final filtering and index remapping; caller metric conversion excluded,r5-v1,,excluded_precomputed,,True,,,fresh_retrieval,0.0001797387376427,0.005727854091674,0.0002878932282328,0.0062411502003669,0.007193743251264,measured_excluding_encoding,"[10, 7, 199, 4, 16]","[3, 3, 15, 3, 7]",Python/DFS,3.11.15,,,<paper>/revision_campaign_20260914/default/amazon/default.csv,
91,eps-ILP g=2,1,feasible,complete,1,1,returned,0,5.0,3,0.0410958904109589,0.4763115873676707,0.0410958904109589,0.0462235119193792,0.0471761049702763,1180.0,5,0,0.0,0.0,1.0,0.0,,,73,1.0,0.002709524706006,0.0,236.0,5.0,1.0,0.0009525930508971,,,,,,,,,,True,grid_complete,configured_grid,,1.4599878340959547e-05,solver final filtering and index remapping; caller metric conversion excluded,r5-v1,,excluded_precomputed,,True,,,fresh_retrieval,0.0,0.0461894772015512,1.943483948707581e-05,0.0462235119193792,0.0471761049702763,measured_excluding_encoding,"[10, 7, 199, 4, 16]","[10, 7, 199, 4, 16]",scipy.optimize.milp/HiGHS,1.17.1,1.12.0,1.0,<paper>/revision_campaign_20260914/default/amazon/default.csv,
91,eps-ILP g=4,1,feasible,complete,1,1,returned,0,17.0,6,0.0821917808219178,0.681213707357374,0.0821917808219178,0.1640760493464768,0.1650286423973739,4012.0,17,0,0.0,0.0,3.0,0.0,,,73,1.0,0.002709524706006,0.0,236.0,5.0,1.0,0.0009525930508971,,,,,,,,,,True,grid_complete,configured_grid,,1.5943311154842377e-05,solver final filtering and index remapping; caller metric conversion excluded,r5-v1,,excluded_precomputed,,True,,,fresh_retrieval,0.0,0.1640049838460981,5.512218922376633e-05,0.1640760493464768,0.1650286423973739,measured_excluding_encoding,"[10, 7, 199, 4, 16]","[10, 7, 199, 4, 16]",scipy.optimize.milp/HiGHS,1.17.1,1.12.0,1.0,<paper>/revision_campaign_20260914/default/amazon/default.csv,
91,eps-ILP g=8,1,feasible,complete,1,1,returned,0,65.0,16,0.2191780821917808,0.8719404928244251,0.2191780821917808,0.647552995942533,0.6485055889934301,15340.0,65,0,0.0,0.0,7.0,0.0,,,73,1.0,0.002709524706006,0.0,236.0,5.0,1.0,0.0009525930508971,,,,,,,,,,True,grid_complete,configured_grid,,1.962808892130852e-05,solver final filtering and index remapping; caller metric conversion excluded,r5-v1,,excluded_precomputed,,True,,,fresh_retrieval,0.0,0.6470643910579383,0.0004689767956733,0.647552995942533,0.6485055889934301,measured_excluding_encoding,"[10, 7, 199, 4, 16]","[10, 7, 199, 4, 16]",scipy.optimize.milp/HiGHS,1.17.1,1.12.0,1.0,<paper>/revision_campaign_20260914/default/amazon/default.csv,
91,eps-ILP g=16,1,feasible,complete,1,1,returned,0,257.0,27,0.3698630136986301,0.9751353870178804,0.3698630136986301,2.6166479368694127,2.61760052992031,60652.0,257,0,0.0,0.0,14.0,0.0,,,73,1.0,0.002709524706006,0.0,236.0,5.0,1.0,0.0009525930508971,,,,,,,,,,True,grid_complete,configured_grid,,3.7570949643850327e-05,solver final filtering and index remapping; caller metric conversion excluded,r5-v1,,excluded_precomputed,,True,,,fresh_retrieval,0.0,2.6099142958410084,0.0066960700787603,2.6166479368694127,2.61760052992031,measured_excluding_encoding,"[10, 7, 199, 4, 16]","[10, 7, 199, 4, 16]",scipy.optimize.milp/HiGHS,1.17.1,1.12.0,1.0,<paper>/revision_campaign_20260914/default/amazon/default.csv,
91,PBF,1,feasible,complete,1,1,returned,0,,73,1.0,0.9999999999999998,1.0,0.9506592559628187,0.951611849013716,4457600.0,1,0,0.0,0.0,0.0,0.0,,,73,1.0,0.002709524706006,0.0,236.0,5.0,1.0,0.0009525930508971,True,,,,,,,,,True,complete,full_input,,0.9506592559628187,solver final filtering and index remapping; caller metric conversion excluded,r5-v1,,excluded_precomputed,,True,,,fresh_retrieval,,,,0.9506592559628187,0.951611849013716,measured_excluding_encoding,"[10, 7, 199, 4, 16]",,Python/PBF,3.11.15,,,<paper>/revision_campaign_20260914/default/amazon/default.csv,
92,PACS,1,feasible,complete,1,1,returned,0,,27,1.0,1.0,1.0,0.0004515969194471,0.0012677288614213,193.0,1,0,0.0,0.0,0.0,0.0,77.0,21.0,27,1.0,0.0004172208718955,0.0,77.0,3.0,1.0,0.0008161319419741,True,,,,,,,,,True,completed,all_reduced_candidates,"[11, 4, 6]",1.6647856682538986e-05,solver final filtering and index remapping; caller metric conversion excluded,r5-v1,,excluded_precomputed,,True,,,fresh_retrieval,6.691319867968559e-05,0.0002633878029882,0.0001046480610966,0.0004515969194471,0.0012677288614213,measured_excluding_encoding,"[30, 19, 28]","[11, 4, 6]",Python/PACS+,3.11.15,,,<paper>/revision_campaign_20260914/default/amazon/default.csv,
92,PACS_dC,1,feasible,complete,1,1,returned,0,,12,0.4444444444444444,0.8880995911261926,0.4444444444444444,0.0002426858991384,0.0010588178411126,91.0,1,0,0.0,0.0,0.0,0.0,,,27,1.0,0.0004172208718955,0.0,77.0,3.0,1.0,0.0008161319419741,False,,,,,,,,,True,completed,beam_search,"[11, 4, 6]",1.095375046133995e-05,solver final filtering and index remapping; caller metric conversion excluded,r5-v1,,excluded_precomputed,,True,,,fresh_retrieval,4.234723746776581e-05,0.0001463429071009,4.304200410842896e-05,0.0002426858991384,0.0010588178411126,measured_excluding_encoding,"[30, 19, 28]","[11, 4, 6]",Python/PACS_dC,3.11.15,,,<paper>/revision_campaign_20260914/default/amazon/default.csv,
92,PBS-unbounded,1,feasible,complete,1,1,returned,0,,27,1.0,1.0,1.0,0.0004244013689458,0.00124053331092,193.0,1,0,0.0,0.0,0.0,0.0,77.0,21.0,27,1.0,0.0004172208718955,0.0,77.0,3.0,1.0,0.0008161319419741,True,,,,,,,,,True,completed,all_reduced_candidates,"[11, 4, 6]",1.5758443623781204e-05,solver final filtering and index remapping; caller metric conversion excluded,r5-v1,,excluded_precomputed,,True,,,fresh_retrieval,5.415594205260277e-05,0.0002593728713691,9.51141119003296e-05,0.0004244013689458,0.00124053331092,measured_excluding_encoding,"[30, 19, 28]","[11, 4, 6]",Python/PBS-unbounded,3.11.15,,,<paper>/revision_campaign_20260914/default/amazon/default.csv,
92,PTS,1,feasible,complete,1,1,returned,0,,27,1.0,1.0,1.0,0.0010266760364174,0.0018428079783916,375.0,1,0,0.0,0.0,0.0,0.0,77.0,21.0,27,1.0,0.0004172208718955,0.0,77.0,3.0,1.0,0.0008161319419741,True,,,,,,,500.0,,True,completed,fixed_candidate_tree,"[11, 4, 6]",2.4937093257904053e-05,solver final filtering and index remapping; caller metric conversion excluded,r5-v1,,excluded_precomputed,,True,,,fresh_retrieval,4.405295476317406e-05,0.0008548130281269,0.0001028729602694,0.0010266760364174,0.0018428079783916,measured_excluding_encoding,"[30, 19, 28]","[11, 4, 6]",Python/DFS,3.11.15,,,<paper>/revision_campaign_20260914/default/amazon/default.csv,
92,eps-ILP g=2,1,feasible,complete,1,1,returned,0,5.0,2,0.074074074074074,0.2392659556808904,0.074074074074074,0.0216481140814721,0.0224642460234463,385.0,5,0,0.0,0.0,2.0,0.0,,,27,1.0,0.0004172208718955,0.0,77.0,3.0,1.0,0.0008161319419741,,,,,,,,,,True,grid_complete,configured_grid,,1.411326229572296e-05,solver final filtering and index remapping; caller metric conversion excluded,r5-v1,,excluded_precomputed,,True,,,fresh_retrieval,0.0,0.0216159499250352,1.8050894141197205e-05,0.0216481140814721,0.0224642460234463,measured_excluding_encoding,"[30, 19, 28]","[30, 19, 28]",scipy.optimize.milp/HiGHS,1.17.1,1.12.0,1.0,<paper>/revision_campaign_20260914/default/amazon/default.csv,
92,eps-ILP g=4,1,feasible,complete,1,1,returned,0,17.0,6,0.2222222222222222,0.604263127808928,0.2222222222222222,0.09178879391402,0.0926049258559942,1309.0,17,0,0.0,0.0,4.0,0.0,,,27,1.0,0.0004172208718955,0.0,77.0,3.0,1.0,0.0008161319419741,,,,,,,,,,True,grid_complete,configured_grid,,1.5922822058200836e-05,solver final filtering and index remapping; caller metric conversion excluded,r5-v1,,excluded_precomputed,,True,,,fresh_retrieval,0.0,0.0917211933992803,5.167769268155098e-05,0.09178879391402,0.0926049258559942,measured_excluding_encoding,"[30, 19, 28]","[30, 19, 28]",scipy.optimize.milp/HiGHS,1.17.1,1.12.0,1.0,<paper>/revision_campaign_20260914/default/amazon/default.csv,
92,eps-ILP g=8,1,feasible,complete,1,1,returned,0,65.0,17,0.6296296296296297,0.9617734511064576,0.6296296296296297,0.3992484519258141,0.4000645838677883,5005.0,65,0,0.0,0.0,9.0,0.0,,,27,1.0,0.0004172208718955,0.0,77.0,3.0,1.0,0.0008161319419741,,,,,,,,,,True,grid_complete,configured_grid,,1.8726103007793427e-05,solver final filtering and index remapping; caller metric conversion excluded,r5-v1,,excluded_precomputed,,True,,,fresh_retrieval,0.0,0.3987897341139614,0.0004399917088449,0.3992484519258141,0.4000645838677883,measured_excluding_encoding,"[30, 19, 28]","[30, 19, 28]",scipy.optimize.milp/HiGHS,1.17.1,1.12.0,1.0,<paper>/revision_campaign_20260914/default/amazon/default.csv,
92,eps-ILP g=16,1,feasible,complete,1,1,returned,0,257.0,20,0.7407407407407407,0.989974814873374,0.7407407407407407,1.5486426558345556,1.5494587877765298,19789.0,257,0,0.0,0.0,38.0,0.0,,,27,1.0,0.0004172208718955,0.0,77.0,3.0,1.0,0.0008161319419741,,,,,,,,,,True,grid_complete,configured_grid,,3.2714102417230606e-05,solver final filtering and index remapping; caller metric conversion excluded,r5-v1,,excluded_precomputed,,True,,,fresh_retrieval,0.0,1.5431694309227169,0.0054405108094215,1.5486426558345556,1.5494587877765298,measured_excluding_encoding,"[30, 19, 28]","[30, 19, 28]",scipy.optimize.milp/HiGHS,1.17.1,1.12.0,1.0,<paper>/revision_campaign_20260914/default/amazon/default.csv,
92,PBF,1,feasible,complete,1,1,returned,0,,27,1.0,1.0000000000000002,1.0,0.0052114282734692,0.0060275602154433,47880.0,1,0,0.0,0.0,0.0,0.0,,,27,1.0,0.0004172208718955,0.0,77.0,3.0,1.0,0.0008161319419741,True,,,,,,,,,True,complete,full_input,,0.0052114282734692,solver final filtering and index remapping; caller metric conversion excluded,r5-v1,,excluded_precomputed,,True,,,fresh_retrieval,,,,0.0052114282734692,0.0060275602154433,measured_excluding_encoding,"[30, 19, 28]",,Python/PBF,3.11.15,,,<paper>/revision_campaign_20260914/default/amazon/default.csv,
93,PACS,1,feasible,complete,1,1,returned,0,,64,1.0,1.0,1.0,0.0031237313523888,0.0042651356197893,1901.0,1,0,0.0,0.0,0.0,0.0,378.0,48.0,64,1.0,0.0030484842136502,0.0,378.0,6.0,1.0,0.0011414042674005,True,,,,,,,,,True,completed,all_reduced_candidates,"[14, 5, 4, 11, 8, 6]",1.8778257071971893e-05,solver final filtering and index remapping; caller metric conversion excluded,r5-v1,,excluded_precomputed,,True,,,fresh_retrieval,0.000279108993709,0.0025825379416346,0.0002433061599731,0.0031237313523888,0.0042651356197893,measured_excluding_encoding,"[116, 61, 6, 36, 153, 6]","[14, 5, 4, 11, 8, 6]",Python/PACS+,3.11.15,,,<paper>/revision_campaign_20260914/default/amazon/default.csv,
93,PACS_dC,1,feasible,complete,1,1,returned,0,,6,0.015625,0.1045578573291999,0.015625,0.0009959400631487,0.0021373443305492,765.0,1,0,0.0,0.0,0.0,0.0,,,64,1.0,0.0030484842136502,0.0,378.0,6.0,1.0,0.0011414042674005,False,,,,,,,,,True,completed,beam_search,"[14, 5, 4, 11, 8, 6]",1.1742115020751951e-05,solver final filtering and index remapping; caller metric conversion excluded,r5-v1,,excluded_precomputed,,True,,,fresh_retrieval,0.0002162330783903,0.0007424699142575,2.5494955480098724e-05,0.0009959400631487,0.0021373443305492,measured_excluding_encoding,"[116, 61, 6, 36, 153, 6]","[14, 5, 4, 11, 8, 6]",Python/PACS_dC,3.11.15,,,<paper>/revision_campaign_20260914/default/amazon/default.csv,
93,PBS-unbounded,1,feasible,complete,1,1,returned,0,,64,1.0,1.0,1.0,0.0030618300661444,0.0042032343335449,1901.0,1,0,0.0,0.0,0.0,0.0,378.0,48.0,64,1.0,0.0030484842136502,0.0,378.0,6.0,1.0,0.0011414042674005,True,,,,,,,,,True,completed,all_reduced_candidates,"[14, 5, 4, 11, 8, 6]",2.1304935216903687e-05,solver final filtering and index remapping; caller metric conversion excluded,r5-v1,,excluded_precomputed,,True,,,fresh_retrieval,0.0002510342746973,0.0025450796820223,0.0002444111742079,0.0030618300661444,0.0042032343335449,measured_excluding_encoding,"[116, 61, 6, 36, 153, 6]","[14, 5, 4, 11, 8, 6]",Python/PBS-unbounded,3.11.15,,,<paper>/revision_campaign_20260914/default/amazon/default.csv,
93,PTS,1,feasible,complete,1,1,returned,0,,64,1.0,1.0,1.0,0.0078168506734073,0.0089582549408078,5376.0,1,0,0.0,0.0,0.0,0.0,378.0,48.0,64,1.0,0.0030484842136502,0.0,378.0,6.0,1.0,0.0011414042674005,True,,,,,,,500.0,,True,completed,fixed_candidate_tree,"[14, 5, 4, 11, 8, 6]",4.343083128333092e-05,solver final filtering and index remapping; caller metric conversion excluded,r5-v1,,excluded_precomputed,,True,,,fresh_retrieval,0.000195100903511,0.0073363380506634,0.0002419808879494,0.0078168506734073,0.0089582549408078,measured_excluding_encoding,"[116, 61, 6, 36, 153, 6]","[14, 5, 4, 11, 8, 6]",Python/DFS,3.11.15,,,<paper>/revision_campaign_20260914/default/amazon/default.csv,
93,eps-ILP g=2,1,feasible,complete,1,1,returned,0,5.0,2,0.03125,0.3527923058084863,0.03125,0.0563387619331479,0.0574801662005484,1890.0,5,0,0.0,0.0,2.0,0.0,,,64,1.0,0.0030484842136502,0.0,378.0,6.0,1.0,0.0011414042674005,,,,,,,,,,True,grid_complete,configured_grid,,1.440383493900299e-05,solver final filtering and index remapping; caller metric conversion excluded,r5-v1,,excluded_precomputed,,True,,,fresh_retrieval,0.0,0.0563049181364476,1.943996176123619e-05,0.0563387619331479,0.0574801662005484,measured_excluding_encoding,"[116, 61, 6, 36, 153, 6]","[116, 61, 6, 36, 153, 6]",scipy.optimize.milp/HiGHS,1.17.1,1.12.0,1.0,<paper>/revision_campaign_20260914/default/amazon/default.csv,
93,eps-ILP g=4,1,feasible,complete,1,1,returned,0,17.0,6,0.09375,0.6077913228804477,0.09375,0.2106472332961857,0.2117886375635862,6426.0,17,0,0.0,0.0,4.0,0.0,,,64,1.0,0.0030484842136502,0.0,378.0,6.0,1.0,0.0011414042674005,,,,,,,,,,True,grid_complete,configured_grid,,1.717405393719673e-05,solver final filtering and index remapping; caller metric conversion excluded,r5-v1,,excluded_precomputed,,True,,,fresh_retrieval,0.0,0.2105767782777547,5.3280964493751526e-05,0.2106472332961857,0.2117886375635862,measured_excluding_encoding,"[116, 61, 6, 36, 153, 6]","[116, 61, 6, 36, 153, 6]",scipy.optimize.milp/HiGHS,1.17.1,1.12.0,1.0,<paper>/revision_campaign_20260914/default/amazon/default.csv,
93,eps-ILP g=8,1,feasible,complete,1,1,returned,0,65.0,12,0.1875,0.84407725357443,0.1875,0.7781776376068592,0.7793190418742597,24570.0,65,0,0.0,0.0,12.0,0.0,,,64,1.0,0.0030484842136502,0.0,378.0,6.0,1.0,0.0011414042674005,,,,,,,,,,True,grid_complete,configured_grid,,2.1437648683786392e-05,solver final filtering and index remapping; caller metric conversion excluded,r5-v1,,excluded_precomputed,,True,,,fresh_retrieval,0.0,0.7777488878928125,0.0004073120653629,0.7781776376068592,0.7793190418742597,measured_excluding_encoding,"[116, 61, 6, 36, 153, 6]","[116, 61, 6, 36, 153, 6]",scipy.optimize.milp/HiGHS,1.17.1,1.12.0,1.0,<paper>/revision_campaign_20260914/default/amazon/default.csv,
93,eps-ILP g=16,1,feasible,complete,1,1,returned,0,257.0,31,0.484375,0.980709304939963,0.484375,3.199153453111649,3.200294857379049,97146.0,257,0,0.0,0.0,42.0,0.0,,,64,1.0,0.0030484842136502,0.0,378.0,6.0,1.0,0.0011414042674005,,,,,,,,,,True,grid_complete,configured_grid,,3.582285717129707e-05,solver final filtering and index remapping; caller metric conversion excluded,r5-v1,,excluded_precomputed,,True,,,fresh_retrieval,0.0,3.1938195070251822,0.005298123229295,3.199153453111649,3.200294857379049,measured_excluding_encoding,"[116, 61, 6, 36, 153, 6]","[116, 61, 6, 36, 153, 6]",scipy.optimize.milp/HiGHS,1.17.1,1.12.0,1.0,<paper>/revision_campaign_20260914/default/amazon/default.csv,
93,PBF,0,feasible,complete,1,1,work_limit,0,,0,0.0,0.0,0.0,1.29062682390213e-05,0.0011543105356395,0.0,1,0,0.0,0.0,0.0,0.0,,,64,1.0,0.0030484842136502,0.0,378.0,6.0,1.0,0.0011414042674005,False,,,,,,,,,False,combination_limit,full_input,,1.29062682390213e-05,solver final filtering and index remapping; caller metric conversion excluded,r5-v1,,excluded_precomputed,,True,,,fresh_retrieval,,,,1.29062682390213e-05,0.0011543105356395,measured_excluding_encoding,"[116, 61, 6, 36, 153, 6]",,Python/PBF,3.11.15,,,<paper>/revision_campaign_20260914/default/amazon/default.csv,
94,PACS,1,feasible,complete,1,1,returned,0,,34,1.0,1.0,1.0,0.0011803619563579,0.0020766090601682,417.0,1,0,0.0,0.0,0.0,0.0,113.0,28.0,34,1.0,0.0012130159884691,0.0,113.0,5.0,1.0,0.0008962471038103,True,,,,,,,,,True,completed,all_reduced_candidates,"[3, 4, 8, 6, 7]",2.1532177925109863e-05,solver final filtering and index remapping; caller metric conversion excluded,r5-v1,,excluded_precomputed,,True,,,fresh_retrieval,7.780687883496284e-05,0.0008744760416448,0.000206546857953,0.0011803619563579,0.0020766090601682,measured_excluding_encoding,"[7, 47, 28, 14, 17]","[3, 4, 8, 6, 7]",Python/PACS+,3.11.15,,,<paper>/revision_campaign_20260914/default/amazon/default.csv,
94,PACS_dC,1,feasible,complete,1,1,returned,0,,20,0.5588235294117647,0.9691303392259132,0.5588235294117647,0.0006780438125133,0.0015742909163236,218.0,1,0,0.0,0.0,0.0,0.0,,,34,1.0,0.0012130159884691,0.0,113.0,5.0,1.0,0.0008962471038103,False,,,,,,,,,True,completed,beam_search,"[3, 4, 8, 6, 7]",1.430697739124298e-05,solver final filtering and index remapping; caller metric conversion excluded,r5-v1,,excluded_precomputed,,True,,,fresh_retrieval,5.90798445045948e-05,0.0005314410664141,7.321592420339584e-05,0.0006780438125133,0.0015742909163236,measured_excluding_encoding,"[7, 47, 28, 14, 17]","[3, 4, 8, 6, 7]",Python/PACS_dC,3.11.15,,,<paper>/revision_campaign_20260914/default/amazon/default.csv,
94,PBS-unbounded,1,feasible,complete,1,1,returned,0,,34,1.0,1.0,1.0,0.0011295769363641,0.0020258240401744,417.0,1,0,0.0,0.0,0.0,0.0,113.0,28.0,34,1.0,0.0012130159884691,0.0,113.0,5.0,1.0,0.0008962471038103,True,,,,,,,,,True,completed,all_reduced_candidates,"[3, 4, 8, 6, 7]",2.1008774638175964e-05,solver final filtering and index remapping; caller metric conversion excluded,r5-v1,,excluded_precomputed,,True,,,fresh_retrieval,5.933409556746483e-05,0.000847817864269,0.0002014162018895,0.0011295769363641,0.0020258240401744,measured_excluding_encoding,"[7, 47, 28, 14, 17]","[3, 4, 8, 6, 7]",Python/PBS-unbounded,3.11.15,,,<paper>/revision_campaign_20260914/default/amazon/default.csv,
94,PTS,1,feasible,complete,1,1,returned,0,,34,1.0,1.0,1.0,0.0031214719638228,0.0040177190676331,1370.0,1,0,0.0,0.0,0.0,0.0,113.0,28.0,34,1.0,0.0012130159884691,0.0,113.0,5.0,1.0,0.0008962471038103,True,,,,,,,500.0,,True,completed,fixed_candidate_tree,"[3, 4, 8, 6, 7]",3.503076732158661e-05,solver final filtering and index remapping; caller metric conversion excluded,r5-v1,,excluded_precomputed,,True,,,fresh_retrieval,6.828317418694496e-05,0.002881646156311,0.0001365118660032,0.0031214719638228,0.0040177190676331,measured_excluding_encoding,"[7, 47, 28, 14, 17]","[3, 4, 8, 6, 7]",Python/DFS,3.11.15,,,<paper>/revision_campaign_20260914/default/amazon/default.csv,
94,eps-ILP g=2,1,feasible,complete,1,1,returned,0,5.0,2,0.0588235294117647,0.0672911355873776,0.0588235294117647,0.0292680887505412,0.0301643358543515,565.0,5,0,0.0,0.0,2.0,0.0,,,34,1.0,0.0012130159884691,0.0,113.0,5.0,1.0,0.0008962471038103,,,,,,,,,,True,grid_complete,configured_grid,,1.5390105545520782e-05,solver final filtering and index remapping; caller metric conversion excluded,r5-v1,,excluded_precomputed,,True,,,fresh_retrieval,0.0,0.0292352377437055,1.74609012901783e-05,0.0292680887505412,0.0301643358543515,measured_excluding_encoding,"[7, 47, 28, 14, 17]","[7, 47, 28, 14, 17]",scipy.optimize.milp/HiGHS,1.17.1,1.12.0,1.0,<paper>/revision_campaign_20260914/default/amazon/default.csv,
94,eps-ILP g=4,1,feasible,complete,1,1,returned,0,17.0,4,0.1176470588235294,0.1919188097574914,0.1176470588235294,0.1127025173045694,0.1135987644083798,1921.0,17,0,0.0,0.0,4.0,0.0,,,34,1.0,0.0012130159884691,0.0,113.0,5.0,1.0,0.0008962471038103,,,,,,,,,,True,grid_complete,configured_grid,,1.6438309103250504e-05,solver final filtering and index remapping; caller metric conversion excluded,r5-v1,,excluded_precomputed,,True,,,fresh_retrieval,0.0,0.1126343039795756,5.17750158905983e-05,0.1127025173045694,0.1135987644083798,measured_excluding_encoding,"[7, 47, 28, 14, 17]","[7, 47, 28, 14, 17]",scipy.optimize.milp/HiGHS,1.17.1,1.12.0,1.0,<paper>/revision_campaign_20260914/default/amazon/default.csv,
94,eps-ILP g=8,1,feasible,complete,1,1,returned,0,65.0,10,0.2941176470588235,0.7041801001182376,0.2941176470588235,0.4725869558751583,0.4734832029789686,7345.0,65,0,0.0,0.0,8.0,0.0,,,34,1.0,0.0012130159884691,0.0,113.0,5.0,1.0,0.0008962471038103,,,,,,,,,,True,grid_complete,configured_grid,,2.1807849407196045e-05,solver final filtering and index remapping; caller metric conversion excluded,r5-v1,,excluded_precomputed,,True,,,fresh_retrieval,0.0,0.4721204908564687,0.0004446571692824,0.4725869558751583,0.4734832029789686,measured_excluding_encoding,"[7, 47, 28, 14, 17]","[7, 47, 28, 14, 17]",scipy.optimize.milp/HiGHS,1.17.1,1.12.0,1.0,<paper>/revision_campaign_20260914/default/amazon/default.csv,
94,eps-ILP g=16,1,feasible,complete,1,1,returned,0,257.0,17,0.5,0.9325068494724768,0.5,1.8749300385825336,1.875826285686344,29041.0,257,0,0.0,0.0,18.0,0.0,,,34,1.0,0.0012130159884691,0.0,113.0,5.0,1.0,0.0008962471038103,,,,,,,,,,True,grid_complete,configured_grid,,3.732368350028992e-05,solver final filtering and index remapping; caller metric conversion excluded,r5-v1,,excluded_precomputed,,True,,,fresh_retrieval,0.0,1.8683666591532528,0.0065260557457804,1.8749300385825336,1.875826285686344,measured_excluding_encoding,"[7, 47, 28, 14, 17]","[7, 47, 28, 14, 17]",scipy.optimize.milp/HiGHS,1.17.1,1.12.0,1.0,<paper>/revision_campaign_20260914/default/amazon/default.csv,
94,PBF,1,feasible,complete,1,1,returned,0,,34,1.0,1.0,1.0,2.457026567775756,2.4579228148795664,10962280.0,1,0,0.0,0.0,0.0,0.0,,,34,1.0,0.0012130159884691,0.0,113.0,5.0,1.0,0.0008962471038103,True,,,,,,,,,True,complete,full_input,,2.457026567775756,solver final filtering and index remapping; caller metric conversion excluded,r5-v1,,excluded_precomputed,,True,,,fresh_retrieval,,,,2.457026567775756,2.4579228148795664,measured_excluding_encoding,"[7, 47, 28, 14, 17]",,Python/PBF,3.11.15,,,<paper>/revision_campaign_20260914/default/amazon/default.csv,
95,PACS,1,feasible,complete,1,1,returned,0,,19,1.0,1.0,1.0,0.0004693460650742,0.0014061396941542,102.0,1,0,0.0,0.0,0.0,0.0,248.0,19.0,19,1.0,0.0004203007556498,0.0,248.0,3.0,1.0,0.00093679362908,True,,,,,,,,,True,completed,all_reduced_candidates,"[4, 13, 2]",1.3002194464206696e-05,solver final filtering and index remapping; caller metric conversion excluded,r5-v1,,excluded_precomputed,,True,,,fresh_retrieval,0.0001661968417465,0.0002106400206685,7.95070081949234e-05,0.0004693460650742,0.0014061396941542,measured_excluding_encoding,"[8, 224, 16]","[4, 13, 2]",Python/PACS+,3.11.15,,,<paper>/revision_campaign_20260914/default/amazon/default.csv,
95,PACS_dC,1,feasible,complete,1,1,returned,0,,10,0.4210526315789473,0.7613812631348815,0.4210526315789473,0.0003843656741082,0.0013211593031883,86.0,1,0,0.0,0.0,0.0,0.0,,,19,1.0,0.0004203007556498,0.0,248.0,3.0,1.0,0.00093679362908,False,,,,,,,,,True,completed,beam_search,"[4, 13, 2]",1.0005664080381392e-05,solver final filtering and index remapping; caller metric conversion excluded,r5-v1,,excluded_precomputed,,True,,,fresh_retrieval,0.0001276680268347,0.0002096220850944,3.70698980987072e-05,0.0003843656741082,0.0013211593031883,measured_excluding_encoding,"[8, 224, 16]","[4, 13, 2]",Python/PACS_dC,3.11.15,,,<paper>/revision_campaign_20260914/default/amazon/default.csv,
95,PBS-unbounded,1,feasible,complete,1,1,returned,0,,19,1.0,1.0,1.0,0.0004669581539928,0.0014037517830729,102.0,1,0,0.0,0.0,0.0,0.0,248.0,19.0,19,1.0,0.0004203007556498,0.0,248.0,3.0,1.0,0.00093679362908,True,,,,,,,,,True,completed,all_reduced_candidates,"[4, 13, 2]",1.881318166851997e-05,solver final filtering and index remapping; caller metric conversion excluded,r5-v1,,excluded_precomputed,,True,,,fresh_retrieval,0.0001687449403107,0.0001993631012737,8.003693073987961e-05,0.0004669581539928,0.0014037517830729,measured_excluding_encoding,"[8, 224, 16]","[4, 13, 2]",Python/PBS-unbounded,3.11.15,,,<paper>/revision_campaign_20260914/default/amazon/default.csv,
95,PTS,1,feasible,complete,1,1,returned,0,,19,1.0,1.0,1.0,0.0007665590383112,0.0017033526673913,129.0,1,0,0.0,0.0,0.0,0.0,248.0,19.0,19,1.0,0.0004203007556498,0.0,248.0,3.0,1.0,0.00093679362908,True,,,,,,,500.0,,True,completed,fixed_candidate_tree,"[4, 13, 2]",2.157874405384064e-05,solver final filtering and index remapping; caller metric conversion excluded,r5-v1,,excluded_precomputed,,True,,,fresh_retrieval,0.0001259171403944,0.0005454299971461,7.363315671682358e-05,0.0007665590383112,0.0017033526673913,measured_excluding_encoding,"[8, 224, 16]","[4, 13, 2]",Python/DFS,3.11.15,,,<paper>/revision_campaign_20260914/default/amazon/default.csv,
95,eps-ILP g=2,1,feasible,complete,1,1,returned,0,5.0,3,0.1578947368421052,0.3629758200442624,0.1578947368421052,0.0305011700838804,0.0314379637129604,1240.0,5,0,0.0,0.0,1.0,0.0,,,19,1.0,0.0004203007556498,0.0,248.0,3.0,1.0,0.00093679362908,,,,,,,,,,True,grid_complete,configured_grid,,1.5108846127986908e-05,solver final filtering and index remapping; caller metric conversion excluded,r5-v1,,excluded_precomputed,,True,,,fresh_retrieval,0.0,0.0304658380337059,2.0223204046487808e-05,0.0305011700838804,0.0314379637129604,measured_excluding_encoding,"[8, 224, 16]","[8, 224, 16]",scipy.optimize.milp/HiGHS,1.17.1,1.12.0,1.0,<paper>/revision_campaign_20260914/default/amazon/default.csv,
95,eps-ILP g=4,1,feasible,complete,1,1,returned,0,17.0,7,0.3684210526315789,0.7493124922094295,0.3684210526315789,0.1283604772761464,0.1292972709052264,4216.0,17,0,0.0,0.0,1.0,0.0,,,19,1.0,0.0004203007556498,0.0,248.0,3.0,1.0,0.00093679362908,,,,,,,,,,True,grid_complete,configured_grid,,1.627439633011818e-05,solver final filtering and index remapping; caller metric conversion excluded,r5-v1,,excluded_precomputed,,True,,,fresh_retrieval,0.0,0.1282793330028653,6.486987695097923e-05,0.1283604772761464,0.1292972709052264,measured_excluding_encoding,"[8, 224, 16]","[8, 224, 16]",scipy.optimize.milp/HiGHS,1.17.1,1.12.0,1.0,<paper>/revision_campaign_20260914/default/amazon/default.csv,
95,eps-ILP g=8,1,feasible,complete,1,1,returned,0,65.0,13,0.6842105263157895,0.9777357394151028,0.6842105263157895,0.4577779173851013,0.4587147110141814,16120.0,65,0,0.0,0.0,1.0,0.0,,,19,1.0,0.0004203007556498,0.0,248.0,3.0,1.0,0.00093679362908,,,,,,,,,,True,grid_complete,configured_grid,,1.857709139585495e-05,solver final filtering and index remapping; caller metric conversion excluded,r5-v1,,excluded_precomputed,,True,,,fresh_retrieval,0.0,0.4572057002224028,0.0005536400713026,0.4577779173851013,0.4587147110141814,measured_excluding_encoding,"[8, 224, 16]","[8, 224, 16]",scipy.optimize.milp/HiGHS,1.17.1,1.12.0,1.0,<paper>/revision_campaign_20260914/default/amazon/default.csv,
95,eps-ILP g=16,1,feasible,complete,1,1,returned,0,257.0,17,0.8947368421052632,0.9983994415340088,0.8947368421052632,2.0217507393099368,2.022687532939017,63736.0,257,0,0.0,0.0,2.0,0.0,,,19,1.0,0.0004203007556498,0.0,248.0,3.0,1.0,0.00093679362908,,,,,,,,,,True,grid_complete,configured_grid,,3.634300082921982e-05,solver final filtering and index remapping; caller metric conversion excluded,r5-v1,,excluded_precomputed,,True,,,fresh_retrieval,0.0,2.0142574990168214,0.0074568972922861,2.0217507393099368,2.022687532939017,measured_excluding_encoding,"[8, 224, 16]","[8, 224, 16]",scipy.optimize.milp/HiGHS,1.17.1,1.12.0,1.0,<paper>/revision_campaign_20260914/default/amazon/default.csv,
95,PBF,1,feasible,complete,1,1,returned,0,,19,1.0,1.0,1.0,0.0104110711254179,0.011347864754498,86016.0,1,0,0.0,0.0,0.0,0.0,,,19,1.0,0.0004203007556498,0.0,248.0,3.0,1.0,0.00093679362908,True,,,,,,,,,True,complete,full_input,,0.0104110711254179,solver final filtering and index remapping; caller metric conversion excluded,r5-v1,,excluded_precomputed,,True,,,fresh_retrieval,,,,0.0104110711254179,0.011347864754498,measured_excluding_encoding,"[8, 224, 16]",,Python/PBF,3.11.15,,,<paper>/revision_campaign_20260914/default/amazon/default.csv,
96,PACS,1,feasible,complete,1,1,returned,0,,11,1.0,1.0,1.0,0.0002831858582794,0.0011837519705295,31.0,1,0,0.0,0.0,0.0,0.0,171.0,11.0,11,1.0,0.0002438789233565,0.0,171.0,3.0,1.0,0.00090056611225,True,,,,,,,,,True,completed,all_reduced_candidates,"[1, 6, 4]",1.3037119060754776e-05,solver final filtering and index remapping; caller metric conversion excluded,r5-v1,,excluded_precomputed,,True,,,fresh_retrieval,0.0001089419238269,8.397083729505539e-05,7.723597809672356e-05,0.0002831858582794,0.0011837519705295,measured_excluding_encoding,"[2, 161, 8]","[1, 6, 4]",Python/PACS+,3.11.15,,,<paper>/revision_campaign_20260914/default/amazon/default.csv,
96,PACS_dC,1,feasible,complete,1,1,returned,0,,9,0.7272727272727273,0.989349754385765,0.7272727272727273,0.0002161571756005,0.0011167232878506,19.0,1,0,0.0,0.0,0.0,0.0,,,11,1.0,0.0002438789233565,0.0,171.0,3.0,1.0,0.00090056611225,False,,,,,,,,,True,completed,beam_search,"[1, 6, 4]",1.1804047971963882e-05,solver final filtering and index remapping; caller metric conversion excluded,r5-v1,,excluded_precomputed,,True,,,fresh_retrieval,8.740229532122612e-05,8.326303213834763e-05,3.368780016899109e-05,0.0002161571756005,0.0011167232878506,measured_excluding_encoding,"[2, 161, 8]","[1, 6, 4]",Python/PACS_dC,3.11.15,,,<paper>/revision_campaign_20260914/default/amazon/default.csv,
96,PBS-unbounded,1,feasible,complete,1,1,returned,0,,11,1.0,1.0,1.0,0.0002436246722936,0.0011441907845437,31.0,1,0,0.0,0.0,0.0,0.0,171.0,11.0,11,1.0,0.0002438789233565,0.0,171.0,3.0,1.0,0.00090056611225,True,,,,,,,,,True,completed,all_reduced_candidates,"[1, 6, 4]",1.4334917068481444e-05,solver final filtering and index remapping; caller metric conversion excluded,r5-v1,,excluded_precomputed,,True,,,fresh_retrieval,9.129615500569344e-05,7.867487147450447e-05,5.931872874498367e-05,0.0002436246722936,0.0011441907845437,measured_excluding_encoding,"[2, 161, 8]","[1, 6, 4]",Python/PBS-unbounded,3.11.15,,,<paper>/revision_campaign_20260914/default/amazon/default.csv,
96,PTS,1,feasible,complete,1,1,returned,0,,11,1.0,1.0,1.0,0.0004352792166173,0.0013358453288674,61.0,1,0,0.0,0.0,0.0,0.0,171.0,11.0,11,1.0,0.0002438789233565,0.0,171.0,3.0,1.0,0.00090056611225,True,,,,,,,500.0,,True,completed,fixed_candidate_tree,"[1, 6, 4]",1.879036426544189e-05,solver final filtering and index remapping; caller metric conversion excluded,r5-v1,,excluded_precomputed,,True,,,fresh_retrieval,7.89170153439045e-05,0.0002926029264926,4.496891051530838e-05,0.0004352792166173,0.0013358453288674,measured_excluding_encoding,"[2, 161, 8]","[1, 6, 4]",Python/DFS,3.11.15,,,<paper>/revision_campaign_20260914/default/amazon/default.csv,
96,eps-ILP g=2,1,feasible,complete,1,1,returned,0,5.0,2,0.1818181818181818,0.001619103470148,0.1818181818181818,0.0223572389222681,0.0232578050345182,855.0,5,0,0.0,0.0,1.0,0.0,,,11,1.0,0.0002438789233565,0.0,171.0,3.0,1.0,0.00090056611225,,,,,,,,,,True,grid_complete,configured_grid,,1.361314207315445e-05,solver final filtering and index remapping; caller metric conversion excluded,r5-v1,,excluded_precomputed,,True,,,fresh_retrieval,0.0,0.0223243916407227,1.923413947224617e-05,0.0223572389222681,0.0232578050345182,measured_excluding_encoding,"[2, 161, 8]","[2, 161, 8]",scipy.optimize.milp/HiGHS,1.17.1,1.12.0,1.0,<paper>/revision_campaign_20260914/default/amazon/default.csv,
96,eps-ILP g=4,1,feasible,complete,1,1,returned,0,17.0,2,0.1818181818181818,0.001619103470148,0.1818181818181818,0.0955721447244286,0.0964727108366787,2907.0,17,0,0.0,0.0,3.0,0.0,,,11,1.0,0.0002438789233565,0.0,171.0,3.0,1.0,0.00090056611225,,,,,,,,,,True,grid_complete,configured_grid,,1.636473461985588e-05,solver final filtering and index remapping; caller metric conversion excluded,r5-v1,,excluded_precomputed,,True,,,fresh_retrieval,0.0,0.0955007802695036,5.499972030520439e-05,0.0955721447244286,0.0964727108366787,measured_excluding_encoding,"[2, 161, 8]","[2, 161, 8]",scipy.optimize.milp/HiGHS,1.17.1,1.12.0,1.0,<paper>/revision_campaign_20260914/default/amazon/default.csv,
96,eps-ILP g=8,1,feasible,complete,1,1,returned,0,65.0,4,0.3636363636363636,0.7299149398786497,0.3636363636363636,0.4504073383286595,0.4513079044409096,11115.0,65,0,0.0,0.0,6.0,0.0,,,11,1.0,0.0002438789233565,0.0,171.0,3.0,1.0,0.00090056611225,,,,,,,,,,True,grid_complete,configured_grid,,2.0868144929409027e-05,solver final filtering and index remapping; caller metric conversion excluded,r5-v1,,excluded_precomputed,,True,,,fresh_retrieval,0.0,0.4498629262670874,0.0005235439166426,0.4504073383286595,0.4513079044409096,measured_excluding_encoding,"[2, 161, 8]","[2, 161, 8]",scipy.optimize.milp/HiGHS,1.17.1,1.12.0,1.0,<paper>/revision_campaign_20260914/default/amazon/default.csv,
96,eps-ILP g=16,1,feasible,complete,1,1,returned,0,257.0,7,0.6363636363636364,0.943097094882536,0.6363636363636364,1.7472009621560574,1.7481015282683074,43947.0,257,0,0.0,0.0,14.0,0.0,,,11,1.0,0.0002438789233565,0.0,171.0,3.0,1.0,0.00090056611225,,,,,,,,,,True,grid_complete,configured_grid,,3.333715721964836e-05,solver final filtering and index remapping; caller metric conversion excluded,r5-v1,,excluded_precomputed,,True,,,fresh_retrieval,0.0,1.7395275202579796,0.007640104740858,1.7472009621560574,1.7481015282683074,measured_excluding_encoding,"[2, 161, 8]","[2, 161, 8]",scipy.optimize.milp/HiGHS,1.17.1,1.12.0,1.0,<paper>/revision_campaign_20260914/default/amazon/default.csv,
96,PBF,1,feasible,complete,1,1,returned,0,,11,1.0,1.0,1.0,0.0029561929404735,0.0038567590527236,7728.0,1,0,0.0,0.0,0.0,0.0,,,11,1.0,0.0002438789233565,0.0,171.0,3.0,1.0,0.00090056611225,True,,,,,,,,,True,complete,full_input,,0.0029561929404735,solver final filtering and index remapping; caller metric conversion excluded,r5-v1,,excluded_precomputed,,True,,,fresh_retrieval,,,,0.0029561929404735,0.0038567590527236,measured_excluding_encoding,"[2, 161, 8]",,Python/PBF,3.11.15,,,<paper>/revision_campaign_20260914/default/amazon/default.csv,
97,PACS,1,feasible,complete,1,1,returned,0,,12,1.0,1.0,1.0,0.000215298961848,0.0010156799107789,33.0,1,0,0.0,0.0,0.0,0.0,77.0,10.0,12,1.0,0.0001918678171932,0.0,77.0,4.0,1.0,0.0008003809489309,True,,,,,,,,,True,completed,all_reduced_candidates,"[1, 5, 3, 1]",1.154700294137001e-05,solver final filtering and index remapping; caller metric conversion excluded,r5-v1,,excluded_precomputed,,True,,,fresh_retrieval,5.844701081514359e-05,9.210780262947084e-05,5.319714546203613e-05,0.000215298961848,0.0010156799107789,measured_excluding_encoding,"[1, 66, 5, 5]","[1, 5, 3, 1]",Python/PACS+,3.11.15,,,<paper>/revision_campaign_20260914/default/amazon/default.csv,
97,PACS_dC,1,feasible,complete,1,1,returned,0,,5,0.3333333333333333,0.8467027126057539,0.3333333333333333,0.0001507080160081,0.0009510889649391,17.0,1,0,0.0,0.0,0.0,0.0,,,12,1.0,0.0001918678171932,0.0,77.0,4.0,1.0,0.0008003809489309,False,,,,,,,,,True,completed,beam_search,"[1, 5, 3, 1]",1.0658986866474152e-05,solver final filtering and index remapping; caller metric conversion excluded,r5-v1,,excluded_precomputed,,True,,,fresh_retrieval,4.203198477625847e-05,7.841084152460098e-05,1.960620284080505e-05,0.0001507080160081,0.0009510889649391,measured_excluding_encoding,"[1, 66, 5, 5]","[1, 5, 3, 1]",Python/PACS_dC,3.11.15,,,<paper>/revision_campaign_20260914/default/amazon/default.csv,
97,PBS-unbounded,1,feasible,complete,1,1,returned,0,,12,1.0,1.0,1.0,0.0001935479231178,0.0009939288720488,33.0,1,0,0.0,0.0,0.0,0.0,77.0,10.0,12,1.0,0.0001918678171932,0.0,77.0,4.0,1.0,0.0008003809489309,True,,,,,,,,,True,completed,all_reduced_candidates,"[1, 5, 3, 1]",1.1694151908159256e-05,solver final filtering and index remapping; caller metric conversion excluded,r5-v1,,excluded_precomputed,,True,,,fresh_retrieval,4.999898374080658e-05,8.522998541593552e-05,4.66248020529747e-05,0.0001935479231178,0.0009939288720488,measured_excluding_encoding,"[1, 66, 5, 5]","[1, 5, 3, 1]",Python/PBS-unbounded,3.11.15,,,<paper>/revision_campaign_20260914/default/amazon/default.csv,
97,PTS,1,feasible,complete,1,1,returned,0,,12,1.0,1.0,1.0,0.0004602577537298,0.0012606387026607,70.0,1,0,0.0,0.0,0.0,0.0,77.0,10.0,12,1.0,0.0001918678171932,0.0,77.0,4.0,1.0,0.0008003809489309,True,,,,,,,500.0,,True,completed,fixed_candidate_tree,"[1, 5, 3, 1]",2.013333141803741e-05,solver final filtering and index remapping; caller metric conversion excluded,r5-v1,,excluded_precomputed,,True,,,fresh_retrieval,3.904104232788086e-05,0.0003544432111084,4.6640168875455856e-05,0.0004602577537298,0.0012606387026607,measured_excluding_encoding,"[1, 66, 5, 5]","[1, 5, 3, 1]",Python/DFS,3.11.15,,,<paper>/revision_campaign_20260914/default/amazon/default.csv,
97,eps-ILP g=2,1,feasible,complete,1,1,returned,0,5.0,3,0.25,0.6931429816733334,0.25,0.0127513408660888,0.0135517218150198,385.0,5,0,0.0,0.0,1.0,0.0,,,12,1.0,0.0001918678171932,0.0,77.0,4.0,1.0,0.0008003809489309,,,,,,,,,,True,grid_complete,configured_grid,,1.4357268810272217e-05,solver final filtering and index remapping; caller metric conversion excluded,r5-v1,,excluded_precomputed,,True,,,fresh_retrieval,0.0,0.0127177136018872,1.9269995391368863e-05,0.0127513408660888,0.0135517218150198,measured_excluding_encoding,"[1, 66, 5, 5]","[1, 66, 5, 5]",scipy.optimize.milp/HiGHS,1.17.1,1.12.0,1.0,<paper>/revision_campaign_20260914/default/amazon/default.csv,
97,eps-ILP g=4,1,feasible,complete,1,1,returned,0,17.0,3,0.25,0.6931429816733334,0.25,0.0442441469058394,0.0450445278547704,1309.0,17,0,0.0,0.0,2.0,0.0,,,12,1.0,0.0001918678171932,0.0,77.0,4.0,1.0,0.0008003809489309,,,,,,,,,,True,grid_complete,configured_grid,,1.6616657376289368e-05,solver final filtering and index remapping; caller metric conversion excluded,r5-v1,,excluded_precomputed,,True,,,fresh_retrieval,0.0,0.0441671530716121,6.037717685103416e-05,0.0442441469058394,0.0450445278547704,measured_excluding_encoding,"[1, 66, 5, 5]","[1, 66, 5, 5]",scipy.optimize.milp/HiGHS,1.17.1,1.12.0,1.0,<paper>/revision_campaign_20260914/default/amazon/default.csv,
97,eps-ILP g=8,1,feasible,complete,1,1,returned,0,65.0,3,0.25,0.6931429816733334,0.25,0.1702565336599946,0.1710569146089255,5005.0,65,0,0.0,0.0,4.0,0.0,,,12,1.0,0.0001918678171932,0.0,77.0,4.0,1.0,0.0008003809489309,,,,,,,,,,True,grid_complete,configured_grid,,2.124300226569176e-05,solver final filtering and index remapping; caller metric conversion excluded,r5-v1,,excluded_precomputed,,True,,,fresh_retrieval,0.0,0.16967578465119,0.0005595060065388,0.1702565336599946,0.1710569146089255,measured_excluding_encoding,"[1, 66, 5, 5]","[1, 66, 5, 5]",scipy.optimize.milp/HiGHS,1.17.1,1.12.0,1.0,<paper>/revision_campaign_20260914/default/amazon/default.csv,
97,eps-ILP g=16,1,feasible,complete,1,1,returned,0,257.0,8,0.6666666666666666,0.9733338851761112,0.6666666666666666,0.7333370270207524,0.7341374079696834,19789.0,257,0,0.0,0.0,10.0,0.0,,,12,1.0,0.0001918678171932,0.0,77.0,4.0,1.0,0.0008003809489309,,,,,,,,,,True,grid_complete,configured_grid,,3.31709161400795e-05,solver final filtering and index remapping; caller metric conversion excluded,r5-v1,,excluded_precomputed,,True,,,fresh_retrieval,0.0,0.725531387142837,0.0077724689617753,0.7333370270207524,0.7341374079696834,measured_excluding_encoding,"[1, 66, 5, 5]","[1, 66, 5, 5]",scipy.optimize.milp/HiGHS,1.17.1,1.12.0,1.0,<paper>/revision_campaign_20260914/default/amazon/default.csv,
97,PBF,1,feasible,complete,1,1,returned,0,,12,1.0,1.0,1.0,0.0023391311988234,0.0031395121477544,6600.0,1,0,0.0,0.0,0.0,0.0,,,12,1.0,0.0001918678171932,0.0,77.0,4.0,1.0,0.0008003809489309,True,,,,,,,,,True,complete,full_input,,0.0023391311988234,solver final filtering and index remapping; caller metric conversion excluded,r5-v1,,excluded_precomputed,,True,,,fresh_retrieval,,,,0.0023391311988234,0.0031395121477544,measured_excluding_encoding,"[1, 66, 5, 5]",,Python/PBF,3.11.15,,,<paper>/revision_campaign_20260914/default/amazon/default.csv,
98,PACS,1,feasible,complete,1,1,returned,0,,51,0.6375,0.9741501875311356,0.6296296296296297,0.0031017218716442,0.0039516249671578,1023.0,1,0,0.0,0.0,0.0,0.0,138.0,40.0,80,1.0,0.0030605089850723,0.0,138.0,5.0,1.0,0.0008499030955135,False,,,,,,,,,True,completed,beam_search,"[5, 5, 17, 7, 6]",3.940192982554436e-05,solver final filtering and index remapping; caller metric conversion excluded,r5-v1,,excluded_precomputed,,True,,,fresh_retrieval,0.0001759948208928,0.0025450829416513,0.0003412421792745,0.0031017218716442,0.0039516249671578,measured_excluding_encoding,"[17, 29, 28, 54, 10]","[5, 5, 17, 7, 6]",Python/PACS+,3.11.15,,,<paper>/revision_campaign_20260914/default/amazon/default.csv,
98,PACS_dC,1,feasible,complete,1,1,returned,0,,38,0.275,0.7223632000201868,0.2716049382716049,0.0012407540343701,0.0020906571298837,401.0,1,0,0.0,0.0,0.0,0.0,,,80,1.0,0.0030605089850723,0.0,138.0,5.0,1.0,0.0008499030955135,False,,,,,,,,,True,completed,beam_search,"[5, 5, 17, 7, 6]",1.538218930363655e-05,solver final filtering and index remapping; caller metric conversion excluded,r5-v1,,excluded_precomputed,,True,,,fresh_retrieval,0.0001375586725771,0.0009559723548591,0.0001318408176302,0.0012407540343701,0.0020906571298837,measured_excluding_encoding,"[17, 29, 28, 54, 10]","[5, 5, 17, 7, 6]",Python/PACS_dC,3.11.15,,,<paper>/revision_campaign_20260914/default/amazon/default.csv,
98,PBS-unbounded,1,feasible,complete,1,1,returned,0,,80,1.0,1.0,0.9876543209876544,0.0031674238853156,0.0040173269808292,1023.0,1,0,0.0,0.0,0.0,0.0,138.0,40.0,80,1.0,0.0030605089850723,0.0,138.0,5.0,1.0,0.0008499030955135,True,,,,,,,,,True,completed,all_reduced_candidates,"[5, 5, 17, 7, 6]",4.050182178616524e-05,solver final filtering and index remapping; caller metric conversion excluded,r5-v1,,excluded_precomputed,,True,,,fresh_retrieval,0.0001641791313886,0.0025087348185479,0.0004540081135928,0.0031674238853156,0.0040173269808292,measured_excluding_encoding,"[17, 29, 28, 54, 10]","[5, 5, 17, 7, 6]",Python/PBS-unbounded,3.11.15,,,<paper>/revision_campaign_20260914/default/amazon/default.csv,
98,PTS,1,feasible,complete,1,1,returned,0,,80,1.0,1.0,0.9876543209876544,0.0084593170322477,0.0093092201277613,2534.0,1,0,0.0,0.0,0.0,0.0,138.0,40.0,80,1.0,0.0030605089850723,0.0,138.0,5.0,1.0,0.0008499030955135,True,,,,,,,500.0,,True,completed,fixed_candidate_tree,"[5, 5, 17, 7, 6]",4.193885251879692e-05,solver final filtering and index remapping; caller metric conversion excluded,r5-v1,,excluded_precomputed,,True,,,fresh_retrieval,0.0001322999596595,0.0079614394344389,0.0003236387856304,0.0084593170322477,0.0093092201277613,measured_excluding_encoding,"[17, 29, 28, 54, 10]","[5, 5, 17, 7, 6]",Python/DFS,3.11.15,,,<paper>/revision_campaign_20260914/default/amazon/default.csv,
98,eps-ILP g=2,1,feasible,complete,1,1,returned,0,5.0,3,0.0375,0.1525445950667119,0.037037037037037,0.0266077481210231,0.0274576512165367,690.0,5,0,0.0,0.0,1.0,0.0,,,80,1.0,0.0030605089850723,0.0,138.0,5.0,1.0,0.0008499030955135,,,,,,,,,,True,grid_complete,configured_grid,,1.5777070075273514e-05,solver final filtering and index remapping; caller metric conversion excluded,r5-v1,,excluded_precomputed,,True,,,fresh_retrieval,0.0,0.0265718176960945,2.0153354853391647e-05,0.0266077481210231,0.0274576512165367,measured_excluding_encoding,"[17, 29, 28, 54, 10]","[17, 29, 28, 54, 10]",scipy.optimize.milp/HiGHS,1.17.1,1.12.0,1.0,<paper>/revision_campaign_20260914/default/amazon/default.csv,
98,eps-ILP g=4,1,feasible,complete,1,1,returned,0,17.0,7,0.0875,0.7800363975172994,0.0864197530864197,0.121626955922693,0.1224768590182066,2346.0,17,0,0.0,0.0,3.0,0.0,,,80,1.0,0.0030605089850723,0.0,138.0,5.0,1.0,0.0008499030955135,,,,,,,,,,True,grid_complete,configured_grid,,1.5491154044866562e-05,solver final filtering and index remapping; caller metric conversion excluded,r5-v1,,excluded_precomputed,,True,,,fresh_retrieval,0.0,0.1215541870333254,5.727773532271385e-05,0.121626955922693,0.1224768590182066,measured_excluding_encoding,"[17, 29, 28, 54, 10]","[17, 29, 28, 54, 10]",scipy.optimize.milp/HiGHS,1.17.1,1.12.0,1.0,<paper>/revision_campaign_20260914/default/amazon/default.csv,
98,eps-ILP g=8,1,feasible,complete,1,1,returned,0,65.0,12,0.15,0.8301882303628809,0.1481481481481481,0.5712835299782455,0.5721334330737591,8970.0,65,0,0.0,0.0,7.0,0.0,,,80,1.0,0.0030605089850723,0.0,138.0,5.0,1.0,0.0008499030955135,,,,,,,,,,True,grid_complete,configured_grid,,2.041598781943321e-05,solver final filtering and index remapping; caller metric conversion excluded,r5-v1,,excluded_precomputed,,True,,,fresh_retrieval,0.0,0.5707895080558956,0.0004736059345304,0.5712835299782455,0.5721334330737591,measured_excluding_encoding,"[17, 29, 28, 54, 10]","[17, 29, 28, 54, 10]",scipy.optimize.milp/HiGHS,1.17.1,1.12.0,1.0,<paper>/revision_campaign_20260914/default/amazon/default.csv,
98,eps-ILP g=16,1,feasible,complete,1,1,returned,0,257.0,22,0.275,0.9579014224327178,0.2716049382716049,2.100269478280097,2.101119381375611,35466.0,257,0,0.0,0.0,15.0,0.0,,,80,1.0,0.0030605089850723,0.0,138.0,5.0,1.0,0.0008499030955135,,,,,,,,,,True,grid_complete,configured_grid,,3.87243926525116e-05,solver final filtering and index remapping; caller metric conversion excluded,r5-v1,,excluded_precomputed,,True,,,fresh_retrieval,0.0,2.093556855805218,0.0066738980822265,2.100269478280097,2.101119381375611,measured_excluding_encoding,"[17, 29, 28, 54, 10]","[17, 29, 28, 54, 10]",scipy.optimize.milp/HiGHS,1.17.1,1.12.0,1.0,<paper>/revision_campaign_20260914/default/amazon/default.csv,
98,PBF,1,feasible,complete,1,1,returned,0,,80,1.0,1.0,0.9876543209876544,5.387349425815046,5.388199328910559,37270800.0,1,0,0.0,0.0,0.0,0.0,,,80,1.0,0.0030605089850723,0.0,138.0,5.0,1.0,0.0008499030955135,True,,,,,,,,,True,complete,full_input,,5.387349425815046,solver final filtering and index remapping; caller metric conversion excluded,r5-v1,,excluded_precomputed,,True,,,fresh_retrieval,,,,5.387349425815046,5.388199328910559,measured_excluding_encoding,"[17, 29, 28, 54, 10]",,Python/PBF,3.11.15,,,<paper>/revision_campaign_20260914/default/amazon/default.csv,
99,PACS,1,feasible,complete,1,1,returned,0,,59,1.0,1.0,1.0,0.0009660343639552,0.0018529715016484,265.0,1,0,0.0,0.0,0.0,0.0,151.0,25.0,59,1.0,0.0009206579998135,0.0,151.0,3.0,1.0,0.0008869371376931,True,,,,,,,,,True,completed,all_reduced_candidates,"[10, 12, 3]",1.945020630955696e-05,solver final filtering and index remapping; caller metric conversion excluded,r5-v1,,excluded_precomputed,,True,,,fresh_retrieval,0.0001286771148443,0.0005899127572774,0.0002279942855238,0.0009660343639552,0.0018529715016484,measured_excluding_encoding,"[32, 116, 3]","[10, 12, 3]",Python/PACS+,3.11.15,,,<paper>/revision_campaign_20260914/default/amazon/default.csv,
99,PACS_dC,1,feasible,complete,1,1,returned,0,,2,0.0,0.0025629964404396,0.0,0.000237155240029,0.0011240923777222,70.0,1,0,0.0,0.0,0.0,0.0,,,59,1.0,0.0009206579998135,0.0,151.0,3.0,1.0,0.0008869371376931,False,,,,,,,,,True,completed,beam_search,"[10, 12, 3]",1.1544208973646164e-05,solver final filtering and index remapping; caller metric conversion excluded,r5-v1,,excluded_precomputed,,True,,,fresh_retrieval,9.63909551501274e-05,0.0001169121824204,1.2307893484830856e-05,0.000237155240029,0.0011240923777222,measured_excluding_encoding,"[32, 116, 3]","[10, 12, 3]",Python/PACS_dC,3.11.15,,,<paper>/revision_campaign_20260914/default/amazon/default.csv,
99,PBS-unbounded,1,feasible,complete,1,1,returned,0,,59,1.0,1.0,1.0,0.0008970499038696,0.0017839870415627,265.0,1,0,0.0,0.0,0.0,0.0,151.0,25.0,59,1.0,0.0009206579998135,0.0,151.0,3.0,1.0,0.0008869371376931,True,,,,,,,,,True,completed,all_reduced_candidates,"[10, 12, 3]",1.4938879758119585e-05,solver final filtering and index remapping; caller metric conversion excluded,r5-v1,,excluded_precomputed,,True,,,fresh_retrieval,9.688921272754668e-05,0.0005769999697804,0.0002082218416035,0.0008970499038696,0.0017839870415627,measured_excluding_encoding,"[32, 116, 3]","[10, 12, 3]",Python/PBS-unbounded,3.11.15,,,<paper>/revision_campaign_20260914/default/amazon/default.csv,
99,PTS,1,feasible,complete,1,1,returned,0,,59,1.0,1.0,1.0,0.0026575024239718,0.003544439561665,511.0,1,0,0.0,0.0,0.0,0.0,151.0,25.0,59,1.0,0.0009206579998135,0.0,151.0,3.0,1.0,0.0008869371376931,True,,,,,,,500.0,,True,completed,fixed_candidate_tree,"[10, 12, 3]",2.636946737766266e-05,solver final filtering and index remapping; caller metric conversion excluded,r5-v1,,excluded_precomputed,,True,,,fresh_retrieval,9.070290252566338e-05,0.0023297821171581,0.0002106479369103,0.0026575024239718,0.003544439561665,measured_excluding_encoding,"[32, 116, 3]","[10, 12, 3]",Python/DFS,3.11.15,,,<paper>/revision_campaign_20260914/default/amazon/default.csv,
99,eps-ILP g=2,1,feasible,complete,1,1,returned,0,5.0,2,0.0338983050847457,0.0139364420168692,0.0338983050847457,0.0348359090276062,0.0357228461652994,755.0,5,0,0.0,0.0,2.0,0.0,,,59,1.0,0.0009206579998135,0.0,151.0,3.0,1.0,0.0008869371376931,,,,,,,,,,True,grid_complete,configured_grid,,1.409277319908142e-05,solver final filtering and index remapping; caller metric conversion excluded,r5-v1,,excluded_precomputed,,True,,,fresh_retrieval,0.0,0.0348036102950573,1.820595934987068e-05,0.0348359090276062,0.0357228461652994,measured_excluding_encoding,"[32, 116, 3]","[32, 116, 3]",scipy.optimize.milp/HiGHS,1.17.1,1.12.0,1.0,<paper>/revision_campaign_20260914/default/amazon/default.csv,
99,eps-ILP g=4,1,feasible,complete,1,1,returned,0,17.0,8,0.135593220338983,0.5953595804641941,0.135593220338983,0.1169365551322698,0.117823492269963,2567.0,17,0,0.0,0.0,4.0,0.0,,,59,1.0,0.0009206579998135,0.0,151.0,3.0,1.0,0.0008869371376931,,,,,,,,,,True,grid_complete,configured_grid,,1.5694182366132736e-05,solver final filtering and index remapping; caller metric conversion excluded,r5-v1,,excluded_precomputed,,True,,,fresh_retrieval,0.0,0.1168668661266565,5.399482324719429e-05,0.1169365551322698,0.117823492269963,measured_excluding_encoding,"[32, 116, 3]","[32, 116, 3]",scipy.optimize.milp/HiGHS,1.17.1,1.12.0,1.0,<paper>/revision_campaign_20260914/default/amazon/default.csv,
99,eps-ILP g=8,1,feasible,complete,1,1,returned,0,65.0,21,0.3559322033898305,0.9301367952964824,0.3559322033898305,0.4414281519129872,0.4423150890506804,9815.0,65,0,0.0,0.0,8.0,0.0,,,59,1.0,0.0009206579998135,0.0,151.0,3.0,1.0,0.0008869371376931,,,,,,,,,,True,grid_complete,configured_grid,,2.014078199863434e-05,solver final filtering and index remapping; caller metric conversion excluded,r5-v1,,excluded_precomputed,,True,,,fresh_retrieval,0.0,0.4409176763147115,0.000490334816277,0.4414281519129872,0.4423150890506804,measured_excluding_encoding,"[32, 116, 3]","[32, 116, 3]",scipy.optimize.milp/HiGHS,1.17.1,1.12.0,1.0,<paper>/revision_campaign_20260914/default/amazon/default.csv,
99,eps-ILP g=16,1,feasible,complete,1,1,returned,0,257.0,39,0.6610169491525424,0.989344372851705,0.6610169491525424,1.7779762437567117,1.7788631808944046,38807.0,257,0,0.0,0.0,23.0,0.0,,,59,1.0,0.0009206579998135,0.0,151.0,3.0,1.0,0.0008869371376931,,,,,,,,,,True,grid_complete,configured_grid,,3.4547410905361176e-05,solver final filtering and index remapping; caller metric conversion excluded,r5-v1,,excluded_precomputed,,True,,,fresh_retrieval,0.0,1.7718338072299955,0.0061078891158103,1.7779762437567117,1.7788631808944046,measured_excluding_encoding,"[32, 116, 3]","[32, 116, 3]",scipy.optimize.milp/HiGHS,1.17.1,1.12.0,1.0,<paper>/revision_campaign_20260914/default/amazon/default.csv,
99,PBF,1,feasible,complete,1,1,returned,0,,59,1.0,1.0,1.0,0.0060995151288807,0.0069864522665739,33408.0,1,0,0.0,0.0,0.0,0.0,,,59,1.0,0.0009206579998135,0.0,151.0,3.0,1.0,0.0008869371376931,True,,,,,,,,,True,complete,full_input,,0.0060995151288807,solver final filtering and index remapping; caller metric conversion excluded,r5-v1,,excluded_precomputed,,True,,,fresh_retrieval,,,,0.0060995151288807,0.0069864522665739,measured_excluding_encoding,"[32, 116, 3]",,Python/PBF,3.11.15,,,<paper>/revision_campaign_20260914/default/amazon/default.csv,
0,Pareto-DP,1,feasible,complete,1,1,returned,0,,51,1.0,1.0,1.0,0.0013641309924423,0.2535079857334494,750.0,1,0,0.0,0.0,0.0,0.0,42.0,42.0,51,1.0,0.000913037918508,0.0,42.0,5.0,1.0,0.2521438547410071,True,,,,,,,,,True,completed,all_reduced_candidates,"[15, 5, 5, 11, 6]",3.775721415877342e-05,solver final filtering and index remapping; caller metric conversion excluded,r5-v1,,excluded_precomputed,,True,,,fresh_retrieval,9.286683052778244e-06,0.00097645400092,0.0003406330943107,0.0013641309924423,0.2535079857334494,measured_excluding_encoding,"[15, 5, 5, 11, 6]","[15, 5, 5, 11, 6]",Python/Pareto-DP-conv,3.11.15,,,<paper>/revision_campaign_20260914/default/amazon_dpconv/default.csv,
1,Pareto-DP,1,feasible,complete,1,1,returned,0,,345,1.0,0.9999999999999998,1.0,0.7406923053786159,0.7440530671738088,146923.0,1,0,0.0,0.0,0.0,0.0,638.0,638.0,345,1.0,0.0207073497585952,0.0,638.0,7.0,1.0,0.0033607617951929,True,,,,,,,,,True,completed,all_reduced_candidates,"[2, 80, 12, 12, 44, 73, 415]",7.318798452615738e-05,solver final filtering and index remapping; caller metric conversion excluded,r5-v1,,excluded_precomputed,,True,,,fresh_retrieval,2.0539388060569763e-05,0.7383073149248958,0.0022912630811333,0.7406923053786159,0.7440530671738088,measured_excluding_encoding,"[2, 80, 12, 12, 44, 73, 415]","[2, 80, 12, 12, 44, 73, 415]",Python/Pareto-DP-conv,3.11.15,,,<paper>/revision_campaign_20260914/default/amazon_dpconv/default.csv,
2,Pareto-DP,1,feasible,complete,1,1,returned,0,,94,1.0,1.0,1.0,0.0053370939567685,0.0067563317716121,6242.0,1,0,0.0,0.0,0.0,0.0,414.0,414.0,94,1.0,0.0030358945950865,0.0,414.0,6.0,1.0,0.0014192378148436,True,,,,,,,,,True,completed,all_reduced_candidates,"[210, 108, 24, 4, 52, 16]",2.6644207537174225e-05,solver final filtering and index remapping; caller metric conversion excluded,r5-v1,,excluded_precomputed,,True,,,fresh_retrieval,7.962808012962341e-06,0.0048982459120452,0.0004042410291731,0.0053370939567685,0.0067563317716121,measured_excluding_encoding,"[210, 108, 24, 4, 52, 16]","[210, 108, 24, 4, 52, 16]",Python/Pareto-DP-conv,3.11.15,,,<paper>/revision_campaign_20260914/default/amazon_dpconv/default.csv,
3,Pareto-DP,1,feasible,complete,1,1,returned,0,,26,1.0,1.0,1.0,0.0004721409641206,0.0014028870500624,694.0,1,0,0.0,0.0,0.0,0.0,70.0,70.0,26,1.0,0.0004261247813701,0.0,70.0,3.0,1.0,0.0009307460859417,True,,,,,,,,,True,completed,all_reduced_candidates,"[14, 40, 16]",1.7371028661727905e-05,solver final filtering and index remapping; caller metric conversion excluded,r5-v1,,excluded_precomputed,,True,,,fresh_retrieval,4.51505184173584e-06,0.0003263941034674,0.0001238607801496,0.0004721409641206,0.0014028870500624,measured_excluding_encoding,"[14, 40, 16]","[14, 40, 16]",Python/Pareto-DP-conv,3.11.15,,,<paper>/revision_campaign_20260914/default/amazon_dpconv/default.csv,
4,Pareto-DP,1,feasible,complete,1,1,returned,0,,17,1.0,1.0,1.0,0.0004870276898145,0.0013589253649115,823.0,1,0,0.0,0.0,0.0,0.0,105.0,105.0,17,1.0,0.0003842278383672,0.0,105.0,3.0,1.0,0.0008718976750969,True,,,,,,,,,True,completed,all_reduced_candidates,"[47, 35, 23]",1.663900911808014e-05,solver final filtering and index remapping; caller metric conversion excluded,r5-v1,,excluded_precomputed,,True,,,fresh_retrieval,4.362780600786209e-06,0.0003721131943166,9.391270577907562e-05,0.0004870276898145,0.0013589253649115,measured_excluding_encoding,"[47, 35, 23]","[47, 35, 23]",Python/Pareto-DP-conv,3.11.15,,,<paper>/revision_campaign_20260914/default/amazon_dpconv/default.csv,
5,Pareto-DP,1,feasible,complete,1,1,returned,0,,46,1.0,1.0,1.0,0.0038127610459923,0.0048643900081515,4328.0,1,0,0.0,0.0,0.0,0.0,281.0,281.0,46,1.0,0.0017929221503436,0.0,281.0,5.0,1.0,0.0010516289621591,True,,,,,,,,,True,completed,all_reduced_candidates,"[51, 15, 125, 36, 54]",2.1933112293481827e-05,solver final filtering and index remapping; caller metric conversion excluded,r5-v1,,excluded_precomputed,,True,,,fresh_retrieval,6.699003279209137e-06,0.0035436251200735,0.0002405038103461,0.0038127610459923,0.0048643900081515,measured_excluding_encoding,"[51, 15, 125, 36, 54]","[51, 15, 125, 36, 54]",Python/Pareto-DP-conv,3.11.15,,,<paper>/revision_campaign_20260914/default/amazon_dpconv/default.csv,
6,Pareto-DP,1,feasible,complete,1,1,returned,0,,12,1.0,1.0,1.0,0.0003304141573607,0.0011519934050738,88.0,1,0,0.0,0.0,0.0,0.0,19.0,19.0,12,1.0,0.0003497176803648,0.0,19.0,3.0,1.0,0.000821579247713,True,,,,,,,,,True,completed,all_reduced_candidates,"[8, 7, 4]",1.7669517546892166e-05,solver final filtering and index remapping; caller metric conversion excluded,r5-v1,,excluded_precomputed,,True,,,fresh_retrieval,4.275701940059662e-06,0.0001553031615912,0.0001531657762825,0.0003304141573607,0.0011519934050738,measured_excluding_encoding,"[8, 7, 4]","[8, 7, 4]",Python/Pareto-DP-conv,3.11.15,,,<paper>/revision_campaign_20260914/default/amazon_dpconv/default.csv,
7,Pareto-DP,1,feasible,complete,1,1,returned,0,,33,1.0,1.0,1.0,0.0043611899018287,0.0054349396377801,2598.0,1,0,0.0,0.0,0.0,0.0,110.0,110.0,33,1.0,0.0014994107186794,0.0,110.0,4.0,1.0,0.0010737497359514,True,,,,,,,,,True,completed,all_reduced_candidates,"[18, 9, 10, 73]",2.2674910724163052e-05,solver final filtering and index remapping; caller metric conversion excluded,r5-v1,,excluded_precomputed,,True,,,fresh_retrieval,5.398876965045929e-06,0.0040229321457445,0.0003101839683949,0.0043611899018287,0.0054349396377801,measured_excluding_encoding,"[18, 9, 10, 73]","[18, 9, 10, 73]",Python/Pareto-DP-conv,3.11.15,,,<paper>/revision_campaign_20260914/default/amazon_dpconv/default.csv,
8,Pareto-DP,1,feasible,complete,1,1,returned,0,,34,1.0,0.9999999999999998,1.0,0.0003475127741694,0.0011561107821762,139.0,1,0,0.0,0.0,0.0,0.0,26.0,26.0,34,1.0,0.0003254199400544,0.0,26.0,3.0,1.0,0.0008085980080068,True,,,,,,,,,True,completed,all_reduced_candidates,"[7, 12, 7]",1.5491154044866562e-05,solver final filtering and index remapping; caller metric conversion excluded,r5-v1,,excluded_precomputed,,True,,,fresh_retrieval,4.60771843791008e-06,0.0001653120853006,0.0001621018163859,0.0003475127741694,0.0011561107821762,measured_excluding_encoding,"[7, 12, 7]","[7, 12, 7]",Python/Pareto-DP-conv,3.11.15,,,<paper>/revision_campaign_20260914/default/amazon_dpconv/default.csv,
9,Pareto-DP,1,feasible,complete,1,1,returned,0,,89,1.0,1.0,1.0,0.0059923203662037,0.006979567464441,4063.0,1,0,0.0,0.0,0.0,0.0,230.0,230.0,89,1.0,0.0026714960113167,0.0,230.0,4.0,1.0,0.0009872470982372,True,,,,,,,,,True,completed,all_reduced_candidates,"[14, 169, 17, 30]",2.2847671061754227e-05,solver final filtering and index remapping; caller metric conversion excluded,r5-v1,,excluded_precomputed,,True,,,fresh_retrieval,5.760695785284042e-06,0.0055068512447178,0.0004568607546389,0.0059923203662037,0.006979567464441,measured_excluding_encoding,"[14, 169, 17, 30]","[14, 169, 17, 30]",Python/Pareto-DP-conv,3.11.15,,,<paper>/revision_campaign_20260914/default/amazon_dpconv/default.csv,
10,Pareto-DP,1,feasible,complete,1,1,returned,0,,227,1.0,1.0,1.0,0.0311676333658397,0.0320763932541012,6072.0,1,0,0.0,0.0,0.0,0.0,91.0,91.0,227,1.0,0.0096017373725771,0.0,91.0,7.0,1.0,0.0009087598882615,True,,,,,,,,,True,completed,all_reduced_candidates,"[17, 20, 2, 16, 16, 13, 7]",4.980666562914848e-05,solver final filtering and index remapping; caller metric conversion excluded,r5-v1,,excluded_precomputed,,True,,,fresh_retrieval,5.712732672691345e-06,0.0295613203197717,0.0015507936477661,0.0311676333658397,0.0320763932541012,measured_excluding_encoding,"[17, 20, 2, 16, 16, 13, 7]","[17, 20, 2, 16, 16, 13, 7]",Python/Pareto-DP-conv,3.11.15,,,<paper>/revision_campaign_20260914/default/amazon_dpconv/default.csv,
11,Pareto-DP,1,feasible,complete,1,1,returned,0,,367,1.0,1.0,1.0,0.202410876750946,0.2038238430395722,128447.0,1,0,0.0,0.0,0.0,0.0,679.0,679.0,367,1.0,0.0269926022738218,0.0,679.0,7.0,1.0,0.0014129662886261,True,,,,,,,,,True,completed,all_reduced_candidates,"[59, 63, 60, 7, 14, 399, 77]",6.931647658348083e-05,solver final filtering and index remapping; caller metric conversion excluded,r5-v1,,excluded_precomputed,,True,,,fresh_retrieval,1.241220161318779e-05,0.200030927080661,0.0022982209920883,0.202410876750946,0.2038238430395722,measured_excluding_encoding,"[59, 63, 60, 7, 14, 399, 77]","[59, 63, 60, 7, 14, 399, 77]",Python/Pareto-DP-conv,3.11.15,,,<paper>/revision_campaign_20260914/default/amazon_dpconv/default.csv,
12,Pareto-DP,1,feasible,complete,1,1,returned,0,,41,1.0,0.9999999999999996,1.0,0.0008059362880885,0.0016834470443427,399.0,1,0,0.0,0.0,0.0,0.0,35.0,35.0,41,1.0,0.0008141687139868,0.0,35.0,4.0,1.0,0.0008775107562541,True,,,,,,,,,True,completed,all_reduced_candidates,"[9, 11, 10, 5]",1.7291400581598282e-05,solver final filtering and index remapping; caller metric conversion excluded,r5-v1,,excluded_precomputed,,True,,,fresh_retrieval,4.81773167848587e-06,0.000551258213818,0.0002325689420104,0.0008059362880885,0.0016834470443427,measured_excluding_encoding,"[9, 11, 10, 5]","[9, 11, 10, 5]",Python/Pareto-DP-conv,3.11.15,,,<paper>/revision_campaign_20260914/default/amazon_dpconv/default.csv,
13,Pareto-DP,1,feasible,complete,1,1,returned,0,,45,1.0,1.0,1.0,0.0025674598291516,0.0033719087950885,1668.0,1,0,0.0,0.0,0.0,0.0,52.0,52.0,45,1.0,0.0021949326619505,0.0,52.0,7.0,1.0,0.0008044489659368,True,,,,,,,,,True,completed,all_reduced_candidates,"[6, 3, 11, 13, 9, 3, 7]",2.4938024580478668e-05,solver final filtering and index remapping; caller metric conversion excluded,r5-v1,,excluded_precomputed,,True,,,fresh_retrieval,5.311798304319382e-06,0.0022008642554283,0.0003363457508385,0.0025674598291516,0.0033719087950885,measured_excluding_encoding,"[6, 3, 11, 13, 9, 3, 7]","[6, 3, 11, 13, 9, 3, 7]",Python/Pareto-DP-conv,3.11.15,,,<paper>/revision_campaign_20260914/default/amazon_dpconv/default.csv,
14,Pareto-DP,1,feasible,complete,1,1,returned,0,,33,1.0,1.0,1.0,0.0095119401812553,0.0105230310000479,4243.0,1,0,0.0,0.0,0.0,0.0,288.0,288.0,33,1.0,0.0031695389188826,0.0,288.0,5.0,1.0,0.0010110908187925,True,,,,,,,,,True,completed,all_reduced_candidates,"[2, 207, 56, 6, 17]",2.7476344257593155e-05,solver final filtering and index remapping; caller metric conversion excluded,r5-v1,,excluded_precomputed,,True,,,fresh_retrieval,7.115770131349564e-06,0.0089451223611831,0.0005322257056832,0.0095119401812553,0.0105230310000479,measured_excluding_encoding,"[2, 207, 56, 6, 17]","[2, 207, 56, 6, 17]",Python/Pareto-DP-conv,3.11.15,,,<paper>/revision_campaign_20260914/default/amazon_dpconv/default.csv,
15,Pareto-DP,1,feasible,complete,1,1,returned,0,,45,1.0,1.0,1.0,0.0009811399504542,0.0017991801723837,549.0,1,0,0.0,0.0,0.0,0.0,56.0,56.0,45,1.0,0.0008257068693637,0.0,56.0,4.0,1.0,0.0008180402219295,True,,,,,,,,,True,completed,all_reduced_candidates,"[24, 9, 9, 14]",1.7906539142131805e-05,solver final filtering and index remapping; caller metric conversion excluded,r5-v1,,excluded_precomputed,,True,,,fresh_retrieval,4.887115210294724e-06,0.0007247668690979,0.0002335794270038,0.0009811399504542,0.0017991801723837,measured_excluding_encoding,"[24, 9, 9, 14]","[24, 9, 9, 14]",Python/Pareto-DP-conv,3.11.15,,,<paper>/revision_campaign_20260914/default/amazon_dpconv/default.csv,
16,Pareto-DP,1,feasible,complete,1,1,returned,0,,93,1.0,1.0,1.0,0.0131421717815101,0.0141909839585423,10292.0,1,0,0.0,0.0,0.0,0.0,335.0,335.0,93,1.0,0.0056275059469044,0.0,335.0,6.0,1.0,0.0010488121770322,True,,,,,,,,,True,completed,all_reduced_candidates,"[49, 37, 211, 17, 15, 6]",3.5373494029045105e-05,solver final filtering and index remapping; caller metric conversion excluded,r5-v1,,excluded_precomputed,,True,,,fresh_retrieval,7.387250661849976e-06,0.0123474476858973,0.0007519633509218,0.0131421717815101,0.0141909839585423,measured_excluding_encoding,"[49, 37, 211, 17, 15, 6]","[49, 37, 211, 17, 15, 6]",Python/Pareto-DP-conv,3.11.15,,,<paper>/revision_campaign_20260914/default/amazon_dpconv/default.csv,
17,Pareto-DP,1,feasible,complete,1,1,returned,0,,192,1.0,1.0,1.0,0.0545117873698473,0.0556577495299279,28405.0,1,0,0.0,0.0,0.0,0.0,364.0,364.0,192,1.0,0.0113994828425347,0.0,364.0,5.0,1.0,0.0011459621600806,True,,,,,,,,,True,completed,all_reduced_candidates,"[58, 24, 185, 15, 82]",3.0160415917634964e-05,solver final filtering and index remapping; caller metric conversion excluded,r5-v1,,excluded_precomputed,,True,,,fresh_retrieval,7.485039532184601e-06,0.0535255279392004,0.000948613975197,0.0545117873698473,0.0556577495299279,measured_excluding_encoding,"[58, 24, 185, 15, 82]","[58, 24, 185, 15, 82]",Python/Pareto-DP-conv,3.11.15,,,<paper>/revision_campaign_20260914/default/amazon_dpconv/default.csv,
18,Pareto-DP,1,feasible,complete,1,1,returned,0,,250,1.0,1.0000000000000002,1.0,0.0848324610851705,0.085798230022192,12501.0,1,0,0.0,0.0,0.0,0.0,174.0,174.0,250,1.0,0.0109739638864994,0.0,174.0,6.0,1.0,0.0009657689370214,True,,,,,,,,,True,completed,all_reduced_candidates,"[7, 20, 44, 6, 83, 14]",4.946906119585037e-05,solver final filtering and index remapping; caller metric conversion excluded,r5-v1,,excluded_precomputed,,True,,,fresh_retrieval,5.929265171289444e-06,0.0829337779432535,0.0018432848155498,0.0848324610851705,0.085798230022192,measured_excluding_encoding,"[7, 20, 44, 6, 83, 14]","[7, 20, 44, 6, 83, 14]",Python/Pareto-DP-conv,3.11.15,,,<paper>/revision_campaign_20260914/default/amazon_dpconv/default.csv,
19,Pareto-DP,1,feasible,complete,1,1,returned,0,,117,1.0,1.0,1.0,0.0144287031143903,0.0154214100912213,6436.0,1,0,0.0,0.0,0.0,0.0,253.0,253.0,117,1.0,0.0054307421669363,0.0,253.0,5.0,1.0,0.0009927069768309,True,,,,,,,,,True,completed,all_reduced_candidates,"[166, 19, 6, 52, 10]",3.423308953642845e-05,solver final filtering and index remapping; caller metric conversion excluded,r5-v1,,excluded_precomputed,,True,,,fresh_retrieval,6.519723683595657e-06,0.0134246870875358,0.0009632632136344,0.0144287031143903,0.0154214100912213,measured_excluding_encoding,"[166, 19, 6, 52, 10]","[166, 19, 6, 52, 10]",Python/Pareto-DP-conv,3.11.15,,,<paper>/revision_campaign_20260914/default/amazon_dpconv/default.csv,
20,Pareto-DP,1,feasible,complete,1,1,returned,0,,20,1.0,1.0,1.0,0.0003971238620579,0.001225380692631,322.0,1,0,0.0,0.0,0.0,0.0,77.0,77.0,20,1.0,0.0003320849500596,0.0,77.0,3.0,1.0,0.000828256830573,True,,,,,,,,,True,completed,all_reduced_candidates,"[6, 42, 29]",1.507112756371498e-05,solver final filtering and index remapping; caller metric conversion excluded,r5-v1,,excluded_precomputed,,True,,,fresh_retrieval,4.490837454795837e-06,0.0002514300867915,0.0001261318102478,0.0003971238620579,0.001225380692631,measured_excluding_encoding,"[6, 42, 29]","[6, 42, 29]",Python/Pareto-DP-conv,3.11.15,,,<paper>/revision_campaign_20260914/default/amazon_dpconv/default.csv,
21,Pareto-DP,1,feasible,complete,1,1,returned,0,,188,1.0,1.0,1.0,0.0240314211696386,0.0250026970170438,14897.0,1,0,0.0,0.0,0.0,0.0,233.0,233.0,188,1.0,0.006266803946346,0.0,233.0,5.0,1.0,0.0009712758474051,True,,,,,,,,,True,completed,all_reduced_candidates,"[11, 14, 118, 46, 44]",2.779485657811165e-05,solver final filtering and index remapping; caller metric conversion excluded,r5-v1,,excluded_precomputed,,True,,,fresh_retrieval,5.9301964938640594e-06,0.0230743009597063,0.0009233951568603,0.0240314211696386,0.0250026970170438,measured_excluding_encoding,"[11, 14, 118, 46, 44]","[11, 14, 118, 46, 44]",Python/Pareto-DP-conv,3.11.15,,,<paper>/revision_campaign_20260914/default/amazon_dpconv/default.csv,
22,Pareto-DP,1,feasible,complete,1,1,returned,0,,91,1.0,1.0,1.0,0.0194711359217762,0.020383346825838,9445.0,1,0,0.0,0.0,0.0,0.0,159.0,159.0,91,1.0,0.0034079640172421,0.0,159.0,5.0,1.0,0.0009122109040617,True,,,,,,,,,True,completed,all_reduced_candidates,"[45, 9, 31, 8, 66]",2.879183739423752e-05,solver final filtering and index remapping; caller metric conversion excluded,r5-v1,,excluded_precomputed,,True,,,fresh_retrieval,5.334150046110153e-06,0.0187146766111254,0.0007223333232104,0.0194711359217762,0.020383346825838,measured_excluding_encoding,"[45, 9, 31, 8, 66]","[45, 9, 31, 8, 66]",Python/Pareto-DP-conv,3.11.15,,,<paper>/revision_campaign_20260914/default/amazon_dpconv/default.csv,
23,Pareto-DP,1,feasible,complete,1,1,returned,0,,57,1.0,1.0,1.0,0.0009370800107717,0.0017496710643172,518.0,1,0,0.0,0.0,0.0,0.0,49.0,49.0,57,1.0,0.000866434071213,0.0,49.0,4.0,1.0,0.0008125910535454,True,,,,,,,,,True,completed,all_reduced_candidates,"[23, 9, 11, 6]",1.7448794096708298e-05,solver final filtering and index remapping; caller metric conversion excluded,r5-v1,,excluded_precomputed,,True,,,fresh_retrieval,4.573259502649307e-06,0.0006731860339641,0.0002418719232082,0.0009370800107717,0.0017496710643172,measured_excluding_encoding,"[23, 9, 11, 6]","[23, 9, 11, 6]",Python/Pareto-DP-conv,3.11.15,,,<paper>/revision_campaign_20260914/default/amazon_dpconv/default.csv,
24,Pareto-DP,1,feasible,complete,1,1,returned,0,,36,1.0,1.0000000000000002,1.0,0.0005159247666597,0.0012821638956665,337.0,1,0,0.0,0.0,0.0,0.0,32.0,32.0,36,1.0,0.0005607930943369,0.0,32.0,4.0,1.0,0.0007662391290068,True,,,,,,,,,True,completed,all_reduced_candidates,"[7, 3, 9, 13]",1.4825724065303802e-05,solver final filtering and index remapping; caller metric conversion excluded,r5-v1,,excluded_precomputed,,True,,,fresh_retrieval,4.4191256165504456e-06,0.0003254911862313,0.0001711887307465,0.0005159247666597,0.0012821638956665,measured_excluding_encoding,"[7, 3, 9, 13]","[7, 3, 9, 13]",Python/Pareto-DP-conv,3.11.15,,,<paper>/revision_campaign_20260914/default/amazon_dpconv/default.csv,
25,Pareto-DP,1,feasible,complete,1,1,returned,0,,200,1.0,1.0,1.0,0.0663735694251954,0.0672730295918881,11620.0,1,0,0.0,0.0,0.0,0.0,174.0,174.0,200,1.0,0.0086662201210856,0.0,174.0,6.0,1.0,0.0008994601666927,True,,,,,,,,,True,completed,all_reduced_candidates,"[3, 3, 8, 77, 23, 60]",3.6090612411499023e-05,solver final filtering and index remapping; caller metric conversion excluded,r5-v1,,excluded_precomputed,,True,,,fresh_retrieval,6.152782589197159e-06,0.0648919749073684,0.0014393511228263,0.0663735694251954,0.0672730295918881,measured_excluding_encoding,"[3, 3, 8, 77, 23, 60]","[3, 3, 8, 77, 23, 60]",Python/Pareto-DP-conv,3.11.15,,,<paper>/revision_campaign_20260914/default/amazon_dpconv/default.csv,
26,Pareto-DP,1,feasible,complete,1,1,returned,0,,122,1.0,1.0,1.0,0.0202322667464613,0.0213502654805779,29090.0,1,0,0.0,0.0,0.0,0.0,385.0,385.0,122,1.0,0.0046386048197746,0.0,385.0,6.0,1.0,0.0011179987341165,True,,,,,,,,,True,completed,all_reduced_candidates,"[35, 25, 7, 192, 22, 104]",2.2519845515489575e-05,solver final filtering and index remapping; caller metric conversion excluded,r5-v1,,excluded_precomputed,,True,,,fresh_retrieval,7.745809853076935e-06,0.0196248888969421,0.0005771121941506,0.0202322667464613,0.0213502654805779,measured_excluding_encoding,"[35, 25, 7, 192, 22, 104]","[35, 25, 7, 192, 22, 104]",Python/Pareto-DP-conv,3.11.15,,,<paper>/revision_campaign_20260914/default/amazon_dpconv/default.csv,
27,Pareto-DP,1,feasible,complete,1,1,returned,0,,134,1.0,1.0,1.0,0.0272889076732099,0.0285146529786288,19305.0,1,0,0.0,0.0,0.0,0.0,527.0,527.0,134,1.0,0.0037788040935993,0.0,527.0,5.0,1.0,0.0012257453054189,True,,,,,,,,,True,completed,all_reduced_candidates,"[4, 341, 23, 40, 119]",2.58786603808403e-05,solver final filtering and index remapping; caller metric conversion excluded,r5-v1,,excluded_precomputed,,True,,,fresh_retrieval,9.800773113965988e-06,0.0266264081001281,0.0006268201395869,0.0272889076732099,0.0285146529786288,measured_excluding_encoding,"[4, 341, 23, 40, 119]","[4, 341, 23, 40, 119]",Python/Pareto-DP-conv,3.11.15,,,<paper>/revision_campaign_20260914/default/amazon_dpconv/default.csv,
28,Pareto-DP,1,feasible,complete,1,1,returned,0,,29,1.0,1.0,1.0,0.0007018977776169,0.001528444699943,466.0,1,0,0.0,0.0,0.0,0.0,50.0,50.0,29,1.0,0.0005664597265422,0.0,50.0,3.0,1.0,0.000826546922326,True,,,,,,,,,True,completed,all_reduced_candidates,"[4, 9, 37]",1.506088301539421e-05,solver final filtering and index remapping; caller metric conversion excluded,r5-v1,,excluded_precomputed,,True,,,fresh_retrieval,4.01865690946579e-06,0.000477414112538,0.000205404125154,0.0007018977776169,0.001528444699943,measured_excluding_encoding,"[4, 9, 37]","[4, 9, 37]",Python/Pareto-DP-conv,3.11.15,,,<paper>/revision_campaign_20260914/default/amazon_dpconv/default.csv,
29,Pareto-DP,1,feasible,complete,1,1,returned,0,,51,1.0,1.0,1.0,0.0023811529390513,0.0032574548386037,4252.0,1,0,0.0,0.0,0.0,0.0,151.0,151.0,51,1.0,0.0015713400207459,0.0,151.0,4.0,1.0,0.0008763018995523,True,,,,,,,,,True,completed,all_reduced_candidates,"[33, 6, 61, 51]",1.6048084944486618e-05,solver final filtering and index remapping; caller metric conversion excluded,r5-v1,,excluded_precomputed,,True,,,fresh_retrieval,5.4282136261463165e-06,0.0021218759939074,0.0002378006465733,0.0023811529390513,0.0032574548386037,measured_excluding_encoding,"[33, 6, 61, 51]","[33, 6, 61, 51]",Python/Pareto-DP-conv,3.11.15,,,<paper>/revision_campaign_20260914/default/amazon_dpconv/default.csv,
30,Pareto-DP,1,feasible,complete,1,1,returned,0,,16,1.0,1.0,1.0,0.000288447830826,0.0010722191073,214.0,1,0,0.0,0.0,0.0,0.0,53.0,53.0,16,1.0,0.0002821502275764,0.0,53.0,3.0,1.0,0.0007837712764739,True,,,,,,,,,True,completed,all_reduced_candidates,"[12, 33, 8]",1.3954006135463716e-05,solver final filtering and index remapping; caller metric conversion excluded,r5-v1,,excluded_precomputed,,True,,,fresh_retrieval,4.505738615989685e-06,0.0001724790781736,9.750900790095328e-05,0.000288447830826,0.0010722191073,measured_excluding_encoding,"[12, 33, 8]","[12, 33, 8]",Python/Pareto-DP-conv,3.11.15,,,<paper>/revision_campaign_20260914/default/amazon_dpconv/default.csv,
31,Pareto-DP,1,feasible,complete,1,1,returned,0,,90,1.0,1.0,1.0,0.023184067569673,0.0242284163832664,15690.0,1,0,0.0,0.0,0.0,0.0,334.0,334.0,90,1.0,0.0052920719608664,0.0,334.0,5.0,1.0,0.0010443488135933,True,,,,,,,,,True,completed,all_reduced_candidates,"[23, 14, 193, 57, 47]",2.8842594474554065e-05,solver final filtering and index remapping; caller metric conversion excluded,r5-v1,,excluded_precomputed,,True,,,fresh_retrieval,7.162801921367645e-06,0.0224364991299808,0.0007115630432963,0.023184067569673,0.0242284163832664,measured_excluding_encoding,"[23, 14, 193, 57, 47]","[23, 14, 193, 57, 47]",Python/Pareto-DP-conv,3.11.15,,,<paper>/revision_campaign_20260914/default/amazon_dpconv/default.csv,
32,Pareto-DP,1,feasible,complete,1,1,returned,0,,557,1.0,1.0,1.0,0.5398797299712896,0.5410638521425426,69983.0,1,0,0.0,0.0,0.0,0.0,401.0,401.0,557,1.0,0.0252998326905071,0.0,401.0,8.0,1.0,0.0011841221712529,True,,,,,,,,,True,completed,all_reduced_candidates,"[52, 5, 75, 63, 13, 6, 85, 102]",7.062824442982674e-05,solver final filtering and index remapping; caller metric conversion excluded,r5-v1,,excluded_precomputed,,True,,,fresh_retrieval,8.558854460716248e-06,0.5366913289763033,0.0031092138960957,0.5398797299712896,0.5410638521425426,measured_excluding_encoding,"[52, 5, 75, 63, 13, 6, 85, 102]","[52, 5, 75, 63, 13, 6, 85, 102]",Python/Pareto-DP-conv,3.11.15,,,<paper>/revision_campaign_20260914/default/amazon_dpconv/default.csv,
33,Pareto-DP,1,feasible,complete,1,1,returned,0,,22,1.0,1.0,1.0,0.0005997447296977,0.0014706868678331,355.0,1,0,0.0,0.0,0.0,0.0,47.0,47.0,22,1.0,0.0005459692329168,0.0,47.0,4.0,1.0,0.0008709421381354,True,,,,,,,,,True,completed,all_reduced_candidates,"[7, 2, 32, 6]",1.585204154253006e-05,solver final filtering and index remapping; caller metric conversion excluded,r5-v1,,excluded_precomputed,,True,,,fresh_retrieval,4.650559276342392e-06,0.000408505089581,0.0001707370392978,0.0005997447296977,0.0014706868678331,measured_excluding_encoding,"[7, 2, 32, 6]","[7, 2, 32, 6]",Python/Pareto-DP-conv,3.11.15,,,<paper>/revision_campaign_20260914/default/amazon_dpconv/default.csv,
34,Pareto-DP,1,feasible,complete,1,1,returned,0,,57,1.0,1.0,1.0,0.0040336735546588,0.0052024563774466,6881.0,1,0,0.0,0.0,0.0,0.0,408.0,408.0,57,1.0,0.002003104891628,0.0,408.0,5.0,1.0,0.0011687828227877,True,,,,,,,,,True,completed,all_reduced_candidates,"[198, 4, 13, 43, 150]",1.961318776011467e-05,solver final filtering and index remapping; caller metric conversion excluded,r5-v1,,excluded_precomputed,,True,,,fresh_retrieval,7.307156920433044e-06,0.003691473044455,0.0003152801655232,0.0040336735546588,0.0052024563774466,measured_excluding_encoding,"[198, 4, 13, 43, 150]","[198, 4, 13, 43, 150]",Python/Pareto-DP-conv,3.11.15,,,<paper>/revision_campaign_20260914/default/amazon_dpconv/default.csv,
35,Pareto-DP,1,feasible,complete,1,1,returned,0,,170,1.0,1.0,1.0,0.0185905769467353,0.019941821694374,15272.0,1,0,0.0,0.0,0.0,0.0,653.0,653.0,170,1.0,0.0059142420068383,0.0,653.0,4.0,1.0,0.0013512447476387,True,,,,,,,,,True,completed,all_reduced_candidates,"[222, 7, 409, 15]",2.859579399228096e-05,solver final filtering and index remapping; caller metric conversion excluded,r5-v1,,excluded_precomputed,,True,,,fresh_retrieval,1.0517891496419908e-05,0.017687467392534,0.0008639958687126,0.0185905769467353,0.019941821694374,measured_excluding_encoding,"[222, 7, 409, 15]","[222, 7, 409, 15]",Python/Pareto-DP-conv,3.11.15,,,<paper>/revision_campaign_20260914/default/amazon_dpconv/default.csv,
36,Pareto-DP,1,feasible,complete,1,1,returned,0,,147,1.0,1.0,1.0,0.0597667298279702,0.0607457705773413,28218.0,1,0,0.0,0.0,0.0,0.0,194.0,194.0,147,1.0,0.0111770844087004,0.0,194.0,6.0,1.0,0.000979040749371,True,,,,,,,,,True,completed,all_reduced_candidates,"[17, 24, 16, 24, 6, 107]",4.248879849910736e-05,solver final filtering and index remapping; caller metric conversion excluded,r5-v1,,excluded_precomputed,,True,,,fresh_retrieval,5.952082574367523e-06,0.0586660029366612,0.0010522860102355,0.0597667298279702,0.0607457705773413,measured_excluding_encoding,"[17, 24, 16, 24, 6, 107]","[17, 24, 16, 24, 6, 107]",Python/Pareto-DP-conv,3.11.15,,,<paper>/revision_campaign_20260914/default/amazon_dpconv/default.csv,
37,Pareto-DP,1,feasible,complete,1,1,returned,0,,35,1.0,1.0,1.0,0.0063394610770046,0.0072040790691971,2408.0,1,0,0.0,0.0,0.0,0.0,112.0,112.0,35,1.0,0.0028910646215081,0.0,112.0,5.0,1.0,0.0008646179921925,True,,,,,,,,,True,completed,all_reduced_candidates,"[63, 19, 15, 6, 9]",2.9668211936950684e-05,solver final filtering and index remapping; caller metric conversion excluded,r5-v1,,excluded_precomputed,,True,,,fresh_retrieval,5.559064447879791e-06,0.005827150773257,0.0004770830273628,0.0063394610770046,0.0072040790691971,measured_excluding_encoding,"[63, 19, 15, 6, 9]","[63, 19, 15, 6, 9]",Python/Pareto-DP-conv,3.11.15,,,<paper>/revision_campaign_20260914/default/amazon_dpconv/default.csv,
38,Pareto-DP,1,feasible,complete,1,1,returned,0,,140,1.0,1.0,1.0,0.0112682208418846,0.0123295728117227,8174.0,1,0,0.0,0.0,0.0,0.0,355.0,355.0,140,1.0,0.0037364331074059,0.0,355.0,5.0,1.0,0.0010613519698381,True,,,,,,,,,True,completed,all_reduced_candidates,"[221, 23, 48, 3, 60]",2.087373286485672e-05,solver final filtering and index remapping; caller metric conversion excluded,r5-v1,,excluded_precomputed,,True,,,fresh_retrieval,7.519032806158066e-06,0.0106534953229129,0.0005863327533006,0.0112682208418846,0.0123295728117227,measured_excluding_encoding,"[221, 23, 48, 3, 60]","[221, 23, 48, 3, 60]",Python/Pareto-DP-conv,3.11.15,,,<paper>/revision_campaign_20260914/default/amazon_dpconv/default.csv,
39,Pareto-DP,1,feasible,complete,1,1,returned,0,,627,1.0,1.0,1.0,0.3652621461078524,0.3666932601481676,103041.0,1,0,0.0,0.0,0.0,0.0,678.0,678.0,627,1.0,0.1352078849449753,0.0,678.0,7.0,1.0,0.0014311140403151,True,,,,,,,,,True,completed,all_reduced_candidates,"[3, 5, 57, 51, 351, 168, 43]",6.653787568211555e-05,solver final filtering and index remapping; caller metric conversion excluded,r5-v1,,excluded_precomputed,,True,,,fresh_retrieval,1.1937227100133896e-05,0.3623330388218164,0.0028506321832537,0.3652621461078524,0.3666932601481676,measured_excluding_encoding,"[3, 5, 57, 51, 351, 168, 43]","[3, 5, 57, 51, 351, 168, 43]",Python/Pareto-DP-conv,3.11.15,,,<paper>/revision_campaign_20260914/default/amazon_dpconv/default.csv,
40,Pareto-DP,1,feasible,complete,1,1,returned,0,,57,1.0,0.9999999999999998,1.0,0.0051460033282637,0.0060716564767062,4407.0,1,0,0.0,0.0,0.0,0.0,124.0,124.0,57,1.0,0.0019789678044617,0.0,124.0,5.0,1.0,0.0009256531484425,True,,,,,,,,,True,completed,all_reduced_candidates,"[18, 23, 29, 10, 44]",2.338644117116928e-05,solver final filtering and index remapping; caller metric conversion excluded,r5-v1,,excluded_precomputed,,True,,,fresh_retrieval,6.034038960933685e-06,0.0047251018695533,0.0003914809785783,0.0051460033282637,0.0060716564767062,measured_excluding_encoding,"[18, 23, 29, 10, 44]","[18, 23, 29, 10, 44]",Python/Pareto-DP-conv,3.11.15,,,<paper>/revision_campaign_20260914/default/amazon_dpconv/default.csv,
41,Pareto-DP,1,feasible,complete,1,1,returned,0,,83,1.0,1.0,1.0,0.0020709410309791,0.0029249121434986,1216.0,1,0,0.0,0.0,0.0,0.0,128.0,128.0,83,1.0,0.0015118117444217,0.0,128.0,5.0,1.0,0.0008539711125195,True,,,,,,,,,True,completed,all_reduced_candidates,"[24, 19, 1, 50, 34]",1.7231330275535583e-05,solver final filtering and index remapping; caller metric conversion excluded,r5-v1,,excluded_precomputed,,True,,,fresh_retrieval,5.287583917379379e-06,0.0016363081522285,0.0004121139645576,0.0020709410309791,0.0029249121434986,measured_excluding_encoding,"[24, 19, 1, 50, 34]","[24, 19, 1, 50, 34]",Python/Pareto-DP-conv,3.11.15,,,<paper>/revision_campaign_20260914/default/amazon_dpconv/default.csv,
42,Pareto-DP,1,feasible,complete,1,1,returned,0,,23,1.0,1.0,1.0,0.0006142947822809,0.0014753825962543,1323.0,1,0,0.0,0.0,0.0,0.0,152.0,152.0,23,1.0,0.0005083177238702,0.0,152.0,3.0,1.0,0.0008610878139734,True,,,,,,,,,True,completed,all_reduced_candidates,"[70, 65, 17]",1.4898832887411118e-05,solver final filtering and index remapping; caller metric conversion excluded,r5-v1,,excluded_precomputed,,True,,,fresh_retrieval,4.913657903671265e-06,0.0004645152948796,0.0001299669966101,0.0006142947822809,0.0014753825962543,measured_excluding_encoding,"[70, 65, 17]","[70, 65, 17]",Python/Pareto-DP-conv,3.11.15,,,<paper>/revision_campaign_20260914/default/amazon_dpconv/default.csv,
43,Pareto-DP,1,feasible,complete,1,1,returned,0,,42,1.0,1.0,1.0,0.0063260970637202,0.0072317039594054,4442.0,1,0,0.0,0.0,0.0,0.0,172.0,172.0,42,1.0,0.0016097286716103,0.0,172.0,6.0,1.0,0.0009056068956851,True,,,,,,,,,True,completed,all_reduced_candidates,"[2, 7, 23, 66, 7, 67]",4.643388092517853e-05,solver final filtering and index remapping; caller metric conversion excluded,r5-v1,,excluded_precomputed,,True,,,fresh_retrieval,6.903894245624542e-06,0.0042152102105319,0.0020575490780174,0.0063260970637202,0.0072317039594054,measured_excluding_encoding,"[2, 7, 23, 66, 7, 67]","[2, 7, 23, 66, 7, 67]",Python/Pareto-DP-conv,3.11.15,,,<paper>/revision_campaign_20260914/default/amazon_dpconv/default.csv,
44,Pareto-DP,1,feasible,complete,1,1,returned,0,,26,1.0,1.0,1.0,0.001014931127429,0.0018689571879804,1119.0,1,0,0.0,0.0,0.0,0.0,92.0,92.0,26,1.0,0.0006916420534253,0.0,92.0,6.0,1.0,0.0008540260605514,True,,,,,,,,,True,completed,all_reduced_candidates,"[29, 2, 7, 11, 22, 21]",1.5368685126304626e-05,solver final filtering and index remapping; caller metric conversion excluded,r5-v1,,excluded_precomputed,,True,,,fresh_retrieval,5.520414561033249e-06,0.0008604265749454,0.0001336154527962,0.001014931127429,0.0018689571879804,measured_excluding_encoding,"[29, 2, 7, 11, 22, 21]","[29, 2, 7, 11, 22, 21]",Python/Pareto-DP-conv,3.11.15,,,<paper>/revision_campaign_20260914/default/amazon_dpconv/default.csv,
45,Pareto-DP,1,feasible,complete,1,1,returned,0,,60,1.0,1.0,1.0,0.0052946642972528,0.0062888003885746,2944.0,1,0,0.0,0.0,0.0,0.0,298.0,298.0,60,1.0,0.0020941658876836,0.0,298.0,5.0,1.0,0.0009941360913217,True,,,,,,,,,True,completed,all_reduced_candidates,"[5, 3, 236, 20, 34]",2.0244624465703964e-05,solver final filtering and index remapping; caller metric conversion excluded,r5-v1,,excluded_precomputed,,True,,,fresh_retrieval,6.966758519411087e-06,0.0048929578624665,0.0003744950518012,0.0052946642972528,0.0062888003885746,measured_excluding_encoding,"[5, 3, 236, 20, 34]","[5, 3, 236, 20, 34]",Python/Pareto-DP-conv,3.11.15,,,<paper>/revision_campaign_20260914/default/amazon_dpconv/default.csv,
46,Pareto-DP,1,feasible,complete,1,1,returned,0,,11,1.0,1.0,1.0,0.0007112128660082,0.0015181950293481,368.0,1,0,0.0,0.0,0.0,0.0,53.0,53.0,11,1.0,0.0005687749944627,0.0,53.0,4.0,1.0,0.0008069821633398,True,,,,,,,,,True,completed,all_reduced_candidates,"[2, 18, 22, 11]",1.4757737517356873e-05,solver final filtering and index remapping; caller metric conversion excluded,r5-v1,,excluded_precomputed,,True,,,fresh_retrieval,4.97838482260704e-06,0.0005516409873962,0.000139835756272,0.0007112128660082,0.0015181950293481,measured_excluding_encoding,"[2, 18, 22, 11]","[2, 18, 22, 11]",Python/Pareto-DP-conv,3.11.15,,,<paper>/revision_campaign_20260914/default/amazon_dpconv/default.csv,
47,Pareto-DP,1,feasible,complete,1,1,returned,0,,17,1.0,1.0,1.0,0.0005377219058573,0.0013399119488894,579.0,1,0,0.0,0.0,0.0,0.0,82.0,82.0,17,1.0,0.0003472412936389,0.0,82.0,4.0,1.0,0.0008021900430321,True,,,,,,,,,True,completed,all_reduced_candidates,"[37, 10, 24, 11]",1.4580786228179932e-05,solver final filtering and index remapping; caller metric conversion excluded,r5-v1,,excluded_precomputed,,True,,,fresh_retrieval,5.084089934825897e-06,0.0004303213208913,8.773570880293846e-05,0.0005377219058573,0.0013399119488894,measured_excluding_encoding,"[37, 10, 24, 11]","[37, 10, 24, 11]",Python/Pareto-DP-conv,3.11.15,,,<paper>/revision_campaign_20260914/default/amazon_dpconv/default.csv,
48,Pareto-DP,1,feasible,complete,1,1,returned,0,,88,1.0,1.0,1.0,0.0083628399297595,0.0098369722254574,10580.0,1,0,0.0,0.0,0.0,0.0,826.0,826.0,88,1.0,0.0027163936756551,0.0,826.0,4.0,1.0,0.0014741322956979,True,,,,,,,,,True,completed,all_reduced_candidates,"[2, 478, 6, 340]",1.9895844161510468e-05,solver final filtering and index remapping; caller metric conversion excluded,r5-v1,,excluded_precomputed,,True,,,fresh_retrieval,1.455610617995262e-05,0.0079660853371024,0.0003623026423156,0.0083628399297595,0.0098369722254574,measured_excluding_encoding,"[2, 478, 6, 340]","[2, 478, 6, 340]",Python/Pareto-DP-conv,3.11.15,,,<paper>/revision_campaign_20260914/default/amazon_dpconv/default.csv,
49,Pareto-DP,1,feasible,complete,1,1,returned,0,,31,1.0,1.0,1.0,0.0016499343328177,0.0026247324422001,1085.0,1,0,0.0,0.0,0.0,0.0,146.0,146.0,31,1.0,0.0008713342249393,0.0,146.0,5.0,1.0,0.0009747981093823,True,,,,,,,,,True,completed,all_reduced_candidates,"[14, 5, 4, 118, 5]",1.7721205949783325e-05,solver final filtering and index remapping; caller metric conversion excluded,r5-v1,,excluded_precomputed,,True,,,fresh_retrieval,6.416346877813339e-06,0.0014194040559232,0.0002063927240669,0.0016499343328177,0.0026247324422001,measured_excluding_encoding,"[14, 5, 4, 118, 5]","[14, 5, 4, 118, 5]",Python/Pareto-DP-conv,3.11.15,,,<paper>/revision_campaign_20260914/default/amazon_dpconv/default.csv,
50,Pareto-DP,1,feasible,complete,1,1,returned,0,,110,1.0,1.0,1.0,0.0305722821503877,0.0319664911366999,20041.0,1,0,0.0,0.0,0.0,0.0,769.0,769.0,110,1.0,0.0045181000605225,0.0,769.0,5.0,1.0,0.0013942089863121,True,,,,,,,,,True,completed,all_reduced_candidates,"[9, 219, 2, 61, 478]",2.81590037047863e-05,solver final filtering and index remapping; caller metric conversion excluded,r5-v1,,excluded_precomputed,,True,,,fresh_retrieval,1.1885073035955427e-05,0.0297796437516808,0.0007525943219661,0.0305722821503877,0.0319664911366999,measured_excluding_encoding,"[9, 219, 2, 61, 478]","[9, 219, 2, 61, 478]",Python/Pareto-DP-conv,3.11.15,,,<paper>/revision_campaign_20260914/default/amazon_dpconv/default.csv,
51,Pareto-DP,1,feasible,complete,1,1,returned,0,,72,1.0,1.0,1.0,0.0110720517113804,0.0120492028072476,10246.0,1,0,0.0,0.0,0.0,0.0,166.0,166.0,72,1.0,0.003628103993833,0.0,166.0,4.0,1.0,0.0009771510958671,True,,,,,,,,,True,completed,all_reduced_candidates,"[20, 7, 57, 82]",2.154754474759102e-05,solver final filtering and index remapping; caller metric conversion excluded,r5-v1,,excluded_precomputed,,True,,,fresh_retrieval,5.660112947225571e-06,0.0105435298755764,0.0005013141781091,0.0110720517113804,0.0120492028072476,measured_excluding_encoding,"[20, 7, 57, 82]","[20, 7, 57, 82]",Python/Pareto-DP-conv,3.11.15,,,<paper>/revision_campaign_20260914/default/amazon_dpconv/default.csv,
52,Pareto-DP,1,feasible,complete,1,1,returned,0,,40,1.0,1.0,1.0,0.0037449817173182,0.0046728150919079,3907.0,1,0,0.0,0.0,0.0,0.0,180.0,180.0,40,1.0,0.0024072243832051,0.0,180.0,6.0,1.0,0.0009278333745896,True,,,,,,,,,True,completed,all_reduced_candidates,"[54, 10, 33, 28, 11, 44]",2.2062566131353375e-05,solver final filtering and index remapping; caller metric conversion excluded,r5-v1,,excluded_precomputed,,True,,,fresh_retrieval,5.79003244638443e-06,0.0033945962786674,0.0003225328400731,0.0037449817173182,0.0046728150919079,measured_excluding_encoding,"[54, 10, 33, 28, 11, 44]","[54, 10, 33, 28, 11, 44]",Python/Pareto-DP-conv,3.11.15,,,<paper>/revision_campaign_20260914/default/amazon_dpconv/default.csv,
53,Pareto-DP,1,feasible,complete,1,1,returned,0,,24,1.0,1.0,1.0,0.0080414959229528,0.0088893701322376,2727.0,1,0,0.0,0.0,0.0,0.0,90.0,90.0,24,1.0,0.0032603959552943,0.0,90.0,6.0,1.0,0.0008478742092847,True,,,,,,,,,True,completed,all_reduced_candidates,"[10, 51, 3, 15, 5, 6]",3.5200733691453934e-05,solver final filtering and index remapping; caller metric conversion excluded,r5-v1,,excluded_precomputed,,True,,,fresh_retrieval,5.216337740421295e-06,0.0073702526278793,0.0006308262236416,0.0080414959229528,0.0088893701322376,measured_excluding_encoding,"[10, 51, 3, 15, 5, 6]","[10, 51, 3, 15, 5, 6]",Python/Pareto-DP-conv,3.11.15,,,<paper>/revision_campaign_20260914/default/amazon_dpconv/default.csv,
54,Pareto-DP,1,feasible,complete,1,1,returned,0,,73,1.0,1.0,1.0,0.0031255492940545,0.0039107571355998,1078.0,1,0,0.0,0.0,0.0,0.0,51.0,51.0,73,1.0,0.0022872411645948,0.0,51.0,6.0,1.0,0.0007852078415453,True,,,,,,,,,True,completed,all_reduced_candidates,"[24, 5, 1, 12, 4, 5]",2.543535083532333e-05,solver final filtering and index remapping; caller metric conversion excluded,r5-v1,,excluded_precomputed,,True,,,fresh_retrieval,5.180016160011292e-06,0.0026046992279589,0.0004902346991002,0.0031255492940545,0.0039107571355998,measured_excluding_encoding,"[24, 5, 1, 12, 4, 5]","[24, 5, 1, 12, 4, 5]",Python/Pareto-DP-conv,3.11.15,,,<paper>/revision_campaign_20260914/default/amazon_dpconv/default.csv,
55,Pareto-DP,1,feasible,complete,1,1,returned,0,,79,1.0,1.0,1.0,0.0076177511364221,0.0087175699882209,5358.0,1,0,0.0,0.0,0.0,0.0,452.0,452.0,79,1.0,0.0029411767609417,0.0,452.0,4.0,1.0,0.0010998188517987,True,,,,,,,,,True,completed,all_reduced_candidates,"[222, 7, 204, 19]",2.151587978005409e-05,solver final filtering and index remapping; caller metric conversion excluded,r5-v1,,excluded_precomputed,,True,,,fresh_retrieval,7.262919098138809e-06,0.0071290424093604,0.0004599299281835,0.0076177511364221,0.0087175699882209,measured_excluding_encoding,"[222, 7, 204, 19]","[222, 7, 204, 19]",Python/Pareto-DP-conv,3.11.15,,,<paper>/revision_campaign_20260914/default/amazon_dpconv/default.csv,
56,Pareto-DP,1,feasible,complete,1,1,returned,0,,32,1.0,1.0,1.0,0.0004337970167398,0.0012547923251986,334.0,1,0,0.0,0.0,0.0,0.0,41.0,41.0,32,1.0,0.0003726058639585,0.0,41.0,4.0,1.0,0.0008209953084588,True,,,,,,,,,True,completed,all_reduced_candidates,"[12, 3, 7, 19]",1.49398110806942e-05,solver final filtering and index remapping; caller metric conversion excluded,r5-v1,,excluded_precomputed,,True,,,fresh_retrieval,4.647299647331238e-06,0.0002722050994634,0.0001420048065483,0.0004337970167398,0.0012547923251986,measured_excluding_encoding,"[12, 3, 7, 19]","[12, 3, 7, 19]",Python/Pareto-DP-conv,3.11.15,,,<paper>/revision_campaign_20260914/default/amazon_dpconv/default.csv,
57,Pareto-DP,1,feasible,complete,1,1,returned,0,,36,1.0,1.0,1.0,0.0005926662124693,0.0013809432275593,521.0,1,0,0.0,0.0,0.0,0.0,69.0,69.0,36,1.0,0.0006534759886562,0.0,69.0,3.0,1.0,0.0007882770150899,True,,,,,,,,,True,completed,all_reduced_candidates,"[51, 4, 14]",1.5290454030036926e-05,solver final filtering and index remapping; caller metric conversion excluded,r5-v1,,excluded_precomputed,,True,,,fresh_retrieval,4.565808922052383e-06,0.00038268789649,0.0001901220530271,0.0005926662124693,0.0013809432275593,measured_excluding_encoding,"[51, 4, 14]","[51, 4, 14]",Python/Pareto-DP-conv,3.11.15,,,<paper>/revision_campaign_20260914/default/amazon_dpconv/default.csv,
58,Pareto-DP,1,feasible,complete,1,1,returned,0,,32,1.0,1.0,1.0,0.0009161918424069,0.0017787418328225,1081.0,1,0,0.0,0.0,0.0,0.0,161.0,161.0,32,1.0,0.0007265130989253,0.0,161.0,3.0,1.0,0.0008625499904155,True,,,,,,,,,True,completed,all_reduced_candidates,"[110, 29, 22]",1.70939601957798e-05,solver final filtering and index remapping; caller metric conversion excluded,r5-v1,,excluded_precomputed,,True,,,fresh_retrieval,5.2568502724170685e-06,0.0007331268861889,0.0001607141457498,0.0009161918424069,0.0017787418328225,measured_excluding_encoding,"[110, 29, 22]","[110, 29, 22]",Python/Pareto-DP-conv,3.11.15,,,<paper>/revision_campaign_20260914/default/amazon_dpconv/default.csv,
59,Pareto-DP,1,feasible,complete,1,1,returned,0,,49,1.0,1.0,1.0,0.0015393448993563,0.0023273928090929,553.0,1,0,0.0,0.0,0.0,0.0,63.0,63.0,49,1.0,0.0009181327186524,0.0,63.0,4.0,1.0,0.0007880479097366,True,,,,,,,,,True,completed,all_reduced_candidates,"[42, 4, 2, 15]",2.909032627940178e-05,solver final filtering and index remapping; caller metric conversion excluded,r5-v1,,excluded_precomputed,,True,,,fresh_retrieval,8.440576493740082e-06,0.0010671913623809,0.0004346226342022,0.0015393448993563,0.0023273928090929,measured_excluding_encoding,"[42, 4, 2, 15]","[42, 4, 2, 15]",Python/Pareto-DP-conv,3.11.15,,,<paper>/revision_campaign_20260914/default/amazon_dpconv/default.csv,
60,Pareto-DP,1,feasible,complete,1,1,returned,0,,39,1.0,1.0,1.0,0.0011060051620006,0.0018915920518338,1113.0,1,0,0.0,0.0,0.0,0.0,62.0,62.0,39,1.0,0.0008480991236865,0.0,62.0,4.0,1.0,0.0007855868898332,True,,,,,,,,,True,completed,all_reduced_candidates,"[11, 12, 19, 20]",1.7332378774881363e-05,solver final filtering and index remapping; caller metric conversion excluded,r5-v1,,excluded_precomputed,,True,,,fresh_retrieval,4.091765731573105e-06,0.0008721649646759,0.0002124160528182,0.0011060051620006,0.0018915920518338,measured_excluding_encoding,"[11, 12, 19, 20]","[11, 12, 19, 20]",Python/Pareto-DP-conv,3.11.15,,,<paper>/revision_campaign_20260914/default/amazon_dpconv/default.csv,
61,Pareto-DP,1,feasible,complete,1,1,returned,0,,79,1.0,1.0,1.0,0.002600226085633,0.0035178610123693,4121.0,1,0,0.0,0.0,0.0,0.0,178.0,178.0,79,1.0,0.0015215128660202,0.0,178.0,6.0,1.0,0.0009176349267363,True,,,,,,,,,True,completed,all_reduced_candidates,"[22, 4, 28, 27, 35, 62]",1.8775928765535355e-05,solver final filtering and index remapping; caller metric conversion excluded,r5-v1,,excluded_precomputed,,True,,,fresh_retrieval,6.473157554864883e-06,0.0022503659129142,0.0003246110863983,0.002600226085633,0.0035178610123693,measured_excluding_encoding,"[22, 4, 28, 27, 35, 62]","[22, 4, 28, 27, 35, 62]",Python/Pareto-DP-conv,3.11.15,,,<paper>/revision_campaign_20260914/default/amazon_dpconv/default.csv,
62,Pareto-DP,1,feasible,complete,1,1,returned,0,,177,1.0,1.0,1.0,0.1086117490194737,0.1098019238561391,39998.0,1,0,0.0,0.0,0.0,0.0,466.0,466.0,177,1.0,0.0110720749944448,0.0,466.0,6.0,1.0,0.0011901748366653,True,,,,,,,,,True,completed,all_reduced_candidates,"[46, 14, 212, 12, 5, 177]",4.4261105358600616e-05,solver final filtering and index remapping; caller metric conversion excluded,r5-v1,,excluded_precomputed,,True,,,fresh_retrieval,8.278992027044296e-06,0.1072513940744102,0.0013078148476779,0.1086117490194737,0.1098019238561391,measured_excluding_encoding,"[46, 14, 212, 12, 5, 177]","[46, 14, 212, 12, 5, 177]",Python/Pareto-DP-conv,3.11.15,,,<paper>/revision_campaign_20260914/default/amazon_dpconv/default.csv,
63,Pareto-DP,1,feasible,complete,1,1,returned,0,,156,1.0,1.0,1.0,0.0103993923403322,0.0113599593751132,2616.0,1,0,0.0,0.0,0.0,0.0,219.0,219.0,156,1.0,0.0053081917576491,0.0,219.0,5.0,1.0,0.0009605670347809,True,,,,,,,,,True,completed,all_reduced_candidates,"[172, 27, 7, 7, 6]",3.379816189408302e-05,solver final filtering and index remapping; caller metric conversion excluded,r5-v1,,excluded_precomputed,,True,,,fresh_retrieval,6.159301847219467e-06,0.0094086229801177,0.0009508118964731,0.0103993923403322,0.0113599593751132,measured_excluding_encoding,"[172, 27, 7, 7, 6]","[172, 27, 7, 7, 6]",Python/Pareto-DP-conv,3.11.15,,,<paper>/revision_campaign_20260914/default/amazon_dpconv/default.csv,
64,Pareto-DP,1,feasible,complete,1,1,returned,0,,41,1.0,1.0,1.0,0.0027763531543314,0.0036141918972134,1458.0,1,0,0.0,0.0,0.0,0.0,106.0,106.0,41,1.0,0.001142363063991,0.0,106.0,3.0,1.0,0.000837838742882,True,,,,,,,,,True,completed,all_reduced_candidates,"[59, 5, 42]",1.869630068540573e-05,solver final filtering and index remapping; caller metric conversion excluded,r5-v1,,excluded_precomputed,,True,,,fresh_retrieval,4.557892680168152e-06,0.0024359608069062,0.0003171381540596,0.0027763531543314,0.0036141918972134,measured_excluding_encoding,"[59, 5, 42]","[59, 5, 42]",Python/Pareto-DP-conv,3.11.15,,,<paper>/revision_campaign_20260914/default/amazon_dpconv/default.csv,
65,Pareto-DP,1,feasible,complete,1,1,returned,0,,186,1.0,1.0,1.0,0.0559144760482013,0.0568366791121661,19646.0,1,0,0.0,0.0,0.0,0.0,187.0,187.0,186,1.0,0.0162891191430389,0.0,187.0,7.0,1.0,0.0009222030639648,True,,,,,,,,,True,completed,all_reduced_candidates,"[14, 19, 60, 22, 16, 13, 43]",4.80208545923233e-05,solver final filtering and index remapping; caller metric conversion excluded,r5-v1,,excluded_precomputed,,True,,,fresh_retrieval,6.600748747587204e-06,0.0545372921042144,0.0013225623406469,0.0559144760482013,0.0568366791121661,measured_excluding_encoding,"[14, 19, 60, 22, 16, 13, 43]","[14, 19, 60, 22, 16, 13, 43]",Python/Pareto-DP-conv,3.11.15,,,<paper>/revision_campaign_20260914/default/amazon_dpconv/default.csv,
66,Pareto-DP,1,feasible,complete,1,1,returned,0,,30,1.0,1.0,1.0,0.0059171337634325,0.0071235187351703,2913.0,1,0,0.0,0.0,0.0,0.0,545.0,545.0,30,1.0,0.0010336940176784,0.0,545.0,4.0,1.0,0.0012063849717378,True,,,,,,,,,True,completed,all_reduced_candidates,"[253, 4, 287, 1]",2.099759876728058e-05,solver final filtering and index remapping; caller metric conversion excluded,r5-v1,,excluded_precomputed,,True,,,fresh_retrieval,8.461996912956238e-06,0.0056646321900188,0.0002230419777333,0.0059171337634325,0.0071235187351703,measured_excluding_encoding,"[253, 4, 287, 1]","[253, 4, 287, 1]",Python/Pareto-DP-conv,3.11.15,,,<paper>/revision_campaign_20260914/default/amazon_dpconv/default.csv,
67,Pareto-DP,1,feasible,complete,1,1,returned,0,,15,1.0,1.0,1.0,0.0002919007092714,0.0015744008123874,242.0,1,0,0.0,0.0,0.0,0.0,134.0,134.0,15,1.0,0.0003401096910238,0.0,134.0,3.0,1.0,0.001282500103116,True,,,,,,,,,True,completed,all_reduced_candidates,"[3, 122, 9]",1.3799872249364851e-05,solver final filtering and index remapping; caller metric conversion excluded,r5-v1,,excluded_precomputed,,True,,,fresh_retrieval,5.010981112718582e-06,0.0001826868392527,9.04030166566372e-05,0.0002919007092714,0.0015744008123874,measured_excluding_encoding,"[3, 122, 9]","[3, 122, 9]",Python/Pareto-DP-conv,3.11.15,,,<paper>/revision_campaign_20260914/default/amazon_dpconv/default.csv,
68,Pareto-DP,1,feasible,complete,1,1,returned,0,,123,1.0,1.0,1.0,0.0190778425894677,0.0200246437452733,15375.0,1,0,0.0,0.0,0.0,0.0,159.0,159.0,123,1.0,0.0069825272075831,0.0,159.0,7.0,1.0,0.0009468011558055,True,,,,,,,,,True,completed,all_reduced_candidates,"[19, 18, 12, 9, 38, 47, 16]",2.6532448828220367e-05,solver final filtering and index remapping; caller metric conversion excluded,r5-v1,,excluded_precomputed,,True,,,fresh_retrieval,6.650108844041824e-06,0.0184350609779357,0.0006095990538597,0.0190778425894677,0.0200246437452733,measured_excluding_encoding,"[19, 18, 12, 9, 38, 47, 16]","[19, 18, 12, 9, 38, 47, 16]",Python/Pareto-DP-conv,3.11.15,,,<paper>/revision_campaign_20260914/default/amazon_dpconv/default.csv,
69,Pareto-DP,1,feasible,complete,1,1,returned,0,,121,1.0,1.0,1.0,0.0304647730663418,0.0314449989236891,11964.0,1,0,0.0,0.0,0.0,0.0,238.0,238.0,121,1.0,0.0069015477783977,0.0,238.0,6.0,1.0,0.0009802258573472,True,,,,,,,,,True,completed,all_reduced_candidates,"[2, 20, 19, 4, 153, 40]",3.45008447766304e-05,solver final filtering and index remapping; caller metric conversion excluded,r5-v1,,excluded_precomputed,,True,,,fresh_retrieval,6.689224392175674e-06,0.0293190646916627,0.0011045183055102,0.0304647730663418,0.0314449989236891,measured_excluding_encoding,"[2, 20, 19, 4, 153, 40]","[2, 20, 19, 4, 153, 40]",Python/Pareto-DP-conv,3.11.15,,,<paper>/revision_campaign_20260914/default/amazon_dpconv/default.csv,
70,Pareto-DP,1,feasible,complete,1,1,returned,0,,25,1.0,1.0,1.0,0.0006203642114996,0.0014702803455293,753.0,1,0,0.0,0.0,0.0,0.0,73.0,73.0,25,1.0,0.0004987670108675,0.0,73.0,4.0,1.0,0.0008499161340296,True,,,,,,,,,True,completed,all_reduced_candidates,"[26, 3, 41, 3]",1.3893470168113708e-05,solver final filtering and index remapping; caller metric conversion excluded,r5-v1,,excluded_precomputed,,True,,,fresh_retrieval,4.722736775875092e-06,0.0004814988933503,0.0001202491112053,0.0006203642114996,0.0014702803455293,measured_excluding_encoding,"[26, 3, 41, 3]","[26, 3, 41, 3]",Python/Pareto-DP-conv,3.11.15,,,<paper>/revision_campaign_20260914/default/amazon_dpconv/default.csv,
71,Pareto-DP,1,feasible,complete,1,1,returned,0,,313,1.0,1.0,1.0,0.0549391442909836,0.055870596319437,10145.0,1,0,0.0,0.0,0.0,0.0,169.0,169.0,313,1.0,0.0118625569157302,0.0,169.0,8.0,1.0,0.0009314520284533,True,,,,,,,,,True,completed,all_reduced_candidates,"[7, 52, 28, 18, 7, 14, 22, 21]",3.972044214606285e-05,solver final filtering and index remapping; caller metric conversion excluded,r5-v1,,excluded_precomputed,,True,,,fresh_retrieval,6.257090717554092e-06,0.0533867217600345,0.0015064449980854,0.0549391442909836,0.055870596319437,measured_excluding_encoding,"[7, 52, 28, 18, 7, 14, 22, 21]","[7, 52, 28, 18, 7, 14, 22, 21]",Python/Pareto-DP-conv,3.11.15,,,<paper>/revision_campaign_20260914/default/amazon_dpconv/default.csv,
72,Pareto-DP,1,feasible,complete,1,1,returned,0,,53,1.0,1.0,1.0,0.0037291189655661,0.0047876727767288,6810.0,1,0,0.0,0.0,0.0,0.0,300.0,300.0,53,1.0,0.0020666429772973,0.0,300.0,4.0,1.0,0.0010585538111627,True,,,,,,,,,True,completed,all_reduced_candidates,"[39, 141, 72, 48]",1.7815735191106796e-05,solver final filtering and index remapping; caller metric conversion excluded,r5-v1,,excluded_precomputed,,True,,,fresh_retrieval,6.174203008413315e-06,0.0034840540029108,0.0002210750244557,0.0037291189655661,0.0047876727767288,measured_excluding_encoding,"[39, 141, 72, 48]","[39, 141, 72, 48]",Python/Pareto-DP-conv,3.11.15,,,<paper>/revision_campaign_20260914/default/amazon_dpconv/default.csv,
73,Pareto-DP,1,feasible,complete,1,1,returned,0,,341,1.0,1.0,1.0,0.0935676200315356,0.0948281092569232,18933.0,1,0,0.0,0.0,0.0,0.0,530.0,530.0,341,1.0,0.0167198316194117,0.0,530.0,7.0,1.0,0.0012604892253875,True,,,,,,,,,True,completed,all_reduced_candidates,"[3, 415, 11, 62, 2, 13, 24]",6.527407094836235e-05,solver final filtering and index remapping; caller metric conversion excluded,r5-v1,,excluded_precomputed,,True,,,fresh_retrieval,1.0498333722352982e-05,0.0914421626366674,0.0020496849901974,0.0935676200315356,0.0948281092569232,measured_excluding_encoding,"[3, 415, 11, 62, 2, 13, 24]","[3, 415, 11, 62, 2, 13, 24]",Python/Pareto-DP-conv,3.11.15,,,<paper>/revision_campaign_20260914/default/amazon_dpconv/default.csv,
74,Pareto-DP,1,feasible,complete,1,1,returned,0,,32,1.0,1.0,1.0,0.0007113697938621,0.0015520830638706,464.0,1,0,0.0,0.0,0.0,0.0,45.0,45.0,32,1.0,0.0004573250189423,0.0,45.0,4.0,1.0,0.0008407132700085,True,,,,,,,,,True,completed,all_reduced_candidates,"[1, 9, 4, 31]",1.551210880279541e-05,solver final filtering and index remapping; caller metric conversion excluded,r5-v1,,excluded_precomputed,,True,,,fresh_retrieval,4.468951374292374e-06,0.0005216160789132,0.0001697726547718,0.0007113697938621,0.0015520830638706,measured_excluding_encoding,"[1, 9, 4, 31]","[1, 9, 4, 31]",Python/Pareto-DP-conv,3.11.15,,,<paper>/revision_campaign_20260914/default/amazon_dpconv/default.csv,
75,Pareto-DP,1,feasible,complete,1,1,returned,0,,22,1.0,1.0,1.0,0.0004916270263493,0.0012988252565264,607.0,1,0,0.0,0.0,0.0,0.0,95.0,95.0,22,1.0,0.0003637252375483,0.0,95.0,3.0,1.0,0.0008071982301771,True,,,,,,,,,True,completed,all_reduced_candidates,"[15, 72, 8]",1.4165882021188736e-05,solver final filtering and index remapping; caller metric conversion excluded,r5-v1,,excluded_precomputed,,True,,,fresh_retrieval,4.72506508231163e-06,0.0003693290054798,0.0001034070737659,0.0004916270263493,0.0012988252565264,measured_excluding_encoding,"[15, 72, 8]","[15, 72, 8]",Python/Pareto-DP-conv,3.11.15,,,<paper>/revision_campaign_20260914/default/amazon_dpconv/default.csv,
76,Pareto-DP,1,feasible,complete,1,1,returned,0,,9,1.0,1.0,1.0,0.0002038362435996,0.0009630341082811,79.0,1,0,0.0,0.0,0.0,0.0,24.0,24.0,9,1.0,0.0002124710008502,0.0,24.0,3.0,1.0,0.0007591978646814,True,,,,,,,,,True,completed,all_reduced_candidates,"[13, 1, 10]",1.382315531373024e-05,solver final filtering and index remapping; caller metric conversion excluded,r5-v1,,excluded_precomputed,,True,,,fresh_retrieval,4.365108907222748e-06,9.990762919187546e-05,8.57403501868248e-05,0.0002038362435996,0.0009630341082811,measured_excluding_encoding,"[13, 1, 10]","[13, 1, 10]",Python/Pareto-DP-conv,3.11.15,,,<paper>/revision_campaign_20260914/default/amazon_dpconv/default.csv,
77,Pareto-DP,1,feasible,complete,1,1,returned,0,,23,1.0,1.0,1.0,0.0034759189002215,0.0046458258293569,7050.0,1,0,0.0,0.0,0.0,0.0,547.0,547.0,23,1.0,0.0019095940515398,0.0,547.0,5.0,1.0,0.0011699069291353,True,,,,,,,,,True,completed,all_reduced_candidates,"[112, 399, 20, 11, 5]",1.6561709344387054e-05,solver final filtering and index remapping; caller metric conversion excluded,r5-v1,,excluded_precomputed,,True,,,fresh_retrieval,1.1070165783166884e-05,0.0033389432355761,0.0001093437895178,0.0034759189002215,0.0046458258293569,measured_excluding_encoding,"[112, 399, 20, 11, 5]","[112, 399, 20, 11, 5]",Python/Pareto-DP-conv,3.11.15,,,<paper>/revision_campaign_20260914/default/amazon_dpconv/default.csv,
78,Pareto-DP,1,feasible,complete,1,1,returned,0,,147,1.0,1.0000000000000004,1.0,0.2147984593175351,0.21583360619843,41978.0,1,0,0.0,0.0,0.0,0.0,279.0,279.0,147,1.0,0.0122128343209624,0.0,279.0,7.0,1.0,0.0010351468808948,True,,,,,,,,,True,completed,all_reduced_candidates,"[5, 8, 7, 3, 64, 1, 191]",5.667423829436302e-05,solver final filtering and index remapping; caller metric conversion excluded,r5-v1,,excluded_precomputed,,True,,,fresh_retrieval,7.973983883857727e-06,0.2129022590816021,0.0018315520137548,0.2147984593175351,0.21583360619843,measured_excluding_encoding,"[5, 8, 7, 3, 64, 1, 191]","[5, 8, 7, 3, 64, 1, 191]",Python/Pareto-DP-conv,3.11.15,,,<paper>/revision_campaign_20260914/default/amazon_dpconv/default.csv,
79,Pareto-DP,1,feasible,complete,1,1,returned,0,,425,1.0,0.9999999999999996,1.0,0.1879100557416677,0.1893514688126742,135057.0,1,0,0.0,0.0,0.0,0.0,754.0,754.0,425,1.0,0.0153285693377256,0.0,754.0,7.0,1.0,0.0014414130710065,True,,,,,,,,,True,completed,all_reduced_candidates,"[11, 10, 6, 352, 10, 2, 363]",7.636100053787231e-05,solver final filtering and index remapping; caller metric conversion excluded,r5-v1,,excluded_precomputed,,True,,,fresh_retrieval,1.1961907148361206e-05,0.1856570970267057,0.0021646358072757,0.1879100557416677,0.1893514688126742,measured_excluding_encoding,"[11, 10, 6, 352, 10, 2, 363]","[11, 10, 6, 352, 10, 2, 363]",Python/Pareto-DP-conv,3.11.15,,,<paper>/revision_campaign_20260914/default/amazon_dpconv/default.csv,
80,Pareto-DP,1,feasible,complete,1,1,returned,0,,25,1.0,1.0,1.0,0.0010017249733209,0.001908853650093,1370.0,1,0,0.0,0.0,0.0,0.0,98.0,98.0,25,1.0,0.0005888389423489,0.0,98.0,3.0,1.0,0.0009071286767721,True,,,,,,,,,True,completed,all_reduced_candidates,"[16, 22, 60]",1.7407815903425217e-05,solver final filtering and index remapping; caller metric conversion excluded,r5-v1,,excluded_precomputed,,True,,,fresh_retrieval,5.711335688829422e-06,0.0008279299363493,0.0001506758853793,0.0010017249733209,0.001908853650093,measured_excluding_encoding,"[16, 22, 60]","[16, 22, 60]",Python/Pareto-DP-conv,3.11.15,,,<paper>/revision_campaign_20260914/default/amazon_dpconv/default.csv,
81,Pareto-DP,1,feasible,complete,1,1,returned,0,,27,1.0,1.0,1.0,0.000568323303014,0.0015467526391148,2201.0,1,0,0.0,0.0,0.0,0.0,296.0,296.0,27,1.0,0.0004965509288012,0.0,296.0,3.0,1.0,0.0009784293361008,True,,,,,,,,,True,completed,all_reduced_candidates,"[5, 33, 258]",1.3938173651695251e-05,solver final filtering and index remapping; caller metric conversion excluded,r5-v1,,excluded_precomputed,,True,,,fresh_retrieval,6.786081939935684e-06,0.0004256390966475,0.0001219599507749,0.000568323303014,0.0015467526391148,measured_excluding_encoding,"[5, 33, 258]","[5, 33, 258]",Python/Pareto-DP-conv,3.11.15,,,<paper>/revision_campaign_20260914/default/amazon_dpconv/default.csv,
82,Pareto-DP,1,feasible,complete,1,1,returned,0,,50,1.0,1.0,1.0,0.0034121638163924,0.0042815287597477,2977.0,1,0,0.0,0.0,0.0,0.0,134.0,134.0,50,1.0,0.0017258049920201,0.0,134.0,5.0,1.0,0.0008693649433553,True,,,,,,,,,True,completed,all_reduced_candidates,"[39, 25, 17, 44, 9]",2.2310763597488403e-05,solver final filtering and index remapping; caller metric conversion excluded,r5-v1,,excluded_precomputed,,True,,,fresh_retrieval,7.313210517168045e-06,0.0030665057711303,0.0003160340711474,0.0034121638163924,0.0042815287597477,measured_excluding_encoding,"[39, 25, 17, 44, 9]","[39, 25, 17, 44, 9]",Python/Pareto-DP-conv,3.11.15,,,<paper>/revision_campaign_20260914/default/amazon_dpconv/default.csv,
83,Pareto-DP,1,feasible,complete,1,1,returned,0,,139,1.0,1.0,1.0,0.0194982369430363,0.0205409391783177,19123.0,1,0,0.0,0.0,0.0,0.0,295.0,295.0,139,1.0,0.0038379258476197,0.0,295.0,4.0,1.0,0.0010427022352814,True,,,,,,,,,True,completed,all_reduced_candidates,"[57, 26, 6, 206]",2.3080501705408096e-05,solver final filtering and index remapping; caller metric conversion excluded,r5-v1,,excluded_precomputed,,True,,,fresh_retrieval,6.35441392660141e-06,0.0187844750471413,0.0006843269802629,0.0194982369430363,0.0205409391783177,measured_excluding_encoding,"[57, 26, 6, 206]","[57, 26, 6, 206]",Python/Pareto-DP-conv,3.11.15,,,<paper>/revision_campaign_20260914/default/amazon_dpconv/default.csv,
84,Pareto-DP,1,feasible,complete,1,1,returned,0,,1,1.0,1.0,1.0,8.189026266336441e-05,0.0008739223703742,26.0,1,0,0.0,0.0,0.0,0.0,11.0,11.0,1,1.0,6.360514089465141e-05,0.0,11.0,3.0,1.0,0.0007920321077108,True,,,,,,,,,True,completed,all_reduced_candidates,"[6, 1, 4]",1.2506265193223952e-05,solver final filtering and index remapping; caller metric conversion excluded,r5-v1,,excluded_precomputed,,True,,,fresh_retrieval,3.703869879245758e-06,3.103911876678467e-05,3.464100882411003e-05,8.189026266336441e-05,0.0008739223703742,measured_excluding_encoding,"[6, 1, 4]","[6, 1, 4]",Python/Pareto-DP-conv,3.11.15,,,<paper>/revision_campaign_20260914/default/amazon_dpconv/default.csv,
85,Pareto-DP,1,feasible,complete,1,1,returned,0,,89,1.0,1.0,1.0,0.0033365949057042,0.0046374881640076,1252.0,1,0,0.0,0.0,0.0,0.0,74.0,74.0,89,1.0,0.0019073411822319,0.0,74.0,5.0,1.0,0.0013008932583034,True,,,,,,,,,True,completed,all_reduced_candidates,"[12, 15, 34, 8, 5]",2.0876992493867878e-05,solver final filtering and index remapping; caller metric conversion excluded,r5-v1,,excluded_precomputed,,True,,,fresh_retrieval,5.5693089962005615e-06,0.0029312525875866,0.0003788960166275,0.0033365949057042,0.0046374881640076,measured_excluding_encoding,"[12, 15, 34, 8, 5]","[12, 15, 34, 8, 5]",Python/Pareto-DP-conv,3.11.15,,,<paper>/revision_campaign_20260914/default/amazon_dpconv/default.csv,
86,Pareto-DP,1,feasible,complete,1,1,returned,0,,132,1.0,1.0000000000000002,1.0,0.0143184913322329,0.0154755050316452,9548.0,1,0,0.0,0.0,0.0,0.0,438.0,438.0,132,1.0,0.0044197533279657,0.0,438.0,6.0,1.0,0.0011570136994123,True,,,,,,,,,True,completed,all_reduced_candidates,"[59, 3, 1, 323, 30, 22]",3.029219806194305e-05,solver final filtering and index remapping; caller metric conversion excluded,r5-v1,,excluded_precomputed,,True,,,fresh_retrieval,9.975861757993698e-06,0.0134879010729491,0.0007903221994638,0.0143184913322329,0.0154755050316452,measured_excluding_encoding,"[59, 3, 1, 323, 30, 22]","[59, 3, 1, 323, 30, 22]",Python/Pareto-DP-conv,3.11.15,,,<paper>/revision_campaign_20260914/default/amazon_dpconv/default.csv,
87,Pareto-DP,1,feasible,complete,1,1,returned,0,,162,1.0,1.0000000000000002,1.0,0.0305011230520904,0.031553030014038,17438.0,1,0,0.0,0.0,0.0,0.0,315.0,315.0,162,1.0,0.0096158571541309,0.0,315.0,7.0,1.0,0.0010519069619476,True,,,,,,,,,True,completed,all_reduced_candidates,"[12, 65, 15, 188, 23, 7, 5]",3.909599035978317e-05,solver final filtering and index remapping; caller metric conversion excluded,r5-v1,,excluded_precomputed,,True,,,fresh_retrieval,7.476191967725754e-06,0.0296430550515651,0.0008114958181977,0.0305011230520904,0.031553030014038,measured_excluding_encoding,"[12, 65, 15, 188, 23, 7, 5]","[12, 65, 15, 188, 23, 7, 5]",Python/Pareto-DP-conv,3.11.15,,,<paper>/revision_campaign_20260914/default/amazon_dpconv/default.csv,
88,Pareto-DP,1,feasible,complete,1,1,returned,0,,117,1.0,1.0,1.0,0.0078305238857865,0.008744322694838,6270.0,1,0,0.0,0.0,0.0,0.0,149.0,149.0,117,1.0,0.0038517750799655,0.0,149.0,4.0,1.0,0.0009137988090515,True,,,,,,,,,True,completed,all_reduced_candidates,"[47, 14, 7, 81]",2.124300226569176e-05,solver final filtering and index remapping; caller metric conversion excluded,r5-v1,,excluded_precomputed,,True,,,fresh_retrieval,5.0710514187812805e-06,0.0072340667247772,0.0005701431073248,0.0078305238857865,0.008744322694838,measured_excluding_encoding,"[47, 14, 7, 81]","[47, 14, 7, 81]",Python/Pareto-DP-conv,3.11.15,,,<paper>/revision_campaign_20260914/default/amazon_dpconv/default.csv,
89,Pareto-DP,1,feasible,complete,1,1,returned,0,,133,1.0,1.0,1.0,0.0324048823677003,0.0334430672228336,28352.0,1,0,0.0,0.0,0.0,0.0,354.0,354.0,133,1.0,0.00429876614362,0.0,354.0,6.0,1.0,0.0010381848551332,True,,,,,,,,,True,completed,all_reduced_candidates,"[14, 3, 17, 48, 254, 18]",2.844538539648056e-05,solver final filtering and index remapping; caller metric conversion excluded,r5-v1,,excluded_precomputed,,True,,,fresh_retrieval,6.9481320679187775e-06,0.0315150870010256,0.0008544018492102,0.0324048823677003,0.0334430672228336,measured_excluding_encoding,"[14, 3, 17, 48, 254, 18]","[14, 3, 17, 48, 254, 18]",Python/Pareto-DP-conv,3.11.15,,,<paper>/revision_campaign_20260914/default/amazon_dpconv/default.csv,
90,Pareto-DP,1,feasible,complete,1,1,returned,0,,19,1.0,1.0,1.0,0.0003311801701784,0.0011793985031545,248.0,1,0,0.0,0.0,0.0,0.0,86.0,86.0,19,1.0,0.0002751732245087,0.0,86.0,3.0,1.0,0.0008482183329761,True,,,,,,,,,True,completed,all_reduced_candidates,"[47, 25, 14]",1.4259479939937592e-05,solver final filtering and index remapping; caller metric conversion excluded,r5-v1,,excluded_precomputed,,True,,,fresh_retrieval,4.373956471681595e-06,0.0002040206454694,0.0001085260882973,0.0003311801701784,0.0011793985031545,measured_excluding_encoding,"[47, 25, 14]","[47, 25, 14]",Python/Pareto-DP-conv,3.11.15,,,<paper>/revision_campaign_20260914/default/amazon_dpconv/default.csv,
91,Pareto-DP,1,feasible,complete,1,1,returned,0,,73,1.0,0.9999999999999998,1.0,0.006626424845308,0.0075614158995449,2772.0,1,0,0.0,0.0,0.0,0.0,236.0,236.0,73,1.0,0.0025177579373121,0.0,236.0,5.0,1.0,0.0009349910542368,True,,,,,,,,,True,completed,all_reduced_candidates,"[10, 7, 199, 4, 16]",2.397783100605011e-05,solver final filtering and index remapping; caller metric conversion excluded,r5-v1,,excluded_precomputed,,True,,,fresh_retrieval,6.308313459157944e-06,0.0061305547133088,0.000465583987534,0.006626424845308,0.0075614158995449,measured_excluding_encoding,"[10, 7, 199, 4, 16]","[10, 7, 199, 4, 16]",Python/Pareto-DP-conv,3.11.15,,,<paper>/revision_campaign_20260914/default/amazon_dpconv/default.csv,
92,Pareto-DP,1,feasible,complete,1,1,returned,0,,27,1.0,1.0,1.0,0.0005042199045419,0.0013064849190413,883.0,1,0,0.0,0.0,0.0,0.0,77.0,77.0,27,1.0,0.0004083407111465,0.0,77.0,3.0,1.0,0.0008022650144994,True,,,,,,,,,True,completed,all_reduced_candidates,"[30, 19, 28]",1.423479989171028e-05,solver final filtering and index remapping; caller metric conversion excluded,r5-v1,,excluded_precomputed,,True,,,fresh_retrieval,4.479195922613144e-06,0.0003614858724176,0.0001240200363099,0.0005042199045419,0.0013064849190413,measured_excluding_encoding,"[30, 19, 28]","[30, 19, 28]",Python/Pareto-DP-conv,3.11.15,,,<paper>/revision_campaign_20260914/default/amazon_dpconv/default.csv,
93,Pareto-DP,1,feasible,complete,1,1,returned,0,,64,1.0,1.0,1.0,0.0093170353211462,0.01043142657727,14464.0,1,0,0.0,0.0,0.0,0.0,378.0,378.0,64,1.0,0.0029619163833558,0.0,378.0,6.0,1.0,0.0011143912561237,True,,,,,,,,,True,completed,all_reduced_candidates,"[116, 61, 6, 36, 153, 6]",1.9741244614124295e-05,solver final filtering and index remapping; caller metric conversion excluded,r5-v1,,excluded_precomputed,,True,,,fresh_retrieval,7.441733032464981e-06,0.0090075521729886,0.000282300170511,0.0093170353211462,0.01043142657727,measured_excluding_encoding,"[116, 61, 6, 36, 153, 6]","[116, 61, 6, 36, 153, 6]",Python/Pareto-DP-conv,3.11.15,,,<paper>/revision_campaign_20260914/default/amazon_dpconv/default.csv,
94,Pareto-DP,1,feasible,complete,1,1,returned,0,,34,1.0,1.0,1.0,0.001558827701956,0.0024492349475622,1174.0,1,0,0.0,0.0,0.0,0.0,113.0,113.0,34,1.0,0.0011280342005193,0.0,113.0,5.0,1.0,0.0008904072456061,True,,,,,,,,,True,completed,all_reduced_candidates,"[7, 47, 28, 14, 17]",1.833075657486916e-05,solver final filtering and index remapping; caller metric conversion excluded,r5-v1,,excluded_precomputed,,True,,,fresh_retrieval,5.20097091794014e-06,0.0012746439315378,0.0002606520429253,0.001558827701956,0.0024492349475622,measured_excluding_encoding,"[7, 47, 28, 14, 17]","[7, 47, 28, 14, 17]",Python/Pareto-DP-conv,3.11.15,,,<paper>/revision_campaign_20260914/default/amazon_dpconv/default.csv,
95,Pareto-DP,1,feasible,complete,1,1,returned,0,,19,1.0,1.0,1.0,0.0008612619712948,0.0018002870492637,1272.0,1,0,0.0,0.0,0.0,0.0,248.0,248.0,19,1.0,0.0004003918729722,0.0,248.0,3.0,1.0,0.0009390250779688,True,,,,,,,,,True,completed,all_reduced_candidates,"[8, 224, 16]",1.4270655810832976e-05,solver final filtering and index remapping; caller metric conversion excluded,r5-v1,,excluded_precomputed,,True,,,fresh_retrieval,5.666166543960571e-06,0.0007459190674126,9.540608152747154e-05,0.0008612619712948,0.0018002870492637,measured_excluding_encoding,"[8, 224, 16]","[8, 224, 16]",Python/Pareto-DP-conv,3.11.15,,,<paper>/revision_campaign_20260914/default/amazon_dpconv/default.csv,
96,Pareto-DP,1,feasible,complete,1,1,returned,0,,11,1.0,1.0,1.0,0.0002797441557049,0.0011700941249728,211.0,1,0,0.0,0.0,0.0,0.0,171.0,171.0,11,1.0,0.0002411156892776,0.0,171.0,3.0,1.0,0.0008903499692678,True,,,,,,,,,True,completed,all_reduced_candidates,"[2, 161, 8]",1.3765878975391388e-05,solver final filtering and index remapping; caller metric conversion excluded,r5-v1,,excluded_precomputed,,True,,,fresh_retrieval,5.243346095085144e-06,0.000177283771336,8.345115929841995e-05,0.0002797441557049,0.0011700941249728,measured_excluding_encoding,"[2, 161, 8]","[2, 161, 8]",Python/Pareto-DP-conv,3.11.15,,,<paper>/revision_campaign_20260914/default/amazon_dpconv/default.csv,
97,Pareto-DP,1,feasible,complete,1,1,returned,0,,12,1.0,1.0,1.0,0.0002183243632316,0.0010128202848136,152.0,1,0,0.0,0.0,0.0,0.0,77.0,77.0,12,1.0,0.0001935549080371,0.0,77.0,4.0,1.0,0.0007944959215819,True,,,,,,,,,True,completed,all_reduced_candidates,"[1, 66, 5, 5]",1.380033791065216e-05,solver final filtering and index remapping; caller metric conversion excluded,r5-v1,,excluded_precomputed,,True,,,fresh_retrieval,4.770699888467789e-06,0.0001323912292718,6.736209616065025e-05,0.0002183243632316,0.0010128202848136,measured_excluding_encoding,"[1, 66, 5, 5]","[1, 66, 5, 5]",Python/Pareto-DP-conv,3.11.15,,,<paper>/revision_campaign_20260914/default/amazon_dpconv/default.csv,
98,Pareto-DP,1,feasible,complete,1,1,returned,0,,80,1.0,1.0,1.0,0.0046156849712133,0.0054690800607204,3634.0,1,0,0.0,0.0,0.0,0.0,138.0,138.0,80,1.0,0.0030193636193871,0.0,138.0,5.0,1.0,0.0008533950895071,True,,,,,,,,,True,completed,all_reduced_candidates,"[17, 29, 28, 54, 10]",2.3562926799058918e-05,solver final filtering and index remapping; caller metric conversion excluded,r5-v1,,excluded_precomputed,,True,,,fresh_retrieval,5.667097866535187e-06,0.0040571438148617,0.0005293111316859,0.0046156849712133,0.0054690800607204,measured_excluding_encoding,"[17, 29, 28, 54, 10]","[17, 29, 28, 54, 10]",Python/Pareto-DP-conv,3.11.15,,,<paper>/revision_campaign_20260914/default/amazon_dpconv/default.csv,
99,Pareto-DP,1,feasible,complete,1,1,returned,0,,59,1.0,1.0,1.0,0.0014281859621405,0.0023121270351111,1327.0,1,0,0.0,0.0,0.0,0.0,151.0,151.0,59,1.0,0.0008816299960017,0.0,151.0,3.0,1.0,0.0008839410729706,True,,,,,,,,,True,completed,all_reduced_candidates,"[32, 116, 3]",1.6516074538230896e-05,solver final filtering and index remapping; caller metric conversion excluded,r5-v1,,excluded_precomputed,,True,,,fresh_retrieval,4.90015372633934e-06,0.001157599966973,0.0002491697669029,0.0014281859621405,0.0023121270351111,measured_excluding_encoding,"[32, 116, 3]","[32, 116, 3]",Python/Pareto-DP-conv,3.11.15,,,<paper>/revision_campaign_20260914/default/amazon_dpconv/default.csv,
0,WS-28,1,feasible,complete,1,1,returned,0,28.0,8,0.1372549019607843,0.5561205570008575,,0.0044911699369549,0.2842492018826306,,28,0,,0.0,,,,,51,,,,,,,0.2797580319456756,,,,,,,,,,True,configured_work_complete,configured_weights,,0.0044911699369549,solver final filtering and index remapping; caller metric conversion excluded,r5-v1,,excluded_precomputed,,True,,,fresh_retrieval,,,,0.0044911699369549,0.2842492018826306,measured_excluding_encoding,"[15, 5, 5, 11, 6]",,specialized Python branch and bound,3.11.15,,,<paper>/revision_campaign_20260914/default/amazon_baselines/baselines.csv,0.2745098039215686
0,WS-253,1,feasible,complete,1,1,returned,0,253.0,12,0.2352941176470588,0.8893850688693239,,0.0425708438269794,0.322328875772655,,253,0,,0.0,,,,,51,,,,,,,0.2797580319456756,,,,,,,,,,True,configured_work_complete,configured_weights,,0.0425708438269794,solver final filtering and index remapping; caller metric conversion excluded,r5-v1,,excluded_precomputed,,True,,,fresh_retrieval,,,,0.0425708438269794,0.322328875772655,measured_excluding_encoding,"[15, 5, 5, 11, 6]",,specialized Python branch and bound,3.11.15,,,<paper>/revision_campaign_20260914/default/amazon_baselines/baselines.csv,0.2745098039215686
0,Greedy,1,feasible,complete,1,1,returned,0,,3,0.0196078431372549,0.3541683176165379,,0.0001374431885778,0.2798954751342535,,4,0,,0.0,,,,,51,,,,,,,0.2797580319456756,,,,,,,,,,True,configured_work_complete,configured_work,,0.0001374431885778,solver final filtering and index remapping; caller metric conversion excluded,r5-v1,,excluded_precomputed,,True,,,fresh_retrieval,,,,0.0001374431885778,0.2798954751342535,measured_excluding_encoding,"[15, 5, 5, 11, 6]",,Python/Greedy,3.11.15,,,<paper>/revision_campaign_20260914/default/amazon_baselines/baselines.csv,0.2745098039215686
0,NSGA2-2000,1,feasible,complete,1,1,returned,0,,49,0.9607843137254902,0.9992336413560864,,0.3717803568579256,0.6515383888036013,,2000,0,,0.0,,,,,51,,,,,,,0.2797580319456756,,,,,,,,,,True,configured_work_complete,configured_work,,0.3717803568579256,solver final filtering and index remapping; caller metric conversion excluded,r5-v1,,excluded_precomputed,,True,,,fresh_retrieval,,,,0.3717803568579256,0.6515383888036013,measured_excluding_encoding,"[15, 5, 5, 11, 6]",,Python/NSGA2-2000,3.11.15,,,<paper>/revision_campaign_20260914/default/amazon_baselines/baselines.csv,0.2745098039215686
0,NSGA2-10000,1,feasible,complete,1,1,returned,0,,50,0.9803921568627452,0.99999955952541,,1.57582772616297,1.8555857581086457,,10000,0,,0.0,,,,,51,,,,,,,0.2797580319456756,,,,,,,,,,True,configured_work_complete,configured_work,,1.57582772616297,solver final filtering and index remapping; caller metric conversion excluded,r5-v1,,excluded_precomputed,,True,,,fresh_retrieval,,,,1.57582772616297,1.8555857581086457,measured_excluding_encoding,"[15, 5, 5, 11, 6]",,Python/NSGA2-10000,3.11.15,,,<paper>/revision_campaign_20260914/default/amazon_baselines/baselines.csv,0.2745098039215686
1,WS-28,1,feasible,complete,1,1,returned,0,28.0,9,0.0260869565217391,0.685134065944015,,0.0170910116285085,0.0204151417128741,,28,0,,0.0,,,,,345,,,,,,,0.0033241300843656,,,,,,,,,,True,configured_work_complete,configured_weights,,0.0170910116285085,solver final filtering and index remapping; caller metric conversion excluded,r5-v1,,excluded_precomputed,,True,,,fresh_retrieval,,,,0.0170910116285085,0.0204151417128741,measured_excluding_encoding,"[2, 80, 12, 12, 44, 73, 415]",,specialized Python branch and bound,3.11.15,,,<paper>/revision_campaign_20260914/default/amazon_baselines/baselines.csv,0.1217391304347826
1,WS-253,1,feasible,complete,1,1,returned,0,253.0,15,0.0434782608695652,0.7850934965944844,,0.1906728129833936,0.1939969430677592,,253,0,,0.0,,,,,345,,,,,,,0.0033241300843656,,,,,,,,,,True,configured_work_complete,configured_weights,,0.1906728129833936,solver final filtering and index remapping; caller metric conversion excluded,r5-v1,,excluded_precomputed,,True,,,fresh_retrieval,,,,0.1906728129833936,0.1939969430677592,measured_excluding_encoding,"[2, 80, 12, 12, 44, 73, 415]",,specialized Python branch and bound,3.11.15,,,<paper>/revision_campaign_20260914/default/amazon_baselines/baselines.csv,0.1217391304347826
1,Greedy,1,feasible,complete,1,1,returned,0,,3,0.0028985507246376,0.0983567557848829,,0.0004519019275903,0.0037760320119559,,4,0,,0.0,,,,,345,,,,,,,0.0033241300843656,,,,,,,,,,True,configured_work_complete,configured_work,,0.0004519019275903,solver final filtering and index remapping; caller metric conversion excluded,r5-v1,,excluded_precomputed,,True,,,fresh_retrieval,,,,0.0004519019275903,0.0037760320119559,measured_excluding_encoding,"[2, 80, 12, 12, 44, 73, 415]",,Python/Greedy,3.11.15,,,<paper>/revision_campaign_20260914/default/amazon_baselines/baselines.csv,0.1217391304347826
1,NSGA2-2000,1,feasible,complete,1,1,returned,0,,50,0.0,0.5565211025376868,,0.1400434649549424,0.143367595039308,,2000,0,,0.0,,,,,345,,,,,,,0.0033241300843656,,,,,,,,,,True,configured_work_complete,configured_work,,0.1400434649549424,solver final filtering and index remapping; caller metric conversion excluded,r5-v1,,excluded_precomputed,,True,,,fresh_retrieval,,,,0.1400434649549424,0.143367595039308,measured_excluding_encoding,"[2, 80, 12, 12, 44, 73, 415]",,Python/NSGA2-2000,3.11.15,,,<paper>/revision_campaign_20260914/default/amazon_baselines/baselines.csv,0.1217391304347826
1,NSGA2-10000,1,feasible,complete,1,1,returned,0,,99,0.017391304347826,0.8665585683424826,,0.576160091906786,0.5794842219911516,,10000,0,,0.0,,,,,345,,,,,,,0.0033241300843656,,,,,,,,,,True,configured_work_complete,configured_work,,0.576160091906786,solver final filtering and index remapping; caller metric conversion excluded,r5-v1,,excluded_precomputed,,True,,,fresh_retrieval,,,,0.576160091906786,0.5794842219911516,measured_excluding_encoding,"[2, 80, 12, 12, 44, 73, 415]",,Python/NSGA2-10000,3.11.15,,,<paper>/revision_campaign_20260914/default/amazon_baselines/baselines.csv,0.1217391304347826
2,WS-28,1,feasible,complete,1,1,returned,0,28.0,9,0.0957446808510638,0.6284558340795108,,0.0092133083380758,0.0105788861401379,,28,0,,0.0,,,,,94,,,,,,,0.001365577802062,,,,,,,,,,True,configured_work_complete,configured_weights,,0.0092133083380758,solver final filtering and index remapping; caller metric conversion excluded,r5-v1,,excluded_precomputed,,True,,,fresh_retrieval,,,,0.0092133083380758,0.0105788861401379,measured_excluding_encoding,"[210, 108, 24, 4, 52, 16]",,specialized Python branch and bound,3.11.15,,,<paper>/revision_campaign_20260914/default/amazon_baselines/baselines.csv,0.1276595744680851
2,WS-253,1,feasible,complete,1,1,returned,0,253.0,12,0.1276595744680851,0.7857905174554692,,0.0859320289455354,0.0872976067475974,,253,0,,0.0,,,,,94,,,,,,,0.001365577802062,,,,,,,,,,True,configured_work_complete,configured_weights,,0.0859320289455354,solver final filtering and index remapping; caller metric conversion excluded,r5-v1,,excluded_precomputed,,True,,,fresh_retrieval,,,,0.0859320289455354,0.0872976067475974,measured_excluding_encoding,"[210, 108, 24, 4, 52, 16]",,specialized Python branch and bound,3.11.15,,,<paper>/revision_campaign_20260914/default/amazon_baselines/baselines.csv,0.1276595744680851
2,Greedy,1,feasible,complete,1,1,returned,0,,3,0.0212765957446808,0.3738554268900951,,0.0004865792579948,0.0018521570600569,,4,0,,0.0,,,,,94,,,,,,,0.001365577802062,,,,,,,,,,True,configured_work_complete,configured_work,,0.0004865792579948,solver final filtering and index remapping; caller metric conversion excluded,r5-v1,,excluded_precomputed,,True,,,fresh_retrieval,,,,0.0004865792579948,0.0018521570600569,measured_excluding_encoding,"[210, 108, 24, 4, 52, 16]",,Python/Greedy,3.11.15,,,<paper>/revision_campaign_20260914/default/amazon_baselines/baselines.csv,0.1276595744680851
2,NSGA2-2000,1,feasible,complete,1,1,returned,0,,23,0.1276595744680851,0.8331485976281706,,0.1570971230976283,0.1584627008996904,,2000,0,,0.0,,,,,94,,,,,,,0.001365577802062,,,,,,,,,,True,configured_work_complete,configured_work,,0.1570971230976283,solver final filtering and index remapping; caller metric conversion excluded,r5-v1,,excluded_precomputed,,True,,,fresh_retrieval,,,,0.1570971230976283,0.1584627008996904,measured_excluding_encoding,"[210, 108, 24, 4, 52, 16]",,Python/NSGA2-2000,3.11.15,,,<paper>/revision_campaign_20260914/default/amazon_baselines/baselines.csv,0.1276595744680851
2,NSGA2-10000,1,feasible,complete,1,1,returned,0,,61,0.574468085106383,0.9820957206159168,,0.6857310421764851,0.6870966199785471,,10000,0,,0.0,,,,,94,,,,,,,0.001365577802062,,,,,,,,,,True,configured_work_complete,configured_work,,0.6857310421764851,solver final filtering and index remapping; caller metric conversion excluded,r5-v1,,excluded_precomputed,,True,,,fresh_retrieval,,,,0.6857310421764851,0.6870966199785471,measured_excluding_encoding,"[210, 108, 24, 4, 52, 16]",,Python/NSGA2-10000,3.11.15,,,<paper>/revision_campaign_20260914/default/amazon_baselines/baselines.csv,0.1276595744680851
3,WS-28,1,feasible,complete,1,1,returned,0,28.0,6,0.2307692307692307,0.3313961639687962,,0.0033615748398005,0.0042865667492151,,28,0,,0.0,,,,,26,,,,,,,0.0009249919094145,,,,,,,,,,True,configured_work_complete,configured_weights,,0.0033615748398005,solver final filtering and index remapping; caller metric conversion excluded,r5-v1,,excluded_precomputed,,True,,,fresh_retrieval,,,,0.0033615748398005,0.0042865667492151,measured_excluding_encoding,"[14, 40, 16]",,specialized Python branch and bound,3.11.15,,,<paper>/revision_campaign_20260914/default/amazon_baselines/baselines.csv,0.2692307692307692
3,WS-253,1,feasible,complete,1,1,returned,0,253.0,7,0.2692307692307692,0.4465615374906327,,0.0376295689493417,0.0385545608587563,,253,0,,0.0,,,,,26,,,,,,,0.0009249919094145,,,,,,,,,,True,configured_work_complete,configured_weights,,0.0376295689493417,solver final filtering and index remapping; caller metric conversion excluded,r5-v1,,excluded_precomputed,,True,,,fresh_retrieval,,,,0.0376295689493417,0.0385545608587563,measured_excluding_encoding,"[14, 40, 16]",,specialized Python branch and bound,3.11.15,,,<paper>/revision_campaign_20260914/default/amazon_baselines/baselines.csv,0.2692307692307692
3,Greedy,1,feasible,complete,1,1,returned,0,,3,0.0384615384615384,0.0402253665448221,,0.0001306599006056,0.0010556518100202,,4,0,,0.0,,,,,26,,,,,,,0.0009249919094145,,,,,,,,,,True,configured_work_complete,configured_work,,0.0001306599006056,solver final filtering and index remapping; caller metric conversion excluded,r5-v1,,excluded_precomputed,,True,,,fresh_retrieval,,,,0.0001306599006056,0.0010556518100202,measured_excluding_encoding,"[14, 40, 16]",,Python/Greedy,3.11.15,,,<paper>/revision_campaign_20260914/default/amazon_baselines/baselines.csv,0.2692307692307692
3,NSGA2-2000,1,feasible,complete,1,1,returned,0,,21,0.8076923076923077,0.997674368152222,,0.2418834450654685,0.242808436974883,,2000,0,,0.0,,,,,26,,,,,,,0.0009249919094145,,,,,,,,,,True,configured_work_complete,configured_work,,0.2418834450654685,solver final filtering and index remapping; caller metric conversion excluded,r5-v1,,excluded_precomputed,,True,,,fresh_retrieval,,,,0.2418834450654685,0.242808436974883,measured_excluding_encoding,"[14, 40, 16]",,Python/NSGA2-2000,3.11.15,,,<paper>/revision_campaign_20260914/default/amazon_baselines/baselines.csv,0.2692307692307692
3,NSGA2-10000,1,feasible,complete,1,1,returned,0,,26,1.0,1.0,,0.9737621997483076,0.974687191657722,,10000,0,,0.0,,,,,26,,,,,,,0.0009249919094145,,,,,,,,,,True,configured_work_complete,configured_work,,0.9737621997483076,solver final filtering and index remapping; caller metric conversion excluded,r5-v1,,excluded_precomputed,,True,,,fresh_retrieval,,,,0.9737621997483076,0.974687191657722,measured_excluding_encoding,"[14, 40, 16]",,Python/NSGA2-10000,3.11.15,,,<paper>/revision_campaign_20260914/default/amazon_baselines/baselines.csv,0.2692307692307692
4,WS-28,1,feasible,complete,1,1,returned,0,28.0,7,0.4117647058823529,0.4987610081214421,,0.0032871821895241,0.0041524330154061,,28,0,,0.0,,,,,17,,,,,,,0.0008652508258819,,,,,,,,,,True,configured_work_complete,configured_weights,,0.0032871821895241,solver final filtering and index remapping; caller metric conversion excluded,r5-v1,,excluded_precomputed,,True,,,fresh_retrieval,,,,0.0032871821895241,0.0041524330154061,measured_excluding_encoding,"[47, 35, 23]",,specialized Python branch and bound,3.11.15,,,<paper>/revision_campaign_20260914/default/amazon_baselines/baselines.csv,0.4117647058823529
4,WS-253,1,feasible,complete,1,1,returned,0,253.0,8,0.4705882352941176,0.6565622068731581,,0.0357519281096756,0.0366171789355576,,253,0,,0.0,,,,,17,,,,,,,0.0008652508258819,,,,,,,,,,True,configured_work_complete,configured_weights,,0.0357519281096756,solver final filtering and index remapping; caller metric conversion excluded,r5-v1,,excluded_precomputed,,True,,,fresh_retrieval,,,,0.0357519281096756,0.0366171789355576,measured_excluding_encoding,"[47, 35, 23]",,specialized Python branch and bound,3.11.15,,,<paper>/revision_campaign_20260914/default/amazon_baselines/baselines.csv,0.4117647058823529
4,Greedy,1,feasible,complete,1,1,returned,0,,3,0.1176470588235294,0.3072632933072368,,0.0001303739845752,0.0009956248104572,,4,0,,0.0,,,,,17,,,,,,,0.0008652508258819,,,,,,,,,,True,configured_work_complete,configured_work,,0.0001303739845752,solver final filtering and index remapping; caller metric conversion excluded,r5-v1,,excluded_precomputed,,True,,,fresh_retrieval,,,,0.0001303739845752,0.0009956248104572,measured_excluding_encoding,"[47, 35, 23]",,Python/Greedy,3.11.15,,,<paper>/revision_campaign_20260914/default/amazon_baselines/baselines.csv,0.4117647058823529
4,NSGA2-2000,1,feasible,complete,1,1,returned,0,,17,1.0,1.0,,0.1964687700383365,0.1973340208642184,,2000,0,,0.0,,,,,17,,,,,,,0.0008652508258819,,,,,,,,,,True,configured_work_complete,configured_work,,0.1964687700383365,solver final filtering and index remapping; caller metric conversion excluded,r5-v1,,excluded_precomputed,,True,,,fresh_retrieval,,,,0.1964687700383365,0.1973340208642184,measured_excluding_encoding,"[47, 35, 23]",,Python/NSGA2-2000,3.11.15,,,<paper>/revision_campaign_20260914/default/amazon_baselines/baselines.csv,0.4117647058823529
4,NSGA2-10000,1,feasible,complete,1,1,returned,0,,17,1.0,1.0,,0.802830049302429,0.8036953001283109,,10000,0,,0.0,,,,,17,,,,,,,0.0008652508258819,,,,,,,,,,True,configured_work_complete,configured_work,,0.802830049302429,solver final filtering and index remapping; caller metric conversion excluded,r5-v1,,excluded_precomputed,,True,,,fresh_retrieval,,,,0.802830049302429,0.8036953001283109,measured_excluding_encoding,"[47, 35, 23]",,Python/NSGA2-10000,3.11.15,,,<paper>/revision_campaign_20260914/default/amazon_baselines/baselines.csv,0.4117647058823529
5,WS-28,1,feasible,complete,1,1,returned,0,28.0,8,0.1739130434782608,0.4201285246795816,,0.0076699801720678,0.0087194326333701,,28,0,,0.0,,,,,46,,,,,,,0.0010494524613022,,,,,,,,,,True,configured_work_complete,configured_weights,,0.0076699801720678,solver final filtering and index remapping; caller metric conversion excluded,r5-v1,,excluded_precomputed,,True,,,fresh_retrieval,,,,0.0076699801720678,0.0087194326333701,measured_excluding_encoding,"[51, 15, 125, 36, 54]",,specialized Python branch and bound,3.11.15,,,<paper>/revision_campaign_20260914/default/amazon_baselines/baselines.csv,0.3695652173913043
5,WS-253,1,feasible,complete,1,1,returned,0,253.0,15,0.3260869565217391,0.9358782347107364,,0.071933323983103,0.0729827764444053,,253,0,,0.0,,,,,46,,,,,,,0.0010494524613022,,,,,,,,,,True,configured_work_complete,configured_weights,,0.071933323983103,solver final filtering and index remapping; caller metric conversion excluded,r5-v1,,excluded_precomputed,,True,,,fresh_retrieval,,,,0.071933323983103,0.0729827764444053,measured_excluding_encoding,"[51, 15, 125, 36, 54]",,specialized Python branch and bound,3.11.15,,,<paper>/revision_campaign_20260914/default/amazon_baselines/baselines.csv,0.3695652173913043
5,Greedy,1,feasible,complete,1,1,returned,0,,3,0.0217391304347826,0.0934227774085526,,0.000410808250308,0.0014602607116103,,4,0,,0.0,,,,,46,,,,,,,0.0010494524613022,,,,,,,,,,True,configured_work_complete,configured_work,,0.000410808250308,solver final filtering and index remapping; caller metric conversion excluded,r5-v1,,excluded_precomputed,,True,,,fresh_retrieval,,,,0.000410808250308,0.0014602607116103,measured_excluding_encoding,"[51, 15, 125, 36, 54]",,Python/Greedy,3.11.15,,,<paper>/revision_campaign_20260914/default/amazon_baselines/baselines.csv,0.3695652173913043
5,NSGA2-2000,1,feasible,complete,1,1,returned,0,,36,0.0217391304347826,0.486546991224736,,0.156501742079854,0.1575511945411563,,2000,0,,0.0,,,,,46,,,,,,,0.0010494524613022,,,,,,,,,,True,configured_work_complete,configured_work,,0.156501742079854,solver final filtering and index remapping; caller metric conversion excluded,r5-v1,,excluded_precomputed,,True,,,fresh_retrieval,,,,0.156501742079854,0.1575511945411563,measured_excluding_encoding,"[51, 15, 125, 36, 54]",,Python/NSGA2-2000,3.11.15,,,<paper>/revision_campaign_20260914/default/amazon_baselines/baselines.csv,0.3695652173913043
5,NSGA2-10000,1,feasible,complete,1,1,returned,0,,33,0.5869565217391305,0.9752127712359644,,0.6253292108885944,0.6263786633498967,,10000,0,,0.0,,,,,46,,,,,,,0.0010494524613022,,,,,,,,,,True,configured_work_complete,configured_work,,0.6253292108885944,solver final filtering and index remapping; caller metric conversion excluded,r5-v1,,excluded_precomputed,,True,,,fresh_retrieval,,,,0.6253292108885944,0.6263786633498967,measured_excluding_encoding,"[51, 15, 125, 36, 54]",,Python/NSGA2-10000,3.11.15,,,<paper>/revision_campaign_20260914/default/amazon_baselines/baselines.csv,0.3695652173913043
6,WS-28,1,feasible,complete,1,1,returned,0,28.0,2,0.1666666666666666,0.0496005383496637,,0.001816386822611,0.0026140827685594,,28,0,,0.0,,,,,12,,,,,,,0.0007976959459483,,,,,,,,,,True,configured_work_complete,configured_weights,,0.001816386822611,solver final filtering and index remapping; caller metric conversion excluded,r5-v1,,excluded_precomputed,,True,,,fresh_retrieval,,,,0.001816386822611,0.0026140827685594,measured_excluding_encoding,"[8, 7, 4]",,specialized Python branch and bound,3.11.15,,,<paper>/revision_campaign_20260914/default/amazon_baselines/baselines.csv,0.75
6,WS-253,1,feasible,complete,1,1,returned,0,253.0,5,0.4166666666666667,0.878354579206719,,0.0248285708948969,0.0256262668408453,,253,0,,0.0,,,,,12,,,,,,,0.0007976959459483,,,,,,,,,,True,configured_work_complete,configured_weights,,0.0248285708948969,solver final filtering and index remapping; caller metric conversion excluded,r5-v1,,excluded_precomputed,,True,,,fresh_retrieval,,,,0.0248285708948969,0.0256262668408453,measured_excluding_encoding,"[8, 7, 4]",,specialized Python branch and bound,3.11.15,,,<paper>/revision_campaign_20260914/default/amazon_baselines/baselines.csv,0.75
6,Greedy,1,feasible,complete,1,1,returned,0,,2,0.1666666666666666,0.0496005383496637,,8.199084550142288e-05,0.0008796867914497,,4,0,,0.0,,,,,12,,,,,,,0.0007976959459483,,,,,,,,,,True,configured_work_complete,configured_work,,8.199084550142288e-05,solver final filtering and index remapping; caller metric conversion excluded,r5-v1,,excluded_precomputed,,True,,,fresh_retrieval,,,,8.199084550142288e-05,0.0008796867914497,measured_excluding_encoding,"[8, 7, 4]",,Python/Greedy,3.11.15,,,<paper>/revision_campaign_20260914/default/amazon_baselines/baselines.csv,0.75
6,NSGA2-2000,1,feasible,complete,1,1,returned,0,,12,1.0,1.0,,1.5810881201177835,1.581885816063732,,2043,0,,0.0,,,,,12,,,,,,,0.0007976959459483,,,,,,,,,,True,configured_work_complete,configured_work,,1.5810881201177835,solver final filtering and index remapping; caller metric conversion excluded,r5-v1,,excluded_precomputed,,True,,,fresh_retrieval,,,,1.5810881201177835,1.581885816063732,measured_excluding_encoding,"[8, 7, 4]",,Python/NSGA2-2000,3.11.15,,,<paper>/revision_campaign_20260914/default/amazon_baselines/baselines.csv,0.75
6,NSGA2-10000,1,feasible,complete,1,1,returned,0,,12,1.0,1.0,,11.427499025128782,11.42829672107473,,10001,0,,0.0,,,,,12,,,,,,,0.0007976959459483,,,,,,,,,,True,configured_work_complete,configured_work,,11.427499025128782,solver final filtering and index remapping; caller metric conversion excluded,r5-v1,,excluded_precomputed,,True,,,fresh_retrieval,,,,11.427499025128782,11.42829672107473,measured_excluding_encoding,"[8, 7, 4]",,Python/NSGA2-10000,3.11.15,,,<paper>/revision_campaign_20260914/default/amazon_baselines/baselines.csv,0.75
7,WS-28,1,feasible,complete,1,1,returned,0,28.0,8,0.2424242424242424,0.9336148632298816,,0.0038897078484296,0.0049489471130073,,28,0,,0.0,,,,,33,,,,,,,0.0010592392645776,,,,,,,,,,True,configured_work_complete,configured_weights,,0.0038897078484296,solver final filtering and index remapping; caller metric conversion excluded,r5-v1,,excluded_precomputed,,True,,,fresh_retrieval,,,,0.0038897078484296,0.0049489471130073,measured_excluding_encoding,"[18, 9, 10, 73]",,specialized Python branch and bound,3.11.15,,,<paper>/revision_campaign_20260914/default/amazon_baselines/baselines.csv,0.4242424242424242
7,WS-253,1,feasible,complete,1,1,returned,0,253.0,10,0.303030303030303,0.9660663748905858,,0.0430741198360919,0.0441333591006696,,253,0,,0.0,,,,,33,,,,,,,0.0010592392645776,,,,,,,,,,True,configured_work_complete,configured_weights,,0.0430741198360919,solver final filtering and index remapping; caller metric conversion excluded,r5-v1,,excluded_precomputed,,True,,,fresh_retrieval,,,,0.0430741198360919,0.0441333591006696,measured_excluding_encoding,"[18, 9, 10, 73]",,specialized Python branch and bound,3.11.15,,,<paper>/revision_campaign_20260914/default/amazon_baselines/baselines.csv,0.4242424242424242
7,Greedy,1,feasible,complete,1,1,returned,0,,3,0.0606060606060606,0.0605239003354603,,0.0001504649408161,0.0012097042053937,,4,0,,0.0,,,,,33,,,,,,,0.0010592392645776,,,,,,,,,,True,configured_work_complete,configured_work,,0.0001504649408161,solver final filtering and index remapping; caller metric conversion excluded,r5-v1,,excluded_precomputed,,True,,,fresh_retrieval,,,,0.0001504649408161,0.0012097042053937,measured_excluding_encoding,"[18, 9, 10, 73]",,Python/Greedy,3.11.15,,,<paper>/revision_campaign_20260914/default/amazon_baselines/baselines.csv,0.4242424242424242
7,NSGA2-2000,1,feasible,complete,1,1,returned,0,,24,0.7272727272727273,0.9958807776296906,,0.2180837243795395,0.2191429636441171,,2000,0,,0.0,,,,,33,,,,,,,0.0010592392645776,,,,,,,,,,True,configured_work_complete,configured_work,,0.2180837243795395,solver final filtering and index remapping; caller metric conversion excluded,r5-v1,,excluded_precomputed,,True,,,fresh_retrieval,,,,0.2180837243795395,0.2191429636441171,measured_excluding_encoding,"[18, 9, 10, 73]",,Python/NSGA2-2000,3.11.15,,,<paper>/revision_campaign_20260914/default/amazon_baselines/baselines.csv,0.4242424242424242
7,NSGA2-10000,1,feasible,complete,1,1,returned,0,,33,1.0,1.0,,0.8546065799891949,0.8556658192537725,,10000,0,,0.0,,,,,33,,,,,,,0.0010592392645776,,,,,,,,,,True,configured_work_complete,configured_work,,0.8546065799891949,solver final filtering and index remapping; caller metric conversion excluded,r5-v1,,excluded_precomputed,,True,,,fresh_retrieval,,,,0.8546065799891949,0.8556658192537725,measured_excluding_encoding,"[18, 9, 10, 73]",,Python/NSGA2-10000,3.11.15,,,<paper>/revision_campaign_20260914/default/amazon_baselines/baselines.csv,0.4242424242424242
8,WS-28,1,feasible,complete,1,1,returned,0,28.0,6,0.1470588235294117,0.4426460120397777,,0.0026337173767387,0.0034439233131706,,28,0,,0.0,,,,,34,,,,,,,0.0008102059364318,,,,,,,,,,True,configured_work_complete,configured_weights,,0.0026337173767387,solver final filtering and index remapping; caller metric conversion excluded,r5-v1,,excluded_precomputed,,True,,,fresh_retrieval,,,,0.0026337173767387,0.0034439233131706,measured_excluding_encoding,"[7, 12, 7]",,specialized Python branch and bound,3.11.15,,,<paper>/revision_campaign_20260914/default/amazon_baselines/baselines.csv,0.2941176470588235
8,WS-253,1,feasible,complete,1,1,returned,0,253.0,7,0.1764705882352941,0.511441321742468,,0.0301458151079714,0.0309560210444033,,253,0,,0.0,,,,,34,,,,,,,0.0008102059364318,,,,,,,,,,True,configured_work_complete,configured_weights,,0.0301458151079714,solver final filtering and index remapping; caller metric conversion excluded,r5-v1,,excluded_precomputed,,True,,,fresh_retrieval,,,,0.0301458151079714,0.0309560210444033,measured_excluding_encoding,"[7, 12, 7]",,specialized Python branch and bound,3.11.15,,,<paper>/revision_campaign_20260914/default/amazon_baselines/baselines.csv,0.2941176470588235
8,Greedy,1,feasible,complete,1,1,returned,0,,3,0.0294117647058823,0.2484554116545053,,0.0001106681302189,0.0009208740666508,,4,0,,0.0,,,,,34,,,,,,,0.0008102059364318,,,,,,,,,,True,configured_work_complete,configured_work,,0.0001106681302189,solver final filtering and index remapping; caller metric conversion excluded,r5-v1,,excluded_precomputed,,True,,,fresh_retrieval,,,,0.0001106681302189,0.0009208740666508,measured_excluding_encoding,"[7, 12, 7]",,Python/Greedy,3.11.15,,,<paper>/revision_campaign_20260914/default/amazon_baselines/baselines.csv,0.2941176470588235
8,NSGA2-2000,1,feasible,complete,1,1,returned,0,,34,1.0,1.0,,0.6638504918664694,0.6646606978029013,,2047,0,,0.0,,,,,34,,,,,,,0.0008102059364318,,,,,,,,,,True,configured_work_complete,configured_work,,0.6638504918664694,solver final filtering and index remapping; caller metric conversion excluded,r5-v1,,excluded_precomputed,,True,,,fresh_retrieval,,,,0.6638504918664694,0.6646606978029013,measured_excluding_encoding,"[7, 12, 7]",,Python/NSGA2-2000,3.11.15,,,<paper>/revision_campaign_20260914/default/amazon_baselines/baselines.csv,0.2941176470588235
8,NSGA2-10000,1,feasible,complete,1,1,returned,0,,34,1.0,1.0,,4.914657298009843,4.9154675039462745,,10087,0,,0.0,,,,,34,,,,,,,0.0008102059364318,,,,,,,,,,True,configured_work_complete,configured_work,,4.914657298009843,solver final filtering and index remapping; caller metric conversion excluded,r5-v1,,excluded_precomputed,,True,,,fresh_retrieval,,,,4.914657298009843,4.9154675039462745,measured_excluding_encoding,"[7, 12, 7]",,Python/NSGA2-10000,3.11.15,,,<paper>/revision_campaign_20260914/default/amazon_baselines/baselines.csv,0.2941176470588235
9,WS-28,1,feasible,complete,1,1,returned,0,28.0,10,0.1123595505617977,0.6678345885312464,,0.0089838271960616,0.0099410242401063,,28,0,,0.0,,,,,89,,,,,,,0.0009571970440447,,,,,,,,,,True,configured_work_complete,configured_weights,,0.0089838271960616,solver final filtering and index remapping; caller metric conversion excluded,r5-v1,,excluded_precomputed,,True,,,fresh_retrieval,,,,0.0089838271960616,0.0099410242401063,measured_excluding_encoding,"[14, 169, 17, 30]",,specialized Python branch and bound,3.11.15,,,<paper>/revision_campaign_20260914/default/amazon_baselines/baselines.csv,0.3146067415730337
9,WS-253,1,feasible,complete,1,1,returned,0,253.0,18,0.2022471910112359,0.8954383530227655,,0.0919773359782993,0.0929345330223441,,253,0,,0.0,,,,,89,,,,,,,0.0009571970440447,,,,,,,,,,True,configured_work_complete,configured_weights,,0.0919773359782993,solver final filtering and index remapping; caller metric conversion excluded,r5-v1,,excluded_precomputed,,True,,,fresh_retrieval,,,,0.0919773359782993,0.0929345330223441,measured_excluding_encoding,"[14, 169, 17, 30]",,specialized Python branch and bound,3.11.15,,,<paper>/revision_campaign_20260914/default/amazon_baselines/baselines.csv,0.3146067415730337
9,Greedy,1,feasible,complete,1,1,returned,0,,3,0.0112359550561797,0.2041899813325643,,0.0003022700548171,0.0012594670988619,,4,0,,0.0,,,,,89,,,,,,,0.0009571970440447,,,,,,,,,,True,configured_work_complete,configured_work,,0.0003022700548171,solver final filtering and index remapping; caller metric conversion excluded,r5-v1,,excluded_precomputed,,True,,,fresh_retrieval,,,,0.0003022700548171,0.0012594670988619,measured_excluding_encoding,"[14, 169, 17, 30]",,Python/Greedy,3.11.15,,,<paper>/revision_campaign_20260914/default/amazon_baselines/baselines.csv,0.3146067415730337
9,NSGA2-2000,1,feasible,complete,1,1,returned,0,,50,0.3932584269662921,0.9167436103410584,,0.155402101110667,0.1563592981547117,,2000,0,,0.0,,,,,89,,,,,,,0.0009571970440447,,,,,,,,,,True,configured_work_complete,configured_work,,0.155402101110667,solver final filtering and index remapping; caller metric conversion excluded,r5-v1,,excluded_precomputed,,True,,,fresh_retrieval,,,,0.155402101110667,0.1563592981547117,measured_excluding_encoding,"[14, 169, 17, 30]",,Python/NSGA2-2000,3.11.15,,,<paper>/revision_campaign_20260914/default/amazon_baselines/baselines.csv,0.3146067415730337
9,NSGA2-10000,1,feasible,complete,1,1,returned,0,,82,0.9213483146067416,0.9992235645712296,,0.6971135679632425,0.6980707650072873,,10000,0,,0.0,,,,,89,,,,,,,0.0009571970440447,,,,,,,,,,True,configured_work_complete,configured_work,,0.6971135679632425,solver final filtering and index remapping; caller metric conversion excluded,r5-v1,,excluded_precomputed,,True,,,fresh_retrieval,,,,0.6971135679632425,0.6980707650072873,measured_excluding_encoding,"[14, 169, 17, 30]",,Python/NSGA2-10000,3.11.15,,,<paper>/revision_campaign_20260914/default/amazon_baselines/baselines.csv,0.3146067415730337
10,WS-28,1,feasible,complete,1,1,returned,0,28.0,14,0.0616740088105726,0.8195011758760062,,0.0154181527905166,0.0163120534271001,,28,0,,0.0,,,,,227,,,,,,,0.0008939006365835,,,,,,,,,,True,configured_work_complete,configured_weights,,0.0154181527905166,solver final filtering and index remapping; caller metric conversion excluded,r5-v1,,excluded_precomputed,,True,,,fresh_retrieval,,,,0.0154181527905166,0.0163120534271001,measured_excluding_encoding,"[17, 20, 2, 16, 16, 13, 7]",,specialized Python branch and bound,3.11.15,,,<paper>/revision_campaign_20260914/default/amazon_baselines/baselines.csv,0.118942731277533
10,WS-253,1,feasible,complete,1,1,returned,0,253.0,20,0.0881057268722467,0.8481748007234512,,0.1787871122360229,0.1796810128726065,,253,0,,0.0,,,,,227,,,,,,,0.0008939006365835,,,,,,,,,,True,configured_work_complete,configured_weights,,0.1787871122360229,solver final filtering and index remapping; caller metric conversion excluded,r5-v1,,excluded_precomputed,,True,,,fresh_retrieval,,,,0.1787871122360229,0.1796810128726065,measured_excluding_encoding,"[17, 20, 2, 16, 16, 13, 7]",,specialized Python branch and bound,3.11.15,,,<paper>/revision_campaign_20260914/default/amazon_baselines/baselines.csv,0.118942731277533
10,Greedy,1,feasible,complete,1,1,returned,0,,3,0.0044052863436123,0.0783161814266832,,0.000163301359862,0.0010572019964456,,4,0,,0.0,,,,,227,,,,,,,0.0008939006365835,,,,,,,,,,True,configured_work_complete,configured_work,,0.000163301359862,solver final filtering and index remapping; caller metric conversion excluded,r5-v1,,excluded_precomputed,,True,,,fresh_retrieval,,,,0.000163301359862,0.0010572019964456,measured_excluding_encoding,"[17, 20, 2, 16, 16, 13, 7]",,Python/Greedy,3.11.15,,,<paper>/revision_campaign_20260914/default/amazon_baselines/baselines.csv,0.118942731277533
10,NSGA2-2000,1,feasible,complete,1,1,returned,0,,49,0.092511013215859,0.9273731983569866,,0.1760153020732104,0.176909202709794,,2000,0,,0.0,,,,,227,,,,,,,0.0008939006365835,,,,,,,,,,True,configured_work_complete,configured_work,,0.1760153020732104,solver final filtering and index remapping; caller metric conversion excluded,r5-v1,,excluded_precomputed,,True,,,fresh_retrieval,,,,0.1760153020732104,0.176909202709794,measured_excluding_encoding,"[17, 20, 2, 16, 16, 13, 7]",,Python/NSGA2-2000,3.11.15,,,<paper>/revision_campaign_20260914/default/amazon_baselines/baselines.csv,0.118942731277533
10,NSGA2-10000,1,feasible,complete,1,1,returned,0,,97,0.3303964757709251,0.9714654984790968,,0.7394350469112396,0.7403289475478232,,10000,0,,0.0,,,,,227,,,,,,,0.0008939006365835,,,,,,,,,,True,configured_work_complete,configured_work,,0.7394350469112396,solver final filtering and index remapping; caller metric conversion excluded,r5-v1,,excluded_precomputed,,True,,,fresh_retrieval,,,,0.7394350469112396,0.7403289475478232,measured_excluding_encoding,"[17, 20, 2, 16, 16, 13, 7]",,Python/NSGA2-10000,3.11.15,,,<paper>/revision_campaign_20260914/default/amazon_baselines/baselines.csv,0.118942731277533
11,WS-28,1,feasible,complete,1,1,returned,0,28.0,11,0.0299727520435967,0.5813592081208244,,0.0376105210743844,0.0390190621837973,,28,0,,0.0,,,,,367,,,,,,,0.0014085411094129,,,,,,,,,,True,configured_work_complete,configured_weights,,0.0376105210743844,solver final filtering and index remapping; caller metric conversion excluded,r5-v1,,excluded_precomputed,,True,,,fresh_retrieval,,,,0.0376105210743844,0.0390190621837973,measured_excluding_encoding,"[59, 63, 60, 7, 14, 399, 77]",,specialized Python branch and bound,3.11.15,,,<paper>/revision_campaign_20260914/default/amazon_baselines/baselines.csv,0.1008174386920981
11,WS-253,1,feasible,complete,1,1,returned,0,253.0,24,0.0653950953678474,0.8040241536777896,,0.3893751911818981,0.390783732291311,,253,0,,0.0,,,,,367,,,,,,,0.0014085411094129,,,,,,,,,,True,configured_work_complete,configured_weights,,0.3893751911818981,solver final filtering and index remapping; caller metric conversion excluded,r5-v1,,excluded_precomputed,,True,,,fresh_retrieval,,,,0.3893751911818981,0.390783732291311,measured_excluding_encoding,"[59, 63, 60, 7, 14, 399, 77]",,specialized Python branch and bound,3.11.15,,,<paper>/revision_campaign_20260914/default/amazon_baselines/baselines.csv,0.1008174386920981
11,Greedy,1,feasible,complete,1,1,returned,0,,3,0.0027247956403269,0.1085946508715963,,0.0006724130362272,0.0020809541456401,,4,0,,0.0,,,,,367,,,,,,,0.0014085411094129,,,,,,,,,,True,configured_work_complete,configured_work,,0.0006724130362272,solver final filtering and index remapping; caller metric conversion excluded,r5-v1,,excluded_precomputed,,True,,,fresh_retrieval,,,,0.0006724130362272,0.0020809541456401,measured_excluding_encoding,"[59, 63, 60, 7, 14, 399, 77]",,Python/Greedy,3.11.15,,,<paper>/revision_campaign_20260914/default/amazon_baselines/baselines.csv,0.1008174386920981
11,NSGA2-2000,1,feasible,complete,1,1,returned,0,,47,0.0,0.6081924697238081,,0.1300474926829338,0.1314560337923467,,2000,0,,0.0,,,,,367,,,,,,,0.0014085411094129,,,,,,,,,,True,configured_work_complete,configured_work,,0.1300474926829338,solver final filtering and index remapping; caller metric conversion excluded,r5-v1,,excluded_precomputed,,True,,,fresh_retrieval,,,,0.1300474926829338,0.1314560337923467,measured_excluding_encoding,"[59, 63, 60, 7, 14, 399, 77]",,Python/NSGA2-2000,3.11.15,,,<paper>/revision_campaign_20260914/default/amazon_baselines/baselines.csv,0.1008174386920981
11,NSGA2-10000,1,feasible,complete,1,1,returned,0,,99,0.0027247956403269,0.7229556535894982,,0.5750037687830627,0.5764123098924756,,10000,0,,0.0,,,,,367,,,,,,,0.0014085411094129,,,,,,,,,,True,configured_work_complete,configured_work,,0.5750037687830627,solver final filtering and index remapping; caller metric conversion excluded,r5-v1,,excluded_precomputed,,True,,,fresh_retrieval,,,,0.5750037687830627,0.5764123098924756,measured_excluding_encoding,"[59, 63, 60, 7, 14, 399, 77]",,Python/NSGA2-10000,3.11.15,,,<paper>/revision_campaign_20260914/default/amazon_baselines/baselines.csv,0.1008174386920981
12,WS-28,1,feasible,complete,1,1,returned,0,28.0,8,0.1951219512195122,0.8014748656846037,,0.0035445149987936,0.0044468119740486,,28,0,,0.0,,,,,41,,,,,,,0.000902296975255,,,,,,,,,,True,configured_work_complete,configured_weights,,0.0035445149987936,solver final filtering and index remapping; caller metric conversion excluded,r5-v1,,excluded_precomputed,,True,,,fresh_retrieval,,,,0.0035445149987936,0.0044468119740486,measured_excluding_encoding,"[9, 11, 10, 5]",,specialized Python branch and bound,3.11.15,,,<paper>/revision_campaign_20260914/default/amazon_baselines/baselines.csv,0.3414634146341463
12,WS-253,1,feasible,complete,1,1,returned,0,253.0,10,0.2439024390243902,0.8802988408392596,,0.0392216020263731,0.0401238990016281,,253,0,,0.0,,,,,41,,,,,,,0.000902296975255,,,,,,,,,,True,configured_work_complete,configured_weights,,0.0392216020263731,solver final filtering and index remapping; caller metric conversion excluded,r5-v1,,excluded_precomputed,,True,,,fresh_retrieval,,,,0.0392216020263731,0.0401238990016281,measured_excluding_encoding,"[9, 11, 10, 5]",,specialized Python branch and bound,3.11.15,,,<paper>/revision_campaign_20260914/default/amazon_baselines/baselines.csv,0.3414634146341463
12,Greedy,1,feasible,complete,1,1,returned,0,,3,0.048780487804878,0.3397786722235726,,0.0001064208336174,0.0010087178088724,,4,0,,0.0,,,,,41,,,,,,,0.000902296975255,,,,,,,,,,True,configured_work_complete,configured_work,,0.0001064208336174,solver final filtering and index remapping; caller metric conversion excluded,r5-v1,,excluded_precomputed,,True,,,fresh_retrieval,,,,0.0001064208336174,0.0010087178088724,measured_excluding_encoding,"[9, 11, 10, 5]",,Python/Greedy,3.11.15,,,<paper>/revision_campaign_20260914/default/amazon_baselines/baselines.csv,0.3414634146341463
12,NSGA2-2000,1,feasible,complete,1,1,returned,0,,41,1.0,1.0,,0.3639266700483858,0.3648289670236408,,2049,0,,0.0,,,,,41,,,,,,,0.000902296975255,,,,,,,,,,True,configured_work_complete,configured_work,,0.3639266700483858,solver final filtering and index remapping; caller metric conversion excluded,r5-v1,,excluded_precomputed,,True,,,fresh_retrieval,,,,0.3639266700483858,0.3648289670236408,measured_excluding_encoding,"[9, 11, 10, 5]",,Python/NSGA2-2000,3.11.15,,,<paper>/revision_campaign_20260914/default/amazon_baselines/baselines.csv,0.3414634146341463
12,NSGA2-10000,1,feasible,complete,1,1,returned,0,,41,1.0,0.9999999999999996,,1.9728806149214504,1.9737829118967056,,10000,0,,0.0,,,,,41,,,,,,,0.000902296975255,,,,,,,,,,True,configured_work_complete,configured_work,,1.9728806149214504,solver final filtering and index remapping; caller metric conversion excluded,r5-v1,,excluded_precomputed,,True,,,fresh_retrieval,,,,1.9728806149214504,1.9737829118967056,measured_excluding_encoding,"[9, 11, 10, 5]",,Python/NSGA2-10000,3.11.15,,,<paper>/revision_campaign_20260914/default/amazon_baselines/baselines.csv,0.3414634146341463
13,WS-28,1,feasible,complete,1,1,returned,0,28.0,5,0.1111111111111111,0.6621084449173581,,0.0088371951133012,0.0096480059437453,,28,0,,0.0,,,,,45,,,,,,,0.000810810830444,,,,,,,,,,True,configured_work_complete,configured_weights,,0.0088371951133012,solver final filtering and index remapping; caller metric conversion excluded,r5-v1,,excluded_precomputed,,True,,,fresh_retrieval,,,,0.0088371951133012,0.0096480059437453,measured_excluding_encoding,"[6, 3, 11, 13, 9, 3, 7]",,specialized Python branch and bound,3.11.15,,,<paper>/revision_campaign_20260914/default/amazon_baselines/baselines.csv,0.2222222222222222
13,WS-253,1,feasible,complete,1,1,returned,0,253.0,11,0.2444444444444444,0.8030704798573779,,0.0961885494180023,0.0969993602484464,,253,0,,0.0,,,,,45,,,,,,,0.000810810830444,,,,,,,,,,True,configured_work_complete,configured_weights,,0.0961885494180023,solver final filtering and index remapping; caller metric conversion excluded,r5-v1,,excluded_precomputed,,True,,,fresh_retrieval,,,,0.0961885494180023,0.0969993602484464,measured_excluding_encoding,"[6, 3, 11, 13, 9, 3, 7]",,specialized Python branch and bound,3.11.15,,,<paper>/revision_campaign_20260914/default/amazon_baselines/baselines.csv,0.2222222222222222
13,Greedy,1,feasible,complete,1,1,returned,0,,3,0.0222222222222222,0.3057697806474335,,9.292596951127052e-05,0.0009037367999553,,4,0,,0.0,,,,,45,,,,,,,0.000810810830444,,,,,,,,,,True,configured_work_complete,configured_work,,9.292596951127052e-05,solver final filtering and index remapping; caller metric conversion excluded,r5-v1,,excluded_precomputed,,True,,,fresh_retrieval,,,,9.292596951127052e-05,0.0009037367999553,measured_excluding_encoding,"[6, 3, 11, 13, 9, 3, 7]",,Python/Greedy,3.11.15,,,<paper>/revision_campaign_20260914/default/amazon_baselines/baselines.csv,0.2222222222222222
13,NSGA2-2000,1,feasible,complete,1,1,returned,0,,42,0.8666666666666667,0.9948985566595868,,0.2991153239272535,0.2999261347576976,,2000,0,,0.0,,,,,45,,,,,,,0.000810810830444,,,,,,,,,,True,configured_work_complete,configured_work,,0.2991153239272535,solver final filtering and index remapping; caller metric conversion excluded,r5-v1,,excluded_precomputed,,True,,,fresh_retrieval,,,,0.2991153239272535,0.2999261347576976,measured_excluding_encoding,"[6, 3, 11, 13, 9, 3, 7]",,Python/NSGA2-2000,3.11.15,,,<paper>/revision_campaign_20260914/default/amazon_baselines/baselines.csv,0.2222222222222222
13,NSGA2-10000,1,feasible,complete,1,1,returned,0,,45,1.0,1.0,,1.233679309953004,1.2344901207834482,,10000,0,,0.0,,,,,45,,,,,,,0.000810810830444,,,,,,,,,,True,configured_work_complete,configured_work,,1.233679309953004,solver final filtering and index remapping; caller metric conversion excluded,r5-v1,,excluded_precomputed,,True,,,fresh_retrieval,,,,1.233679309953004,1.2344901207834482,measured_excluding_encoding,"[6, 3, 11, 13, 9, 3, 7]",,Python/NSGA2-10000,3.11.15,,,<paper>/revision_campaign_20260914/default/amazon_baselines/baselines.csv,0.2222222222222222
14,WS-28,1,feasible,complete,1,1,returned,0,28.0,8,0.2424242424242424,0.9090073262165684,,0.0062137581408023,0.007222541142255,,28,0,,0.0,,,,,33,,,,,,,0.0010087830014526,,,,,,,,,,True,configured_work_complete,configured_weights,,0.0062137581408023,solver final filtering and index remapping; caller metric conversion excluded,r5-v1,,excluded_precomputed,,True,,,fresh_retrieval,,,,0.0062137581408023,0.007222541142255,measured_excluding_encoding,"[2, 207, 56, 6, 17]",,specialized Python branch and bound,3.11.15,,,<paper>/revision_campaign_20260914/default/amazon_baselines/baselines.csv,0.3939393939393939
14,WS-253,1,feasible,complete,1,1,returned,0,253.0,10,0.303030303030303,0.923375484365588,,0.0637693218886852,0.0647781048901379,,253,0,,0.0,,,,,33,,,,,,,0.0010087830014526,,,,,,,,,,True,configured_work_complete,configured_weights,,0.0637693218886852,solver final filtering and index remapping; caller metric conversion excluded,r5-v1,,excluded_precomputed,,True,,,fresh_retrieval,,,,0.0637693218886852,0.0647781048901379,measured_excluding_encoding,"[2, 207, 56, 6, 17]",,specialized Python branch and bound,3.11.15,,,<paper>/revision_campaign_20260914/default/amazon_baselines/baselines.csv,0.3939393939393939
14,Greedy,1,feasible,complete,1,1,returned,0,,3,0.0303030303030303,0.1347262916815395,,0.0003892020322382,0.0013979850336909,,4,0,,0.0,,,,,33,,,,,,,0.0010087830014526,,,,,,,,,,True,configured_work_complete,configured_work,,0.0003892020322382,solver final filtering and index remapping; caller metric conversion excluded,r5-v1,,excluded_precomputed,,True,,,fresh_retrieval,,,,0.0003892020322382,0.0013979850336909,measured_excluding_encoding,"[2, 207, 56, 6, 17]",,Python/Greedy,3.11.15,,,<paper>/revision_campaign_20260914/default/amazon_baselines/baselines.csv,0.3939393939393939
14,NSGA2-2000,1,feasible,complete,1,1,returned,0,,42,0.2727272727272727,0.9081698896686122,,0.171491757966578,0.1725005409680307,,2000,0,,0.0,,,,,33,,,,,,,0.0010087830014526,,,,,,,,,,True,configured_work_complete,configured_work,,0.171491757966578,solver final filtering and index remapping; caller metric conversion excluded,r5-v1,,excluded_precomputed,,True,,,fresh_retrieval,,,,0.171491757966578,0.1725005409680307,measured_excluding_encoding,"[2, 207, 56, 6, 17]",,Python/NSGA2-2000,3.11.15,,,<paper>/revision_campaign_20260914/default/amazon_baselines/baselines.csv,0.3939393939393939
14,NSGA2-10000,1,feasible,complete,1,1,returned,0,,47,0.5454545454545454,0.9567114905477674,,0.7241154876537621,0.7251242706552148,,10000,0,,0.0,,,,,33,,,,,,,0.0010087830014526,,,,,,,,,,True,configured_work_complete,configured_work,,0.7241154876537621,solver final filtering and index remapping; caller metric conversion excluded,r5-v1,,excluded_precomputed,,True,,,fresh_retrieval,,,,0.7241154876537621,0.7251242706552148,measured_excluding_encoding,"[2, 207, 56, 6, 17]",,Python/NSGA2-10000,3.11.15,,,<paper>/revision_campaign_20260914/default/amazon_baselines/baselines.csv,0.3939393939393939
15,WS-28,1,feasible,complete,1,1,returned,0,28.0,5,0.1111111111111111,0.3707180606461174,,0.0037832101806998,0.0045931902714073,,28,0,,0.0,,,,,45,,,,,,,0.0008099800907075,,,,,,,,,,True,configured_work_complete,configured_weights,,0.0037832101806998,solver final filtering and index remapping; caller metric conversion excluded,r5-v1,,excluded_precomputed,,True,,,fresh_retrieval,,,,0.0037832101806998,0.0045931902714073,measured_excluding_encoding,"[24, 9, 9, 14]",,specialized Python branch and bound,3.11.15,,,<paper>/revision_campaign_20260914/default/amazon_baselines/baselines.csv,0.2888888888888888
15,WS-253,1,feasible,complete,1,1,returned,0,253.0,9,0.2,0.6443728102135864,,0.0413867570459842,0.0421967371366918,,253,0,,0.0,,,,,45,,,,,,,0.0008099800907075,,,,,,,,,,True,configured_work_complete,configured_weights,,0.0413867570459842,solver final filtering and index remapping; caller metric conversion excluded,r5-v1,,excluded_precomputed,,True,,,fresh_retrieval,,,,0.0413867570459842,0.0421967371366918,measured_excluding_encoding,"[24, 9, 9, 14]",,specialized Python branch and bound,3.11.15,,,<paper>/revision_campaign_20260914/default/amazon_baselines/baselines.csv,0.2888888888888888
15,Greedy,1,feasible,complete,1,1,returned,0,,3,0.0222222222222222,0.0917386702812433,,0.0001093768514692,0.0009193569421768,,4,0,,0.0,,,,,45,,,,,,,0.0008099800907075,,,,,,,,,,True,configured_work_complete,configured_work,,0.0001093768514692,solver final filtering and index remapping; caller metric conversion excluded,r5-v1,,excluded_precomputed,,True,,,fresh_retrieval,,,,0.0001093768514692,0.0009193569421768,measured_excluding_encoding,"[24, 9, 9, 14]",,Python/Greedy,3.11.15,,,<paper>/revision_campaign_20260914/default/amazon_baselines/baselines.csv,0.2888888888888888
15,NSGA2-2000,1,feasible,complete,1,1,returned,0,,44,0.9777777777777776,0.9999312758838572,,0.2912738937884569,0.2920838738791644,,2000,0,,0.0,,,,,45,,,,,,,0.0008099800907075,,,,,,,,,,True,configured_work_complete,configured_work,,0.2912738937884569,solver final filtering and index remapping; caller metric conversion excluded,r5-v1,,excluded_precomputed,,True,,,fresh_retrieval,,,,0.2912738937884569,0.2920838738791644,measured_excluding_encoding,"[24, 9, 9, 14]",,Python/NSGA2-2000,3.11.15,,,<paper>/revision_campaign_20260914/default/amazon_baselines/baselines.csv,0.2888888888888888
15,NSGA2-10000,1,feasible,complete,1,1,returned,0,,45,1.0,1.0,,1.3092315350659192,1.3100415151566267,,10000,0,,0.0,,,,,45,,,,,,,0.0008099800907075,,,,,,,,,,True,configured_work_complete,configured_work,,1.3092315350659192,solver final filtering and index remapping; caller metric conversion excluded,r5-v1,,excluded_precomputed,,True,,,fresh_retrieval,,,,1.3092315350659192,1.3100415151566267,measured_excluding_encoding,"[24, 9, 9, 14]",,Python/NSGA2-10000,3.11.15,,,<paper>/revision_campaign_20260914/default/amazon_baselines/baselines.csv,0.2888888888888888
16,WS-28,1,feasible,complete,1,1,returned,0,28.0,9,0.0967741935483871,0.759594927915819,,0.0094679500907659,0.0105037121102213,,28,0,,0.0,,,,,93,,,,,,,0.0010357620194554,,,,,,,,,,True,configured_work_complete,configured_weights,,0.0094679500907659,solver final filtering and index remapping; caller metric conversion excluded,r5-v1,,excluded_precomputed,,True,,,fresh_retrieval,,,,0.0094679500907659,0.0105037121102213,measured_excluding_encoding,"[49, 37, 211, 17, 15, 6]",,specialized Python branch and bound,3.11.15,,,<paper>/revision_campaign_20260914/default/amazon_baselines/baselines.csv,0.1290322580645161
16,WS-253,1,feasible,complete,1,1,returned,0,253.0,10,0.1075268817204301,0.7689779211466079,,0.0978887281380593,0.0989244901575148,,253,0,,0.0,,,,,93,,,,,,,0.0010357620194554,,,,,,,,,,True,configured_work_complete,configured_weights,,0.0978887281380593,solver final filtering and index remapping; caller metric conversion excluded,r5-v1,,excluded_precomputed,,True,,,fresh_retrieval,,,,0.0978887281380593,0.0989244901575148,measured_excluding_encoding,"[49, 37, 211, 17, 15, 6]",,specialized Python branch and bound,3.11.15,,,<paper>/revision_campaign_20260914/default/amazon_baselines/baselines.csv,0.1290322580645161
16,Greedy,1,feasible,complete,1,1,returned,0,,3,0.010752688172043,0.118925053454466,,0.0002616741694509,0.0012974361889064,,4,0,,0.0,,,,,93,,,,,,,0.0010357620194554,,,,,,,,,,True,configured_work_complete,configured_work,,0.0002616741694509,solver final filtering and index remapping; caller metric conversion excluded,r5-v1,,excluded_precomputed,,True,,,fresh_retrieval,,,,0.0002616741694509,0.0012974361889064,measured_excluding_encoding,"[49, 37, 211, 17, 15, 6]",,Python/Greedy,3.11.15,,,<paper>/revision_campaign_20260914/default/amazon_baselines/baselines.csv,0.1290322580645161
16,NSGA2-2000,1,feasible,complete,1,1,returned,0,,35,0.075268817204301,0.8530458998784065,,0.1601310288533568,0.1611667908728122,,2000,0,,0.0,,,,,93,,,,,,,0.0010357620194554,,,,,,,,,,True,configured_work_complete,configured_work,,0.1601310288533568,solver final filtering and index remapping; caller metric conversion excluded,r5-v1,,excluded_precomputed,,True,,,fresh_retrieval,,,,0.1601310288533568,0.1611667908728122,measured_excluding_encoding,"[49, 37, 211, 17, 15, 6]",,Python/NSGA2-2000,3.11.15,,,<paper>/revision_campaign_20260914/default/amazon_baselines/baselines.csv,0.1290322580645161
16,NSGA2-10000,1,feasible,complete,1,1,returned,0,,70,0.5376344086021505,0.9680543313955328,,0.6613771202974021,0.6624128823168576,,10000,0,,0.0,,,,,93,,,,,,,0.0010357620194554,,,,,,,,,,True,configured_work_complete,configured_work,,0.6613771202974021,solver final filtering and index remapping; caller metric conversion excluded,r5-v1,,excluded_precomputed,,True,,,fresh_retrieval,,,,0.6613771202974021,0.6624128823168576,measured_excluding_encoding,"[49, 37, 211, 17, 15, 6]",,Python/NSGA2-10000,3.11.15,,,<paper>/revision_campaign_20260914/default/amazon_baselines/baselines.csv,0.1290322580645161
17,WS-28,1,feasible,complete,1,1,returned,0,28.0,8,0.0416666666666666,0.5935186961976653,,0.0165743352845311,0.0177174122072756,,28,0,,0.0,,,,,192,,,,,,,0.0011430769227445,,,,,,,,,,True,configured_work_complete,configured_weights,,0.0165743352845311,solver final filtering and index remapping; caller metric conversion excluded,r5-v1,,excluded_precomputed,,True,,,fresh_retrieval,,,,0.0165743352845311,0.0177174122072756,measured_excluding_encoding,"[58, 24, 185, 15, 82]",,specialized Python branch and bound,3.11.15,,,<paper>/revision_campaign_20260914/default/amazon_baselines/baselines.csv,0.1354166666666666
17,WS-253,1,feasible,complete,1,1,returned,0,253.0,18,0.09375,0.7988138915743939,,0.1725133429281413,0.1736564198508858,,253,0,,0.0,,,,,192,,,,,,,0.0011430769227445,,,,,,,,,,True,configured_work_complete,configured_weights,,0.1725133429281413,solver final filtering and index remapping; caller metric conversion excluded,r5-v1,,excluded_precomputed,,True,,,fresh_retrieval,,,,0.1725133429281413,0.1736564198508858,measured_excluding_encoding,"[58, 24, 185, 15, 82]",,specialized Python branch and bound,3.11.15,,,<paper>/revision_campaign_20260914/default/amazon_baselines/baselines.csv,0.1354166666666666
17,Greedy,1,feasible,complete,1,1,returned,0,,4,0.0052083333333333,0.1284745823717691,,0.0003929240629076,0.0015360009856522,,4,0,,0.0,,,,,192,,,,,,,0.0011430769227445,,,,,,,,,,True,configured_work_complete,configured_work,,0.0003929240629076,solver final filtering and index remapping; caller metric conversion excluded,r5-v1,,excluded_precomputed,,True,,,fresh_retrieval,,,,0.0003929240629076,0.0015360009856522,measured_excluding_encoding,"[58, 24, 185, 15, 82]",,Python/Greedy,3.11.15,,,<paper>/revision_campaign_20260914/default/amazon_baselines/baselines.csv,0.1354166666666666
17,NSGA2-2000,1,feasible,complete,1,1,returned,0,,49,0.0,0.622123037991581,,0.1387577918358147,0.1399008687585592,,2000,0,,0.0,,,,,192,,,,,,,0.0011430769227445,,,,,,,,,,True,configured_work_complete,configured_work,,0.1387577918358147,solver final filtering and index remapping; caller metric conversion excluded,r5-v1,,excluded_precomputed,,True,,,fresh_retrieval,,,,0.1387577918358147,0.1399008687585592,measured_excluding_encoding,"[58, 24, 185, 15, 82]",,Python/NSGA2-2000,3.11.15,,,<paper>/revision_campaign_20260914/default/amazon_baselines/baselines.csv,0.1354166666666666
17,NSGA2-10000,1,feasible,complete,1,1,returned,0,,98,0.0677083333333333,0.8074680448135605,,0.6298359939828515,0.630979070905596,,10000,0,,0.0,,,,,192,,,,,,,0.0011430769227445,,,,,,,,,,True,configured_work_complete,configured_work,,0.6298359939828515,solver final filtering and index remapping; caller metric conversion excluded,r5-v1,,excluded_precomputed,,True,,,fresh_retrieval,,,,0.6298359939828515,0.630979070905596,measured_excluding_encoding,"[58, 24, 185, 15, 82]",,Python/NSGA2-10000,3.11.15,,,<paper>/revision_campaign_20260914/default/amazon_baselines/baselines.csv,0.1354166666666666
18,WS-28,1,feasible,complete,1,1,returned,0,28.0,9,0.036,0.6732323703931842,,0.011063003912568,0.0120302755385637,,28,0,,0.0,,,,,250,,,,,,,0.0009672716259956,,,,,,,,,,True,configured_work_complete,configured_weights,,0.011063003912568,solver final filtering and index remapping; caller metric conversion excluded,r5-v1,,excluded_precomputed,,True,,,fresh_retrieval,,,,0.011063003912568,0.0120302755385637,measured_excluding_encoding,"[7, 20, 44, 6, 83, 14]",,specialized Python branch and bound,3.11.15,,,<paper>/revision_campaign_20260914/default/amazon_baselines/baselines.csv,0.12
18,WS-253,1,feasible,complete,1,1,returned,0,253.0,13,0.052,0.7731158235876997,,0.1417761212214827,0.1427433928474784,,253,0,,0.0,,,,,250,,,,,,,0.0009672716259956,,,,,,,,,,True,configured_work_complete,configured_weights,,0.1417761212214827,solver final filtering and index remapping; caller metric conversion excluded,r5-v1,,excluded_precomputed,,True,,,fresh_retrieval,,,,0.1417761212214827,0.1427433928474784,measured_excluding_encoding,"[7, 20, 44, 6, 83, 14]",,specialized Python branch and bound,3.11.15,,,<paper>/revision_campaign_20260914/default/amazon_baselines/baselines.csv,0.12
18,Greedy,1,feasible,complete,1,1,returned,0,,3,0.004,0.2058608398781837,,0.0002112430520355,0.0011785146780312,,4,0,,0.0,,,,,250,,,,,,,0.0009672716259956,,,,,,,,,,True,configured_work_complete,configured_work,,0.0002112430520355,solver final filtering and index remapping; caller metric conversion excluded,r5-v1,,excluded_precomputed,,True,,,fresh_retrieval,,,,0.0002112430520355,0.0011785146780312,measured_excluding_encoding,"[7, 20, 44, 6, 83, 14]",,Python/Greedy,3.11.15,,,<paper>/revision_campaign_20260914/default/amazon_baselines/baselines.csv,0.12
18,NSGA2-2000,1,feasible,complete,1,1,returned,0,,50,0.088,0.8809264754148717,,0.1640912918373942,0.1650585634633898,,2000,0,,0.0,,,,,250,,,,,,,0.0009672716259956,,,,,,,,,,True,configured_work_complete,configured_work,,0.1640912918373942,solver final filtering and index remapping; caller metric conversion excluded,r5-v1,,excluded_precomputed,,True,,,fresh_retrieval,,,,0.1640912918373942,0.1650585634633898,measured_excluding_encoding,"[7, 20, 44, 6, 83, 14]",,Python/NSGA2-2000,3.11.15,,,<paper>/revision_campaign_20260914/default/amazon_baselines/baselines.csv,0.12
18,NSGA2-10000,1,feasible,complete,1,1,returned,0,,96,0.14,0.9102298294991068,,0.6522189099341631,0.6531861815601587,,10000,0,,0.0,,,,,250,,,,,,,0.0009672716259956,,,,,,,,,,True,configured_work_complete,configured_work,,0.6522189099341631,solver final filtering and index remapping; caller metric conversion excluded,r5-v1,,excluded_precomputed,,True,,,fresh_retrieval,,,,0.6522189099341631,0.6531861815601587,measured_excluding_encoding,"[7, 20, 44, 6, 83, 14]",,Python/NSGA2-10000,3.11.15,,,<paper>/revision_campaign_20260914/default/amazon_baselines/baselines.csv,0.12
19,WS-28,1,feasible,complete,1,1,returned,0,28.0,11,0.094017094017094,0.7190968604973113,,0.0116949481889605,0.0126822418533265,,28,0,,0.0,,,,,117,,,,,,,0.000987293664366,,,,,,,,,,True,configured_work_complete,configured_weights,,0.0116949481889605,solver final filtering and index remapping; caller metric conversion excluded,r5-v1,,excluded_precomputed,,True,,,fresh_retrieval,,,,0.0116949481889605,0.0126822418533265,measured_excluding_encoding,"[166, 19, 6, 52, 10]",,specialized Python branch and bound,3.11.15,,,<paper>/revision_campaign_20260914/default/amazon_baselines/baselines.csv,0.2393162393162393
19,WS-253,1,feasible,complete,1,1,returned,0,253.0,22,0.188034188034188,0.945596598887352,,0.1223278539255261,0.1233151475898921,,253,0,,0.0,,,,,117,,,,,,,0.000987293664366,,,,,,,,,,True,configured_work_complete,configured_weights,,0.1223278539255261,solver final filtering and index remapping; caller metric conversion excluded,r5-v1,,excluded_precomputed,,True,,,fresh_retrieval,,,,0.1223278539255261,0.1233151475898921,measured_excluding_encoding,"[166, 19, 6, 52, 10]",,specialized Python branch and bound,3.11.15,,,<paper>/revision_campaign_20260914/default/amazon_baselines/baselines.csv,0.2393162393162393
19,Greedy,1,feasible,complete,1,1,returned,0,,2,0.0085470085470085,0.0675463641659833,,0.0003610402345657,0.0013483338989317,,4,0,,0.0,,,,,117,,,,,,,0.000987293664366,,,,,,,,,,True,configured_work_complete,configured_work,,0.0003610402345657,solver final filtering and index remapping; caller metric conversion excluded,r5-v1,,excluded_precomputed,,True,,,fresh_retrieval,,,,0.0003610402345657,0.0013483338989317,measured_excluding_encoding,"[166, 19, 6, 52, 10]",,Python/Greedy,3.11.15,,,<paper>/revision_campaign_20260914/default/amazon_baselines/baselines.csv,0.2393162393162393
19,NSGA2-2000,1,feasible,complete,1,1,returned,0,,48,0.0683760683760683,0.8295090243579927,,0.1657612710259854,0.1667485646903515,,2000,0,,0.0,,,,,117,,,,,,,0.000987293664366,,,,,,,,,,True,configured_work_complete,configured_work,,0.1657612710259854,solver final filtering and index remapping; caller metric conversion excluded,r5-v1,,excluded_precomputed,,True,,,fresh_retrieval,,,,0.1657612710259854,0.1667485646903515,measured_excluding_encoding,"[166, 19, 6, 52, 10]",,Python/NSGA2-2000,3.11.15,,,<paper>/revision_campaign_20260914/default/amazon_baselines/baselines.csv,0.2393162393162393
19,NSGA2-10000,1,feasible,complete,1,1,returned,0,,85,0.6923076923076923,0.97004587786491,,0.7059470731765032,0.7069343668408692,,10000,0,,0.0,,,,,117,,,,,,,0.000987293664366,,,,,,,,,,True,configured_work_complete,configured_work,,0.7059470731765032,solver final filtering and index remapping; caller metric conversion excluded,r5-v1,,excluded_precomputed,,True,,,fresh_retrieval,,,,0.7059470731765032,0.7069343668408692,measured_excluding_encoding,"[166, 19, 6, 52, 10]",,Python/NSGA2-10000,3.11.15,,,<paper>/revision_campaign_20260914/default/amazon_baselines/baselines.csv,0.2393162393162393
20,WS-28,1,feasible,complete,1,1,returned,0,28.0,4,0.2,0.8424048249711512,,0.0029197917319834,0.003740316722542,,28,0,,0.0,,,,,20,,,,,,,0.0008205249905586,,,,,,,,,,True,configured_work_complete,configured_weights,,0.0029197917319834,solver final filtering and index remapping; caller metric conversion excluded,r5-v1,,excluded_precomputed,,True,,,fresh_retrieval,,,,0.0029197917319834,0.003740316722542,measured_excluding_encoding,"[6, 42, 29]",,specialized Python branch and bound,3.11.15,,,<paper>/revision_campaign_20260914/default/amazon_baselines/baselines.csv,0.3
20,WS-253,1,feasible,complete,1,1,returned,0,253.0,5,0.25,0.8428169578842679,,0.0340508297085762,0.0348713546991348,,253,0,,0.0,,,,,20,,,,,,,0.0008205249905586,,,,,,,,,,True,configured_work_complete,configured_weights,,0.0340508297085762,solver final filtering and index remapping; caller metric conversion excluded,r5-v1,,excluded_precomputed,,True,,,fresh_retrieval,,,,0.0340508297085762,0.0348713546991348,measured_excluding_encoding,"[6, 42, 29]",,specialized Python branch and bound,3.11.15,,,<paper>/revision_campaign_20260914/default/amazon_baselines/baselines.csv,0.3
20,Greedy,1,feasible,complete,1,1,returned,0,,2,0.1,0.515309226107335,,0.0001129056327044,0.0009334306232631,,4,0,,0.0,,,,,20,,,,,,,0.0008205249905586,,,,,,,,,,True,configured_work_complete,configured_work,,0.0001129056327044,solver final filtering and index remapping; caller metric conversion excluded,r5-v1,,excluded_precomputed,,True,,,fresh_retrieval,,,,0.0001129056327044,0.0009334306232631,measured_excluding_encoding,"[6, 42, 29]",,Python/Greedy,3.11.15,,,<paper>/revision_campaign_20260914/default/amazon_baselines/baselines.csv,0.3
20,NSGA2-2000,1,feasible,complete,1,1,returned,0,,18,0.7,0.9516204180612576,,0.2307656691409647,0.2315861941315233,,2000,0,,0.0,,,,,20,,,,,,,0.0008205249905586,,,,,,,,,,True,configured_work_complete,configured_work,,0.2307656691409647,solver final filtering and index remapping; caller metric conversion excluded,r5-v1,,excluded_precomputed,,True,,,fresh_retrieval,,,,0.2307656691409647,0.2315861941315233,measured_excluding_encoding,"[6, 42, 29]",,Python/NSGA2-2000,3.11.15,,,<paper>/revision_campaign_20260914/default/amazon_baselines/baselines.csv,0.3
20,NSGA2-10000,1,feasible,complete,1,1,returned,0,,20,1.0,1.0,,0.965836298186332,0.9666568231768906,,10000,0,,0.0,,,,,20,,,,,,,0.0008205249905586,,,,,,,,,,True,configured_work_complete,configured_work,,0.965836298186332,solver final filtering and index remapping; caller metric conversion excluded,r5-v1,,excluded_precomputed,,True,,,fresh_retrieval,,,,0.965836298186332,0.9666568231768906,measured_excluding_encoding,"[6, 42, 29]",,Python/NSGA2-10000,3.11.15,,,<paper>/revision_campaign_20260914/default/amazon_baselines/baselines.csv,0.3
21,WS-28,1,feasible,complete,1,1,returned,0,28.0,9,0.0425531914893617,0.4748043015373505,,0.0092135271988809,0.0101661160588264,,28,0,,0.0,,,,,188,,,,,,,0.0009525888599455,,,,,,,,,,True,configured_work_complete,configured_weights,,0.0092135271988809,solver final filtering and index remapping; caller metric conversion excluded,r5-v1,,excluded_precomputed,,True,,,fresh_retrieval,,,,0.0092135271988809,0.0101661160588264,measured_excluding_encoding,"[11, 14, 118, 46, 44]",,specialized Python branch and bound,3.11.15,,,<paper>/revision_campaign_20260914/default/amazon_baselines/baselines.csv,0.1276595744680851
21,WS-253,1,feasible,complete,1,1,returned,0,253.0,18,0.0904255319148936,0.7425573551540048,,0.0927680269815027,0.0937206158414483,,253,0,,0.0,,,,,188,,,,,,,0.0009525888599455,,,,,,,,,,True,configured_work_complete,configured_weights,,0.0927680269815027,solver final filtering and index remapping; caller metric conversion excluded,r5-v1,,excluded_precomputed,,True,,,fresh_retrieval,,,,0.0927680269815027,0.0937206158414483,measured_excluding_encoding,"[11, 14, 118, 46, 44]",,specialized Python branch and bound,3.11.15,,,<paper>/revision_campaign_20260914/default/amazon_baselines/baselines.csv,0.1276595744680851
21,Greedy,1,feasible,complete,1,1,returned,0,,3,0.0053191489361702,0.332001935571109,,0.0003074309788644,0.0012600198388099,,4,0,,0.0,,,,,188,,,,,,,0.0009525888599455,,,,,,,,,,True,configured_work_complete,configured_work,,0.0003074309788644,solver final filtering and index remapping; caller metric conversion excluded,r5-v1,,excluded_precomputed,,True,,,fresh_retrieval,,,,0.0003074309788644,0.0012600198388099,measured_excluding_encoding,"[11, 14, 118, 46, 44]",,Python/Greedy,3.11.15,,,<paper>/revision_campaign_20260914/default/amazon_baselines/baselines.csv,0.1276595744680851
21,NSGA2-2000,1,feasible,complete,1,1,returned,0,,49,0.0957446808510638,0.9109991917587577,,0.1570517588406801,0.1580043477006256,,2000,0,,0.0,,,,,188,,,,,,,0.0009525888599455,,,,,,,,,,True,configured_work_complete,configured_work,,0.1570517588406801,solver final filtering and index remapping; caller metric conversion excluded,r5-v1,,excluded_precomputed,,True,,,fresh_retrieval,,,,0.1570517588406801,0.1580043477006256,measured_excluding_encoding,"[11, 14, 118, 46, 44]",,Python/NSGA2-2000,3.11.15,,,<paper>/revision_campaign_20260914/default/amazon_baselines/baselines.csv,0.1276595744680851
21,NSGA2-10000,1,feasible,complete,1,1,returned,0,,98,0.3882978723404255,0.9672224878075218,,0.6535129640251398,0.6544655528850853,,10000,0,,0.0,,,,,188,,,,,,,0.0009525888599455,,,,,,,,,,True,configured_work_complete,configured_work,,0.6535129640251398,solver final filtering and index remapping; caller metric conversion excluded,r5-v1,,excluded_precomputed,,True,,,fresh_retrieval,,,,0.6535129640251398,0.6544655528850853,measured_excluding_encoding,"[11, 14, 118, 46, 44]",,Python/NSGA2-10000,3.11.15,,,<paper>/revision_campaign_20260914/default/amazon_baselines/baselines.csv,0.1276595744680851
22,WS-28,1,feasible,complete,1,1,returned,0,28.0,8,0.0879120879120879,0.8473088159870569,,0.0085474071092903,0.0094417473301291,,28,0,,0.0,,,,,91,,,,,,,0.0008943402208387,,,,,,,,,,True,configured_work_complete,configured_weights,,0.0085474071092903,solver final filtering and index remapping; caller metric conversion excluded,r5-v1,,excluded_precomputed,,True,,,fresh_retrieval,,,,0.0085474071092903,0.0094417473301291,measured_excluding_encoding,"[45, 9, 31, 8, 66]",,specialized Python branch and bound,3.11.15,,,<paper>/revision_campaign_20260914/default/amazon_baselines/baselines.csv,0.1208791208791208
22,WS-253,1,feasible,complete,1,1,returned,0,253.0,10,0.1098901098901098,0.8610079510982048,,0.0901207854039967,0.0910151256248354,,253,0,,0.0,,,,,91,,,,,,,0.0008943402208387,,,,,,,,,,True,configured_work_complete,configured_weights,,0.0901207854039967,solver final filtering and index remapping; caller metric conversion excluded,r5-v1,,excluded_precomputed,,True,,,fresh_retrieval,,,,0.0901207854039967,0.0910151256248354,measured_excluding_encoding,"[45, 9, 31, 8, 66]",,specialized Python branch and bound,3.11.15,,,<paper>/revision_campaign_20260914/default/amazon_baselines/baselines.csv,0.1208791208791208
22,Greedy,1,feasible,complete,1,1,returned,0,,4,0.0109890109890109,0.1926422529389045,,0.0001376457512378,0.0010319859720766,,4,0,,0.0,,,,,91,,,,,,,0.0008943402208387,,,,,,,,,,True,configured_work_complete,configured_work,,0.0001376457512378,solver final filtering and index remapping; caller metric conversion excluded,r5-v1,,excluded_precomputed,,True,,,fresh_retrieval,,,,0.0001376457512378,0.0010319859720766,measured_excluding_encoding,"[45, 9, 31, 8, 66]",,Python/Greedy,3.11.15,,,<paper>/revision_campaign_20260914/default/amazon_baselines/baselines.csv,0.1208791208791208
22,NSGA2-2000,1,feasible,complete,1,1,returned,0,,50,0.1868131868131868,0.892291260027344,,0.1732750171795487,0.1741693574003875,,2000,0,,0.0,,,,,91,,,,,,,0.0008943402208387,,,,,,,,,,True,configured_work_complete,configured_work,,0.1732750171795487,solver final filtering and index remapping; caller metric conversion excluded,r5-v1,,excluded_precomputed,,True,,,fresh_retrieval,,,,0.1732750171795487,0.1741693574003875,measured_excluding_encoding,"[45, 9, 31, 8, 66]",,Python/NSGA2-2000,3.11.15,,,<paper>/revision_campaign_20260914/default/amazon_baselines/baselines.csv,0.1208791208791208
22,NSGA2-10000,1,feasible,complete,1,1,returned,0,,79,0.8681318681318682,0.9992296621168432,,0.6983851538971066,0.6992794941179454,,10000,0,,0.0,,,,,91,,,,,,,0.0008943402208387,,,,,,,,,,True,configured_work_complete,configured_work,,0.6983851538971066,solver final filtering and index remapping; caller metric conversion excluded,r5-v1,,excluded_precomputed,,True,,,fresh_retrieval,,,,0.6983851538971066,0.6992794941179454,measured_excluding_encoding,"[45, 9, 31, 8, 66]",,Python/NSGA2-10000,3.11.15,,,<paper>/revision_campaign_20260914/default/amazon_baselines/baselines.csv,0.1208791208791208
23,WS-28,1,feasible,complete,1,1,returned,0,28.0,6,0.1052631578947368,0.5146060564834546,,0.0040467707440257,0.0048413267359137,,28,0,,0.0,,,,,57,,,,,,,0.000794555991888,,,,,,,,,,True,configured_work_complete,configured_weights,,0.0040467707440257,solver final filtering and index remapping; caller metric conversion excluded,r5-v1,,excluded_precomputed,,True,,,fresh_retrieval,,,,0.0040467707440257,0.0048413267359137,measured_excluding_encoding,"[23, 9, 11, 6]",,specialized Python branch and bound,3.11.15,,,<paper>/revision_campaign_20260914/default/amazon_baselines/baselines.csv,0.2456140350877192
23,WS-253,1,feasible,complete,1,1,returned,0,253.0,11,0.1929824561403508,0.7861907441454321,,0.0437953001819551,0.0445898561738431,,253,0,,0.0,,,,,57,,,,,,,0.000794555991888,,,,,,,,,,True,configured_work_complete,configured_weights,,0.0437953001819551,solver final filtering and index remapping; caller metric conversion excluded,r5-v1,,excluded_precomputed,,True,,,fresh_retrieval,,,,0.0437953001819551,0.0445898561738431,measured_excluding_encoding,"[23, 9, 11, 6]",,specialized Python branch and bound,3.11.15,,,<paper>/revision_campaign_20260914/default/amazon_baselines/baselines.csv,0.2456140350877192
23,Greedy,1,feasible,complete,1,1,returned,0,,2,0.0350877192982456,0.3618300416511494,,0.0001031239517033,0.0008976799435913,,4,0,,0.0,,,,,57,,,,,,,0.000794555991888,,,,,,,,,,True,configured_work_complete,configured_work,,0.0001031239517033,solver final filtering and index remapping; caller metric conversion excluded,r5-v1,,excluded_precomputed,,True,,,fresh_retrieval,,,,0.0001031239517033,0.0008976799435913,measured_excluding_encoding,"[23, 9, 11, 6]",,Python/Greedy,3.11.15,,,<paper>/revision_campaign_20260914/default/amazon_baselines/baselines.csv,0.2456140350877192
23,NSGA2-2000,1,feasible,complete,1,1,returned,0,,50,0.8771929824561403,0.9955573099431216,,0.2957051428966224,0.2964996988885104,,2000,0,,0.0,,,,,57,,,,,,,0.000794555991888,,,,,,,,,,True,configured_work_complete,configured_work,,0.2957051428966224,solver final filtering and index remapping; caller metric conversion excluded,r5-v1,,excluded_precomputed,,True,,,fresh_retrieval,,,,0.2957051428966224,0.2964996988885104,measured_excluding_encoding,"[23, 9, 11, 6]",,Python/NSGA2-2000,3.11.15,,,<paper>/revision_campaign_20260914/default/amazon_baselines/baselines.csv,0.2456140350877192
23,NSGA2-10000,1,feasible,complete,1,1,returned,0,,57,1.0,1.0,,1.2882712432183323,1.2890657992102206,,10000,0,,0.0,,,,,57,,,,,,,0.000794555991888,,,,,,,,,,True,configured_work_complete,configured_work,,1.2882712432183323,solver final filtering and index remapping; caller metric conversion excluded,r5-v1,,excluded_precomputed,,True,,,fresh_retrieval,,,,1.2882712432183323,1.2890657992102206,measured_excluding_encoding,"[23, 9, 11, 6]",,Python/NSGA2-10000,3.11.15,,,<paper>/revision_campaign_20260914/default/amazon_baselines/baselines.csv,0.2456140350877192
24,WS-28,1,feasible,complete,1,1,returned,0,28.0,8,0.2222222222222222,0.7014078994312097,,0.0035298727452754,0.004281282890588,,28,0,,0.0,,,,,36,,,,,,,0.0007514101453125,,,,,,,,,,True,configured_work_complete,configured_weights,,0.0035298727452754,solver final filtering and index remapping; caller metric conversion excluded,r5-v1,,excluded_precomputed,,True,,,fresh_retrieval,,,,0.0035298727452754,0.004281282890588,measured_excluding_encoding,"[7, 3, 9, 13]",,specialized Python branch and bound,3.11.15,,,<paper>/revision_campaign_20260914/default/amazon_baselines/baselines.csv,0.3611111111111111
24,WS-253,1,feasible,complete,1,1,returned,0,253.0,13,0.3611111111111111,0.7838732642041653,,0.0400572130456566,0.0408086231909692,,253,0,,0.0,,,,,36,,,,,,,0.0007514101453125,,,,,,,,,,True,configured_work_complete,configured_weights,,0.0400572130456566,solver final filtering and index remapping; caller metric conversion excluded,r5-v1,,excluded_precomputed,,True,,,fresh_retrieval,,,,0.0400572130456566,0.0408086231909692,measured_excluding_encoding,"[7, 3, 9, 13]",,specialized Python branch and bound,3.11.15,,,<paper>/revision_campaign_20260914/default/amazon_baselines/baselines.csv,0.3611111111111111
24,Greedy,1,feasible,complete,1,1,returned,0,,3,0.0277777777777777,0.068636311335129,,8.12280923128128e-05,0.0008326382376253,,4,0,,0.0,,,,,36,,,,,,,0.0007514101453125,,,,,,,,,,True,configured_work_complete,configured_work,,8.12280923128128e-05,solver final filtering and index remapping; caller metric conversion excluded,r5-v1,,excluded_precomputed,,True,,,fresh_retrieval,,,,8.12280923128128e-05,0.0008326382376253,measured_excluding_encoding,"[7, 3, 9, 13]",,Python/Greedy,3.11.15,,,<paper>/revision_campaign_20260914/default/amazon_baselines/baselines.csv,0.3611111111111111
24,NSGA2-2000,1,feasible,complete,1,1,returned,0,,36,1.0,1.0,,0.3964479262940585,0.3971993364393711,,2000,0,,0.0,,,,,36,,,,,,,0.0007514101453125,,,,,,,,,,True,configured_work_complete,configured_work,,0.3964479262940585,solver final filtering and index remapping; caller metric conversion excluded,r5-v1,,excluded_precomputed,,True,,,fresh_retrieval,,,,0.3964479262940585,0.3971993364393711,measured_excluding_encoding,"[7, 3, 9, 13]",,Python/NSGA2-2000,3.11.15,,,<paper>/revision_campaign_20260914/default/amazon_baselines/baselines.csv,0.3611111111111111
24,NSGA2-10000,1,feasible,complete,1,1,returned,0,,36,1.0,1.0,,1.90540226502344,1.906153675168753,,10099,0,,0.0,,,,,36,,,,,,,0.0007514101453125,,,,,,,,,,True,configured_work_complete,configured_work,,1.90540226502344,solver final filtering and index remapping; caller metric conversion excluded,r5-v1,,excluded_precomputed,,True,,,fresh_retrieval,,,,1.90540226502344,1.906153675168753,measured_excluding_encoding,"[7, 3, 9, 13]",,Python/NSGA2-10000,3.11.15,,,<paper>/revision_campaign_20260914/default/amazon_baselines/baselines.csv,0.3611111111111111
25,WS-28,1,feasible,complete,1,1,returned,0,28.0,10,0.05,0.7308360303365938,,0.006109865847975,0.0070058749988675,,28,0,,0.0,,,,,200,,,,,,,0.0008960091508924,,,,,,,,,,True,configured_work_complete,configured_weights,,0.006109865847975,solver final filtering and index remapping; caller metric conversion excluded,r5-v1,,excluded_precomputed,,True,,,fresh_retrieval,,,,0.006109865847975,0.0070058749988675,measured_excluding_encoding,"[3, 3, 8, 77, 23, 60]",,specialized Python branch and bound,3.11.15,,,<paper>/revision_campaign_20260914/default/amazon_baselines/baselines.csv,0.12
25,WS-253,1,feasible,complete,1,1,returned,0,253.0,15,0.075,0.8324120375624797,,0.0705463928170502,0.0714424019679427,,253,0,,0.0,,,,,200,,,,,,,0.0008960091508924,,,,,,,,,,True,configured_work_complete,configured_weights,,0.0705463928170502,solver final filtering and index remapping; caller metric conversion excluded,r5-v1,,excluded_precomputed,,True,,,fresh_retrieval,,,,0.0705463928170502,0.0714424019679427,measured_excluding_encoding,"[3, 3, 8, 77, 23, 60]",,specialized Python branch and bound,3.11.15,,,<paper>/revision_campaign_20260914/default/amazon_baselines/baselines.csv,0.12
25,Greedy,1,feasible,complete,1,1,returned,0,,3,0.005,0.2264152851710263,,0.0001220041885972,0.0010180133394896,,4,0,,0.0,,,,,200,,,,,,,0.0008960091508924,,,,,,,,,,True,configured_work_complete,configured_work,,0.0001220041885972,solver final filtering and index remapping; caller metric conversion excluded,r5-v1,,excluded_precomputed,,True,,,fresh_retrieval,,,,0.0001220041885972,0.0010180133394896,measured_excluding_encoding,"[3, 3, 8, 77, 23, 60]",,Python/Greedy,3.11.15,,,<paper>/revision_campaign_20260914/default/amazon_baselines/baselines.csv,0.12
25,NSGA2-2000,1,feasible,complete,1,1,returned,0,,50,0.145,0.9303435458045825,,0.1551559790968895,0.156051988247782,,2000,0,,0.0,,,,,200,,,,,,,0.0008960091508924,,,,,,,,,,True,configured_work_complete,configured_work,,0.1551559790968895,solver final filtering and index remapping; caller metric conversion excluded,r5-v1,,excluded_precomputed,,True,,,fresh_retrieval,,,,0.1551559790968895,0.156051988247782,measured_excluding_encoding,"[3, 3, 8, 77, 23, 60]",,Python/NSGA2-2000,3.11.15,,,<paper>/revision_campaign_20260914/default/amazon_baselines/baselines.csv,0.12
25,NSGA2-10000,1,feasible,complete,1,1,returned,0,,98,0.365,0.9703969929219908,,0.7170997140929103,0.7179957232438028,,10000,0,,0.0,,,,,200,,,,,,,0.0008960091508924,,,,,,,,,,True,configured_work_complete,configured_work,,0.7170997140929103,solver final filtering and index remapping; caller metric conversion excluded,r5-v1,,excluded_precomputed,,True,,,fresh_retrieval,,,,0.7170997140929103,0.7179957232438028,measured_excluding_encoding,"[3, 3, 8, 77, 23, 60]",,Python/NSGA2-10000,3.11.15,,,<paper>/revision_campaign_20260914/default/amazon_baselines/baselines.csv,0.12
26,WS-28,1,feasible,complete,1,1,returned,0,28.0,8,0.0655737704918032,0.4706691862156227,,0.0141638172790408,0.015284567605704,,28,0,,0.0,,,,,122,,,,,,,0.0011207503266632,,,,,,,,,,True,configured_work_complete,configured_weights,,0.0141638172790408,solver final filtering and index remapping; caller metric conversion excluded,r5-v1,,excluded_precomputed,,True,,,fresh_retrieval,,,,0.0141638172790408,0.015284567605704,measured_excluding_encoding,"[35, 25, 7, 192, 22, 104]",,specialized Python branch and bound,3.11.15,,,<paper>/revision_campaign_20260914/default/amazon_baselines/baselines.csv,0.1311475409836065
26,WS-253,1,feasible,complete,1,1,returned,0,253.0,14,0.1147540983606557,0.6973767698724738,,0.1372912507504224,0.1384120010770857,,253,0,,0.0,,,,,122,,,,,,,0.0011207503266632,,,,,,,,,,True,configured_work_complete,configured_weights,,0.1372912507504224,solver final filtering and index remapping; caller metric conversion excluded,r5-v1,,excluded_precomputed,,True,,,fresh_retrieval,,,,0.1372912507504224,0.1384120010770857,measured_excluding_encoding,"[35, 25, 7, 192, 22, 104]",,specialized Python branch and bound,3.11.15,,,<paper>/revision_campaign_20260914/default/amazon_baselines/baselines.csv,0.1311475409836065
26,Greedy,1,feasible,complete,1,1,returned,0,,3,0.0081967213114754,0.125174743197759,,0.0005648666992783,0.0016856170259416,,4,0,,0.0,,,,,122,,,,,,,0.0011207503266632,,,,,,,,,,True,configured_work_complete,configured_work,,0.0005648666992783,solver final filtering and index remapping; caller metric conversion excluded,r5-v1,,excluded_precomputed,,True,,,fresh_retrieval,,,,0.0005648666992783,0.0016856170259416,measured_excluding_encoding,"[35, 25, 7, 192, 22, 104]",,Python/Greedy,3.11.15,,,<paper>/revision_campaign_20260914/default/amazon_baselines/baselines.csv,0.1311475409836065
26,NSGA2-2000,1,feasible,complete,1,1,returned,0,,33,0.0327868852459016,0.543346531495584,,0.1513188858516514,0.1524396361783146,,2000,0,,0.0,,,,,122,,,,,,,0.0011207503266632,,,,,,,,,,True,configured_work_complete,configured_work,,0.1513188858516514,solver final filtering and index remapping; caller metric conversion excluded,r5-v1,,excluded_precomputed,,True,,,fresh_retrieval,,,,0.1513188858516514,0.1524396361783146,measured_excluding_encoding,"[35, 25, 7, 192, 22, 104]",,Python/NSGA2-2000,3.11.15,,,<paper>/revision_campaign_20260914/default/amazon_baselines/baselines.csv,0.1311475409836065
26,NSGA2-10000,1,feasible,complete,1,1,returned,0,,100,0.5655737704918032,0.9238838283778872,,0.6432399922050536,0.6443607425317168,,10000,0,,0.0,,,,,122,,,,,,,0.0011207503266632,,,,,,,,,,True,configured_work_complete,configured_work,,0.6432399922050536,solver final filtering and index remapping; caller metric conversion excluded,r5-v1,,excluded_precomputed,,True,,,fresh_retrieval,,,,0.6432399922050536,0.6443607425317168,measured_excluding_encoding,"[35, 25, 7, 192, 22, 104]",,Python/NSGA2-10000,3.11.15,,,<paper>/revision_campaign_20260914/default/amazon_baselines/baselines.csv,0.1311475409836065
27,WS-28,1,feasible,complete,1,1,returned,0,28.0,6,0.044776119402985,0.6095653552906204,,0.0115943569689989,0.0128114349208772,,28,0,,0.0,,,,,134,,,,,,,0.0012170779518783,,,,,,,,,,True,configured_work_complete,configured_weights,,0.0115943569689989,solver final filtering and index remapping; caller metric conversion excluded,r5-v1,,excluded_precomputed,,True,,,fresh_retrieval,,,,0.0115943569689989,0.0128114349208772,measured_excluding_encoding,"[4, 341, 23, 40, 119]",,specialized Python branch and bound,3.11.15,,,<paper>/revision_campaign_20260914/default/amazon_baselines/baselines.csv,0.1044776119402985
27,WS-253,1,feasible,complete,1,1,returned,0,253.0,12,0.0895522388059701,0.7345972708182023,,0.1226643552072346,0.1238814331591129,,253,0,,0.0,,,,,134,,,,,,,0.0012170779518783,,,,,,,,,,True,configured_work_complete,configured_weights,,0.1226643552072346,solver final filtering and index remapping; caller metric conversion excluded,r5-v1,,excluded_precomputed,,True,,,fresh_retrieval,,,,0.1226643552072346,0.1238814331591129,measured_excluding_encoding,"[4, 341, 23, 40, 119]",,specialized Python branch and bound,3.11.15,,,<paper>/revision_campaign_20260914/default/amazon_baselines/baselines.csv,0.1044776119402985
27,Greedy,1,feasible,complete,1,1,returned,0,,3,0.0074626865671641,0.0337205172385626,,0.0004413938149809,0.0016584717668592,,4,0,,0.0,,,,,134,,,,,,,0.0012170779518783,,,,,,,,,,True,configured_work_complete,configured_work,,0.0004413938149809,solver final filtering and index remapping; caller metric conversion excluded,r5-v1,,excluded_precomputed,,True,,,fresh_retrieval,,,,0.0004413938149809,0.0016584717668592,measured_excluding_encoding,"[4, 341, 23, 40, 119]",,Python/Greedy,3.11.15,,,<paper>/revision_campaign_20260914/default/amazon_baselines/baselines.csv,0.1044776119402985
27,NSGA2-2000,1,feasible,complete,1,1,returned,0,,49,0.0,0.444107272710088,,0.1564721330069005,0.1576892109587788,,2000,0,,0.0,,,,,134,,,,,,,0.0012170779518783,,,,,,,,,,True,configured_work_complete,configured_work,,0.1564721330069005,solver final filtering and index remapping; caller metric conversion excluded,r5-v1,,excluded_precomputed,,True,,,fresh_retrieval,,,,0.1564721330069005,0.1576892109587788,measured_excluding_encoding,"[4, 341, 23, 40, 119]",,Python/NSGA2-2000,3.11.15,,,<paper>/revision_campaign_20260914/default/amazon_baselines/baselines.csv,0.1044776119402985
27,NSGA2-10000,1,feasible,complete,1,1,returned,0,,89,0.3880597014925373,0.9391546817494106,,0.6521608028560877,0.653377880807966,,10000,0,,0.0,,,,,134,,,,,,,0.0012170779518783,,,,,,,,,,True,configured_work_complete,configured_work,,0.6521608028560877,solver final filtering and index remapping; caller metric conversion excluded,r5-v1,,excluded_precomputed,,True,,,fresh_retrieval,,,,0.6521608028560877,0.653377880807966,measured_excluding_encoding,"[4, 341, 23, 40, 119]",,Python/NSGA2-10000,3.11.15,,,<paper>/revision_campaign_20260914/default/amazon_baselines/baselines.csv,0.1044776119402985
28,WS-28,1,feasible,complete,1,1,returned,0,28.0,10,0.3448275862068966,0.7916879473954224,,0.0052034482359886,0.0060296603478491,,28,0,,0.0,,,,,29,,,,,,,0.0008262121118605,,,,,,,,,,True,configured_work_complete,configured_weights,,0.0052034482359886,solver final filtering and index remapping; caller metric conversion excluded,r5-v1,,excluded_precomputed,,True,,,fresh_retrieval,,,,0.0052034482359886,0.0060296603478491,measured_excluding_encoding,"[4, 9, 37]",,specialized Python branch and bound,3.11.15,,,<paper>/revision_campaign_20260914/default/amazon_baselines/baselines.csv,0.5172413793103449
28,WS-253,1,feasible,complete,1,1,returned,0,253.0,13,0.4482758620689655,0.8989340438738007,,0.0602777791209518,0.0611039912328124,,253,0,,0.0,,,,,29,,,,,,,0.0008262121118605,,,,,,,,,,True,configured_work_complete,configured_weights,,0.0602777791209518,solver final filtering and index remapping; caller metric conversion excluded,r5-v1,,excluded_precomputed,,True,,,fresh_retrieval,,,,0.0602777791209518,0.0611039912328124,measured_excluding_encoding,"[4, 9, 37]",,specialized Python branch and bound,3.11.15,,,<paper>/revision_campaign_20260914/default/amazon_baselines/baselines.csv,0.5172413793103449
28,Greedy,1,feasible,complete,1,1,returned,0,,2,0.0344827586206896,0.1128542220737148,,0.0001713773235678,0.0009975894354283,,4,0,,0.0,,,,,29,,,,,,,0.0008262121118605,,,,,,,,,,True,configured_work_complete,configured_work,,0.0001713773235678,solver final filtering and index remapping; caller metric conversion excluded,r5-v1,,excluded_precomputed,,True,,,fresh_retrieval,,,,0.0001713773235678,0.0009975894354283,measured_excluding_encoding,"[4, 9, 37]",,Python/Greedy,3.11.15,,,<paper>/revision_campaign_20260914/default/amazon_baselines/baselines.csv,0.5172413793103449
28,NSGA2-2000,1,feasible,complete,1,1,returned,0,,29,1.0,1.0,,0.4594554901123047,0.4602817022241652,,2049,0,,0.0,,,,,29,,,,,,,0.0008262121118605,,,,,,,,,,True,configured_work_complete,configured_work,,0.4594554901123047,solver final filtering and index remapping; caller metric conversion excluded,r5-v1,,excluded_precomputed,,True,,,fresh_retrieval,,,,0.4594554901123047,0.4602817022241652,measured_excluding_encoding,"[4, 9, 37]",,Python/NSGA2-2000,3.11.15,,,<paper>/revision_campaign_20260914/default/amazon_baselines/baselines.csv,0.5172413793103449
28,NSGA2-10000,1,feasible,complete,1,1,returned,0,,29,1.0,1.0,,1.5058082598261535,1.506634471938014,,10095,0,,0.0,,,,,29,,,,,,,0.0008262121118605,,,,,,,,,,True,configured_work_complete,configured_work,,1.5058082598261535,solver final filtering and index remapping; caller metric conversion excluded,r5-v1,,excluded_precomputed,,True,,,fresh_retrieval,,,,1.5058082598261535,1.506634471938014,measured_excluding_encoding,"[4, 9, 37]",,Python/NSGA2-10000,3.11.15,,,<paper>/revision_campaign_20260914/default/amazon_baselines/baselines.csv,0.5172413793103449
29,WS-28,1,feasible,complete,1,1,returned,0,28.0,8,0.1568627450980392,0.7602127426901338,,0.0053710602223873,0.0062504964880645,,28,0,,0.0,,,,,51,,,,,,,0.0008794362656772,,,,,,,,,,True,configured_work_complete,configured_weights,,0.0053710602223873,solver final filtering and index remapping; caller metric conversion excluded,r5-v1,,excluded_precomputed,,True,,,fresh_retrieval,,,,0.0053710602223873,0.0062504964880645,measured_excluding_encoding,"[33, 6, 61, 51]",,specialized Python branch and bound,3.11.15,,,<paper>/revision_campaign_20260914/default/amazon_baselines/baselines.csv,0.3529411764705882
29,WS-253,1,feasible,complete,1,1,returned,0,253.0,12,0.2352941176470588,0.893964186219656,,0.0509220398962497,0.0518014761619269,,253,0,,0.0,,,,,51,,,,,,,0.0008794362656772,,,,,,,,,,True,configured_work_complete,configured_weights,,0.0509220398962497,solver final filtering and index remapping; caller metric conversion excluded,r5-v1,,excluded_precomputed,,True,,,fresh_retrieval,,,,0.0509220398962497,0.0518014761619269,measured_excluding_encoding,"[33, 6, 61, 51]",,specialized Python branch and bound,3.11.15,,,<paper>/revision_campaign_20260914/default/amazon_baselines/baselines.csv,0.3529411764705882
29,Greedy,1,feasible,complete,1,1,returned,0,,3,0.0196078431372549,0.1771632209273547,,0.0001763007603585,0.0010557370260357,,4,0,,0.0,,,,,51,,,,,,,0.0008794362656772,,,,,,,,,,True,configured_work_complete,configured_work,,0.0001763007603585,solver final filtering and index remapping; caller metric conversion excluded,r5-v1,,excluded_precomputed,,True,,,fresh_retrieval,,,,0.0001763007603585,0.0010557370260357,measured_excluding_encoding,"[33, 6, 61, 51]",,Python/Greedy,3.11.15,,,<paper>/revision_campaign_20260914/default/amazon_baselines/baselines.csv,0.3529411764705882
29,NSGA2-2000,1,feasible,complete,1,1,returned,0,,41,0.1568627450980392,0.6939600243892076,,0.176728350110352,0.1776077863760292,,2000,0,,0.0,,,,,51,,,,,,,0.0008794362656772,,,,,,,,,,True,configured_work_complete,configured_work,,0.176728350110352,solver final filtering and index remapping; caller metric conversion excluded,r5-v1,,excluded_precomputed,,True,,,fresh_retrieval,,,,0.176728350110352,0.1776077863760292,measured_excluding_encoding,"[33, 6, 61, 51]",,Python/NSGA2-2000,3.11.15,,,<paper>/revision_campaign_20260914/default/amazon_baselines/baselines.csv,0.3529411764705882
29,NSGA2-10000,1,feasible,complete,1,1,returned,0,,50,0.9607843137254902,0.9999761080918892,,0.7092597247101367,0.7101391609758139,,10000,0,,0.0,,,,,51,,,,,,,0.0008794362656772,,,,,,,,,,True,configured_work_complete,configured_work,,0.7092597247101367,solver final filtering and index remapping; caller metric conversion excluded,r5-v1,,excluded_precomputed,,True,,,fresh_retrieval,,,,0.7092597247101367,0.7101391609758139,measured_excluding_encoding,"[33, 6, 61, 51]",,Python/NSGA2-10000,3.11.15,,,<paper>/revision_campaign_20260914/default/amazon_baselines/baselines.csv,0.3529411764705882
30,WS-28,1,feasible,complete,1,1,returned,0,28.0,4,0.25,0.5947573104964679,,0.0025668069720268,0.0033426010049879,,28,0,,0.0,,,,,16,,,,,,,0.0007757940329611,,,,,,,,,,True,configured_work_complete,configured_weights,,0.0025668069720268,solver final filtering and index remapping; caller metric conversion excluded,r5-v1,,excluded_precomputed,,True,,,fresh_retrieval,,,,0.0025668069720268,0.0033426010049879,measured_excluding_encoding,"[12, 33, 8]",,specialized Python branch and bound,3.11.15,,,<paper>/revision_campaign_20260914/default/amazon_baselines/baselines.csv,0.375
30,WS-253,1,feasible,complete,1,1,returned,0,253.0,5,0.3125,0.6708754483003379,,0.0294988038949668,0.0302745979279279,,253,0,,0.0,,,,,16,,,,,,,0.0007757940329611,,,,,,,,,,True,configured_work_complete,configured_weights,,0.0294988038949668,solver final filtering and index remapping; caller metric conversion excluded,r5-v1,,excluded_precomputed,,True,,,fresh_retrieval,,,,0.0294988038949668,0.0302745979279279,measured_excluding_encoding,"[12, 33, 8]",,specialized Python branch and bound,3.11.15,,,<paper>/revision_campaign_20260914/default/amazon_baselines/baselines.csv,0.375
30,Greedy,1,feasible,complete,1,1,returned,0,,2,0.0625,0.1436298023044782,,0.0001375372521579,0.000913331285119,,4,0,,0.0,,,,,16,,,,,,,0.0007757940329611,,,,,,,,,,True,configured_work_complete,configured_work,,0.0001375372521579,solver final filtering and index remapping; caller metric conversion excluded,r5-v1,,excluded_precomputed,,True,,,fresh_retrieval,,,,0.0001375372521579,0.000913331285119,measured_excluding_encoding,"[12, 33, 8]",,Python/Greedy,3.11.15,,,<paper>/revision_campaign_20260914/default/amazon_baselines/baselines.csv,0.375
30,NSGA2-2000,1,feasible,complete,1,1,returned,0,,15,0.9375,0.999975575487831,,0.3083472196012735,0.3091230136342346,,2049,0,,0.0,,,,,16,,,,,,,0.0007757940329611,,,,,,,,,,True,configured_work_complete,configured_work,,0.3083472196012735,solver final filtering and index remapping; caller metric conversion excluded,r5-v1,,excluded_precomputed,,True,,,fresh_retrieval,,,,0.3083472196012735,0.3091230136342346,measured_excluding_encoding,"[12, 33, 8]",,Python/NSGA2-2000,3.11.15,,,<paper>/revision_campaign_20260914/default/amazon_baselines/baselines.csv,0.375
30,NSGA2-10000,1,feasible,complete,1,1,returned,0,,16,1.0,1.0,,1.1730192308314145,1.1737950248643756,,10099,0,,0.0,,,,,16,,,,,,,0.0007757940329611,,,,,,,,,,True,configured_work_complete,configured_work,,1.1730192308314145,solver final filtering and index remapping; caller metric conversion excluded,r5-v1,,excluded_precomputed,,True,,,fresh_retrieval,,,,1.1730192308314145,1.1737950248643756,measured_excluding_encoding,"[12, 33, 8]",,Python/NSGA2-10000,3.11.15,,,<paper>/revision_campaign_20260914/default/amazon_baselines/baselines.csv,0.375
31,WS-28,1,feasible,complete,1,1,returned,0,28.0,9,0.1,0.8759818738618164,,0.0116672068834304,0.0127143538556993,,28,0,,0.0,,,,,90,,,,,,,0.0010471469722688,,,,,,,,,,True,configured_work_complete,configured_weights,,0.0116672068834304,solver final filtering and index remapping; caller metric conversion excluded,r5-v1,,excluded_precomputed,,True,,,fresh_retrieval,,,,0.0116672068834304,0.0127143538556993,measured_excluding_encoding,"[23, 14, 193, 57, 47]",,specialized Python branch and bound,3.11.15,,,<paper>/revision_campaign_20260914/default/amazon_baselines/baselines.csv,0.2777777777777778
31,WS-253,1,feasible,complete,1,1,returned,0,253.0,14,0.1555555555555555,0.915233066037538,,0.1039189957082271,0.1049661426804959,,253,0,,0.0,,,,,90,,,,,,,0.0010471469722688,,,,,,,,,,True,configured_work_complete,configured_weights,,0.1039189957082271,solver final filtering and index remapping; caller metric conversion excluded,r5-v1,,excluded_precomputed,,True,,,fresh_retrieval,,,,0.1039189957082271,0.1049661426804959,measured_excluding_encoding,"[23, 14, 193, 57, 47]",,specialized Python branch and bound,3.11.15,,,<paper>/revision_campaign_20260914/default/amazon_baselines/baselines.csv,0.2777777777777778
31,Greedy,1,feasible,complete,1,1,returned,0,,4,0.0111111111111111,0.4142659049060601,,0.0005409601144492,0.001588107086718,,4,0,,0.0,,,,,90,,,,,,,0.0010471469722688,,,,,,,,,,True,configured_work_complete,configured_work,,0.0005409601144492,solver final filtering and index remapping; caller metric conversion excluded,r5-v1,,excluded_precomputed,,True,,,fresh_retrieval,,,,0.0005409601144492,0.001588107086718,measured_excluding_encoding,"[23, 14, 193, 57, 47]",,Python/Greedy,3.11.15,,,<paper>/revision_campaign_20260914/default/amazon_baselines/baselines.csv,0.2777777777777778
31,NSGA2-2000,1,feasible,complete,1,1,returned,0,,42,0.0555555555555555,0.8575302378633095,,0.148698107805103,0.1497452547773718,,2000,0,,0.0,,,,,90,,,,,,,0.0010471469722688,,,,,,,,,,True,configured_work_complete,configured_work,,0.148698107805103,solver final filtering and index remapping; caller metric conversion excluded,r5-v1,,excluded_precomputed,,True,,,fresh_retrieval,,,,0.148698107805103,0.1497452547773718,measured_excluding_encoding,"[23, 14, 193, 57, 47]",,Python/NSGA2-2000,3.11.15,,,<paper>/revision_campaign_20260914/default/amazon_baselines/baselines.csv,0.2777777777777778
31,NSGA2-10000,1,feasible,complete,1,1,returned,0,,59,0.6,0.9832890093963496,,0.6610097330994904,0.6620568800717592,,10000,0,,0.0,,,,,90,,,,,,,0.0010471469722688,,,,,,,,,,True,configured_work_complete,configured_work,,0.6610097330994904,solver final filtering and index remapping; caller metric conversion excluded,r5-v1,,excluded_precomputed,,True,,,fresh_retrieval,,,,0.6610097330994904,0.6620568800717592,measured_excluding_encoding,"[23, 14, 193, 57, 47]",,Python/NSGA2-10000,3.11.15,,,<paper>/revision_campaign_20260914/default/amazon_baselines/baselines.csv,0.2777777777777778
32,WS-28,1,feasible,complete,1,1,returned,0,28.0,9,0.0161579892280071,0.4913785972571799,,0.0331251840107142,0.0343194939196109,,28,0,,0.0,,,,,557,,,,,,,0.0011943099088966,,,,,,,,,,True,configured_work_complete,configured_weights,,0.0331251840107142,solver final filtering and index remapping; caller metric conversion excluded,r5-v1,,excluded_precomputed,,True,,,fresh_retrieval,,,,0.0331251840107142,0.0343194939196109,measured_excluding_encoding,"[52, 5, 75, 63, 13, 6, 85, 102]",,specialized Python branch and bound,3.11.15,,,<paper>/revision_campaign_20260914/default/amazon_baselines/baselines.csv,0.0754039497307001
32,WS-253,1,feasible,complete,1,1,returned,0,253.0,28,0.0502692998204667,0.7990365821352754,,0.3369034267961979,0.3380977367050946,,253,0,,0.0,,,,,557,,,,,,,0.0011943099088966,,,,,,,,,,True,configured_work_complete,configured_weights,,0.3369034267961979,solver final filtering and index remapping; caller metric conversion excluded,r5-v1,,excluded_precomputed,,True,,,fresh_retrieval,,,,0.3369034267961979,0.3380977367050946,measured_excluding_encoding,"[52, 5, 75, 63, 13, 6, 85, 102]",,specialized Python branch and bound,3.11.15,,,<paper>/revision_campaign_20260914/default/amazon_baselines/baselines.csv,0.0754039497307001
32,Greedy,1,feasible,complete,1,1,returned,0,,2,0.0017953321364452,0.1861479918734295,,0.0005658501759171,0.0017601600848138,,4,0,,0.0,,,,,557,,,,,,,0.0011943099088966,,,,,,,,,,True,configured_work_complete,configured_work,,0.0005658501759171,solver final filtering and index remapping; caller metric conversion excluded,r5-v1,,excluded_precomputed,,True,,,fresh_retrieval,,,,0.0005658501759171,0.0017601600848138,measured_excluding_encoding,"[52, 5, 75, 63, 13, 6, 85, 102]",,Python/Greedy,3.11.15,,,<paper>/revision_campaign_20260914/default/amazon_baselines/baselines.csv,0.0754039497307001
32,NSGA2-2000,1,feasible,complete,1,1,returned,0,,50,0.03770197486535,0.8260502229997979,,0.1464984971098601,0.1476928070187568,,2000,0,,0.0,,,,,557,,,,,,,0.0011943099088966,,,,,,,,,,True,configured_work_complete,configured_work,,0.1464984971098601,solver final filtering and index remapping; caller metric conversion excluded,r5-v1,,excluded_precomputed,,True,,,fresh_retrieval,,,,0.1464984971098601,0.1476928070187568,measured_excluding_encoding,"[52, 5, 75, 63, 13, 6, 85, 102]",,Python/NSGA2-2000,3.11.15,,,<paper>/revision_campaign_20260914/default/amazon_baselines/baselines.csv,0.0754039497307001
32,NSGA2-10000,1,feasible,complete,1,1,returned,0,,100,0.0466786355475763,0.8838732019321738,,0.5828801468014717,0.5840744567103684,,10000,0,,0.0,,,,,557,,,,,,,0.0011943099088966,,,,,,,,,,True,configured_work_complete,configured_work,,0.5828801468014717,solver final filtering and index remapping; caller metric conversion excluded,r5-v1,,excluded_precomputed,,True,,,fresh_retrieval,,,,0.5828801468014717,0.5840744567103684,measured_excluding_encoding,"[52, 5, 75, 63, 13, 6, 85, 102]",,Python/NSGA2-10000,3.11.15,,,<paper>/revision_campaign_20260914/default/amazon_baselines/baselines.csv,0.0754039497307001
33,WS-28,1,feasible,complete,1,1,returned,0,28.0,6,0.2727272727272727,0.9608977121568992,,0.0041260281577706,0.0049870652146637,,28,0,,0.0,,,,,22,,,,,,,0.0008610370568931,,,,,,,,,,True,configured_work_complete,configured_weights,,0.0041260281577706,solver final filtering and index remapping; caller metric conversion excluded,r5-v1,,excluded_precomputed,,True,,,fresh_retrieval,,,,0.0041260281577706,0.0049870652146637,measured_excluding_encoding,"[7, 2, 32, 6]",,specialized Python branch and bound,3.11.15,,,<paper>/revision_campaign_20260914/default/amazon_baselines/baselines.csv,0.3636363636363636
33,WS-253,1,feasible,complete,1,1,returned,0,253.0,7,0.3181818181818182,0.9608991596629676,,0.0474130930379033,0.0482741300947964,,253,0,,0.0,,,,,22,,,,,,,0.0008610370568931,,,,,,,,,,True,configured_work_complete,configured_weights,,0.0474130930379033,solver final filtering and index remapping; caller metric conversion excluded,r5-v1,,excluded_precomputed,,True,,,fresh_retrieval,,,,0.0474130930379033,0.0482741300947964,measured_excluding_encoding,"[7, 2, 32, 6]",,specialized Python branch and bound,3.11.15,,,<paper>/revision_campaign_20260914/default/amazon_baselines/baselines.csv,0.3636363636363636
33,Greedy,1,feasible,complete,1,1,returned,0,,3,0.0454545454545454,0.2379224602584585,,0.0001104618422687,0.0009714988991618,,4,0,,0.0,,,,,22,,,,,,,0.0008610370568931,,,,,,,,,,True,configured_work_complete,configured_work,,0.0001104618422687,solver final filtering and index remapping; caller metric conversion excluded,r5-v1,,excluded_precomputed,,True,,,fresh_retrieval,,,,0.0001104618422687,0.0009714988991618,measured_excluding_encoding,"[7, 2, 32, 6]",,Python/Greedy,3.11.15,,,<paper>/revision_campaign_20260914/default/amazon_baselines/baselines.csv,0.3636363636363636
33,NSGA2-2000,1,feasible,complete,1,1,returned,0,,22,1.0,1.0,,0.3349918560124933,0.3358528930693865,,2049,0,,0.0,,,,,22,,,,,,,0.0008610370568931,,,,,,,,,,True,configured_work_complete,configured_work,,0.3349918560124933,solver final filtering and index remapping; caller metric conversion excluded,r5-v1,,excluded_precomputed,,True,,,fresh_retrieval,,,,0.3349918560124933,0.3358528930693865,measured_excluding_encoding,"[7, 2, 32, 6]",,Python/NSGA2-2000,3.11.15,,,<paper>/revision_campaign_20260914/default/amazon_baselines/baselines.csv,0.3636363636363636
33,NSGA2-10000,1,feasible,complete,1,1,returned,0,,22,1.0,1.0,,1.5346895563416183,1.5355505933985114,,10098,0,,0.0,,,,,22,,,,,,,0.0008610370568931,,,,,,,,,,True,configured_work_complete,configured_work,,1.5346895563416183,solver final filtering and index remapping; caller metric conversion excluded,r5-v1,,excluded_precomputed,,True,,,fresh_retrieval,,,,1.5346895563416183,1.5355505933985114,measured_excluding_encoding,"[7, 2, 32, 6]",,Python/NSGA2-10000,3.11.15,,,<paper>/revision_campaign_20260914/default/amazon_baselines/baselines.csv,0.3636363636363636
34,WS-28,1,feasible,complete,1,1,returned,0,28.0,8,0.1228070175438596,0.5439923501456656,,0.0076310909353196,0.0087790009565651,,28,0,,0.0,,,,,57,,,,,,,0.0011479100212454,,,,,,,,,,True,configured_work_complete,configured_weights,,0.0076310909353196,solver final filtering and index remapping; caller metric conversion excluded,r5-v1,,excluded_precomputed,,True,,,fresh_retrieval,,,,0.0076310909353196,0.0087790009565651,measured_excluding_encoding,"[198, 4, 13, 43, 150]",,specialized Python branch and bound,3.11.15,,,<paper>/revision_campaign_20260914/default/amazon_baselines/baselines.csv,0.2631578947368421
34,WS-253,1,feasible,complete,1,1,returned,0,253.0,11,0.175438596491228,0.8076220567951208,,0.0758583261631429,0.0770062361843884,,253,0,,0.0,,,,,57,,,,,,,0.0011479100212454,,,,,,,,,,True,configured_work_complete,configured_weights,,0.0758583261631429,solver final filtering and index remapping; caller metric conversion excluded,r5-v1,,excluded_precomputed,,True,,,fresh_retrieval,,,,0.0758583261631429,0.0770062361843884,measured_excluding_encoding,"[198, 4, 13, 43, 150]",,specialized Python branch and bound,3.11.15,,,<paper>/revision_campaign_20260914/default/amazon_baselines/baselines.csv,0.2631578947368421
34,Greedy,1,feasible,complete,1,1,returned,0,,3,0.0175438596491228,0.2196281708916012,,0.0005695540457963,0.0017174640670418,,4,0,,0.0,,,,,57,,,,,,,0.0011479100212454,,,,,,,,,,True,configured_work_complete,configured_work,,0.0005695540457963,solver final filtering and index remapping; caller metric conversion excluded,r5-v1,,excluded_precomputed,,True,,,fresh_retrieval,,,,0.0005695540457963,0.0017174640670418,measured_excluding_encoding,"[198, 4, 13, 43, 150]",,Python/Greedy,3.11.15,,,<paper>/revision_campaign_20260914/default/amazon_baselines/baselines.csv,0.2631578947368421
34,NSGA2-2000,1,feasible,complete,1,1,returned,0,,31,0.1929824561403508,0.7778178473564359,,0.1794043737463653,0.1805522837676108,,2000,0,,0.0,,,,,57,,,,,,,0.0011479100212454,,,,,,,,,,True,configured_work_complete,configured_work,,0.1794043737463653,solver final filtering and index remapping; caller metric conversion excluded,r5-v1,,excluded_precomputed,,True,,,fresh_retrieval,,,,0.1794043737463653,0.1805522837676108,measured_excluding_encoding,"[198, 4, 13, 43, 150]",,Python/NSGA2-2000,3.11.15,,,<paper>/revision_campaign_20260914/default/amazon_baselines/baselines.csv,0.2631578947368421
34,NSGA2-10000,1,feasible,complete,1,1,returned,0,,48,0.6666666666666666,0.9804159323328944,,0.7242872207425535,0.725435130763799,,10000,0,,0.0,,,,,57,,,,,,,0.0011479100212454,,,,,,,,,,True,configured_work_complete,configured_work,,0.7242872207425535,solver final filtering and index remapping; caller metric conversion excluded,r5-v1,,excluded_precomputed,,True,,,fresh_retrieval,,,,0.7242872207425535,0.725435130763799,measured_excluding_encoding,"[198, 4, 13, 43, 150]",,Python/NSGA2-10000,3.11.15,,,<paper>/revision_campaign_20260914/default/amazon_baselines/baselines.csv,0.2631578947368421
35,WS-28,1,feasible,complete,1,1,returned,0,28.0,7,0.0411764705882352,0.6759590188788199,,0.0125116324052214,0.013858828227967,,28,0,,0.0,,,,,170,,,,,,,0.0013471958227455,,,,,,,,,,True,configured_work_complete,configured_weights,,0.0125116324052214,solver final filtering and index remapping; caller metric conversion excluded,r5-v1,,excluded_precomputed,,True,,,fresh_retrieval,,,,0.0125116324052214,0.013858828227967,measured_excluding_encoding,"[222, 7, 409, 15]",,specialized Python branch and bound,3.11.15,,,<paper>/revision_campaign_20260914/default/amazon_baselines/baselines.csv,0.2058823529411764
35,WS-253,1,feasible,complete,1,1,returned,0,253.0,8,0.0470588235294117,0.7666877883499985,,0.1270029810257256,0.1283501768484711,,253,0,,0.0,,,,,170,,,,,,,0.0013471958227455,,,,,,,,,,True,configured_work_complete,configured_weights,,0.1270029810257256,solver final filtering and index remapping; caller metric conversion excluded,r5-v1,,excluded_precomputed,,True,,,fresh_retrieval,,,,0.1270029810257256,0.1283501768484711,measured_excluding_encoding,"[222, 7, 409, 15]",,specialized Python branch and bound,3.11.15,,,<paper>/revision_campaign_20260914/default/amazon_baselines/baselines.csv,0.2058823529411764
35,Greedy,1,feasible,complete,1,1,returned,0,,3,0.0058823529411764,0.332111300579664,,0.0005473680794239,0.0018945639021694,,4,0,,0.0,,,,,170,,,,,,,0.0013471958227455,,,,,,,,,,True,configured_work_complete,configured_work,,0.0005473680794239,solver final filtering and index remapping; caller metric conversion excluded,r5-v1,,excluded_precomputed,,True,,,fresh_retrieval,,,,0.0005473680794239,0.0018945639021694,measured_excluding_encoding,"[222, 7, 409, 15]",,Python/Greedy,3.11.15,,,<paper>/revision_campaign_20260914/default/amazon_baselines/baselines.csv,0.2058823529411764
35,NSGA2-2000,1,feasible,complete,1,1,returned,0,,49,0.1705882352941176,0.9364786831481358,,0.1535468702204525,0.1548940660431981,,2000,0,,0.0,,,,,170,,,,,,,0.0013471958227455,,,,,,,,,,True,configured_work_complete,configured_work,,0.1535468702204525,solver final filtering and index remapping; caller metric conversion excluded,r5-v1,,excluded_precomputed,,True,,,fresh_retrieval,,,,0.1535468702204525,0.1548940660431981,measured_excluding_encoding,"[222, 7, 409, 15]",,Python/NSGA2-2000,3.11.15,,,<paper>/revision_campaign_20260914/default/amazon_baselines/baselines.csv,0.2058823529411764
35,NSGA2-10000,1,feasible,complete,1,1,returned,0,,100,0.4294117647058823,0.9612061349519874,,0.6154426392167807,0.6167898350395262,,10000,0,,0.0,,,,,170,,,,,,,0.0013471958227455,,,,,,,,,,True,configured_work_complete,configured_work,,0.6154426392167807,solver final filtering and index remapping; caller metric conversion excluded,r5-v1,,excluded_precomputed,,True,,,fresh_retrieval,,,,0.6154426392167807,0.6167898350395262,measured_excluding_encoding,"[222, 7, 409, 15]",,Python/NSGA2-10000,3.11.15,,,<paper>/revision_campaign_20260914/default/amazon_baselines/baselines.csv,0.2058823529411764
36,WS-28,1,feasible,complete,1,1,returned,0,28.0,10,0.0680272108843537,0.7799173817812931,,0.0097858719527721,0.0107419667765498,,28,0,,0.0,,,,,147,,,,,,,0.0009560948237776,,,,,,,,,,True,configured_work_complete,configured_weights,,0.0097858719527721,solver final filtering and index remapping; caller metric conversion excluded,r5-v1,,excluded_precomputed,,True,,,fresh_retrieval,,,,0.0097858719527721,0.0107419667765498,measured_excluding_encoding,"[17, 24, 16, 24, 6, 107]",,specialized Python branch and bound,3.11.15,,,<paper>/revision_campaign_20260914/default/amazon_baselines/baselines.csv,0.1564625850340136
36,WS-253,1,feasible,complete,1,1,returned,0,253.0,12,0.0816326530612244,0.7999448878319205,,0.1169656380079686,0.1179217328317463,,253,0,,0.0,,,,,147,,,,,,,0.0009560948237776,,,,,,,,,,True,configured_work_complete,configured_weights,,0.1169656380079686,solver final filtering and index remapping; caller metric conversion excluded,r5-v1,,excluded_precomputed,,True,,,fresh_retrieval,,,,0.1169656380079686,0.1179217328317463,measured_excluding_encoding,"[17, 24, 16, 24, 6, 107]",,specialized Python branch and bound,3.11.15,,,<paper>/revision_campaign_20260914/default/amazon_baselines/baselines.csv,0.1564625850340136
36,Greedy,1,feasible,complete,1,1,returned,0,,3,0.0068027210884353,0.1200663854389841,,0.0002113599330186,0.0011674547567963,,4,0,,0.0,,,,,147,,,,,,,0.0009560948237776,,,,,,,,,,True,configured_work_complete,configured_work,,0.0002113599330186,solver final filtering and index remapping; caller metric conversion excluded,r5-v1,,excluded_precomputed,,True,,,fresh_retrieval,,,,0.0002113599330186,0.0011674547567963,measured_excluding_encoding,"[17, 24, 16, 24, 6, 107]",,Python/Greedy,3.11.15,,,<paper>/revision_campaign_20260914/default/amazon_baselines/baselines.csv,0.1564625850340136
36,NSGA2-2000,1,feasible,complete,1,1,returned,0,,48,0.0204081632653061,0.7772304566868216,,0.1587438266724348,0.1596999214962124,,2000,0,,0.0,,,,,147,,,,,,,0.0009560948237776,,,,,,,,,,True,configured_work_complete,configured_work,,0.1587438266724348,solver final filtering and index remapping; caller metric conversion excluded,r5-v1,,excluded_precomputed,,True,,,fresh_retrieval,,,,0.1587438266724348,0.1596999214962124,measured_excluding_encoding,"[17, 24, 16, 24, 6, 107]",,Python/NSGA2-2000,3.11.15,,,<paper>/revision_campaign_20260914/default/amazon_baselines/baselines.csv,0.1564625850340136
36,NSGA2-10000,1,feasible,complete,1,1,returned,0,,87,0.5170068027210885,0.9656756664154964,,0.7419807729311287,0.7429368677549064,,10000,0,,0.0,,,,,147,,,,,,,0.0009560948237776,,,,,,,,,,True,configured_work_complete,configured_work,,0.7419807729311287,solver final filtering and index remapping; caller metric conversion excluded,r5-v1,,excluded_precomputed,,True,,,fresh_retrieval,,,,0.7419807729311287,0.7429368677549064,measured_excluding_encoding,"[17, 24, 16, 24, 6, 107]",,Python/NSGA2-10000,3.11.15,,,<paper>/revision_campaign_20260914/default/amazon_baselines/baselines.csv,0.1564625850340136
37,WS-28,1,feasible,complete,1,1,returned,0,28.0,6,0.1714285714285714,0.8876864921605967,,0.0063967839814722,0.0072448388673365,,28,0,,0.0,,,,,35,,,,,,,0.0008480548858642,,,,,,,,,,True,configured_work_complete,configured_weights,,0.0063967839814722,solver final filtering and index remapping; caller metric conversion excluded,r5-v1,,excluded_precomputed,,True,,,fresh_retrieval,,,,0.0063967839814722,0.0072448388673365,measured_excluding_encoding,"[63, 19, 15, 6, 9]",,specialized Python branch and bound,3.11.15,,,<paper>/revision_campaign_20260914/default/amazon_baselines/baselines.csv,0.2857142857142857
37,WS-253,1,feasible,complete,1,1,returned,0,253.0,8,0.2285714285714285,0.9279839836889796,,0.0585535732097923,0.0594016280956566,,253,0,,0.0,,,,,35,,,,,,,0.0008480548858642,,,,,,,,,,True,configured_work_complete,configured_weights,,0.0585535732097923,solver final filtering and index remapping; caller metric conversion excluded,r5-v1,,excluded_precomputed,,True,,,fresh_retrieval,,,,0.0585535732097923,0.0594016280956566,measured_excluding_encoding,"[63, 19, 15, 6, 9]",,specialized Python branch and bound,3.11.15,,,<paper>/revision_campaign_20260914/default/amazon_baselines/baselines.csv,0.2857142857142857
37,Greedy,1,feasible,complete,1,1,returned,0,,3,0.0285714285714285,0.1351198944356074,,0.0001882840879261,0.0010363389737904,,4,0,,0.0,,,,,35,,,,,,,0.0008480548858642,,,,,,,,,,True,configured_work_complete,configured_work,,0.0001882840879261,solver final filtering and index remapping; caller metric conversion excluded,r5-v1,,excluded_precomputed,,True,,,fresh_retrieval,,,,0.0001882840879261,0.0010363389737904,measured_excluding_encoding,"[63, 19, 15, 6, 9]",,Python/Greedy,3.11.15,,,<paper>/revision_campaign_20260914/default/amazon_baselines/baselines.csv,0.2857142857142857
37,NSGA2-2000,1,feasible,complete,1,1,returned,0,,30,0.8285714285714286,0.9991579804860756,,0.2226623329333961,0.2235103878192603,,2000,0,,0.0,,,,,35,,,,,,,0.0008480548858642,,,,,,,,,,True,configured_work_complete,configured_work,,0.2226623329333961,solver final filtering and index remapping; caller metric conversion excluded,r5-v1,,excluded_precomputed,,True,,,fresh_retrieval,,,,0.2226623329333961,0.2235103878192603,measured_excluding_encoding,"[63, 19, 15, 6, 9]",,Python/NSGA2-2000,3.11.15,,,<paper>/revision_campaign_20260914/default/amazon_baselines/baselines.csv,0.2857142857142857
37,NSGA2-10000,1,feasible,complete,1,1,returned,0,,29,0.8,0.9961785666028103,,0.9891978967934848,0.990045951679349,,10000,0,,0.0,,,,,35,,,,,,,0.0008480548858642,,,,,,,,,,True,configured_work_complete,configured_work,,0.9891978967934848,solver final filtering and index remapping; caller metric conversion excluded,r5-v1,,excluded_precomputed,,True,,,fresh_retrieval,,,,0.9891978967934848,0.990045951679349,measured_excluding_encoding,"[63, 19, 15, 6, 9]",,Python/NSGA2-10000,3.11.15,,,<paper>/revision_campaign_20260914/default/amazon_baselines/baselines.csv,0.2857142857142857
38,WS-28,1,feasible,complete,1,1,returned,0,28.0,11,0.0714285714285714,0.5809290939433885,,0.0078212660737335,0.0088600059971213,,28,0,,0.0,,,,,140,,,,,,,0.0010387399233877,,,,,,,,,,True,configured_work_complete,configured_weights,,0.0078212660737335,solver final filtering and index remapping; caller metric conversion excluded,r5-v1,,excluded_precomputed,,True,,,fresh_retrieval,,,,0.0078212660737335,0.0088600059971213,measured_excluding_encoding,"[221, 23, 48, 3, 60]",,specialized Python branch and bound,3.11.15,,,<paper>/revision_campaign_20260914/default/amazon_baselines/baselines.csv,0.1642857142857142
38,WS-253,1,feasible,complete,1,1,returned,0,253.0,19,0.1357142857142857,0.8512513019492152,,0.0747284828685224,0.0757672227919101,,253,0,,0.0,,,,,140,,,,,,,0.0010387399233877,,,,,,,,,,True,configured_work_complete,configured_weights,,0.0747284828685224,solver final filtering and index remapping; caller metric conversion excluded,r5-v1,,excluded_precomputed,,True,,,fresh_retrieval,,,,0.0747284828685224,0.0757672227919101,measured_excluding_encoding,"[221, 23, 48, 3, 60]",,specialized Python branch and bound,3.11.15,,,<paper>/revision_campaign_20260914/default/amazon_baselines/baselines.csv,0.1642857142857142
38,Greedy,1,feasible,complete,1,1,returned,0,,3,0.0071428571428571,0.1172935866184903,,0.0003995187580585,0.0014382586814463,,4,0,,0.0,,,,,140,,,,,,,0.0010387399233877,,,,,,,,,,True,configured_work_complete,configured_work,,0.0003995187580585,solver final filtering and index remapping; caller metric conversion excluded,r5-v1,,excluded_precomputed,,True,,,fresh_retrieval,,,,0.0003995187580585,0.0014382586814463,measured_excluding_encoding,"[221, 23, 48, 3, 60]",,Python/Greedy,3.11.15,,,<paper>/revision_campaign_20260914/default/amazon_baselines/baselines.csv,0.1642857142857142
38,NSGA2-2000,1,feasible,complete,1,1,returned,0,,48,0.25,0.9177376762137136,,0.165806533768773,0.1668452736921608,,2000,0,,0.0,,,,,140,,,,,,,0.0010387399233877,,,,,,,,,,True,configured_work_complete,configured_work,,0.165806533768773,solver final filtering and index remapping; caller metric conversion excluded,r5-v1,,excluded_precomputed,,True,,,fresh_retrieval,,,,0.165806533768773,0.1668452736921608,measured_excluding_encoding,"[221, 23, 48, 3, 60]",,Python/NSGA2-2000,3.11.15,,,<paper>/revision_campaign_20260914/default/amazon_baselines/baselines.csv,0.1642857142857142
38,NSGA2-10000,1,feasible,complete,1,1,returned,0,,99,0.6785714285714286,0.9923584767184764,,0.648899856954813,0.6499385968782008,,10000,0,,0.0,,,,,140,,,,,,,0.0010387399233877,,,,,,,,,,True,configured_work_complete,configured_work,,0.648899856954813,solver final filtering and index remapping; caller metric conversion excluded,r5-v1,,excluded_precomputed,,True,,,fresh_retrieval,,,,0.648899856954813,0.6499385968782008,measured_excluding_encoding,"[221, 23, 48, 3, 60]",,Python/NSGA2-10000,3.11.15,,,<paper>/revision_campaign_20260914/default/amazon_baselines/baselines.csv,0.1642857142857142
39,WS-28,1,feasible,complete,1,1,returned,0,28.0,17,0.0271132376395534,0.4875767392135479,,0.012564037926495,0.0139761180616915,,28,0,,0.0,,,,,627,,,,,,,0.0014120801351964,,,,,,,,,,True,configured_work_complete,configured_weights,,0.012564037926495,solver final filtering and index remapping; caller metric conversion excluded,r5-v1,,excluded_precomputed,,True,,,fresh_retrieval,,,,0.012564037926495,0.0139761180616915,measured_excluding_encoding,"[3, 5, 57, 51, 351, 168, 43]",,specialized Python branch and bound,3.11.15,,,<paper>/revision_campaign_20260914/default/amazon_baselines/baselines.csv,0.0478468899521531
39,WS-253,1,feasible,complete,1,1,returned,0,253.0,35,0.0558213716108452,0.7796799489532017,,0.1149760857224464,0.1163881658576428,,253,0,,0.0,,,,,627,,,,,,,0.0014120801351964,,,,,,,,,,True,configured_work_complete,configured_weights,,0.1149760857224464,solver final filtering and index remapping; caller metric conversion excluded,r5-v1,,excluded_precomputed,,True,,,fresh_retrieval,,,,0.1149760857224464,0.1163881658576428,measured_excluding_encoding,"[3, 5, 57, 51, 351, 168, 43]",,specialized Python branch and bound,3.11.15,,,<paper>/revision_campaign_20260914/default/amazon_baselines/baselines.csv,0.0478468899521531
39,Greedy,1,feasible,complete,1,1,returned,0,,3,0.0031897926634768,0.2544394328877064,,0.000810582190752,0.0022226623259484,,4,0,,0.0,,,,,627,,,,,,,0.0014120801351964,,,,,,,,,,True,configured_work_complete,configured_work,,0.000810582190752,solver final filtering and index remapping; caller metric conversion excluded,r5-v1,,excluded_precomputed,,True,,,fresh_retrieval,,,,0.000810582190752,0.0022226623259484,measured_excluding_encoding,"[3, 5, 57, 51, 351, 168, 43]",,Python/Greedy,3.11.15,,,<paper>/revision_campaign_20260914/default/amazon_baselines/baselines.csv,0.0478468899521531
39,NSGA2-2000,1,feasible,complete,1,1,returned,0,,45,0.0,0.4700507217807023,,0.1387440422549843,0.1401561223901808,,2000,0,,0.0,,,,,627,,,,,,,0.0014120801351964,,,,,,,,,,True,configured_work_complete,configured_work,,0.1387440422549843,solver final filtering and index remapping; caller metric conversion excluded,r5-v1,,excluded_precomputed,,True,,,fresh_retrieval,,,,0.1387440422549843,0.1401561223901808,measured_excluding_encoding,"[3, 5, 57, 51, 351, 168, 43]",,Python/NSGA2-2000,3.11.15,,,<paper>/revision_campaign_20260914/default/amazon_baselines/baselines.csv,0.0478468899521531
39,NSGA2-10000,1,feasible,complete,1,1,returned,0,,99,0.0223285486443381,0.7273400053176318,,0.5800902950577438,0.5815023751929402,,10000,0,,0.0,,,,,627,,,,,,,0.0014120801351964,,,,,,,,,,True,configured_work_complete,configured_work,,0.5800902950577438,solver final filtering and index remapping; caller metric conversion excluded,r5-v1,,excluded_precomputed,,True,,,fresh_retrieval,,,,0.5800902950577438,0.5815023751929402,measured_excluding_encoding,"[3, 5, 57, 51, 351, 168, 43]",,Python/NSGA2-10000,3.11.15,,,<paper>/revision_campaign_20260914/default/amazon_baselines/baselines.csv,0.0478468899521531
40,WS-28,1,feasible,complete,1,1,returned,0,28.0,5,0.087719298245614,0.6479346528921219,,0.0063511109910905,0.0072703673504292,,28,0,,0.0,,,,,57,,,,,,,0.0009192563593387,,,,,,,,,,True,configured_work_complete,configured_weights,,0.0063511109910905,solver final filtering and index remapping; caller metric conversion excluded,r5-v1,,excluded_precomputed,,True,,,fresh_retrieval,,,,0.0063511109910905,0.0072703673504292,measured_excluding_encoding,"[18, 23, 29, 10, 44]",,specialized Python branch and bound,3.11.15,,,<paper>/revision_campaign_20260914/default/amazon_baselines/baselines.csv,0.2105263157894736
40,WS-253,1,feasible,complete,1,1,returned,0,253.0,8,0.1403508771929824,0.7633133466937295,,0.0670097889378666,0.0679290452972054,,253,0,,0.0,,,,,57,,,,,,,0.0009192563593387,,,,,,,,,,True,configured_work_complete,configured_weights,,0.0670097889378666,solver final filtering and index remapping; caller metric conversion excluded,r5-v1,,excluded_precomputed,,True,,,fresh_retrieval,,,,0.0670097889378666,0.0679290452972054,measured_excluding_encoding,"[18, 23, 29, 10, 44]",,specialized Python branch and bound,3.11.15,,,<paper>/revision_campaign_20260914/default/amazon_baselines/baselines.csv,0.2105263157894736
40,Greedy,1,feasible,complete,1,1,returned,0,,3,0.0175438596491228,0.0812394409401093,,0.0001776837743818,0.0010969401337206,,4,0,,0.0,,,,,57,,,,,,,0.0009192563593387,,,,,,,,,,True,configured_work_complete,configured_work,,0.0001776837743818,solver final filtering and index remapping; caller metric conversion excluded,r5-v1,,excluded_precomputed,,True,,,fresh_retrieval,,,,0.0001776837743818,0.0010969401337206,measured_excluding_encoding,"[18, 23, 29, 10, 44]",,Python/Greedy,3.11.15,,,<paper>/revision_campaign_20260914/default/amazon_baselines/baselines.csv,0.2105263157894736
40,NSGA2-2000,1,feasible,complete,1,1,returned,0,,50,0.0175438596491228,0.5477782563709872,,0.176508018746972,0.1774272751063108,,2000,0,,0.0,,,,,57,,,,,,,0.0009192563593387,,,,,,,,,,True,configured_work_complete,configured_work,,0.176508018746972,solver final filtering and index remapping; caller metric conversion excluded,r5-v1,,excluded_precomputed,,True,,,fresh_retrieval,,,,0.176508018746972,0.1774272751063108,measured_excluding_encoding,"[18, 23, 29, 10, 44]",,Python/NSGA2-2000,3.11.15,,,<paper>/revision_campaign_20260914/default/amazon_baselines/baselines.csv,0.2105263157894736
40,NSGA2-10000,1,feasible,complete,1,1,returned,0,,54,0.9473684210526316,0.9963854163468786,,0.7761653843335807,0.7770846406929195,,10000,0,,0.0,,,,,57,,,,,,,0.0009192563593387,,,,,,,,,,True,configured_work_complete,configured_work,,0.7761653843335807,solver final filtering and index remapping; caller metric conversion excluded,r5-v1,,excluded_precomputed,,True,,,fresh_retrieval,,,,0.7761653843335807,0.7770846406929195,measured_excluding_encoding,"[18, 23, 29, 10, 44]",,Python/NSGA2-10000,3.11.15,,,<paper>/revision_campaign_20260914/default/amazon_baselines/baselines.csv,0.2105263157894736
41,WS-28,1,feasible,complete,1,1,returned,0,28.0,6,0.072289156626506,0.659258080619103,,0.004527801182121,0.0053755152039229,,28,0,,0.0,,,,,83,,,,,,,0.0008477140218019,,,,,,,,,,True,configured_work_complete,configured_weights,,0.004527801182121,solver final filtering and index remapping; caller metric conversion excluded,r5-v1,,excluded_precomputed,,True,,,fresh_retrieval,,,,0.004527801182121,0.0053755152039229,measured_excluding_encoding,"[24, 19, 1, 50, 34]",,specialized Python branch and bound,3.11.15,,,<paper>/revision_campaign_20260914/default/amazon_baselines/baselines.csv,0.1686746987951807
41,WS-253,1,feasible,complete,1,1,returned,0,253.0,11,0.1325301204819277,0.7861400681676557,,0.0502568180672824,0.0511045320890843,,253,0,,0.0,,,,,83,,,,,,,0.0008477140218019,,,,,,,,,,True,configured_work_complete,configured_weights,,0.0502568180672824,solver final filtering and index remapping; caller metric conversion excluded,r5-v1,,excluded_precomputed,,True,,,fresh_retrieval,,,,0.0502568180672824,0.0511045320890843,measured_excluding_encoding,"[24, 19, 1, 50, 34]",,specialized Python branch and bound,3.11.15,,,<paper>/revision_campaign_20260914/default/amazon_baselines/baselines.csv,0.1686746987951807
41,Greedy,1,feasible,complete,1,1,returned,0,,3,0.0120481927710843,0.2879464421041254,,0.0001210742630064,0.0009687882848083,,4,0,,0.0,,,,,83,,,,,,,0.0008477140218019,,,,,,,,,,True,configured_work_complete,configured_work,,0.0001210742630064,solver final filtering and index remapping; caller metric conversion excluded,r5-v1,,excluded_precomputed,,True,,,fresh_retrieval,,,,0.0001210742630064,0.0009687882848083,measured_excluding_encoding,"[24, 19, 1, 50, 34]",,Python/Greedy,3.11.15,,,<paper>/revision_campaign_20260914/default/amazon_baselines/baselines.csv,0.1686746987951807
41,NSGA2-2000,1,feasible,complete,1,1,returned,0,,49,0.4578313253012048,0.9634663366479048,,0.1900926879607141,0.190940401982516,,2000,0,,0.0,,,,,83,,,,,,,0.0008477140218019,,,,,,,,,,True,configured_work_complete,configured_work,,0.1900926879607141,solver final filtering and index remapping; caller metric conversion excluded,r5-v1,,excluded_precomputed,,True,,,fresh_retrieval,,,,0.1900926879607141,0.190940401982516,measured_excluding_encoding,"[24, 19, 1, 50, 34]",,Python/NSGA2-2000,3.11.15,,,<paper>/revision_campaign_20260914/default/amazon_baselines/baselines.csv,0.1686746987951807
41,NSGA2-10000,1,feasible,complete,1,1,returned,0,,80,0.963855421686747,0.9997313154044144,,0.7745635672472417,0.7754112812690437,,10000,0,,0.0,,,,,83,,,,,,,0.0008477140218019,,,,,,,,,,True,configured_work_complete,configured_work,,0.7745635672472417,solver final filtering and index remapping; caller metric conversion excluded,r5-v1,,excluded_precomputed,,True,,,fresh_retrieval,,,,0.7745635672472417,0.7754112812690437,measured_excluding_encoding,"[24, 19, 1, 50, 34]",,Python/NSGA2-10000,3.11.15,,,<paper>/revision_campaign_20260914/default/amazon_baselines/baselines.csv,0.1686746987951807
42,WS-28,1,feasible,complete,1,1,returned,0,28.0,9,0.391304347826087,0.6467434211623045,,0.0038660978898406,0.0047170398756861,,28,0,,0.0,,,,,23,,,,,,,0.0008509419858455,,,,,,,,,,True,configured_work_complete,configured_weights,,0.0038660978898406,solver final filtering and index remapping; caller metric conversion excluded,r5-v1,,excluded_precomputed,,True,,,fresh_retrieval,,,,0.0038660978898406,0.0047170398756861,measured_excluding_encoding,"[70, 65, 17]",,specialized Python branch and bound,3.11.15,,,<paper>/revision_campaign_20260914/default/amazon_baselines/baselines.csv,0.4347826086956521
42,WS-253,1,feasible,complete,1,1,returned,0,253.0,9,0.391304347826087,0.6467434211623045,,0.0416514351963996,0.0425023771822452,,253,0,,0.0,,,,,23,,,,,,,0.0008509419858455,,,,,,,,,,True,configured_work_complete,configured_weights,,0.0416514351963996,solver final filtering and index remapping; caller metric conversion excluded,r5-v1,,excluded_precomputed,,True,,,fresh_retrieval,,,,0.0416514351963996,0.0425023771822452,measured_excluding_encoding,"[70, 65, 17]",,specialized Python branch and bound,3.11.15,,,<paper>/revision_campaign_20260914/default/amazon_baselines/baselines.csv,0.4347826086956521
42,Greedy,1,feasible,complete,1,1,returned,0,,3,0.0869565217391304,0.2943055726585164,,0.0001543778926134,0.0010053198784589,,4,0,,0.0,,,,,23,,,,,,,0.0008509419858455,,,,,,,,,,True,configured_work_complete,configured_work,,0.0001543778926134,solver final filtering and index remapping; caller metric conversion excluded,r5-v1,,excluded_precomputed,,True,,,fresh_retrieval,,,,0.0001543778926134,0.0010053198784589,measured_excluding_encoding,"[70, 65, 17]",,Python/Greedy,3.11.15,,,<paper>/revision_campaign_20260914/default/amazon_baselines/baselines.csv,0.4347826086956521
42,NSGA2-2000,1,feasible,complete,1,1,returned,0,,28,0.2608695652173913,0.5878108168829639,,0.1742582330480218,0.1751091750338673,,2000,0,,0.0,,,,,23,,,,,,,0.0008509419858455,,,,,,,,,,True,configured_work_complete,configured_work,,0.1742582330480218,solver final filtering and index remapping; caller metric conversion excluded,r5-v1,,excluded_precomputed,,True,,,fresh_retrieval,,,,0.1742582330480218,0.1751091750338673,measured_excluding_encoding,"[70, 65, 17]",,Python/NSGA2-2000,3.11.15,,,<paper>/revision_campaign_20260914/default/amazon_baselines/baselines.csv,0.4347826086956521
42,NSGA2-10000,1,feasible,complete,1,1,returned,0,,23,1.0,1.0,,0.7185934786684811,0.7194444206543267,,10000,0,,0.0,,,,,23,,,,,,,0.0008509419858455,,,,,,,,,,True,configured_work_complete,configured_work,,0.7185934786684811,solver final filtering and index remapping; caller metric conversion excluded,r5-v1,,excluded_precomputed,,True,,,fresh_retrieval,,,,0.7185934786684811,0.7194444206543267,measured_excluding_encoding,"[70, 65, 17]",,Python/NSGA2-10000,3.11.15,,,<paper>/revision_campaign_20260914/default/amazon_baselines/baselines.csv,0.4347826086956521
43,WS-28,1,feasible,complete,1,1,returned,0,28.0,8,0.1904761904761904,0.8533919865119611,,0.0057834293693304,0.0066724894568324,,28,0,,0.0,,,,,42,,,,,,,0.000889060087502,,,,,,,,,,True,configured_work_complete,configured_weights,,0.0057834293693304,solver final filtering and index remapping; caller metric conversion excluded,r5-v1,,excluded_precomputed,,True,,,fresh_retrieval,,,,0.0057834293693304,0.0066724894568324,measured_excluding_encoding,"[2, 7, 23, 66, 7, 67]",,specialized Python branch and bound,3.11.15,,,<paper>/revision_campaign_20260914/default/amazon_baselines/baselines.csv,0.3809523809523809
43,WS-253,1,feasible,complete,1,1,returned,0,253.0,10,0.238095238095238,0.86089950650318,,0.0645753657445311,0.0654644258320331,,253,0,,0.0,,,,,42,,,,,,,0.000889060087502,,,,,,,,,,True,configured_work_complete,configured_weights,,0.0645753657445311,solver final filtering and index remapping; caller metric conversion excluded,r5-v1,,excluded_precomputed,,True,,,fresh_retrieval,,,,0.0645753657445311,0.0654644258320331,measured_excluding_encoding,"[2, 7, 23, 66, 7, 67]",,specialized Python branch and bound,3.11.15,,,<paper>/revision_campaign_20260914/default/amazon_baselines/baselines.csv,0.3809523809523809
43,Greedy,1,feasible,complete,1,1,returned,0,,2,0.0238095238095238,0.2915267911053819,,0.0001775049604475,0.0010665650479495,,4,0,,0.0,,,,,42,,,,,,,0.000889060087502,,,,,,,,,,True,configured_work_complete,configured_work,,0.0001775049604475,solver final filtering and index remapping; caller metric conversion excluded,r5-v1,,excluded_precomputed,,True,,,fresh_retrieval,,,,0.0001775049604475,0.0010665650479495,measured_excluding_encoding,"[2, 7, 23, 66, 7, 67]",,Python/Greedy,3.11.15,,,<paper>/revision_campaign_20260914/default/amazon_baselines/baselines.csv,0.3809523809523809
43,NSGA2-2000,1,feasible,complete,1,1,returned,0,,31,0.2142857142857142,0.8017768660939006,,0.1982216448523104,0.1991107049398124,,2000,0,,0.0,,,,,42,,,,,,,0.000889060087502,,,,,,,,,,True,configured_work_complete,configured_work,,0.1982216448523104,solver final filtering and index remapping; caller metric conversion excluded,r5-v1,,excluded_precomputed,,True,,,fresh_retrieval,,,,0.1982216448523104,0.1991107049398124,measured_excluding_encoding,"[2, 7, 23, 66, 7, 67]",,Python/NSGA2-2000,3.11.15,,,<paper>/revision_campaign_20260914/default/amazon_baselines/baselines.csv,0.3809523809523809
43,NSGA2-10000,1,feasible,complete,1,1,returned,0,,36,0.7857142857142857,0.9855763947174176,,0.8236152469180524,0.8245043070055544,,10000,0,,0.0,,,,,42,,,,,,,0.000889060087502,,,,,,,,,,True,configured_work_complete,configured_work,,0.8236152469180524,solver final filtering and index remapping; caller metric conversion excluded,r5-v1,,excluded_precomputed,,True,,,fresh_retrieval,,,,0.8236152469180524,0.8245043070055544,measured_excluding_encoding,"[2, 7, 23, 66, 7, 67]",,Python/NSGA2-10000,3.11.15,,,<paper>/revision_campaign_20260914/default/amazon_baselines/baselines.csv,0.3809523809523809
44,WS-28,1,feasible,complete,1,1,returned,0,28.0,7,0.2692307692307692,0.7262226541733047,,0.0038760430179536,0.0047239828854799,,28,0,,0.0,,,,,26,,,,,,,0.0008479398675262,,,,,,,,,,True,configured_work_complete,configured_weights,,0.0038760430179536,solver final filtering and index remapping; caller metric conversion excluded,r5-v1,,excluded_precomputed,,True,,,fresh_retrieval,,,,0.0038760430179536,0.0047239828854799,measured_excluding_encoding,"[29, 2, 7, 11, 22, 21]",,specialized Python branch and bound,3.11.15,,,<paper>/revision_campaign_20260914/default/amazon_baselines/baselines.csv,0.3076923076923077
44,WS-253,1,feasible,complete,1,1,returned,0,253.0,7,0.2692307692307692,0.7262226541733047,,0.0374018871225416,0.0382498269900679,,253,0,,0.0,,,,,26,,,,,,,0.0008479398675262,,,,,,,,,,True,configured_work_complete,configured_weights,,0.0374018871225416,solver final filtering and index remapping; caller metric conversion excluded,r5-v1,,excluded_precomputed,,True,,,fresh_retrieval,,,,0.0374018871225416,0.0382498269900679,measured_excluding_encoding,"[29, 2, 7, 11, 22, 21]",,specialized Python branch and bound,3.11.15,,,<paper>/revision_campaign_20260914/default/amazon_baselines/baselines.csv,0.3076923076923077
44,Greedy,1,feasible,complete,1,1,returned,0,,3,0.0769230769230769,0.1480147113218139,,0.0001629912294447,0.001010931096971,,4,0,,0.0,,,,,26,,,,,,,0.0008479398675262,,,,,,,,,,True,configured_work_complete,configured_work,,0.0001629912294447,solver final filtering and index remapping; caller metric conversion excluded,r5-v1,,excluded_precomputed,,True,,,fresh_retrieval,,,,0.0001629912294447,0.001010931096971,measured_excluding_encoding,"[29, 2, 7, 11, 22, 21]",,Python/Greedy,3.11.15,,,<paper>/revision_campaign_20260914/default/amazon_baselines/baselines.csv,0.3076923076923077
44,NSGA2-2000,1,feasible,complete,1,1,returned,0,,23,0.7307692307692307,0.9979014804402804,,0.2432051408104598,0.2440530806779861,,2000,0,,0.0,,,,,26,,,,,,,0.0008479398675262,,,,,,,,,,True,configured_work_complete,configured_work,,0.2432051408104598,solver final filtering and index remapping; caller metric conversion excluded,r5-v1,,excluded_precomputed,,True,,,fresh_retrieval,,,,0.2432051408104598,0.2440530806779861,measured_excluding_encoding,"[29, 2, 7, 11, 22, 21]",,Python/NSGA2-2000,3.11.15,,,<paper>/revision_campaign_20260914/default/amazon_baselines/baselines.csv,0.3076923076923077
44,NSGA2-10000,1,feasible,complete,1,1,returned,0,,26,1.0,1.0,,1.1619807332754135,1.1628286731429398,,10000,0,,0.0,,,,,26,,,,,,,0.0008479398675262,,,,,,,,,,True,configured_work_complete,configured_work,,1.1619807332754135,solver final filtering and index remapping; caller metric conversion excluded,r5-v1,,excluded_precomputed,,True,,,fresh_retrieval,,,,1.1619807332754135,1.1628286731429398,measured_excluding_encoding,"[29, 2, 7, 11, 22, 21]",,Python/NSGA2-10000,3.11.15,,,<paper>/revision_campaign_20260914/default/amazon_baselines/baselines.csv,0.3076923076923077
45,WS-28,1,feasible,complete,1,1,returned,0,28.0,11,0.1833333333333333,0.9321166125254612,,0.0071267639286816,0.0081240460276603,,28,0,,0.0,,,,,60,,,,,,,0.0009972820989787,,,,,,,,,,True,configured_work_complete,configured_weights,,0.0071267639286816,solver final filtering and index remapping; caller metric conversion excluded,r5-v1,,excluded_precomputed,,True,,,fresh_retrieval,,,,0.0071267639286816,0.0081240460276603,measured_excluding_encoding,"[5, 3, 236, 20, 34]",,specialized Python branch and bound,3.11.15,,,<paper>/revision_campaign_20260914/default/amazon_baselines/baselines.csv,0.3166666666666666
45,WS-253,1,feasible,complete,1,1,returned,0,253.0,15,0.25,0.9416274349813796,,0.073964909184724,0.0749621912837028,,253,0,,0.0,,,,,60,,,,,,,0.0009972820989787,,,,,,,,,,True,configured_work_complete,configured_weights,,0.073964909184724,solver final filtering and index remapping; caller metric conversion excluded,r5-v1,,excluded_precomputed,,True,,,fresh_retrieval,,,,0.073964909184724,0.0749621912837028,measured_excluding_encoding,"[5, 3, 236, 20, 34]",,specialized Python branch and bound,3.11.15,,,<paper>/revision_campaign_20260914/default/amazon_baselines/baselines.csv,0.3166666666666666
45,Greedy,1,feasible,complete,1,1,returned,0,,3,0.0166666666666666,0.0682233492195795,,0.0002457341179251,0.0012430162169039,,4,0,,0.0,,,,,60,,,,,,,0.0009972820989787,,,,,,,,,,True,configured_work_complete,configured_work,,0.0002457341179251,solver final filtering and index remapping; caller metric conversion excluded,r5-v1,,excluded_precomputed,,True,,,fresh_retrieval,,,,0.0002457341179251,0.0012430162169039,measured_excluding_encoding,"[5, 3, 236, 20, 34]",,Python/Greedy,3.11.15,,,<paper>/revision_campaign_20260914/default/amazon_baselines/baselines.csv,0.3166666666666666
45,NSGA2-2000,1,feasible,complete,1,1,returned,0,,29,0.3666666666666666,0.9742226415962112,,0.1816156320273876,0.1826129141263663,,2000,0,,0.0,,,,,60,,,,,,,0.0009972820989787,,,,,,,,,,True,configured_work_complete,configured_work,,0.1816156320273876,solver final filtering and index remapping; caller metric conversion excluded,r5-v1,,excluded_precomputed,,True,,,fresh_retrieval,,,,0.1816156320273876,0.1826129141263663,measured_excluding_encoding,"[5, 3, 236, 20, 34]",,Python/NSGA2-2000,3.11.15,,,<paper>/revision_campaign_20260914/default/amazon_baselines/baselines.csv,0.3166666666666666
45,NSGA2-10000,1,feasible,complete,1,1,returned,0,,58,0.9666666666666668,0.9990277600339452,,0.7400809279642999,0.7410782100632787,,10000,0,,0.0,,,,,60,,,,,,,0.0009972820989787,,,,,,,,,,True,configured_work_complete,configured_work,,0.7400809279642999,solver final filtering and index remapping; caller metric conversion excluded,r5-v1,,excluded_precomputed,,True,,,fresh_retrieval,,,,0.7400809279642999,0.7410782100632787,measured_excluding_encoding,"[5, 3, 236, 20, 34]",,Python/NSGA2-10000,3.11.15,,,<paper>/revision_campaign_20260914/default/amazon_baselines/baselines.csv,0.3166666666666666
46,WS-28,1,feasible,complete,1,1,returned,0,28.0,6,0.5454545454545454,0.9624319681462264,,0.0029481169767677,0.0037522139027714,,28,0,,0.0,,,,,11,,,,,,,0.0008040969260036,,,,,,,,,,True,configured_work_complete,configured_weights,,0.0029481169767677,solver final filtering and index remapping; caller metric conversion excluded,r5-v1,,excluded_precomputed,,True,,,fresh_retrieval,,,,0.0029481169767677,0.0037522139027714,measured_excluding_encoding,"[2, 18, 22, 11]",,specialized Python branch and bound,3.11.15,,,<paper>/revision_campaign_20260914/default/amazon_baselines/baselines.csv,0.8181818181818182
46,WS-253,1,feasible,complete,1,1,returned,0,253.0,7,0.6363636363636364,0.9703696588741604,,0.0311678582802414,0.0319719552062451,,253,0,,0.0,,,,,11,,,,,,,0.0008040969260036,,,,,,,,,,True,configured_work_complete,configured_weights,,0.0311678582802414,solver final filtering and index remapping; caller metric conversion excluded,r5-v1,,excluded_precomputed,,True,,,fresh_retrieval,,,,0.0311678582802414,0.0319719552062451,measured_excluding_encoding,"[2, 18, 22, 11]",,specialized Python branch and bound,3.11.15,,,<paper>/revision_campaign_20260914/default/amazon_baselines/baselines.csv,0.8181818181818182
46,Greedy,1,feasible,complete,1,1,returned,0,,3,0.0909090909090909,3.331612147545408e-08,,7.026595994830132e-05,0.0008743628859519,,4,0,,0.0,,,,,11,,,,,,,0.0008040969260036,,,,,,,,,,True,configured_work_complete,configured_work,,7.026595994830132e-05,solver final filtering and index remapping; caller metric conversion excluded,r5-v1,,excluded_precomputed,,True,,,fresh_retrieval,,,,7.026595994830132e-05,0.0008743628859519,measured_excluding_encoding,"[2, 18, 22, 11]",,Python/Greedy,3.11.15,,,<paper>/revision_campaign_20260914/default/amazon_baselines/baselines.csv,0.8181818181818182
46,NSGA2-2000,1,feasible,complete,1,1,returned,0,,9,0.8181818181818182,0.9999294939005136,,0.2766891308128834,0.277493227738887,,2000,0,,0.0,,,,,11,,,,,,,0.0008040969260036,,,,,,,,,,True,configured_work_complete,configured_work,,0.2766891308128834,solver final filtering and index remapping; caller metric conversion excluded,r5-v1,,excluded_precomputed,,True,,,fresh_retrieval,,,,0.2766891308128834,0.277493227738887,measured_excluding_encoding,"[2, 18, 22, 11]",,Python/NSGA2-2000,3.11.15,,,<paper>/revision_campaign_20260914/default/amazon_baselines/baselines.csv,0.8181818181818182
46,NSGA2-10000,1,feasible,complete,1,1,returned,0,,11,1.0,1.0,,1.136004211846739,1.1368083087727427,,10099,0,,0.0,,,,,11,,,,,,,0.0008040969260036,,,,,,,,,,True,configured_work_complete,configured_work,,1.136004211846739,solver final filtering and index remapping; caller metric conversion excluded,r5-v1,,excluded_precomputed,,True,,,fresh_retrieval,,,,1.136004211846739,1.1368083087727427,measured_excluding_encoding,"[2, 18, 22, 11]",,Python/NSGA2-10000,3.11.15,,,<paper>/revision_campaign_20260914/default/amazon_baselines/baselines.csv,0.8181818181818182
47,WS-28,1,feasible,complete,1,1,returned,0,28.0,7,0.4117647058823529,0.9731216215547884,,0.0032137120142579,0.0040133860893547,,28,0,,0.0,,,,,17,,,,,,,0.0007996740750968,,,,,,,,,,True,configured_work_complete,configured_weights,,0.0032137120142579,solver final filtering and index remapping; caller metric conversion excluded,r5-v1,,excluded_precomputed,,True,,,fresh_retrieval,,,,0.0032137120142579,0.0040133860893547,measured_excluding_encoding,"[37, 10, 24, 11]",,specialized Python branch and bound,3.11.15,,,<paper>/revision_campaign_20260914/default/amazon_baselines/baselines.csv,0.5882352941176471
47,WS-253,1,feasible,complete,1,1,returned,0,253.0,9,0.5294117647058824,0.9877380773988496,,0.0339911067858338,0.0347907808609306,,253,0,,0.0,,,,,17,,,,,,,0.0007996740750968,,,,,,,,,,True,configured_work_complete,configured_weights,,0.0339911067858338,solver final filtering and index remapping; caller metric conversion excluded,r5-v1,,excluded_precomputed,,True,,,fresh_retrieval,,,,0.0339911067858338,0.0347907808609306,measured_excluding_encoding,"[37, 10, 24, 11]",,specialized Python branch and bound,3.11.15,,,<paper>/revision_campaign_20260914/default/amazon_baselines/baselines.csv,0.5882352941176471
47,Greedy,1,feasible,complete,1,1,returned,0,,3,0.1764705882352941,0.8796770993527215,,0.000119493342936,0.0009191674180328,,4,0,,0.0,,,,,17,,,,,,,0.0007996740750968,,,,,,,,,,True,configured_work_complete,configured_work,,0.000119493342936,solver final filtering and index remapping; caller metric conversion excluded,r5-v1,,excluded_precomputed,,True,,,fresh_retrieval,,,,0.000119493342936,0.0009191674180328,measured_excluding_encoding,"[37, 10, 24, 11]",,Python/Greedy,3.11.15,,,<paper>/revision_campaign_20260914/default/amazon_baselines/baselines.csv,0.5882352941176471
47,NSGA2-2000,1,feasible,complete,1,1,returned,0,,17,0.4705882352941176,0.973512784567269,,0.2324399328790605,0.2332396069541573,,2000,0,,0.0,,,,,17,,,,,,,0.0007996740750968,,,,,,,,,,True,configured_work_complete,configured_work,,0.2324399328790605,solver final filtering and index remapping; caller metric conversion excluded,r5-v1,,excluded_precomputed,,True,,,fresh_retrieval,,,,0.2324399328790605,0.2332396069541573,measured_excluding_encoding,"[37, 10, 24, 11]",,Python/NSGA2-2000,3.11.15,,,<paper>/revision_campaign_20260914/default/amazon_baselines/baselines.csv,0.5882352941176471
47,NSGA2-10000,1,feasible,complete,1,1,returned,0,,17,1.0,1.0,,0.8949235789477825,0.8957232530228794,,10000,0,,0.0,,,,,17,,,,,,,0.0007996740750968,,,,,,,,,,True,configured_work_complete,configured_work,,0.8949235789477825,solver final filtering and index remapping; caller metric conversion excluded,r5-v1,,excluded_precomputed,,True,,,fresh_retrieval,,,,0.8949235789477825,0.8957232530228794,measured_excluding_encoding,"[37, 10, 24, 11]",,Python/NSGA2-10000,3.11.15,,,<paper>/revision_campaign_20260914/default/amazon_baselines/baselines.csv,0.5882352941176471
48,WS-28,1,feasible,complete,1,1,returned,0,28.0,9,0.1022727272727272,0.4791647836873925,,0.0114455609582364,0.012913575861603,,28,0,,0.0,,,,,88,,,,,,,0.0014680149033665,,,,,,,,,,True,configured_work_complete,configured_weights,,0.0114455609582364,solver final filtering and index remapping; caller metric conversion excluded,r5-v1,,excluded_precomputed,,True,,,fresh_retrieval,,,,0.0114455609582364,0.012913575861603,measured_excluding_encoding,"[2, 478, 6, 340]",,specialized Python branch and bound,3.11.15,,,<paper>/revision_campaign_20260914/default/amazon_baselines/baselines.csv,0.1477272727272727
48,WS-253,1,feasible,complete,1,1,returned,0,253.0,15,0.1704545454545454,0.8185113989468796,,0.1083470960147678,0.1098151109181344,,253,0,,0.0,,,,,88,,,,,,,0.0014680149033665,,,,,,,,,,True,configured_work_complete,configured_weights,,0.1083470960147678,solver final filtering and index remapping; caller metric conversion excluded,r5-v1,,excluded_precomputed,,True,,,fresh_retrieval,,,,0.1083470960147678,0.1098151109181344,measured_excluding_encoding,"[2, 478, 6, 340]",,specialized Python branch and bound,3.11.15,,,<paper>/revision_campaign_20260914/default/amazon_baselines/baselines.csv,0.1477272727272727
48,Greedy,1,feasible,complete,1,1,returned,0,,2,0.0227272727272727,0.1911611100312177,,0.0007456270977854,0.002213642001152,,4,0,,0.0,,,,,88,,,,,,,0.0014680149033665,,,,,,,,,,True,configured_work_complete,configured_work,,0.0007456270977854,solver final filtering and index remapping; caller metric conversion excluded,r5-v1,,excluded_precomputed,,True,,,fresh_retrieval,,,,0.0007456270977854,0.002213642001152,measured_excluding_encoding,"[2, 478, 6, 340]",,Python/Greedy,3.11.15,,,<paper>/revision_campaign_20260914/default/amazon_baselines/baselines.csv,0.1477272727272727
48,NSGA2-2000,1,feasible,complete,1,1,returned,0,,49,0.1590909090909091,0.8823677597273815,,0.1602000338025391,0.1616680487059056,,2000,0,,0.0,,,,,88,,,,,,,0.0014680149033665,,,,,,,,,,True,configured_work_complete,configured_work,,0.1602000338025391,solver final filtering and index remapping; caller metric conversion excluded,r5-v1,,excluded_precomputed,,True,,,fresh_retrieval,,,,0.1602000338025391,0.1616680487059056,measured_excluding_encoding,"[2, 478, 6, 340]",,Python/NSGA2-2000,3.11.15,,,<paper>/revision_campaign_20260914/default/amazon_baselines/baselines.csv,0.1477272727272727
48,NSGA2-10000,1,feasible,complete,1,1,returned,0,,74,0.8068181818181818,0.996519984081013,,0.653088198043406,0.6545562129467726,,10000,0,,0.0,,,,,88,,,,,,,0.0014680149033665,,,,,,,,,,True,configured_work_complete,configured_work,,0.653088198043406,solver final filtering and index remapping; caller metric conversion excluded,r5-v1,,excluded_precomputed,,True,,,fresh_retrieval,,,,0.653088198043406,0.6545562129467726,measured_excluding_encoding,"[2, 478, 6, 340]",,Python/NSGA2-10000,3.11.15,,,<paper>/revision_campaign_20260914/default/amazon_baselines/baselines.csv,0.1477272727272727
49,WS-28,1,feasible,complete,1,1,returned,0,28.0,5,0.1612903225806451,0.8922386705717633,,0.0036107772029936,0.0045486660674214,,28,0,,0.0,,,,,31,,,,,,,0.0009378888644278,,,,,,,,,,True,configured_work_complete,configured_weights,,0.0036107772029936,solver final filtering and index remapping; caller metric conversion excluded,r5-v1,,excluded_precomputed,,True,,,fresh_retrieval,,,,0.0036107772029936,0.0045486660674214,measured_excluding_encoding,"[14, 5, 4, 118, 5]",,specialized Python branch and bound,3.11.15,,,<paper>/revision_campaign_20260914/default/amazon_baselines/baselines.csv,0.3225806451612903
49,WS-253,1,feasible,complete,1,1,returned,0,253.0,8,0.2580645161290322,0.9315330990590996,,0.0395726850256323,0.0405105738900601,,253,0,,0.0,,,,,31,,,,,,,0.0009378888644278,,,,,,,,,,True,configured_work_complete,configured_weights,,0.0395726850256323,solver final filtering and index remapping; caller metric conversion excluded,r5-v1,,excluded_precomputed,,True,,,fresh_retrieval,,,,0.0395726850256323,0.0405105738900601,measured_excluding_encoding,"[14, 5, 4, 118, 5]",,specialized Python branch and bound,3.11.15,,,<paper>/revision_campaign_20260914/default/amazon_baselines/baselines.csv,0.3225806451612903
49,Greedy,1,feasible,complete,1,1,returned,0,,3,0.032258064516129,0.0399162629622166,,0.0001794300042092,0.001117318868637,,4,0,,0.0,,,,,31,,,,,,,0.0009378888644278,,,,,,,,,,True,configured_work_complete,configured_work,,0.0001794300042092,solver final filtering and index remapping; caller metric conversion excluded,r5-v1,,excluded_precomputed,,True,,,fresh_retrieval,,,,0.0001794300042092,0.001117318868637,measured_excluding_encoding,"[14, 5, 4, 118, 5]",,Python/Greedy,3.11.15,,,<paper>/revision_campaign_20260914/default/amazon_baselines/baselines.csv,0.3225806451612903
49,NSGA2-2000,1,feasible,complete,1,1,returned,0,,32,0.9032258064516128,0.9929460746769938,,0.2172123440541327,0.2181502329185605,,2000,0,,0.0,,,,,31,,,,,,,0.0009378888644278,,,,,,,,,,True,configured_work_complete,configured_work,,0.2172123440541327,solver final filtering and index remapping; caller metric conversion excluded,r5-v1,,excluded_precomputed,,True,,,fresh_retrieval,,,,0.2172123440541327,0.2181502329185605,measured_excluding_encoding,"[14, 5, 4, 118, 5]",,Python/NSGA2-2000,3.11.15,,,<paper>/revision_campaign_20260914/default/amazon_baselines/baselines.csv,0.3225806451612903
49,NSGA2-10000,1,feasible,complete,1,1,returned,0,,31,0.967741935483871,0.993724189484436,,0.9955621431581676,0.9965000320225954,,10000,0,,0.0,,,,,31,,,,,,,0.0009378888644278,,,,,,,,,,True,configured_work_complete,configured_work,,0.9955621431581676,solver final filtering and index remapping; caller metric conversion excluded,r5-v1,,excluded_precomputed,,True,,,fresh_retrieval,,,,0.9955621431581676,0.9965000320225954,measured_excluding_encoding,"[14, 5, 4, 118, 5]",,Python/NSGA2-10000,3.11.15,,,<paper>/revision_campaign_20260914/default/amazon_baselines/baselines.csv,0.3225806451612903
50,WS-28,1,feasible,complete,1,1,returned,0,28.0,9,0.0818181818181818,0.7395129169075492,,0.0126726888120174,0.0140323601663112,,28,0,,0.0,,,,,110,,,,,,,0.0013596713542938,,,,,,,,,,True,configured_work_complete,configured_weights,,0.0126726888120174,solver final filtering and index remapping; caller metric conversion excluded,r5-v1,,excluded_precomputed,,True,,,fresh_retrieval,,,,0.0126726888120174,0.0140323601663112,measured_excluding_encoding,"[9, 219, 2, 61, 478]",,specialized Python branch and bound,3.11.15,,,<paper>/revision_campaign_20260914/default/amazon_baselines/baselines.csv,0.2181818181818181
50,WS-253,1,feasible,complete,1,1,returned,0,253.0,12,0.109090909090909,0.7827871110807622,,0.1256427727639675,0.1270024441182613,,253,0,,0.0,,,,,110,,,,,,,0.0013596713542938,,,,,,,,,,True,configured_work_complete,configured_weights,,0.1256427727639675,solver final filtering and index remapping; caller metric conversion excluded,r5-v1,,excluded_precomputed,,True,,,fresh_retrieval,,,,0.1256427727639675,0.1270024441182613,measured_excluding_encoding,"[9, 219, 2, 61, 478]",,specialized Python branch and bound,3.11.15,,,<paper>/revision_campaign_20260914/default/amazon_baselines/baselines.csv,0.2181818181818181
50,Greedy,1,feasible,complete,1,1,returned,0,,3,0.009090909090909,0.0430723490649299,,0.0005821362137794,0.0019418075680732,,4,0,,0.0,,,,,110,,,,,,,0.0013596713542938,,,,,,,,,,True,configured_work_complete,configured_work,,0.0005821362137794,solver final filtering and index remapping; caller metric conversion excluded,r5-v1,,excluded_precomputed,,True,,,fresh_retrieval,,,,0.0005821362137794,0.0019418075680732,measured_excluding_encoding,"[9, 219, 2, 61, 478]",,Python/Greedy,3.11.15,,,<paper>/revision_campaign_20260914/default/amazon_baselines/baselines.csv,0.2181818181818181
50,NSGA2-2000,1,feasible,complete,1,1,returned,0,,35,0.0363636363636363,0.8657128898996462,,0.1411714372225105,0.1425311085768044,,2000,0,,0.0,,,,,110,,,,,,,0.0013596713542938,,,,,,,,,,True,configured_work_complete,configured_work,,0.1411714372225105,solver final filtering and index remapping; caller metric conversion excluded,r5-v1,,excluded_precomputed,,True,,,fresh_retrieval,,,,0.1411714372225105,0.1425311085768044,measured_excluding_encoding,"[9, 219, 2, 61, 478]",,Python/NSGA2-2000,3.11.15,,,<paper>/revision_campaign_20260914/default/amazon_baselines/baselines.csv,0.2181818181818181
50,NSGA2-10000,1,feasible,complete,1,1,returned,0,,61,0.2545454545454545,0.9579786280684232,,0.6056784610264003,0.6070381323806942,,10000,0,,0.0,,,,,110,,,,,,,0.0013596713542938,,,,,,,,,,True,configured_work_complete,configured_work,,0.6056784610264003,solver final filtering and index remapping; caller metric conversion excluded,r5-v1,,excluded_precomputed,,True,,,fresh_retrieval,,,,0.6056784610264003,0.6070381323806942,measured_excluding_encoding,"[9, 219, 2, 61, 478]",,Python/NSGA2-10000,3.11.15,,,<paper>/revision_campaign_20260914/default/amazon_baselines/baselines.csv,0.2181818181818181
51,WS-28,1,feasible,complete,1,1,returned,0,28.0,10,0.1388888888888889,0.7588076227693585,,0.0075093642808496,0.008469610940665,,28,0,,0.0,,,,,72,,,,,,,0.0009602466598153,,,,,,,,,,True,configured_work_complete,configured_weights,,0.0075093642808496,solver final filtering and index remapping; caller metric conversion excluded,r5-v1,,excluded_precomputed,,True,,,fresh_retrieval,,,,0.0075093642808496,0.008469610940665,measured_excluding_encoding,"[20, 7, 57, 82]",,specialized Python branch and bound,3.11.15,,,<paper>/revision_campaign_20260914/default/amazon_baselines/baselines.csv,0.1805555555555555
51,WS-253,1,feasible,complete,1,1,returned,0,253.0,12,0.1666666666666666,0.78463427319536,,0.0776129593141377,0.078573205973953,,253,0,,0.0,,,,,72,,,,,,,0.0009602466598153,,,,,,,,,,True,configured_work_complete,configured_weights,,0.0776129593141377,solver final filtering and index remapping; caller metric conversion excluded,r5-v1,,excluded_precomputed,,True,,,fresh_retrieval,,,,0.0776129593141377,0.078573205973953,measured_excluding_encoding,"[20, 7, 57, 82]",,specialized Python branch and bound,3.11.15,,,<paper>/revision_campaign_20260914/default/amazon_baselines/baselines.csv,0.1805555555555555
51,Greedy,1,feasible,complete,1,1,returned,0,,4,0.0138888888888888,0.1558399719408787,,0.000207302160561,0.0011675488203763,,4,0,,0.0,,,,,72,,,,,,,0.0009602466598153,,,,,,,,,,True,configured_work_complete,configured_work,,0.000207302160561,solver final filtering and index remapping; caller metric conversion excluded,r5-v1,,excluded_precomputed,,True,,,fresh_retrieval,,,,0.000207302160561,0.0011675488203763,measured_excluding_encoding,"[20, 7, 57, 82]",,Python/Greedy,3.11.15,,,<paper>/revision_campaign_20260914/default/amazon_baselines/baselines.csv,0.1805555555555555
51,NSGA2-2000,1,feasible,complete,1,1,returned,0,,48,0.625,0.9880111797229696,,0.1737788319587707,0.174739078618586,,2000,0,,0.0,,,,,72,,,,,,,0.0009602466598153,,,,,,,,,,True,configured_work_complete,configured_work,,0.1737788319587707,solver final filtering and index remapping; caller metric conversion excluded,r5-v1,,excluded_precomputed,,True,,,fresh_retrieval,,,,0.1737788319587707,0.174739078618586,measured_excluding_encoding,"[20, 7, 57, 82]",,Python/NSGA2-2000,3.11.15,,,<paper>/revision_campaign_20260914/default/amazon_baselines/baselines.csv,0.1805555555555555
51,NSGA2-10000,1,feasible,complete,1,1,returned,0,,66,0.8888888888888888,0.9962585820219134,,0.7044869498349726,0.7054471964947879,,10000,0,,0.0,,,,,72,,,,,,,0.0009602466598153,,,,,,,,,,True,configured_work_complete,configured_work,,0.7044869498349726,solver final filtering and index remapping; caller metric conversion excluded,r5-v1,,excluded_precomputed,,True,,,fresh_retrieval,,,,0.7044869498349726,0.7054471964947879,measured_excluding_encoding,"[20, 7, 57, 82]",,Python/NSGA2-10000,3.11.15,,,<paper>/revision_campaign_20260914/default/amazon_baselines/baselines.csv,0.1805555555555555
52,WS-28,1,feasible,complete,1,1,returned,0,28.0,5,0.1,0.835023194015665,,0.0072198589332401,0.0081392307765781,,28,0,,0.0,,,,,40,,,,,,,0.000919371843338,,,,,,,,,,True,configured_work_complete,configured_weights,,0.0072198589332401,solver final filtering and index remapping; caller metric conversion excluded,r5-v1,,excluded_precomputed,,True,,,fresh_retrieval,,,,0.0072198589332401,0.0081392307765781,measured_excluding_encoding,"[54, 10, 33, 28, 11, 44]",,specialized Python branch and bound,3.11.15,,,<paper>/revision_campaign_20260914/default/amazon_baselines/baselines.csv,0.175
52,WS-253,1,feasible,complete,1,1,returned,0,253.0,6,0.1,0.8398962387446396,,0.0733651998452842,0.0742845716886222,,253,0,,0.0,,,,,40,,,,,,,0.000919371843338,,,,,,,,,,True,configured_work_complete,configured_weights,,0.0733651998452842,solver final filtering and index remapping; caller metric conversion excluded,r5-v1,,excluded_precomputed,,True,,,fresh_retrieval,,,,0.0733651998452842,0.0742845716886222,measured_excluding_encoding,"[54, 10, 33, 28, 11, 44]",,specialized Python branch and bound,3.11.15,,,<paper>/revision_campaign_20260914/default/amazon_baselines/baselines.csv,0.175
52,Greedy,1,feasible,complete,1,1,returned,0,,3,0.0,0.0404883666160044,,0.0002831728197634,0.0012025446631014,,4,0,,0.0,,,,,40,,,,,,,0.000919371843338,,,,,,,,,,True,configured_work_complete,configured_work,,0.0002831728197634,solver final filtering and index remapping; caller metric conversion excluded,r5-v1,,excluded_precomputed,,True,,,fresh_retrieval,,,,0.0002831728197634,0.0012025446631014,measured_excluding_encoding,"[54, 10, 33, 28, 11, 44]",,Python/Greedy,3.11.15,,,<paper>/revision_campaign_20260914/default/amazon_baselines/baselines.csv,0.175
52,NSGA2-2000,1,feasible,complete,1,1,returned,0,,15,0.125,0.9386255452228112,,0.1772153424099087,0.1781347142532467,,2000,0,,0.0,,,,,40,,,,,,,0.000919371843338,,,,,,,,,,True,configured_work_complete,configured_work,,0.1772153424099087,solver final filtering and index remapping; caller metric conversion excluded,r5-v1,,excluded_precomputed,,True,,,fresh_retrieval,,,,0.1772153424099087,0.1781347142532467,measured_excluding_encoding,"[54, 10, 33, 28, 11, 44]",,Python/NSGA2-2000,3.11.15,,,<paper>/revision_campaign_20260914/default/amazon_baselines/baselines.csv,0.175
52,NSGA2-10000,1,feasible,complete,1,1,returned,0,,27,0.575,0.9819002902470412,,0.7217426910065114,0.7226620628498495,,10000,0,,0.0,,,,,40,,,,,,,0.000919371843338,,,,,,,,,,True,configured_work_complete,configured_work,,0.7217426910065114,solver final filtering and index remapping; caller metric conversion excluded,r5-v1,,excluded_precomputed,,True,,,fresh_retrieval,,,,0.7217426910065114,0.7226620628498495,measured_excluding_encoding,"[54, 10, 33, 28, 11, 44]",,Python/NSGA2-10000,3.11.15,,,<paper>/revision_campaign_20260914/default/amazon_baselines/baselines.csv,0.175
53,WS-28,1,feasible,complete,1,1,returned,0,28.0,6,0.25,0.8490436846782952,,0.00577735574916,0.0066172257065773,,28,0,,0.0,,,,,24,,,,,,,0.0008398699574172,,,,,,,,,,True,configured_work_complete,configured_weights,,0.00577735574916,solver final filtering and index remapping; caller metric conversion excluded,r5-v1,,excluded_precomputed,,True,,,fresh_retrieval,,,,0.00577735574916,0.0066172257065773,measured_excluding_encoding,"[10, 51, 3, 15, 5, 6]",,specialized Python branch and bound,3.11.15,,,<paper>/revision_campaign_20260914/default/amazon_baselines/baselines.csv,0.4583333333333333
53,WS-253,1,feasible,complete,1,1,returned,0,253.0,7,0.2916666666666667,0.8538102418924897,,0.0598315042443573,0.0606713742017746,,253,0,,0.0,,,,,24,,,,,,,0.0008398699574172,,,,,,,,,,True,configured_work_complete,configured_weights,,0.0598315042443573,solver final filtering and index remapping; caller metric conversion excluded,r5-v1,,excluded_precomputed,,True,,,fresh_retrieval,,,,0.0598315042443573,0.0606713742017746,measured_excluding_encoding,"[10, 51, 3, 15, 5, 6]",,specialized Python branch and bound,3.11.15,,,<paper>/revision_campaign_20260914/default/amazon_baselines/baselines.csv,0.4583333333333333
53,Greedy,1,feasible,complete,1,1,returned,0,,2,0.0416666666666666,0.1718044452517588,,0.0001029786653816,0.0009428486227989,,4,0,,0.0,,,,,24,,,,,,,0.0008398699574172,,,,,,,,,,True,configured_work_complete,configured_work,,0.0001029786653816,solver final filtering and index remapping; caller metric conversion excluded,r5-v1,,excluded_precomputed,,True,,,fresh_retrieval,,,,0.0001029786653816,0.0009428486227989,measured_excluding_encoding,"[10, 51, 3, 15, 5, 6]",,Python/Greedy,3.11.15,,,<paper>/revision_campaign_20260914/default/amazon_baselines/baselines.csv,0.4583333333333333
53,NSGA2-2000,1,feasible,complete,1,1,returned,0,,24,1.0,1.0,,0.2615137291140854,0.2623535990715027,,2000,0,,0.0,,,,,24,,,,,,,0.0008398699574172,,,,,,,,,,True,configured_work_complete,configured_work,,0.2615137291140854,solver final filtering and index remapping; caller metric conversion excluded,r5-v1,,excluded_precomputed,,True,,,fresh_retrieval,,,,0.2615137291140854,0.2623535990715027,measured_excluding_encoding,"[10, 51, 3, 15, 5, 6]",,Python/NSGA2-2000,3.11.15,,,<paper>/revision_campaign_20260914/default/amazon_baselines/baselines.csv,0.4583333333333333
53,NSGA2-10000,1,feasible,complete,1,1,returned,0,,24,1.0,1.0,,1.1417664578184483,1.1426063277758658,,10000,0,,0.0,,,,,24,,,,,,,0.0008398699574172,,,,,,,,,,True,configured_work_complete,configured_work,,1.1417664578184483,solver final filtering and index remapping; caller metric conversion excluded,r5-v1,,excluded_precomputed,,True,,,fresh_retrieval,,,,1.1417664578184483,1.1426063277758658,measured_excluding_encoding,"[10, 51, 3, 15, 5, 6]",,Python/NSGA2-10000,3.11.15,,,<paper>/revision_campaign_20260914/default/amazon_baselines/baselines.csv,0.4583333333333333
54,WS-28,1,feasible,complete,1,1,returned,0,28.0,8,0.0958904109589041,0.8053878468161929,,0.0048568733036518,0.0056384983472526,,28,0,,0.0,,,,,73,,,,,,,0.0007816250436007,,,,,,,,,,True,configured_work_complete,configured_weights,,0.0048568733036518,solver final filtering and index remapping; caller metric conversion excluded,r5-v1,,excluded_precomputed,,True,,,fresh_retrieval,,,,0.0048568733036518,0.0056384983472526,measured_excluding_encoding,"[24, 5, 1, 12, 4, 5]",,specialized Python branch and bound,3.11.15,,,<paper>/revision_campaign_20260914/default/amazon_baselines/baselines.csv,0.3287671232876712
54,WS-253,1,feasible,complete,1,1,returned,0,253.0,12,0.1643835616438356,0.8916699602174956,,0.0562470322474837,0.0570286572910845,,253,0,,0.0,,,,,73,,,,,,,0.0007816250436007,,,,,,,,,,True,configured_work_complete,configured_weights,,0.0562470322474837,solver final filtering and index remapping; caller metric conversion excluded,r5-v1,,excluded_precomputed,,True,,,fresh_retrieval,,,,0.0562470322474837,0.0570286572910845,measured_excluding_encoding,"[24, 5, 1, 12, 4, 5]",,specialized Python branch and bound,3.11.15,,,<paper>/revision_campaign_20260914/default/amazon_baselines/baselines.csv,0.3287671232876712
54,Greedy,1,feasible,complete,1,1,returned,0,,3,0.0273972602739726,0.2894373581644796,,8.026883006095886e-05,0.0008618938736617,,4,0,,0.0,,,,,73,,,,,,,0.0007816250436007,,,,,,,,,,True,configured_work_complete,configured_work,,8.026883006095886e-05,solver final filtering and index remapping; caller metric conversion excluded,r5-v1,,excluded_precomputed,,True,,,fresh_retrieval,,,,8.026883006095886e-05,0.0008618938736617,measured_excluding_encoding,"[24, 5, 1, 12, 4, 5]",,Python/Greedy,3.11.15,,,<paper>/revision_campaign_20260914/default/amazon_baselines/baselines.csv,0.3287671232876712
54,NSGA2-2000,1,feasible,complete,1,1,returned,0,,49,0.6575342465753424,0.9905916738985372,,0.2929684049449861,0.2937500299885869,,2000,0,,0.0,,,,,73,,,,,,,0.0007816250436007,,,,,,,,,,True,configured_work_complete,configured_work,,0.2929684049449861,solver final filtering and index remapping; caller metric conversion excluded,r5-v1,,excluded_precomputed,,True,,,fresh_retrieval,,,,0.2929684049449861,0.2937500299885869,measured_excluding_encoding,"[24, 5, 1, 12, 4, 5]",,Python/NSGA2-2000,3.11.15,,,<paper>/revision_campaign_20260914/default/amazon_baselines/baselines.csv,0.3287671232876712
54,NSGA2-10000,1,feasible,complete,1,1,returned,0,,72,0.9452054794520548,0.9995523355126252,,1.0873023429885509,1.0880839680321517,,10000,0,,0.0,,,,,73,,,,,,,0.0007816250436007,,,,,,,,,,True,configured_work_complete,configured_work,,1.0873023429885509,solver final filtering and index remapping; caller metric conversion excluded,r5-v1,,excluded_precomputed,,True,,,fresh_retrieval,,,,1.0873023429885509,1.0880839680321517,measured_excluding_encoding,"[24, 5, 1, 12, 4, 5]",,Python/NSGA2-10000,3.11.15,,,<paper>/revision_campaign_20260914/default/amazon_baselines/baselines.csv,0.3287671232876712
55,WS-28,1,feasible,complete,1,1,returned,0,28.0,10,0.1265822784810126,0.7148176147485077,,0.0089517519809305,0.0100494129583239,,28,0,,0.0,,,,,79,,,,,,,0.0010976609773933,,,,,,,,,,True,configured_work_complete,configured_weights,,0.0089517519809305,solver final filtering and index remapping; caller metric conversion excluded,r5-v1,,excluded_precomputed,,True,,,fresh_retrieval,,,,0.0089517519809305,0.0100494129583239,measured_excluding_encoding,"[222, 7, 204, 19]",,specialized Python branch and bound,3.11.15,,,<paper>/revision_campaign_20260914/default/amazon_baselines/baselines.csv,0.2784810126582278
55,WS-253,1,feasible,complete,1,1,returned,0,253.0,18,0.2278481012658227,0.9461350427312252,,0.0879163672216236,0.089014028199017,,253,0,,0.0,,,,,79,,,,,,,0.0010976609773933,,,,,,,,,,True,configured_work_complete,configured_weights,,0.0879163672216236,solver final filtering and index remapping; caller metric conversion excluded,r5-v1,,excluded_precomputed,,True,,,fresh_retrieval,,,,0.0879163672216236,0.089014028199017,measured_excluding_encoding,"[222, 7, 204, 19]",,specialized Python branch and bound,3.11.15,,,<paper>/revision_campaign_20260914/default/amazon_baselines/baselines.csv,0.2784810126582278
55,Greedy,1,feasible,complete,1,1,returned,0,,4,0.0126582278481012,0.1025321822692739,,0.0005866503342986,0.0016843113116919,,4,0,,0.0,,,,,79,,,,,,,0.0010976609773933,,,,,,,,,,True,configured_work_complete,configured_work,,0.0005866503342986,solver final filtering and index remapping; caller metric conversion excluded,r5-v1,,excluded_precomputed,,True,,,fresh_retrieval,,,,0.0005866503342986,0.0016843113116919,measured_excluding_encoding,"[222, 7, 204, 19]",,Python/Greedy,3.11.15,,,<paper>/revision_campaign_20260914/default/amazon_baselines/baselines.csv,0.2784810126582278
55,NSGA2-2000,1,feasible,complete,1,1,returned,0,,37,0.1772151898734177,0.9283499656038362,,0.1608496429398656,0.1619473039172589,,2000,0,,0.0,,,,,79,,,,,,,0.0010976609773933,,,,,,,,,,True,configured_work_complete,configured_work,,0.1608496429398656,solver final filtering and index remapping; caller metric conversion excluded,r5-v1,,excluded_precomputed,,True,,,fresh_retrieval,,,,0.1608496429398656,0.1619473039172589,measured_excluding_encoding,"[222, 7, 204, 19]",,Python/NSGA2-2000,3.11.15,,,<paper>/revision_campaign_20260914/default/amazon_baselines/baselines.csv,0.2784810126582278
55,NSGA2-10000,1,feasible,complete,1,1,returned,0,,66,0.4050632911392405,0.8825581331030267,,0.6285470486618578,0.6296447096392512,,10000,0,,0.0,,,,,79,,,,,,,0.0010976609773933,,,,,,,,,,True,configured_work_complete,configured_work,,0.6285470486618578,solver final filtering and index remapping; caller metric conversion excluded,r5-v1,,excluded_precomputed,,True,,,fresh_retrieval,,,,0.6285470486618578,0.6296447096392512,measured_excluding_encoding,"[222, 7, 204, 19]",,Python/NSGA2-10000,3.11.15,,,<paper>/revision_campaign_20260914/default/amazon_baselines/baselines.csv,0.2784810126582278
56,WS-28,1,feasible,complete,1,1,returned,0,28.0,6,0.1875,0.5555711398761901,,0.0027435012161731,0.0035485276021063,,28,0,,0.0,,,,,32,,,,,,,0.0008050263859331,,,,,,,,,,True,configured_work_complete,configured_weights,,0.0027435012161731,solver final filtering and index remapping; caller metric conversion excluded,r5-v1,,excluded_precomputed,,True,,,fresh_retrieval,,,,0.0027435012161731,0.0035485276021063,measured_excluding_encoding,"[12, 3, 7, 19]",,specialized Python branch and bound,3.11.15,,,<paper>/revision_campaign_20260914/default/amazon_baselines/baselines.csv,0.25
56,WS-253,1,feasible,complete,1,1,returned,0,253.0,8,0.25,0.7514542801840297,,0.0300820712000131,0.0308870975859463,,253,0,,0.0,,,,,32,,,,,,,0.0008050263859331,,,,,,,,,,True,configured_work_complete,configured_weights,,0.0300820712000131,solver final filtering and index remapping; caller metric conversion excluded,r5-v1,,excluded_precomputed,,True,,,fresh_retrieval,,,,0.0300820712000131,0.0308870975859463,measured_excluding_encoding,"[12, 3, 7, 19]",,specialized Python branch and bound,3.11.15,,,<paper>/revision_campaign_20260914/default/amazon_baselines/baselines.csv,0.25
56,Greedy,1,feasible,complete,1,1,returned,0,,3,0.0625,0.2992134637691073,,0.0001120828092098,0.0009171091951429,,4,0,,0.0,,,,,32,,,,,,,0.0008050263859331,,,,,,,,,,True,configured_work_complete,configured_work,,0.0001120828092098,solver final filtering and index remapping; caller metric conversion excluded,r5-v1,,excluded_precomputed,,True,,,fresh_retrieval,,,,0.0001120828092098,0.0009171091951429,measured_excluding_encoding,"[12, 3, 7, 19]",,Python/Greedy,3.11.15,,,<paper>/revision_campaign_20260914/default/amazon_baselines/baselines.csv,0.25
56,NSGA2-2000,1,feasible,complete,1,1,returned,0,,32,1.0,1.0,,0.4004814731888473,0.4012864995747804,,2049,0,,0.0,,,,,32,,,,,,,0.0008050263859331,,,,,,,,,,True,configured_work_complete,configured_work,,0.4004814731888473,solver final filtering and index remapping; caller metric conversion excluded,r5-v1,,excluded_precomputed,,True,,,fresh_retrieval,,,,0.4004814731888473,0.4012864995747804,measured_excluding_encoding,"[12, 3, 7, 19]",,Python/NSGA2-2000,3.11.15,,,<paper>/revision_campaign_20260914/default/amazon_baselines/baselines.csv,0.25
56,NSGA2-10000,1,feasible,complete,1,1,returned,0,,32,1.0,1.0,,1.6611183411441743,1.6619233675301075,,10000,0,,0.0,,,,,32,,,,,,,0.0008050263859331,,,,,,,,,,True,configured_work_complete,configured_work,,1.6611183411441743,solver final filtering and index remapping; caller metric conversion excluded,r5-v1,,excluded_precomputed,,True,,,fresh_retrieval,,,,1.6611183411441743,1.6619233675301075,measured_excluding_encoding,"[12, 3, 7, 19]",,Python/NSGA2-10000,3.11.15,,,<paper>/revision_campaign_20260914/default/amazon_baselines/baselines.csv,0.25
57,WS-28,1,feasible,complete,1,1,returned,0,28.0,8,0.1944444444444444,0.8777720102309382,,0.0031981468200683,0.0039863106794655,,28,0,,0.0,,,,,36,,,,,,,0.0007881638593971,,,,,,,,,,True,configured_work_complete,configured_weights,,0.0031981468200683,solver final filtering and index remapping; caller metric conversion excluded,r5-v1,,excluded_precomputed,,True,,,fresh_retrieval,,,,0.0031981468200683,0.0039863106794655,measured_excluding_encoding,"[51, 4, 14]",,specialized Python branch and bound,3.11.15,,,<paper>/revision_campaign_20260914/default/amazon_baselines/baselines.csv,0.25
57,WS-253,1,feasible,complete,1,1,returned,0,253.0,11,0.3055555555555556,0.9653207989100354,,0.0338658178225159,0.0346539816819131,,253,0,,0.0,,,,,36,,,,,,,0.0007881638593971,,,,,,,,,,True,configured_work_complete,configured_weights,,0.0338658178225159,solver final filtering and index remapping; caller metric conversion excluded,r5-v1,,excluded_precomputed,,True,,,fresh_retrieval,,,,0.0338658178225159,0.0346539816819131,measured_excluding_encoding,"[51, 4, 14]",,specialized Python branch and bound,3.11.15,,,<paper>/revision_campaign_20260914/default/amazon_baselines/baselines.csv,0.25
57,Greedy,1,feasible,complete,1,1,returned,0,,3,0.0555555555555555,0.6676768545822515,,0.0001001399941742,0.0008883038535714,,4,0,,0.0,,,,,36,,,,,,,0.0007881638593971,,,,,,,,,,True,configured_work_complete,configured_work,,0.0001001399941742,solver final filtering and index remapping; caller metric conversion excluded,r5-v1,,excluded_precomputed,,True,,,fresh_retrieval,,,,0.0001001399941742,0.0008883038535714,measured_excluding_encoding,"[51, 4, 14]",,Python/Greedy,3.11.15,,,<paper>/revision_campaign_20260914/default/amazon_baselines/baselines.csv,0.25
57,NSGA2-2000,1,feasible,complete,1,1,returned,0,,32,0.8888888888888888,0.9822036300190178,,0.2896305923350155,0.2904187561944127,,2000,0,,0.0,,,,,36,,,,,,,0.0007881638593971,,,,,,,,,,True,configured_work_complete,configured_work,,0.2896305923350155,solver final filtering and index remapping; caller metric conversion excluded,r5-v1,,excluded_precomputed,,True,,,fresh_retrieval,,,,0.2896305923350155,0.2904187561944127,measured_excluding_encoding,"[51, 4, 14]",,Python/NSGA2-2000,3.11.15,,,<paper>/revision_campaign_20260914/default/amazon_baselines/baselines.csv,0.25
57,NSGA2-10000,1,feasible,complete,1,1,returned,0,,36,1.0,1.0,,1.146811884827912,1.147600048687309,,10098,0,,0.0,,,,,36,,,,,,,0.0007881638593971,,,,,,,,,,True,configured_work_complete,configured_work,,1.146811884827912,solver final filtering and index remapping; caller metric conversion excluded,r5-v1,,excluded_precomputed,,True,,,fresh_retrieval,,,,1.146811884827912,1.147600048687309,measured_excluding_encoding,"[51, 4, 14]",,Python/NSGA2-10000,3.11.15,,,<paper>/revision_campaign_20260914/default/amazon_baselines/baselines.csv,0.25
58,WS-28,1,feasible,complete,1,1,returned,0,28.0,5,0.15625,0.5108144290006473,,0.0045048971660435,0.0053611509501934,,28,0,,0.0,,,,,32,,,,,,,0.0008562537841498,,,,,,,,,,True,configured_work_complete,configured_weights,,0.0045048971660435,solver final filtering and index remapping; caller metric conversion excluded,r5-v1,,excluded_precomputed,,True,,,fresh_retrieval,,,,0.0045048971660435,0.0053611509501934,measured_excluding_encoding,"[110, 29, 22]",,specialized Python branch and bound,3.11.15,,,<paper>/revision_campaign_20260914/default/amazon_baselines/baselines.csv,0.375
58,WS-253,1,feasible,complete,1,1,returned,0,253.0,10,0.3125,0.7623675129433706,,0.0478090876713395,0.0486653414554894,,253,0,,0.0,,,,,32,,,,,,,0.0008562537841498,,,,,,,,,,True,configured_work_complete,configured_weights,,0.0478090876713395,solver final filtering and index remapping; caller metric conversion excluded,r5-v1,,excluded_precomputed,,True,,,fresh_retrieval,,,,0.0478090876713395,0.0486653414554894,measured_excluding_encoding,"[110, 29, 22]",,specialized Python branch and bound,3.11.15,,,<paper>/revision_campaign_20260914/default/amazon_baselines/baselines.csv,0.375
58,Greedy,1,feasible,complete,1,1,returned,0,,3,0.0625,0.5398172835329905,,0.0001776898279786,0.0010339436121284,,4,0,,0.0,,,,,32,,,,,,,0.0008562537841498,,,,,,,,,,True,configured_work_complete,configured_work,,0.0001776898279786,solver final filtering and index remapping; caller metric conversion excluded,r5-v1,,excluded_precomputed,,True,,,fresh_retrieval,,,,0.0001776898279786,0.0010339436121284,measured_excluding_encoding,"[110, 29, 22]",,Python/Greedy,3.11.15,,,<paper>/revision_campaign_20260914/default/amazon_baselines/baselines.csv,0.375
58,NSGA2-2000,1,feasible,complete,1,1,returned,0,,27,0.40625,0.9434806225818418,,0.1805889480747282,0.1814452018588781,,2000,0,,0.0,,,,,32,,,,,,,0.0008562537841498,,,,,,,,,,True,configured_work_complete,configured_work,,0.1805889480747282,solver final filtering and index remapping; caller metric conversion excluded,r5-v1,,excluded_precomputed,,True,,,fresh_retrieval,,,,0.1805889480747282,0.1814452018588781,measured_excluding_encoding,"[110, 29, 22]",,Python/NSGA2-2000,3.11.15,,,<paper>/revision_campaign_20260914/default/amazon_baselines/baselines.csv,0.375
58,NSGA2-10000,1,feasible,complete,1,1,returned,0,,32,1.0,1.0,,0.7080734628252685,0.7089297166094184,,10000,0,,0.0,,,,,32,,,,,,,0.0008562537841498,,,,,,,,,,True,configured_work_complete,configured_work,,0.7080734628252685,solver final filtering and index remapping; caller metric conversion excluded,r5-v1,,excluded_precomputed,,True,,,fresh_retrieval,,,,0.7080734628252685,0.7089297166094184,measured_excluding_encoding,"[110, 29, 22]",,Python/NSGA2-10000,3.11.15,,,<paper>/revision_campaign_20260914/default/amazon_baselines/baselines.csv,0.375
59,WS-28,1,feasible,complete,1,1,returned,0,28.0,7,0.1428571428571428,0.5576363197260381,,0.0032253242097795,0.0040011880919337,,28,0,,0.0,,,,,49,,,,,,,0.0007758638821542,,,,,,,,,,True,configured_work_complete,configured_weights,,0.0032253242097795,solver final filtering and index remapping; caller metric conversion excluded,r5-v1,,excluded_precomputed,,True,,,fresh_retrieval,,,,0.0032253242097795,0.0040011880919337,measured_excluding_encoding,"[42, 4, 2, 15]",,specialized Python branch and bound,3.11.15,,,<paper>/revision_campaign_20260914/default/amazon_baselines/baselines.csv,0.2448979591836734
59,WS-253,1,feasible,complete,1,1,returned,0,253.0,12,0.2448979591836734,0.7435848075613086,,0.0359560558572411,0.0367319197393953,,253,0,,0.0,,,,,49,,,,,,,0.0007758638821542,,,,,,,,,,True,configured_work_complete,configured_weights,,0.0359560558572411,solver final filtering and index remapping; caller metric conversion excluded,r5-v1,,excluded_precomputed,,True,,,fresh_retrieval,,,,0.0359560558572411,0.0367319197393953,measured_excluding_encoding,"[42, 4, 2, 15]",,specialized Python branch and bound,3.11.15,,,<paper>/revision_campaign_20260914/default/amazon_baselines/baselines.csv,0.2448979591836734
59,Greedy,1,feasible,complete,1,1,returned,0,,3,0.0612244897959183,0.4323031501668317,,0.000140001066029,0.0009158649481832,,4,0,,0.0,,,,,49,,,,,,,0.0007758638821542,,,,,,,,,,True,configured_work_complete,configured_work,,0.000140001066029,solver final filtering and index remapping; caller metric conversion excluded,r5-v1,,excluded_precomputed,,True,,,fresh_retrieval,,,,0.000140001066029,0.0009158649481832,measured_excluding_encoding,"[42, 4, 2, 15]",,Python/Greedy,3.11.15,,,<paper>/revision_campaign_20260914/default/amazon_baselines/baselines.csv,0.2448979591836734
59,NSGA2-2000,1,feasible,complete,1,1,returned,0,,44,0.8979591836734694,0.9943782208225734,,0.2849791878834367,0.2857550517655909,,2049,0,,0.0,,,,,49,,,,,,,0.0007758638821542,,,,,,,,,,True,configured_work_complete,configured_work,,0.2849791878834367,solver final filtering and index remapping; caller metric conversion excluded,r5-v1,,excluded_precomputed,,True,,,fresh_retrieval,,,,0.2849791878834367,0.2857550517655909,measured_excluding_encoding,"[42, 4, 2, 15]",,Python/NSGA2-2000,3.11.15,,,<paper>/revision_campaign_20260914/default/amazon_baselines/baselines.csv,0.2448979591836734
59,NSGA2-10000,1,feasible,complete,1,1,returned,0,,49,1.0,1.0,,1.287216211669147,1.2879920755513012,,10099,0,,0.0,,,,,49,,,,,,,0.0007758638821542,,,,,,,,,,True,configured_work_complete,configured_work,,1.287216211669147,solver final filtering and index remapping; caller metric conversion excluded,r5-v1,,excluded_precomputed,,True,,,fresh_retrieval,,,,1.287216211669147,1.2879920755513012,measured_excluding_encoding,"[42, 4, 2, 15]",,Python/NSGA2-10000,3.11.15,,,<paper>/revision_campaign_20260914/default/amazon_baselines/baselines.csv,0.2448979591836734
60,WS-28,1,feasible,complete,1,1,returned,0,28.0,8,0.2051282051282051,0.8084158105927846,,0.0042354930192232,0.0050087929703295,,28,0,,0.0,,,,,39,,,,,,,0.0007732999511063,,,,,,,,,,True,configured_work_complete,configured_weights,,0.0042354930192232,solver final filtering and index remapping; caller metric conversion excluded,r5-v1,,excluded_precomputed,,True,,,fresh_retrieval,,,,0.0042354930192232,0.0050087929703295,measured_excluding_encoding,"[11, 12, 19, 20]",,specialized Python branch and bound,3.11.15,,,<paper>/revision_campaign_20260914/default/amazon_baselines/baselines.csv,0.3846153846153846
60,WS-253,1,feasible,complete,1,1,returned,0,253.0,13,0.3333333333333333,0.9203321218140844,,0.0443187402561306,0.045092040207237,,253,0,,0.0,,,,,39,,,,,,,0.0007732999511063,,,,,,,,,,True,configured_work_complete,configured_weights,,0.0443187402561306,solver final filtering and index remapping; caller metric conversion excluded,r5-v1,,excluded_precomputed,,True,,,fresh_retrieval,,,,0.0443187402561306,0.045092040207237,measured_excluding_encoding,"[11, 12, 19, 20]",,specialized Python branch and bound,3.11.15,,,<paper>/revision_campaign_20260914/default/amazon_baselines/baselines.csv,0.3846153846153846
60,Greedy,1,feasible,complete,1,1,returned,0,,3,0.0512820512820512,0.5248965562903589,,0.0001366841606795,0.0009099841117858,,4,0,,0.0,,,,,39,,,,,,,0.0007732999511063,,,,,,,,,,True,configured_work_complete,configured_work,,0.0001366841606795,solver final filtering and index remapping; caller metric conversion excluded,r5-v1,,excluded_precomputed,,True,,,fresh_retrieval,,,,0.0001366841606795,0.0009099841117858,measured_excluding_encoding,"[11, 12, 19, 20]",,Python/Greedy,3.11.15,,,<paper>/revision_campaign_20260914/default/amazon_baselines/baselines.csv,0.3846153846153846
60,NSGA2-2000,1,feasible,complete,1,1,returned,0,,35,0.8974358974358975,0.9999470301575972,,0.2364608938805759,0.2372341938316822,,2000,0,,0.0,,,,,39,,,,,,,0.0007732999511063,,,,,,,,,,True,configured_work_complete,configured_work,,0.2364608938805759,solver final filtering and index remapping; caller metric conversion excluded,r5-v1,,excluded_precomputed,,True,,,fresh_retrieval,,,,0.2364608938805759,0.2372341938316822,measured_excluding_encoding,"[11, 12, 19, 20]",,Python/NSGA2-2000,3.11.15,,,<paper>/revision_campaign_20260914/default/amazon_baselines/baselines.csv,0.3846153846153846
60,NSGA2-10000,1,feasible,complete,1,1,returned,0,,36,0.9230769230769232,0.9999776879624886,,1.2208144189789891,1.2215877189300954,,10000,0,,0.0,,,,,39,,,,,,,0.0007732999511063,,,,,,,,,,True,configured_work_complete,configured_work,,1.2208144189789891,solver final filtering and index remapping; caller metric conversion excluded,r5-v1,,excluded_precomputed,,True,,,fresh_retrieval,,,,1.2208144189789891,1.2215877189300954,measured_excluding_encoding,"[11, 12, 19, 20]",,Python/NSGA2-10000,3.11.15,,,<paper>/revision_campaign_20260914/default/amazon_baselines/baselines.csv,0.3846153846153846
61,WS-28,1,feasible,complete,1,1,returned,0,28.0,9,0.1139240506329113,0.2651287649376649,,0.0059077925980091,0.0068080178461968,,28,0,,0.0,,,,,79,,,,,,,0.0009002252481877,,,,,,,,,,True,configured_work_complete,configured_weights,,0.0059077925980091,solver final filtering and index remapping; caller metric conversion excluded,r5-v1,,excluded_precomputed,,True,,,fresh_retrieval,,,,0.0059077925980091,0.0068080178461968,measured_excluding_encoding,"[22, 4, 28, 27, 35, 62]",,specialized Python branch and bound,3.11.15,,,<paper>/revision_campaign_20260914/default/amazon_baselines/baselines.csv,0.1518987341772152
61,WS-253,1,feasible,complete,1,1,returned,0,253.0,13,0.1645569620253164,0.7405293382844819,,0.0559532330371439,0.0568534582853317,,253,0,,0.0,,,,,79,,,,,,,0.0009002252481877,,,,,,,,,,True,configured_work_complete,configured_weights,,0.0559532330371439,solver final filtering and index remapping; caller metric conversion excluded,r5-v1,,excluded_precomputed,,True,,,fresh_retrieval,,,,0.0559532330371439,0.0568534582853317,measured_excluding_encoding,"[22, 4, 28, 27, 35, 62]",,specialized Python branch and bound,3.11.15,,,<paper>/revision_campaign_20260914/default/amazon_baselines/baselines.csv,0.1518987341772152
61,Greedy,1,feasible,complete,1,1,returned,0,,3,0.0253164556962025,0.1096040468641913,,0.0002441140823066,0.0011443393304944,,4,0,,0.0,,,,,79,,,,,,,0.0009002252481877,,,,,,,,,,True,configured_work_complete,configured_work,,0.0002441140823066,solver final filtering and index remapping; caller metric conversion excluded,r5-v1,,excluded_precomputed,,True,,,fresh_retrieval,,,,0.0002441140823066,0.0011443393304944,measured_excluding_encoding,"[22, 4, 28, 27, 35, 62]",,Python/Greedy,3.11.15,,,<paper>/revision_campaign_20260914/default/amazon_baselines/baselines.csv,0.1518987341772152
61,NSGA2-2000,1,feasible,complete,1,1,returned,0,,44,0.2784810126582278,0.8126665525665121,,0.1732948888093233,0.1741951140575111,,2000,0,,0.0,,,,,79,,,,,,,0.0009002252481877,,,,,,,,,,True,configured_work_complete,configured_work,,0.1732948888093233,solver final filtering and index remapping; caller metric conversion excluded,r5-v1,,excluded_precomputed,,True,,,fresh_retrieval,,,,0.1732948888093233,0.1741951140575111,measured_excluding_encoding,"[22, 4, 28, 27, 35, 62]",,Python/NSGA2-2000,3.11.15,,,<paper>/revision_campaign_20260914/default/amazon_baselines/baselines.csv,0.1518987341772152
61,NSGA2-10000,1,feasible,complete,1,1,returned,0,,88,0.1645569620253164,0.6390404308931199,,0.7294100574217737,0.7303102826699615,,10000,0,,0.0,,,,,79,,,,,,,0.0009002252481877,,,,,,,,,,True,configured_work_complete,configured_work,,0.7294100574217737,solver final filtering and index remapping; caller metric conversion excluded,r5-v1,,excluded_precomputed,,True,,,fresh_retrieval,,,,0.7294100574217737,0.7303102826699615,measured_excluding_encoding,"[22, 4, 28, 27, 35, 62]",,Python/NSGA2-10000,3.11.15,,,<paper>/revision_campaign_20260914/default/amazon_baselines/baselines.csv,0.1518987341772152
62,WS-28,1,feasible,complete,1,1,returned,0,28.0,12,0.0677966101694915,0.7734933756025417,,0.0222782739438116,0.0234114611521363,,28,0,,0.0,,,,,177,,,,,,,0.0011331872083246,,,,,,,,,,True,configured_work_complete,configured_weights,,0.0222782739438116,solver final filtering and index remapping; caller metric conversion excluded,r5-v1,,excluded_precomputed,,True,,,fresh_retrieval,,,,0.0222782739438116,0.0234114611521363,measured_excluding_encoding,"[46, 14, 212, 12, 5, 177]",,specialized Python branch and bound,3.11.15,,,<paper>/revision_campaign_20260914/default/amazon_baselines/baselines.csv,0.1299435028248587
62,WS-253,1,feasible,complete,1,1,returned,0,253.0,17,0.096045197740113,0.8271573739903596,,0.2120748669840395,0.2132080541923642,,253,0,,0.0,,,,,177,,,,,,,0.0011331872083246,,,,,,,,,,True,configured_work_complete,configured_weights,,0.2120748669840395,solver final filtering and index remapping; caller metric conversion excluded,r5-v1,,excluded_precomputed,,True,,,fresh_retrieval,,,,0.2120748669840395,0.2132080541923642,measured_excluding_encoding,"[46, 14, 212, 12, 5, 177]",,specialized Python branch and bound,3.11.15,,,<paper>/revision_campaign_20260914/default/amazon_baselines/baselines.csv,0.1299435028248587
62,Greedy,1,feasible,complete,1,1,returned,0,,3,0.0056497175141242,0.057891515116444,,0.0004069488495588,0.0015401360578835,,4,0,,0.0,,,,,177,,,,,,,0.0011331872083246,,,,,,,,,,True,configured_work_complete,configured_work,,0.0004069488495588,solver final filtering and index remapping; caller metric conversion excluded,r5-v1,,excluded_precomputed,,True,,,fresh_retrieval,,,,0.0004069488495588,0.0015401360578835,measured_excluding_encoding,"[46, 14, 212, 12, 5, 177]",,Python/Greedy,3.11.15,,,<paper>/revision_campaign_20260914/default/amazon_baselines/baselines.csv,0.1299435028248587
62,NSGA2-2000,1,feasible,complete,1,1,returned,0,,50,0.0338983050847457,0.8328997947007347,,0.1646310519427061,0.1657642391510307,,2000,0,,0.0,,,,,177,,,,,,,0.0011331872083246,,,,,,,,,,True,configured_work_complete,configured_work,,0.1646310519427061,solver final filtering and index remapping; caller metric conversion excluded,r5-v1,,excluded_precomputed,,True,,,fresh_retrieval,,,,0.1646310519427061,0.1657642391510307,measured_excluding_encoding,"[46, 14, 212, 12, 5, 177]",,Python/NSGA2-2000,3.11.15,,,<paper>/revision_campaign_20260914/default/amazon_baselines/baselines.csv,0.1299435028248587
62,NSGA2-10000,1,feasible,complete,1,1,returned,0,,96,0.4463276836158192,0.97963807908599,,0.6707487581297755,0.6718819453381002,,10000,0,,0.0,,,,,177,,,,,,,0.0011331872083246,,,,,,,,,,True,configured_work_complete,configured_work,,0.6707487581297755,solver final filtering and index remapping; caller metric conversion excluded,r5-v1,,excluded_precomputed,,True,,,fresh_retrieval,,,,0.6707487581297755,0.6718819453381002,measured_excluding_encoding,"[46, 14, 212, 12, 5, 177]",,Python/NSGA2-10000,3.11.15,,,<paper>/revision_campaign_20260914/default/amazon_baselines/baselines.csv,0.1299435028248587
63,WS-28,1,feasible,complete,1,1,returned,0,28.0,9,0.0576923076923076,0.7364318730097507,,0.0147250411100685,0.0156787512823939,,28,0,,0.0,,,,,156,,,,,,,0.0009537101723253,,,,,,,,,,True,configured_work_complete,configured_weights,,0.0147250411100685,solver final filtering and index remapping; caller metric conversion excluded,r5-v1,,excluded_precomputed,,True,,,fresh_retrieval,,,,0.0147250411100685,0.0156787512823939,measured_excluding_encoding,"[172, 27, 7, 7, 6]",,specialized Python branch and bound,3.11.15,,,<paper>/revision_campaign_20260914/default/amazon_baselines/baselines.csv,0.1089743589743589
63,WS-253,1,feasible,complete,1,1,returned,0,253.0,15,0.0961538461538461,0.8617369594136921,,0.1476654382422566,0.148619148414582,,253,0,,0.0,,,,,156,,,,,,,0.0009537101723253,,,,,,,,,,True,configured_work_complete,configured_weights,,0.1476654382422566,solver final filtering and index remapping; caller metric conversion excluded,r5-v1,,excluded_precomputed,,True,,,fresh_retrieval,,,,0.1476654382422566,0.148619148414582,measured_excluding_encoding,"[172, 27, 7, 7, 6]",,specialized Python branch and bound,3.11.15,,,<paper>/revision_campaign_20260914/default/amazon_baselines/baselines.csv,0.1089743589743589
63,Greedy,1,feasible,complete,1,1,returned,0,,3,0.0064102564102564,0.0217569106984559,,0.0002554110251367,0.001209121197462,,4,0,,0.0,,,,,156,,,,,,,0.0009537101723253,,,,,,,,,,True,configured_work_complete,configured_work,,0.0002554110251367,solver final filtering and index remapping; caller metric conversion excluded,r5-v1,,excluded_precomputed,,True,,,fresh_retrieval,,,,0.0002554110251367,0.001209121197462,measured_excluding_encoding,"[172, 27, 7, 7, 6]",,Python/Greedy,3.11.15,,,<paper>/revision_campaign_20260914/default/amazon_baselines/baselines.csv,0.1089743589743589
63,NSGA2-2000,1,feasible,complete,1,1,returned,0,,48,0.2115384615384615,0.9587575470394788,,0.1756121204234659,0.1765658305957913,,2000,0,,0.0,,,,,156,,,,,,,0.0009537101723253,,,,,,,,,,True,configured_work_complete,configured_work,,0.1756121204234659,solver final filtering and index remapping; caller metric conversion excluded,r5-v1,,excluded_precomputed,,True,,,fresh_retrieval,,,,0.1756121204234659,0.1765658305957913,measured_excluding_encoding,"[172, 27, 7, 7, 6]",,Python/NSGA2-2000,3.11.15,,,<paper>/revision_campaign_20260914/default/amazon_baselines/baselines.csv,0.1089743589743589
63,NSGA2-10000,1,feasible,complete,1,1,returned,0,,99,0.5384615384615384,0.9816339970161408,,0.7355831391178071,0.7365368492901325,,10000,0,,0.0,,,,,156,,,,,,,0.0009537101723253,,,,,,,,,,True,configured_work_complete,configured_work,,0.7355831391178071,solver final filtering and index remapping; caller metric conversion excluded,r5-v1,,excluded_precomputed,,True,,,fresh_retrieval,,,,0.7355831391178071,0.7365368492901325,measured_excluding_encoding,"[172, 27, 7, 7, 6]",,Python/NSGA2-10000,3.11.15,,,<paper>/revision_campaign_20260914/default/amazon_baselines/baselines.csv,0.1089743589743589
64,WS-28,1,feasible,complete,1,1,returned,0,28.0,10,0.2439024390243902,0.9455586650577326,,0.003816935699433,0.0046401596628129,,28,0,,0.0,,,,,41,,,,,,,0.0008232239633798,,,,,,,,,,True,configured_work_complete,configured_weights,,0.003816935699433,solver final filtering and index remapping; caller metric conversion excluded,r5-v1,,excluded_precomputed,,True,,,fresh_retrieval,,,,0.003816935699433,0.0046401596628129,measured_excluding_encoding,"[59, 5, 42]",,specialized Python branch and bound,3.11.15,,,<paper>/revision_campaign_20260914/default/amazon_baselines/baselines.csv,0.5121951219512195
64,WS-253,1,feasible,complete,1,1,returned,0,253.0,15,0.3658536585365853,0.9699191896658262,,0.0451563918031752,0.045979615766555,,253,0,,0.0,,,,,41,,,,,,,0.0008232239633798,,,,,,,,,,True,configured_work_complete,configured_weights,,0.0451563918031752,solver final filtering and index remapping; caller metric conversion excluded,r5-v1,,excluded_precomputed,,True,,,fresh_retrieval,,,,0.0451563918031752,0.045979615766555,measured_excluding_encoding,"[59, 5, 42]",,specialized Python branch and bound,3.11.15,,,<paper>/revision_campaign_20260914/default/amazon_baselines/baselines.csv,0.5121951219512195
64,Greedy,1,feasible,complete,1,1,returned,0,,3,0.024390243902439,0.5724001373704314,,0.0001380071043968,0.0009612310677766,,4,0,,0.0,,,,,41,,,,,,,0.0008232239633798,,,,,,,,,,True,configured_work_complete,configured_work,,0.0001380071043968,solver final filtering and index remapping; caller metric conversion excluded,r5-v1,,excluded_precomputed,,True,,,fresh_retrieval,,,,0.0001380071043968,0.0009612310677766,measured_excluding_encoding,"[59, 5, 42]",,Python/Greedy,3.11.15,,,<paper>/revision_campaign_20260914/default/amazon_baselines/baselines.csv,0.5121951219512195
64,NSGA2-2000,1,feasible,complete,1,1,returned,0,,35,0.7804878048780488,0.9991776171426332,,0.1882130815647542,0.1890363055281341,,2000,0,,0.0,,,,,41,,,,,,,0.0008232239633798,,,,,,,,,,True,configured_work_complete,configured_work,,0.1882130815647542,solver final filtering and index remapping; caller metric conversion excluded,r5-v1,,excluded_precomputed,,True,,,fresh_retrieval,,,,0.1882130815647542,0.1890363055281341,measured_excluding_encoding,"[59, 5, 42]",,Python/NSGA2-2000,3.11.15,,,<paper>/revision_campaign_20260914/default/amazon_baselines/baselines.csv,0.5121951219512195
64,NSGA2-10000,1,feasible,complete,1,1,returned,0,,41,1.0,1.0000000000000002,,0.8039367189630866,0.8047599429264665,,10099,0,,0.0,,,,,41,,,,,,,0.0008232239633798,,,,,,,,,,True,configured_work_complete,configured_work,,0.8039367189630866,solver final filtering and index remapping; caller metric conversion excluded,r5-v1,,excluded_precomputed,,True,,,fresh_retrieval,,,,0.8039367189630866,0.8047599429264665,measured_excluding_encoding,"[59, 5, 42]",,Python/NSGA2-10000,3.11.15,,,<paper>/revision_campaign_20260914/default/amazon_baselines/baselines.csv,0.5121951219512195
65,WS-28,1,feasible,complete,1,1,returned,0,28.0,11,0.053763440860215,0.8549859841910458,,0.0147548411041498,0.0156678329221904,,28,0,,0.0,,,,,186,,,,,,,0.0009129918180406,,,,,,,,,,True,configured_work_complete,configured_weights,,0.0147548411041498,solver final filtering and index remapping; caller metric conversion excluded,r5-v1,,excluded_precomputed,,True,,,fresh_retrieval,,,,0.0147548411041498,0.0156678329221904,measured_excluding_encoding,"[14, 19, 60, 22, 16, 13, 43]",,specialized Python branch and bound,3.11.15,,,<paper>/revision_campaign_20260914/default/amazon_baselines/baselines.csv,0.1505376344086021
65,WS-253,1,feasible,complete,1,1,returned,0,253.0,16,0.086021505376344,0.8851561401295508,,0.1294154543429613,0.1303284461610019,,253,0,,0.0,,,,,186,,,,,,,0.0009129918180406,,,,,,,,,,True,configured_work_complete,configured_weights,,0.1294154543429613,solver final filtering and index remapping; caller metric conversion excluded,r5-v1,,excluded_precomputed,,True,,,fresh_retrieval,,,,0.1294154543429613,0.1303284461610019,measured_excluding_encoding,"[14, 19, 60, 22, 16, 13, 43]",,specialized Python branch and bound,3.11.15,,,<paper>/revision_campaign_20260914/default/amazon_baselines/baselines.csv,0.1505376344086021
65,Greedy,1,feasible,complete,1,1,returned,0,,3,0.0053763440860215,0.2034303536756091,,0.0003197477199137,0.0012327395379543,,4,0,,0.0,,,,,186,,,,,,,0.0009129918180406,,,,,,,,,,True,configured_work_complete,configured_work,,0.0003197477199137,solver final filtering and index remapping; caller metric conversion excluded,r5-v1,,excluded_precomputed,,True,,,fresh_retrieval,,,,0.0003197477199137,0.0012327395379543,measured_excluding_encoding,"[14, 19, 60, 22, 16, 13, 43]",,Python/Greedy,3.11.15,,,<paper>/revision_campaign_20260914/default/amazon_baselines/baselines.csv,0.1505376344086021
65,NSGA2-2000,1,feasible,complete,1,1,returned,0,,49,0.043010752688172,0.8655291323172151,,0.1616312386468053,0.1625442304648459,,2000,0,,0.0,,,,,186,,,,,,,0.0009129918180406,,,,,,,,,,True,configured_work_complete,configured_work,,0.1616312386468053,solver final filtering and index remapping; caller metric conversion excluded,r5-v1,,excluded_precomputed,,True,,,fresh_retrieval,,,,0.1616312386468053,0.1625442304648459,measured_excluding_encoding,"[14, 19, 60, 22, 16, 13, 43]",,Python/NSGA2-2000,3.11.15,,,<paper>/revision_campaign_20260914/default/amazon_baselines/baselines.csv,0.1505376344086021
65,NSGA2-10000,1,feasible,complete,1,1,returned,0,,95,0.0913978494623656,0.8457769239151296,,0.6906773489899933,0.6915903408080339,,10000,0,,0.0,,,,,186,,,,,,,0.0009129918180406,,,,,,,,,,True,configured_work_complete,configured_work,,0.6906773489899933,solver final filtering and index remapping; caller metric conversion excluded,r5-v1,,excluded_precomputed,,True,,,fresh_retrieval,,,,0.6906773489899933,0.6915903408080339,measured_excluding_encoding,"[14, 19, 60, 22, 16, 13, 43]",,Python/NSGA2-10000,3.11.15,,,<paper>/revision_campaign_20260914/default/amazon_baselines/baselines.csv,0.1505376344086021
66,WS-28,1,feasible,complete,1,1,returned,0,28.0,9,0.3,0.8578180693493115,,0.0080745304003357,0.0092564891092479,,28,0,,0.0,,,,,30,,,,,,,0.0011819587089121,,,,,,,,,,True,configured_work_complete,configured_weights,,0.0080745304003357,solver final filtering and index remapping; caller metric conversion excluded,r5-v1,,excluded_precomputed,,True,,,fresh_retrieval,,,,0.0080745304003357,0.0092564891092479,measured_excluding_encoding,"[253, 4, 287, 1]",,specialized Python branch and bound,3.11.15,,,<paper>/revision_campaign_20260914/default/amazon_baselines/baselines.csv,0.6
66,WS-253,1,feasible,complete,1,1,returned,0,253.0,15,0.5,0.9514336494652472,,0.0823001312091946,0.0834820899181068,,253,0,,0.0,,,,,30,,,,,,,0.0011819587089121,,,,,,,,,,True,configured_work_complete,configured_weights,,0.0823001312091946,solver final filtering and index remapping; caller metric conversion excluded,r5-v1,,excluded_precomputed,,True,,,fresh_retrieval,,,,0.0823001312091946,0.0834820899181068,measured_excluding_encoding,"[253, 4, 287, 1]",,specialized Python branch and bound,3.11.15,,,<paper>/revision_campaign_20260914/default/amazon_baselines/baselines.csv,0.6
66,Greedy,1,feasible,complete,1,1,returned,0,,3,0.0333333333333333,0.0525356647910913,,0.000353189650923,0.0015351483598351,,4,0,,0.0,,,,,30,,,,,,,0.0011819587089121,,,,,,,,,,True,configured_work_complete,configured_work,,0.000353189650923,solver final filtering and index remapping; caller metric conversion excluded,r5-v1,,excluded_precomputed,,True,,,fresh_retrieval,,,,0.000353189650923,0.0015351483598351,measured_excluding_encoding,"[253, 4, 287, 1]",,Python/Greedy,3.11.15,,,<paper>/revision_campaign_20260914/default/amazon_baselines/baselines.csv,0.6
66,NSGA2-2000,1,feasible,complete,1,1,returned,0,,18,0.2666666666666666,0.9673805532931492,,0.1576894661411643,0.1588714248500764,,2000,0,,0.0,,,,,30,,,,,,,0.0011819587089121,,,,,,,,,,True,configured_work_complete,configured_work,,0.1576894661411643,solver final filtering and index remapping; caller metric conversion excluded,r5-v1,,excluded_precomputed,,True,,,fresh_retrieval,,,,0.1576894661411643,0.1588714248500764,measured_excluding_encoding,"[253, 4, 287, 1]",,Python/NSGA2-2000,3.11.15,,,<paper>/revision_campaign_20260914/default/amazon_baselines/baselines.csv,0.6
66,NSGA2-10000,1,feasible,complete,1,1,returned,0,,29,0.9666666666666668,0.9999999809279928,,0.6774859451688826,0.6786679038777947,,10000,0,,0.0,,,,,30,,,,,,,0.0011819587089121,,,,,,,,,,True,configured_work_complete,configured_work,,0.6774859451688826,solver final filtering and index remapping; caller metric conversion excluded,r5-v1,,excluded_precomputed,,True,,,fresh_retrieval,,,,0.6774859451688826,0.6786679038777947,measured_excluding_encoding,"[253, 4, 287, 1]",,Python/NSGA2-10000,3.11.15,,,<paper>/revision_campaign_20260914/default/amazon_baselines/baselines.csv,0.6
67,WS-28,1,feasible,complete,1,1,returned,0,28.0,6,0.4,0.9211099156788723,,0.0033995863050222,0.0046505634672939,,28,0,,0.0,,,,,15,,,,,,,0.0012509771622717,,,,,,,,,,True,configured_work_complete,configured_weights,,0.0033995863050222,solver final filtering and index remapping; caller metric conversion excluded,r5-v1,,excluded_precomputed,,True,,,fresh_retrieval,,,,0.0033995863050222,0.0046505634672939,measured_excluding_encoding,"[3, 122, 9]",,specialized Python branch and bound,3.11.15,,,<paper>/revision_campaign_20260914/default/amazon_baselines/baselines.csv,0.6666666666666666
67,WS-253,1,feasible,complete,1,1,returned,0,253.0,8,0.5333333333333333,0.971323673842852,,0.0364674483425915,0.0377184255048632,,253,0,,0.0,,,,,15,,,,,,,0.0012509771622717,,,,,,,,,,True,configured_work_complete,configured_weights,,0.0364674483425915,solver final filtering and index remapping; caller metric conversion excluded,r5-v1,,excluded_precomputed,,True,,,fresh_retrieval,,,,0.0364674483425915,0.0377184255048632,measured_excluding_encoding,"[3, 122, 9]",,specialized Python branch and bound,3.11.15,,,<paper>/revision_campaign_20260914/default/amazon_baselines/baselines.csv,0.6666666666666666
67,Greedy,1,feasible,complete,1,1,returned,0,,3,0.0666666666666666,0.1889836649539187,,0.0001708660274744,0.0014218431897461,,4,0,,0.0,,,,,15,,,,,,,0.0012509771622717,,,,,,,,,,True,configured_work_complete,configured_work,,0.0001708660274744,solver final filtering and index remapping; caller metric conversion excluded,r5-v1,,excluded_precomputed,,True,,,fresh_retrieval,,,,0.0001708660274744,0.0014218431897461,measured_excluding_encoding,"[3, 122, 9]",,Python/Greedy,3.11.15,,,<paper>/revision_campaign_20260914/default/amazon_baselines/baselines.csv,0.6666666666666666
67,NSGA2-2000,1,feasible,complete,1,1,returned,0,,16,0.9333333333333332,0.9965831217244449,,0.241004548035562,0.2422555251978337,,2000,0,,0.0,,,,,15,,,,,,,0.0012509771622717,,,,,,,,,,True,configured_work_complete,configured_work,,0.241004548035562,solver final filtering and index remapping; caller metric conversion excluded,r5-v1,,excluded_precomputed,,True,,,fresh_retrieval,,,,0.241004548035562,0.2422555251978337,measured_excluding_encoding,"[3, 122, 9]",,Python/NSGA2-2000,3.11.15,,,<paper>/revision_campaign_20260914/default/amazon_baselines/baselines.csv,0.6666666666666666
67,NSGA2-10000,1,feasible,complete,1,1,returned,0,,15,1.0,1.0,,1.0586634720675647,1.0599144492298365,,10099,0,,0.0,,,,,15,,,,,,,0.0012509771622717,,,,,,,,,,True,configured_work_complete,configured_work,,1.0586634720675647,solver final filtering and index remapping; caller metric conversion excluded,r5-v1,,excluded_precomputed,,True,,,fresh_retrieval,,,,1.0586634720675647,1.0599144492298365,measured_excluding_encoding,"[3, 122, 9]",,Python/NSGA2-10000,3.11.15,,,<paper>/revision_campaign_20260914/default/amazon_baselines/baselines.csv,0.6666666666666666
68,WS-28,1,feasible,complete,1,1,returned,0,28.0,7,0.048780487804878,0.5525743096125365,,0.007925571873784,0.0088880779221653,,28,0,,0.0,,,,,123,,,,,,,0.0009625060483813,,,,,,,,,,True,configured_work_complete,configured_weights,,0.007925571873784,solver final filtering and index remapping; caller metric conversion excluded,r5-v1,,excluded_precomputed,,True,,,fresh_retrieval,,,,0.007925571873784,0.0088880779221653,measured_excluding_encoding,"[19, 18, 12, 9, 38, 47, 16]",,specialized Python branch and bound,3.11.15,,,<paper>/revision_campaign_20260914/default/amazon_baselines/baselines.csv,0.1300813008130081
68,WS-253,1,feasible,complete,1,1,returned,0,253.0,12,0.0975609756097561,0.681102108515012,,0.0751097402535379,0.0760722463019192,,253,0,,0.0,,,,,123,,,,,,,0.0009625060483813,,,,,,,,,,True,configured_work_complete,configured_weights,,0.0751097402535379,solver final filtering and index remapping; caller metric conversion excluded,r5-v1,,excluded_precomputed,,True,,,fresh_retrieval,,,,0.0751097402535379,0.0760722463019192,measured_excluding_encoding,"[19, 18, 12, 9, 38, 47, 16]",,specialized Python branch and bound,3.11.15,,,<paper>/revision_campaign_20260914/default/amazon_baselines/baselines.csv,0.1300813008130081
68,Greedy,1,feasible,complete,1,1,returned,0,,3,0.008130081300813,0.3364204653278153,,0.0002663889899849,0.0012288950383663,,4,0,,0.0,,,,,123,,,,,,,0.0009625060483813,,,,,,,,,,True,configured_work_complete,configured_work,,0.0002663889899849,solver final filtering and index remapping; caller metric conversion excluded,r5-v1,,excluded_precomputed,,True,,,fresh_retrieval,,,,0.0002663889899849,0.0012288950383663,measured_excluding_encoding,"[19, 18, 12, 9, 38, 47, 16]",,Python/Greedy,3.11.15,,,<paper>/revision_campaign_20260914/default/amazon_baselines/baselines.csv,0.1300813008130081
68,NSGA2-2000,1,feasible,complete,1,1,returned,0,,49,0.056910569105691,0.7547489326602383,,0.1706268079578876,0.1715893140062689,,2000,0,,0.0,,,,,123,,,,,,,0.0009625060483813,,,,,,,,,,True,configured_work_complete,configured_work,,0.1706268079578876,solver final filtering and index remapping; caller metric conversion excluded,r5-v1,,excluded_precomputed,,True,,,fresh_retrieval,,,,0.1706268079578876,0.1715893140062689,measured_excluding_encoding,"[19, 18, 12, 9, 38, 47, 16]",,Python/NSGA2-2000,3.11.15,,,<paper>/revision_campaign_20260914/default/amazon_baselines/baselines.csv,0.1300813008130081
68,NSGA2-10000,1,feasible,complete,1,1,returned,0,,92,0.2845528455284553,0.961256555821013,,0.7254493017680943,0.7264118078164756,,10000,0,,0.0,,,,,123,,,,,,,0.0009625060483813,,,,,,,,,,True,configured_work_complete,configured_work,,0.7254493017680943,solver final filtering and index remapping; caller metric conversion excluded,r5-v1,,excluded_precomputed,,True,,,fresh_retrieval,,,,0.7254493017680943,0.7264118078164756,measured_excluding_encoding,"[19, 18, 12, 9, 38, 47, 16]",,Python/NSGA2-10000,3.11.15,,,<paper>/revision_campaign_20260914/default/amazon_baselines/baselines.csv,0.1300813008130081
69,WS-28,1,feasible,complete,1,1,returned,0,28.0,10,0.0826446280991735,0.7763991212731107,,0.0102731604129076,0.0112582761794328,,28,0,,0.0,,,,,121,,,,,,,0.0009851157665252,,,,,,,,,,True,configured_work_complete,configured_weights,,0.0102731604129076,solver final filtering and index remapping; caller metric conversion excluded,r5-v1,,excluded_precomputed,,True,,,fresh_retrieval,,,,0.0102731604129076,0.0112582761794328,measured_excluding_encoding,"[2, 20, 19, 4, 153, 40]",,specialized Python branch and bound,3.11.15,,,<paper>/revision_campaign_20260914/default/amazon_baselines/baselines.csv,0.1735537190082644
69,WS-253,1,feasible,complete,1,1,returned,0,253.0,15,0.1239669421487603,0.8044991639387924,,0.1140575110912323,0.1150426268577575,,253,0,,0.0,,,,,121,,,,,,,0.0009851157665252,,,,,,,,,,True,configured_work_complete,configured_weights,,0.1140575110912323,solver final filtering and index remapping; caller metric conversion excluded,r5-v1,,excluded_precomputed,,True,,,fresh_retrieval,,,,0.1140575110912323,0.1150426268577575,measured_excluding_encoding,"[2, 20, 19, 4, 153, 40]",,specialized Python branch and bound,3.11.15,,,<paper>/revision_campaign_20260914/default/amazon_baselines/baselines.csv,0.1735537190082644
69,Greedy,1,feasible,complete,1,1,returned,0,,2,0.0082644628099173,0.0001818085303468,,0.0002757869660854,0.0012609027326107,,4,0,,0.0,,,,,121,,,,,,,0.0009851157665252,,,,,,,,,,True,configured_work_complete,configured_work,,0.0002757869660854,solver final filtering and index remapping; caller metric conversion excluded,r5-v1,,excluded_precomputed,,True,,,fresh_retrieval,,,,0.0002757869660854,0.0012609027326107,measured_excluding_encoding,"[2, 20, 19, 4, 153, 40]",,Python/Greedy,3.11.15,,,<paper>/revision_campaign_20260914/default/amazon_baselines/baselines.csv,0.1735537190082644
69,NSGA2-2000,1,feasible,complete,1,1,returned,0,,50,0.2231404958677686,0.9421848147246146,,0.1608643969520926,0.1618495127186179,,2000,0,,0.0,,,,,121,,,,,,,0.0009851157665252,,,,,,,,,,True,configured_work_complete,configured_work,,0.1608643969520926,solver final filtering and index remapping; caller metric conversion excluded,r5-v1,,excluded_precomputed,,True,,,fresh_retrieval,,,,0.1608643969520926,0.1618495127186179,measured_excluding_encoding,"[2, 20, 19, 4, 153, 40]",,Python/NSGA2-2000,3.11.15,,,<paper>/revision_campaign_20260914/default/amazon_baselines/baselines.csv,0.1735537190082644
69,NSGA2-10000,1,feasible,complete,1,1,returned,0,,91,0.7107438016528925,0.9771099923259036,,0.7140382286161184,0.7150233443826437,,10000,0,,0.0,,,,,121,,,,,,,0.0009851157665252,,,,,,,,,,True,configured_work_complete,configured_work,,0.7140382286161184,solver final filtering and index remapping; caller metric conversion excluded,r5-v1,,excluded_precomputed,,True,,,fresh_retrieval,,,,0.7140382286161184,0.7150233443826437,measured_excluding_encoding,"[2, 20, 19, 4, 153, 40]",,Python/NSGA2-10000,3.11.15,,,<paper>/revision_campaign_20260914/default/amazon_baselines/baselines.csv,0.1735537190082644
70,WS-28,1,feasible,complete,1,1,returned,0,28.0,8,0.32,0.7428165340474331,,0.003666017204523,0.0045151342637836,,28,0,,0.0,,,,,25,,,,,,,0.0008491170592606,,,,,,,,,,True,configured_work_complete,configured_weights,,0.003666017204523,solver final filtering and index remapping; caller metric conversion excluded,r5-v1,,excluded_precomputed,,True,,,fresh_retrieval,,,,0.003666017204523,0.0045151342637836,measured_excluding_encoding,"[26, 3, 41, 3]",,specialized Python branch and bound,3.11.15,,,<paper>/revision_campaign_20260914/default/amazon_baselines/baselines.csv,0.4
70,WS-253,1,feasible,complete,1,1,returned,0,253.0,10,0.4,0.8116750782695468,,0.0402619228698313,0.0411110399290919,,253,0,,0.0,,,,,25,,,,,,,0.0008491170592606,,,,,,,,,,True,configured_work_complete,configured_weights,,0.0402619228698313,solver final filtering and index remapping; caller metric conversion excluded,r5-v1,,excluded_precomputed,,True,,,fresh_retrieval,,,,0.0402619228698313,0.0411110399290919,measured_excluding_encoding,"[26, 3, 41, 3]",,specialized Python branch and bound,3.11.15,,,<paper>/revision_campaign_20260914/default/amazon_baselines/baselines.csv,0.4
70,Greedy,1,feasible,complete,1,1,returned,0,,3,0.08,0.2993971187756076,,0.0001437328755855,0.0009928499348461,,4,0,,0.0,,,,,25,,,,,,,0.0008491170592606,,,,,,,,,,True,configured_work_complete,configured_work,,0.0001437328755855,solver final filtering and index remapping; caller metric conversion excluded,r5-v1,,excluded_precomputed,,True,,,fresh_retrieval,,,,0.0001437328755855,0.0009928499348461,measured_excluding_encoding,"[26, 3, 41, 3]",,Python/Greedy,3.11.15,,,<paper>/revision_campaign_20260914/default/amazon_baselines/baselines.csv,0.4
70,NSGA2-2000,1,feasible,complete,1,1,returned,0,,22,0.88,0.9925433981095142,,0.3520215819589793,0.35287069901824,,2000,0,,0.0,,,,,25,,,,,,,0.0008491170592606,,,,,,,,,,True,configured_work_complete,configured_work,,0.3520215819589793,solver final filtering and index remapping; caller metric conversion excluded,r5-v1,,excluded_precomputed,,True,,,fresh_retrieval,,,,0.3520215819589793,0.35287069901824,measured_excluding_encoding,"[26, 3, 41, 3]",,Python/NSGA2-2000,3.11.15,,,<paper>/revision_campaign_20260914/default/amazon_baselines/baselines.csv,0.4
70,NSGA2-10000,1,feasible,complete,1,1,returned,0,,25,1.0,1.0,,1.5123873208649457,1.5132364379242065,,10099,0,,0.0,,,,,25,,,,,,,0.0008491170592606,,,,,,,,,,True,configured_work_complete,configured_work,,1.5123873208649457,solver final filtering and index remapping; caller metric conversion excluded,r5-v1,,excluded_precomputed,,True,,,fresh_retrieval,,,,1.5123873208649457,1.5132364379242065,measured_excluding_encoding,"[26, 3, 41, 3]",,Python/NSGA2-10000,3.11.15,,,<paper>/revision_campaign_20260914/default/amazon_baselines/baselines.csv,0.4
71,WS-28,1,feasible,complete,1,1,returned,0,28.0,12,0.0383386581469648,0.4146346371272152,,0.0106430272571742,0.0115636773407459,,28,0,,0.0,,,,,313,,,,,,,0.0009206500835716,,,,,,,,,,True,configured_work_complete,configured_weights,,0.0106430272571742,solver final filtering and index remapping; caller metric conversion excluded,r5-v1,,excluded_precomputed,,True,,,fresh_retrieval,,,,0.0106430272571742,0.0115636773407459,measured_excluding_encoding,"[7, 52, 28, 18, 7, 14, 22, 21]",,specialized Python branch and bound,3.11.15,,,<paper>/revision_campaign_20260914/default/amazon_baselines/baselines.csv,0.1054313099041533
71,WS-253,1,feasible,complete,1,1,returned,0,253.0,31,0.0990415335463258,0.8082785802090381,,0.0998249812982976,0.1007456313818693,,253,0,,0.0,,,,,313,,,,,,,0.0009206500835716,,,,,,,,,,True,configured_work_complete,configured_weights,,0.0998249812982976,solver final filtering and index remapping; caller metric conversion excluded,r5-v1,,excluded_precomputed,,True,,,fresh_retrieval,,,,0.0998249812982976,0.1007456313818693,measured_excluding_encoding,"[7, 52, 28, 18, 7, 14, 22, 21]",,specialized Python branch and bound,3.11.15,,,<paper>/revision_campaign_20260914/default/amazon_baselines/baselines.csv,0.1054313099041533
71,Greedy,1,feasible,complete,1,1,returned,0,,4,0.0031948881789137,0.106346271868305,,0.00022374978289,0.0011443998664617,,4,0,,0.0,,,,,313,,,,,,,0.0009206500835716,,,,,,,,,,True,configured_work_complete,configured_work,,0.00022374978289,solver final filtering and index remapping; caller metric conversion excluded,r5-v1,,excluded_precomputed,,True,,,fresh_retrieval,,,,0.00022374978289,0.0011443998664617,measured_excluding_encoding,"[7, 52, 28, 18, 7, 14, 22, 21]",,Python/Greedy,3.11.15,,,<paper>/revision_campaign_20260914/default/amazon_baselines/baselines.csv,0.1054313099041533
71,NSGA2-2000,1,feasible,complete,1,1,returned,0,,50,0.0,0.5055463777740572,,0.1640802980400622,0.1650009481236338,,2000,0,,0.0,,,,,313,,,,,,,0.0009206500835716,,,,,,,,,,True,configured_work_complete,configured_work,,0.1640802980400622,solver final filtering and index remapping; caller metric conversion excluded,r5-v1,,excluded_precomputed,,True,,,fresh_retrieval,,,,0.1640802980400622,0.1650009481236338,measured_excluding_encoding,"[7, 52, 28, 18, 7, 14, 22, 21]",,Python/NSGA2-2000,3.11.15,,,<paper>/revision_campaign_20260914/default/amazon_baselines/baselines.csv,0.1054313099041533
71,NSGA2-10000,1,feasible,complete,1,1,returned,0,,99,0.1405750798722044,0.8823547918735933,,0.6710898117162287,0.6720104617998004,,10000,0,,0.0,,,,,313,,,,,,,0.0009206500835716,,,,,,,,,,True,configured_work_complete,configured_work,,0.6710898117162287,solver final filtering and index remapping; caller metric conversion excluded,r5-v1,,excluded_precomputed,,True,,,fresh_retrieval,,,,0.6710898117162287,0.6720104617998004,measured_excluding_encoding,"[7, 52, 28, 18, 7, 14, 22, 21]",,Python/NSGA2-10000,3.11.15,,,<paper>/revision_campaign_20260914/default/amazon_baselines/baselines.csv,0.1054313099041533
72,WS-28,1,feasible,complete,1,1,returned,0,28.0,9,0.1698113207547169,0.5865542238452498,,0.0062267272733151,0.0072811283171176,,28,0,,0.0,,,,,53,,,,,,,0.0010544010438024,,,,,,,,,,True,configured_work_complete,configured_weights,,0.0062267272733151,solver final filtering and index remapping; caller metric conversion excluded,r5-v1,,excluded_precomputed,,True,,,fresh_retrieval,,,,0.0062267272733151,0.0072811283171176,measured_excluding_encoding,"[39, 141, 72, 48]",,specialized Python branch and bound,3.11.15,,,<paper>/revision_campaign_20260914/default/amazon_baselines/baselines.csv,0.2075471698113207
72,WS-253,1,feasible,complete,1,1,returned,0,253.0,10,0.1886792452830188,0.5987643996154834,,0.0608213050290942,0.0618757060728967,,253,0,,0.0,,,,,53,,,,,,,0.0010544010438024,,,,,,,,,,True,configured_work_complete,configured_weights,,0.0608213050290942,solver final filtering and index remapping; caller metric conversion excluded,r5-v1,,excluded_precomputed,,True,,,fresh_retrieval,,,,0.0608213050290942,0.0618757060728967,measured_excluding_encoding,"[39, 141, 72, 48]",,specialized Python branch and bound,3.11.15,,,<paper>/revision_campaign_20260914/default/amazon_baselines/baselines.csv,0.2075471698113207
72,Greedy,1,feasible,complete,1,1,returned,0,,2,0.0188679245283018,0.5523691288475261,,0.000356615986675,0.0014110170304775,,4,0,,0.0,,,,,53,,,,,,,0.0010544010438024,,,,,,,,,,True,configured_work_complete,configured_work,,0.000356615986675,solver final filtering and index remapping; caller metric conversion excluded,r5-v1,,excluded_precomputed,,True,,,fresh_retrieval,,,,0.000356615986675,0.0014110170304775,measured_excluding_encoding,"[39, 141, 72, 48]",,Python/Greedy,3.11.15,,,<paper>/revision_campaign_20260914/default/amazon_baselines/baselines.csv,0.2075471698113207
72,NSGA2-2000,1,feasible,complete,1,1,returned,0,,21,0.0566037735849056,0.4596891407977038,,0.1503829774446785,0.151437378488481,,2000,0,,0.0,,,,,53,,,,,,,0.0010544010438024,,,,,,,,,,True,configured_work_complete,configured_work,,0.1503829774446785,solver final filtering and index remapping; caller metric conversion excluded,r5-v1,,excluded_precomputed,,True,,,fresh_retrieval,,,,0.1503829774446785,0.151437378488481,measured_excluding_encoding,"[39, 141, 72, 48]",,Python/NSGA2-2000,3.11.15,,,<paper>/revision_campaign_20260914/default/amazon_baselines/baselines.csv,0.2075471698113207
72,NSGA2-10000,1,feasible,complete,1,1,returned,0,,36,0.4716981132075472,0.9234669915596508,,0.6195038896985352,0.6205582907423377,,10000,0,,0.0,,,,,53,,,,,,,0.0010544010438024,,,,,,,,,,True,configured_work_complete,configured_work,,0.6195038896985352,solver final filtering and index remapping; caller metric conversion excluded,r5-v1,,excluded_precomputed,,True,,,fresh_retrieval,,,,0.6195038896985352,0.6205582907423377,measured_excluding_encoding,"[39, 141, 72, 48]",,Python/NSGA2-10000,3.11.15,,,<paper>/revision_campaign_20260914/default/amazon_baselines/baselines.csv,0.2075471698113207
73,WS-28,1,feasible,complete,1,1,returned,0,28.0,9,0.0263929618768328,0.5143201616198977,,0.020352026913315,0.0215835953131318,,28,0,,0.0,,,,,341,,,,,,,0.0012315683998167,,,,,,,,,,True,configured_work_complete,configured_weights,,0.020352026913315,solver final filtering and index remapping; caller metric conversion excluded,r5-v1,,excluded_precomputed,,True,,,fresh_retrieval,,,,0.020352026913315,0.0215835953131318,measured_excluding_encoding,"[3, 415, 11, 62, 2, 13, 24]",,specialized Python branch and bound,3.11.15,,,<paper>/revision_campaign_20260914/default/amazon_baselines/baselines.csv,0.0909090909090909
73,WS-253,1,feasible,complete,1,1,returned,0,253.0,17,0.0498533724340175,0.6640179523200341,,0.2375164427794516,0.2387480111792683,,253,0,,0.0,,,,,341,,,,,,,0.0012315683998167,,,,,,,,,,True,configured_work_complete,configured_weights,,0.2375164427794516,solver final filtering and index remapping; caller metric conversion excluded,r5-v1,,excluded_precomputed,,True,,,fresh_retrieval,,,,0.2375164427794516,0.2387480111792683,measured_excluding_encoding,"[3, 415, 11, 62, 2, 13, 24]",,specialized Python branch and bound,3.11.15,,,<paper>/revision_campaign_20260914/default/amazon_baselines/baselines.csv,0.0909090909090909
73,Greedy,1,feasible,complete,1,1,returned,0,,3,0.002932551319648,0.0611828172314961,,0.0004424629732966,0.0016740313731133,,4,0,,0.0,,,,,341,,,,,,,0.0012315683998167,,,,,,,,,,True,configured_work_complete,configured_work,,0.0004424629732966,solver final filtering and index remapping; caller metric conversion excluded,r5-v1,,excluded_precomputed,,True,,,fresh_retrieval,,,,0.0004424629732966,0.0016740313731133,measured_excluding_encoding,"[3, 415, 11, 62, 2, 13, 24]",,Python/Greedy,3.11.15,,,<paper>/revision_campaign_20260914/default/amazon_baselines/baselines.csv,0.0909090909090909
73,NSGA2-2000,1,feasible,complete,1,1,returned,0,,50,0.0175953079178885,0.774486161996153,,0.1513978210277855,0.1526293894276023,,2000,0,,0.0,,,,,341,,,,,,,0.0012315683998167,,,,,,,,,,True,configured_work_complete,configured_work,,0.1513978210277855,solver final filtering and index remapping; caller metric conversion excluded,r5-v1,,excluded_precomputed,,True,,,fresh_retrieval,,,,0.1513978210277855,0.1526293894276023,measured_excluding_encoding,"[3, 415, 11, 62, 2, 13, 24]",,Python/NSGA2-2000,3.11.15,,,<paper>/revision_campaign_20260914/default/amazon_baselines/baselines.csv,0.0909090909090909
73,NSGA2-10000,1,feasible,complete,1,1,returned,0,,98,0.1466275659824047,0.907670343627845,,0.6567982439883053,0.6580298123881221,,10000,0,,0.0,,,,,341,,,,,,,0.0012315683998167,,,,,,,,,,True,configured_work_complete,configured_work,,0.6567982439883053,solver final filtering and index remapping; caller metric conversion excluded,r5-v1,,excluded_precomputed,,True,,,fresh_retrieval,,,,0.6567982439883053,0.6580298123881221,measured_excluding_encoding,"[3, 415, 11, 62, 2, 13, 24]",,Python/NSGA2-10000,3.11.15,,,<paper>/revision_campaign_20260914/default/amazon_baselines/baselines.csv,0.0909090909090909
74,WS-28,1,feasible,complete,1,1,returned,0,28.0,8,0.21875,0.8171075505869131,,0.0028242338448762,0.003644993994385,,28,0,,0.0,,,,,32,,,,,,,0.0008207601495087,,,,,,,,,,True,configured_work_complete,configured_weights,,0.0028242338448762,solver final filtering and index remapping; caller metric conversion excluded,r5-v1,,excluded_precomputed,,True,,,fresh_retrieval,,,,0.0028242338448762,0.003644993994385,measured_excluding_encoding,"[1, 9, 4, 31]",,specialized Python branch and bound,3.11.15,,,<paper>/revision_campaign_20260914/default/amazon_baselines/baselines.csv,0.40625
74,WS-253,1,feasible,complete,1,1,returned,0,253.0,11,0.3125,0.8803960781658995,,0.0329539226368069,0.0337746827863156,,253,0,,0.0,,,,,32,,,,,,,0.0008207601495087,,,,,,,,,,True,configured_work_complete,configured_weights,,0.0329539226368069,solver final filtering and index remapping; caller metric conversion excluded,r5-v1,,excluded_precomputed,,True,,,fresh_retrieval,,,,0.0329539226368069,0.0337746827863156,measured_excluding_encoding,"[1, 9, 4, 31]",,specialized Python branch and bound,3.11.15,,,<paper>/revision_campaign_20260914/default/amazon_baselines/baselines.csv,0.40625
74,Greedy,1,feasible,complete,1,1,returned,0,,4,0.03125,0.16933332190993,,9.590014815330504e-05,0.000916660297662,,4,0,,0.0,,,,,32,,,,,,,0.0008207601495087,,,,,,,,,,True,configured_work_complete,configured_work,,9.590014815330504e-05,solver final filtering and index remapping; caller metric conversion excluded,r5-v1,,excluded_precomputed,,True,,,fresh_retrieval,,,,9.590014815330504e-05,0.000916660297662,measured_excluding_encoding,"[1, 9, 4, 31]",,Python/Greedy,3.11.15,,,<paper>/revision_campaign_20260914/default/amazon_baselines/baselines.csv,0.40625
74,NSGA2-2000,1,feasible,complete,1,1,returned,0,,31,0.96875,0.9996818167863304,,0.3509682100266218,0.3517889701761305,,2049,0,,0.0,,,,,32,,,,,,,0.0008207601495087,,,,,,,,,,True,configured_work_complete,configured_work,,0.3509682100266218,solver final filtering and index remapping; caller metric conversion excluded,r5-v1,,excluded_precomputed,,True,,,fresh_retrieval,,,,0.3509682100266218,0.3517889701761305,measured_excluding_encoding,"[1, 9, 4, 31]",,Python/NSGA2-2000,3.11.15,,,<paper>/revision_campaign_20260914/default/amazon_baselines/baselines.csv,0.40625
74,NSGA2-10000,1,feasible,complete,1,1,returned,0,,32,1.0,1.0,,2.000246203038841,2.00106696318835,,10097,0,,0.0,,,,,32,,,,,,,0.0008207601495087,,,,,,,,,,True,configured_work_complete,configured_work,,2.000246203038841,solver final filtering and index remapping; caller metric conversion excluded,r5-v1,,excluded_precomputed,,True,,,fresh_retrieval,,,,2.000246203038841,2.00106696318835,measured_excluding_encoding,"[1, 9, 4, 31]",,Python/NSGA2-10000,3.11.15,,,<paper>/revision_campaign_20260914/default/amazon_baselines/baselines.csv,0.40625
75,WS-28,1,feasible,complete,1,1,returned,0,28.0,5,0.2272727272727272,0.5707118501433905,,0.0028965692035853,0.0037002502940595,,28,0,,0.0,,,,,22,,,,,,,0.0008036810904741,,,,,,,,,,True,configured_work_complete,configured_weights,,0.0028965692035853,solver final filtering and index remapping; caller metric conversion excluded,r5-v1,,excluded_precomputed,,True,,,fresh_retrieval,,,,0.0028965692035853,0.0037002502940595,measured_excluding_encoding,"[15, 72, 8]",,specialized Python branch and bound,3.11.15,,,<paper>/revision_campaign_20260914/default/amazon_baselines/baselines.csv,0.4090909090909091
75,WS-253,1,feasible,complete,1,1,returned,0,253.0,9,0.4090909090909091,0.9220721036286436,,0.0337032619863748,0.0345069430768489,,253,0,,0.0,,,,,22,,,,,,,0.0008036810904741,,,,,,,,,,True,configured_work_complete,configured_weights,,0.0337032619863748,solver final filtering and index remapping; caller metric conversion excluded,r5-v1,,excluded_precomputed,,True,,,fresh_retrieval,,,,0.0337032619863748,0.0345069430768489,measured_excluding_encoding,"[15, 72, 8]",,specialized Python branch and bound,3.11.15,,,<paper>/revision_campaign_20260914/default/amazon_baselines/baselines.csv,0.4090909090909091
75,Greedy,1,feasible,complete,1,1,returned,0,,3,0.1363636363636363,0.6498763006441336,,0.0001211771741509,0.000924858264625,,4,0,,0.0,,,,,22,,,,,,,0.0008036810904741,,,,,,,,,,True,configured_work_complete,configured_work,,0.0001211771741509,solver final filtering and index remapping; caller metric conversion excluded,r5-v1,,excluded_precomputed,,True,,,fresh_retrieval,,,,0.0001211771741509,0.000924858264625,measured_excluding_encoding,"[15, 72, 8]",,Python/Greedy,3.11.15,,,<paper>/revision_campaign_20260914/default/amazon_baselines/baselines.csv,0.4090909090909091
75,NSGA2-2000,1,feasible,complete,1,1,returned,0,,17,0.7727272727272727,0.9908807411213884,,0.2236468070186674,0.2244504881091416,,2049,0,,0.0,,,,,22,,,,,,,0.0008036810904741,,,,,,,,,,True,configured_work_complete,configured_work,,0.2236468070186674,solver final filtering and index remapping; caller metric conversion excluded,r5-v1,,excluded_precomputed,,True,,,fresh_retrieval,,,,0.2236468070186674,0.2244504881091416,measured_excluding_encoding,"[15, 72, 8]",,Python/NSGA2-2000,3.11.15,,,<paper>/revision_campaign_20260914/default/amazon_baselines/baselines.csv,0.4090909090909091
75,NSGA2-10000,1,feasible,complete,1,1,returned,0,,22,1.0,1.0,,0.9472707780078052,0.9480744590982796,,10000,0,,0.0,,,,,22,,,,,,,0.0008036810904741,,,,,,,,,,True,configured_work_complete,configured_work,,0.9472707780078052,solver final filtering and index remapping; caller metric conversion excluded,r5-v1,,excluded_precomputed,,True,,,fresh_retrieval,,,,0.9472707780078052,0.9480744590982796,measured_excluding_encoding,"[15, 72, 8]",,Python/NSGA2-10000,3.11.15,,,<paper>/revision_campaign_20260914/default/amazon_baselines/baselines.csv,0.4090909090909091
76,WS-28,1,feasible,complete,1,1,returned,0,28.0,4,0.4444444444444444,0.7512019368650157,,0.075926355086267,0.0766878393478691,,28,0,,0.0,,,,,9,,,,,,,0.0007614842616021,,,,,,,,,,True,configured_work_complete,configured_weights,,0.075926355086267,solver final filtering and index remapping; caller metric conversion excluded,r5-v1,,excluded_precomputed,,True,,,fresh_retrieval,,,,0.075926355086267,0.0766878393478691,measured_excluding_encoding,"[13, 1, 10]",,specialized Python branch and bound,3.11.15,,,<paper>/revision_campaign_20260914/default/amazon_baselines/baselines.csv,1.0
76,WS-253,1,feasible,complete,1,1,returned,0,253.0,7,0.7777777777777778,0.9785302310401328,,0.0275129918009042,0.0282744760625064,,253,0,,0.0,,,,,9,,,,,,,0.0007614842616021,,,,,,,,,,True,configured_work_complete,configured_weights,,0.0275129918009042,solver final filtering and index remapping; caller metric conversion excluded,r5-v1,,excluded_precomputed,,True,,,fresh_retrieval,,,,0.0275129918009042,0.0282744760625064,measured_excluding_encoding,"[13, 1, 10]",,specialized Python branch and bound,3.11.15,,,<paper>/revision_campaign_20260914/default/amazon_baselines/baselines.csv,1.0
76,Greedy,1,feasible,complete,1,1,returned,0,,3,0.2222222222222222,0.0140778917345754,,8.732592687010765e-05,0.0008488101884722,,4,0,,0.0,,,,,9,,,,,,,0.0007614842616021,,,,,,,,,,True,configured_work_complete,configured_work,,8.732592687010765e-05,solver final filtering and index remapping; caller metric conversion excluded,r5-v1,,excluded_precomputed,,True,,,fresh_retrieval,,,,8.732592687010765e-05,0.0008488101884722,measured_excluding_encoding,"[13, 1, 10]",,Python/Greedy,3.11.15,,,<paper>/revision_campaign_20260914/default/amazon_baselines/baselines.csv,1.0
76,NSGA2-2000,1,feasible,complete,1,1,returned,0,,9,1.0,1.0,,2.0771981300786138,2.077959614340216,,2011,0,,0.0,,,,,9,,,,,,,0.0007614842616021,,,,,,,,,,True,configured_work_complete,configured_work,,2.0771981300786138,solver final filtering and index remapping; caller metric conversion excluded,r5-v1,,excluded_precomputed,,True,,,fresh_retrieval,,,,2.0771981300786138,2.077959614340216,measured_excluding_encoding,"[13, 1, 10]",,Python/NSGA2-2000,3.11.15,,,<paper>/revision_campaign_20260914/default/amazon_baselines/baselines.csv,1.0
76,NSGA2-10000,1,feasible,complete,1,1,returned,0,,9,1.0,1.0,,51.58977801259607,51.59053949685767,,10025,0,,0.0,,,,,9,,,,,,,0.0007614842616021,,,,,,,,,,True,configured_work_complete,configured_work,,51.58977801259607,solver final filtering and index remapping; caller metric conversion excluded,r5-v1,,excluded_precomputed,,True,,,fresh_retrieval,,,,51.58977801259607,51.59053949685767,measured_excluding_encoding,"[13, 1, 10]",,Python/NSGA2-10000,3.11.15,,,<paper>/revision_campaign_20260914/default/amazon_baselines/baselines.csv,1.0
77,WS-28,1,feasible,complete,1,1,returned,0,28.0,5,0.217391304347826,0.5894864734772013,,0.0091578969731926,0.0103145432658493,,28,0,,0.0,,,,,23,,,,,,,0.0011566462926566,,,,,,,,,,True,configured_work_complete,configured_weights,,0.0091578969731926,solver final filtering and index remapping; caller metric conversion excluded,r5-v1,,excluded_precomputed,,True,,,fresh_retrieval,,,,0.0091578969731926,0.0103145432658493,measured_excluding_encoding,"[112, 399, 20, 11, 5]",,specialized Python branch and bound,3.11.15,,,<paper>/revision_campaign_20260914/default/amazon_baselines/baselines.csv,0.2608695652173913
77,WS-253,1,feasible,complete,1,1,returned,0,253.0,6,0.2608695652173913,0.5895634206616089,,0.0871655200608074,0.0883221663534641,,253,0,,0.0,,,,,23,,,,,,,0.0011566462926566,,,,,,,,,,True,configured_work_complete,configured_weights,,0.0871655200608074,solver final filtering and index remapping; caller metric conversion excluded,r5-v1,,excluded_precomputed,,True,,,fresh_retrieval,,,,0.0871655200608074,0.0883221663534641,measured_excluding_encoding,"[112, 399, 20, 11, 5]",,specialized Python branch and bound,3.11.15,,,<paper>/revision_campaign_20260914/default/amazon_baselines/baselines.csv,0.2608695652173913
77,Greedy,1,feasible,complete,1,1,returned,0,,3,0.0869565217391304,0.0428136512342287,,0.0006972341798245,0.0018538804724812,,4,0,,0.0,,,,,23,,,,,,,0.0011566462926566,,,,,,,,,,True,configured_work_complete,configured_work,,0.0006972341798245,solver final filtering and index remapping; caller metric conversion excluded,r5-v1,,excluded_precomputed,,True,,,fresh_retrieval,,,,0.0006972341798245,0.0018538804724812,measured_excluding_encoding,"[112, 399, 20, 11, 5]",,Python/Greedy,3.11.15,,,<paper>/revision_campaign_20260914/default/amazon_baselines/baselines.csv,0.2608695652173913
77,NSGA2-2000,1,feasible,complete,1,1,returned,0,,15,0.391304347826087,0.6427104154290217,,0.1735659684054553,0.174722614698112,,2000,0,,0.0,,,,,23,,,,,,,0.0011566462926566,,,,,,,,,,True,configured_work_complete,configured_work,,0.1735659684054553,solver final filtering and index remapping; caller metric conversion excluded,r5-v1,,excluded_precomputed,,True,,,fresh_retrieval,,,,0.1735659684054553,0.174722614698112,measured_excluding_encoding,"[112, 399, 20, 11, 5]",,Python/NSGA2-2000,3.11.15,,,<paper>/revision_campaign_20260914/default/amazon_baselines/baselines.csv,0.2608695652173913
77,NSGA2-10000,1,feasible,complete,1,1,returned,0,,18,0.5652173913043478,0.9689162483021952,,0.6764810150489211,0.6776376613415778,,10000,0,,0.0,,,,,23,,,,,,,0.0011566462926566,,,,,,,,,,True,configured_work_complete,configured_work,,0.6764810150489211,solver final filtering and index remapping; caller metric conversion excluded,r5-v1,,excluded_precomputed,,True,,,fresh_retrieval,,,,0.6764810150489211,0.6776376613415778,measured_excluding_encoding,"[112, 399, 20, 11, 5]",,Python/NSGA2-10000,3.11.15,,,<paper>/revision_campaign_20260914/default/amazon_baselines/baselines.csv,0.2608695652173913
78,WS-28,1,feasible,complete,1,1,returned,0,28.0,10,0.0680272108843537,0.6460563131558678,,0.0079923360608518,0.0090376031585037,,28,0,,0.0,,,,,147,,,,,,,0.0010452670976519,,,,,,,,,,True,configured_work_complete,configured_weights,,0.0079923360608518,solver final filtering and index remapping; caller metric conversion excluded,r5-v1,,excluded_precomputed,,True,,,fresh_retrieval,,,,0.0079923360608518,0.0090376031585037,measured_excluding_encoding,"[5, 8, 7, 3, 64, 1, 191]",,specialized Python branch and bound,3.11.15,,,<paper>/revision_campaign_20260914/default/amazon_baselines/baselines.csv,0.2176870748299319
78,WS-253,1,feasible,complete,1,1,returned,0,253.0,15,0.1020408163265306,0.9143690842405828,,0.0916285822167992,0.0926738493144512,,253,0,,0.0,,,,,147,,,,,,,0.0010452670976519,,,,,,,,,,True,configured_work_complete,configured_weights,,0.0916285822167992,solver final filtering and index remapping; caller metric conversion excluded,r5-v1,,excluded_precomputed,,True,,,fresh_retrieval,,,,0.0916285822167992,0.0926738493144512,measured_excluding_encoding,"[5, 8, 7, 3, 64, 1, 191]",,specialized Python branch and bound,3.11.15,,,<paper>/revision_campaign_20260914/default/amazon_baselines/baselines.csv,0.2176870748299319
78,Greedy,1,feasible,complete,1,1,returned,0,,3,0.0068027210884353,0.1898818202354834,,0.0001912373118102,0.0012365044094622,,4,0,,0.0,,,,,147,,,,,,,0.0010452670976519,,,,,,,,,,True,configured_work_complete,configured_work,,0.0001912373118102,solver final filtering and index remapping; caller metric conversion excluded,r5-v1,,excluded_precomputed,,True,,,fresh_retrieval,,,,0.0001912373118102,0.0012365044094622,measured_excluding_encoding,"[5, 8, 7, 3, 64, 1, 191]",,Python/Greedy,3.11.15,,,<paper>/revision_campaign_20260914/default/amazon_baselines/baselines.csv,0.2176870748299319
78,NSGA2-2000,1,feasible,complete,1,1,returned,0,,50,0.1904761904761904,0.9359315458392908,,0.1852014032192528,0.1862466703169047,,2000,0,,0.0,,,,,147,,,,,,,0.0010452670976519,,,,,,,,,,True,configured_work_complete,configured_work,,0.1852014032192528,solver final filtering and index remapping; caller metric conversion excluded,r5-v1,,excluded_precomputed,,True,,,fresh_retrieval,,,,0.1852014032192528,0.1862466703169047,measured_excluding_encoding,"[5, 8, 7, 3, 64, 1, 191]",,Python/NSGA2-2000,3.11.15,,,<paper>/revision_campaign_20260914/default/amazon_baselines/baselines.csv,0.2176870748299319
78,NSGA2-10000,1,feasible,complete,1,1,returned,0,,99,0.5918367346938775,0.9909393045571028,,0.7814388209953904,0.7824840880930424,,10000,0,,0.0,,,,,147,,,,,,,0.0010452670976519,,,,,,,,,,True,configured_work_complete,configured_work,,0.7814388209953904,solver final filtering and index remapping; caller metric conversion excluded,r5-v1,,excluded_precomputed,,True,,,fresh_retrieval,,,,0.7814388209953904,0.7824840880930424,measured_excluding_encoding,"[5, 8, 7, 3, 64, 1, 191]",,Python/NSGA2-10000,3.11.15,,,<paper>/revision_campaign_20260914/default/amazon_baselines/baselines.csv,0.2176870748299319
79,WS-28,1,feasible,complete,1,1,returned,0,28.0,11,0.0258823529411764,0.6589423010224906,,0.0203272029757499,0.0217124270275235,,28,0,,0.0,,,,,425,,,,,,,0.0013852240517735,,,,,,,,,,True,configured_work_complete,configured_weights,,0.0203272029757499,solver final filtering and index remapping; caller metric conversion excluded,r5-v1,,excluded_precomputed,,True,,,fresh_retrieval,,,,0.0203272029757499,0.0217124270275235,measured_excluding_encoding,"[11, 10, 6, 352, 10, 2, 363]",,specialized Python branch and bound,3.11.15,,,<paper>/revision_campaign_20260914/default/amazon_baselines/baselines.csv,0.0494117647058823
79,WS-253,1,feasible,complete,1,1,returned,0,253.0,18,0.0423529411764705,0.6953890658575106,,0.2076267246156931,0.2090119486674666,,253,0,,0.0,,,,,425,,,,,,,0.0013852240517735,,,,,,,,,,True,configured_work_complete,configured_weights,,0.2076267246156931,solver final filtering and index remapping; caller metric conversion excluded,r5-v1,,excluded_precomputed,,True,,,fresh_retrieval,,,,0.2076267246156931,0.2090119486674666,measured_excluding_encoding,"[11, 10, 6, 352, 10, 2, 363]",,specialized Python branch and bound,3.11.15,,,<paper>/revision_campaign_20260914/default/amazon_baselines/baselines.csv,0.0494117647058823
79,Greedy,1,feasible,complete,1,1,returned,0,,3,0.0023529411764705,0.2226282933398833,,0.0008276430889964,0.0022128671407699,,4,0,,0.0,,,,,425,,,,,,,0.0013852240517735,,,,,,,,,,True,configured_work_complete,configured_work,,0.0008276430889964,solver final filtering and index remapping; caller metric conversion excluded,r5-v1,,excluded_precomputed,,True,,,fresh_retrieval,,,,0.0008276430889964,0.0022128671407699,measured_excluding_encoding,"[11, 10, 6, 352, 10, 2, 363]",,Python/Greedy,3.11.15,,,<paper>/revision_campaign_20260914/default/amazon_baselines/baselines.csv,0.0494117647058823
79,NSGA2-2000,1,feasible,complete,1,1,returned,0,,50,0.0,0.7366180998710565,,0.1748048630543053,0.1761900871060788,,2000,0,,0.0,,,,,425,,,,,,,0.0013852240517735,,,,,,,,,,True,configured_work_complete,configured_work,,0.1748048630543053,solver final filtering and index remapping; caller metric conversion excluded,r5-v1,,excluded_precomputed,,True,,,fresh_retrieval,,,,0.1748048630543053,0.1761900871060788,measured_excluding_encoding,"[11, 10, 6, 352, 10, 2, 363]",,Python/NSGA2-2000,3.11.15,,,<paper>/revision_campaign_20260914/default/amazon_baselines/baselines.csv,0.0494117647058823
79,NSGA2-10000,1,feasible,complete,1,1,returned,0,,99,0.1317647058823529,0.920163322832656,,0.6640249318443239,0.6654101558960974,,10000,0,,0.0,,,,,425,,,,,,,0.0013852240517735,,,,,,,,,,True,configured_work_complete,configured_work,,0.6640249318443239,solver final filtering and index remapping; caller metric conversion excluded,r5-v1,,excluded_precomputed,,True,,,fresh_retrieval,,,,0.6640249318443239,0.6654101558960974,measured_excluding_encoding,"[11, 10, 6, 352, 10, 2, 363]",,Python/NSGA2-10000,3.11.15,,,<paper>/revision_campaign_20260914/default/amazon_baselines/baselines.csv,0.0494117647058823
80,WS-28,1,feasible,complete,1,1,returned,0,28.0,7,0.28,0.8845361993531585,,0.0028832699172198,0.0037670899182558,,28,0,,0.0,,,,,25,,,,,,,0.0008838200010359,,,,,,,,,,True,configured_work_complete,configured_weights,,0.0028832699172198,solver final filtering and index remapping; caller metric conversion excluded,r5-v1,,excluded_precomputed,,True,,,fresh_retrieval,,,,0.0028832699172198,0.0037670899182558,measured_excluding_encoding,"[16, 22, 60]",,specialized Python branch and bound,3.11.15,,,<paper>/revision_campaign_20260914/default/amazon_baselines/baselines.csv,0.48
80,WS-253,1,feasible,complete,1,1,returned,0,253.0,11,0.44,0.9474443210602772,,0.0331839611753821,0.034067781176418,,253,0,,0.0,,,,,25,,,,,,,0.0008838200010359,,,,,,,,,,True,configured_work_complete,configured_weights,,0.0331839611753821,solver final filtering and index remapping; caller metric conversion excluded,r5-v1,,excluded_precomputed,,True,,,fresh_retrieval,,,,0.0331839611753821,0.034067781176418,measured_excluding_encoding,"[16, 22, 60]",,specialized Python branch and bound,3.11.15,,,<paper>/revision_campaign_20260914/default/amazon_baselines/baselines.csv,0.48
80,Greedy,1,feasible,complete,1,1,returned,0,,3,0.04,0.066205957590628,,0.0001575239002704,0.0010413439013063,,4,0,,0.0,,,,,25,,,,,,,0.0008838200010359,,,,,,,,,,True,configured_work_complete,configured_work,,0.0001575239002704,solver final filtering and index remapping; caller metric conversion excluded,r5-v1,,excluded_precomputed,,True,,,fresh_retrieval,,,,0.0001575239002704,0.0010413439013063,measured_excluding_encoding,"[16, 22, 60]",,Python/Greedy,3.11.15,,,<paper>/revision_campaign_20260914/default/amazon_baselines/baselines.csv,0.48
80,NSGA2-2000,1,feasible,complete,1,1,returned,0,,23,0.92,0.9997418141933272,,0.1897561121731996,0.1906399321742355,,2000,0,,0.0,,,,,25,,,,,,,0.0008838200010359,,,,,,,,,,True,configured_work_complete,configured_work,,0.1897561121731996,solver final filtering and index remapping; caller metric conversion excluded,r5-v1,,excluded_precomputed,,True,,,fresh_retrieval,,,,0.1897561121731996,0.1906399321742355,measured_excluding_encoding,"[16, 22, 60]",,Python/NSGA2-2000,3.11.15,,,<paper>/revision_campaign_20260914/default/amazon_baselines/baselines.csv,0.48
80,NSGA2-10000,1,feasible,complete,1,1,returned,0,,24,0.96,0.9997432862364206,,0.78414252307266,0.7850263430736959,,10000,0,,0.0,,,,,25,,,,,,,0.0008838200010359,,,,,,,,,,True,configured_work_complete,configured_work,,0.78414252307266,solver final filtering and index remapping; caller metric conversion excluded,r5-v1,,excluded_precomputed,,True,,,fresh_retrieval,,,,0.78414252307266,0.7850263430736959,measured_excluding_encoding,"[16, 22, 60]",,Python/NSGA2-10000,3.11.15,,,<paper>/revision_campaign_20260914/default/amazon_baselines/baselines.csv,0.48
81,WS-28,1,feasible,complete,1,1,returned,0,28.0,8,0.2962962962962963,0.652926616639269,,0.004994633141905,0.0059619541279971,,28,0,,0.0,,,,,27,,,,,,,0.000967320986092,,,,,,,,,,True,configured_work_complete,configured_weights,,0.004994633141905,solver final filtering and index remapping; caller metric conversion excluded,r5-v1,,excluded_precomputed,,True,,,fresh_retrieval,,,,0.004994633141905,0.0059619541279971,measured_excluding_encoding,"[5, 33, 258]",,specialized Python branch and bound,3.11.15,,,<paper>/revision_campaign_20260914/default/amazon_baselines/baselines.csv,0.4074074074074074
81,WS-253,1,feasible,complete,1,1,returned,0,253.0,11,0.4074074074074074,0.8315210325935117,,0.0495836590416729,0.050550980027765,,253,0,,0.0,,,,,27,,,,,,,0.000967320986092,,,,,,,,,,True,configured_work_complete,configured_weights,,0.0495836590416729,solver final filtering and index remapping; caller metric conversion excluded,r5-v1,,excluded_precomputed,,True,,,fresh_retrieval,,,,0.0495836590416729,0.050550980027765,measured_excluding_encoding,"[5, 33, 258]",,specialized Python branch and bound,3.11.15,,,<paper>/revision_campaign_20260914/default/amazon_baselines/baselines.csv,0.4074074074074074
81,Greedy,1,feasible,complete,1,1,returned,0,,3,0.074074074074074,0.7347655409301103,,0.0002732980065047,0.0012406189925968,,4,0,,0.0,,,,,27,,,,,,,0.000967320986092,,,,,,,,,,True,configured_work_complete,configured_work,,0.0002732980065047,solver final filtering and index remapping; caller metric conversion excluded,r5-v1,,excluded_precomputed,,True,,,fresh_retrieval,,,,0.0002732980065047,0.0012406189925968,measured_excluding_encoding,"[5, 33, 258]",,Python/Greedy,3.11.15,,,<paper>/revision_campaign_20260914/default/amazon_baselines/baselines.csv,0.4074074074074074
81,NSGA2-2000,1,feasible,complete,1,1,returned,0,,14,0.5185185185185185,0.9564539341124086,,0.2055204650387168,0.2064877860248088,,2000,0,,0.0,,,,,27,,,,,,,0.000967320986092,,,,,,,,,,True,configured_work_complete,configured_work,,0.2055204650387168,solver final filtering and index remapping; caller metric conversion excluded,r5-v1,,excluded_precomputed,,True,,,fresh_retrieval,,,,0.2055204650387168,0.2064877860248088,measured_excluding_encoding,"[5, 33, 258]",,Python/NSGA2-2000,3.11.15,,,<paper>/revision_campaign_20260914/default/amazon_baselines/baselines.csv,0.4074074074074074
81,NSGA2-10000,1,feasible,complete,1,1,returned,0,,26,0.9629629629629628,0.9999784689037836,,0.7782094818539917,0.7791768028400838,,10099,0,,0.0,,,,,27,,,,,,,0.000967320986092,,,,,,,,,,True,configured_work_complete,configured_work,,0.7782094818539917,solver final filtering and index remapping; caller metric conversion excluded,r5-v1,,excluded_precomputed,,True,,,fresh_retrieval,,,,0.7782094818539917,0.7791768028400838,measured_excluding_encoding,"[5, 33, 258]",,Python/NSGA2-10000,3.11.15,,,<paper>/revision_campaign_20260914/default/amazon_baselines/baselines.csv,0.4074074074074074
82,WS-28,1,feasible,complete,1,1,returned,0,28.0,7,0.14,0.7548422297778935,,0.0107900481671094,0.0116536803543567,,28,0,,0.0,,,,,50,,,,,,,0.0008636321872472,,,,,,,,,,True,configured_work_complete,configured_weights,,0.0107900481671094,solver final filtering and index remapping; caller metric conversion excluded,r5-v1,,excluded_precomputed,,True,,,fresh_retrieval,,,,0.0107900481671094,0.0116536803543567,measured_excluding_encoding,"[39, 25, 17, 44, 9]",,specialized Python branch and bound,3.11.15,,,<paper>/revision_campaign_20260914/default/amazon_baselines/baselines.csv,0.2
82,WS-253,1,feasible,complete,1,1,returned,0,253.0,8,0.16,0.8199578432047143,,0.1140340138226747,0.114897646009922,,253,0,,0.0,,,,,50,,,,,,,0.0008636321872472,,,,,,,,,,True,configured_work_complete,configured_weights,,0.1140340138226747,solver final filtering and index remapping; caller metric conversion excluded,r5-v1,,excluded_precomputed,,True,,,fresh_retrieval,,,,0.1140340138226747,0.114897646009922,measured_excluding_encoding,"[39, 25, 17, 44, 9]",,specialized Python branch and bound,3.11.15,,,<paper>/revision_campaign_20260914/default/amazon_baselines/baselines.csv,0.2
82,Greedy,1,feasible,complete,1,1,returned,0,,3,0.02,0.1737657081079543,,0.0002370369620621,0.0011006691493093,,4,0,,0.0,,,,,50,,,,,,,0.0008636321872472,,,,,,,,,,True,configured_work_complete,configured_work,,0.0002370369620621,solver final filtering and index remapping; caller metric conversion excluded,r5-v1,,excluded_precomputed,,True,,,fresh_retrieval,,,,0.0002370369620621,0.0011006691493093,measured_excluding_encoding,"[39, 25, 17, 44, 9]",,Python/Greedy,3.11.15,,,<paper>/revision_campaign_20260914/default/amazon_baselines/baselines.csv,0.2
82,NSGA2-2000,1,feasible,complete,1,1,returned,0,,31,0.24,0.8935243751959165,,0.1727089029736817,0.1735725351609289,,2000,0,,0.0,,,,,50,,,,,,,0.0008636321872472,,,,,,,,,,True,configured_work_complete,configured_work,,0.1727089029736817,solver final filtering and index remapping; caller metric conversion excluded,r5-v1,,excluded_precomputed,,True,,,fresh_retrieval,,,,0.1727089029736817,0.1735725351609289,measured_excluding_encoding,"[39, 25, 17, 44, 9]",,Python/NSGA2-2000,3.11.15,,,<paper>/revision_campaign_20260914/default/amazon_baselines/baselines.csv,0.2
82,NSGA2-10000,1,feasible,complete,1,1,returned,0,,46,0.68,0.9868539924269416,,0.7227003611624241,0.7235639933496714,,10000,0,,0.0,,,,,50,,,,,,,0.0008636321872472,,,,,,,,,,True,configured_work_complete,configured_work,,0.7227003611624241,solver final filtering and index remapping; caller metric conversion excluded,r5-v1,,excluded_precomputed,,True,,,fresh_retrieval,,,,0.7227003611624241,0.7235639933496714,measured_excluding_encoding,"[39, 25, 17, 44, 9]",,Python/NSGA2-10000,3.11.15,,,<paper>/revision_campaign_20260914/default/amazon_baselines/baselines.csv,0.2
83,WS-28,1,feasible,complete,1,1,returned,0,28.0,9,0.0647482014388489,0.551942987822542,,0.0077994079329073,0.0087894890457391,,28,0,,0.0,,,,,139,,,,,,,0.0009900811128318,,,,,,,,,,True,configured_work_complete,configured_weights,,0.0077994079329073,solver final filtering and index remapping; caller metric conversion excluded,r5-v1,,excluded_precomputed,,True,,,fresh_retrieval,,,,0.0077994079329073,0.0087894890457391,measured_excluding_encoding,"[57, 26, 6, 206]",,specialized Python branch and bound,3.11.15,,,<paper>/revision_campaign_20260914/default/amazon_baselines/baselines.csv,0.2086330935251798
83,WS-253,1,feasible,complete,1,1,returned,0,253.0,23,0.1654676258992805,0.8079674193014275,,0.0832575671374797,0.0842476482503116,,253,0,,0.0,,,,,139,,,,,,,0.0009900811128318,,,,,,,,,,True,configured_work_complete,configured_weights,,0.0832575671374797,solver final filtering and index remapping; caller metric conversion excluded,r5-v1,,excluded_precomputed,,True,,,fresh_retrieval,,,,0.0832575671374797,0.0842476482503116,measured_excluding_encoding,"[57, 26, 6, 206]",,specialized Python branch and bound,3.11.15,,,<paper>/revision_campaign_20260914/default/amazon_baselines/baselines.csv,0.2086330935251798
83,Greedy,1,feasible,complete,1,1,returned,0,,3,0.0071942446043165,0.0579737791831305,,0.0002357549965381,0.0012258361093699,,4,0,,0.0,,,,,139,,,,,,,0.0009900811128318,,,,,,,,,,True,configured_work_complete,configured_work,,0.0002357549965381,solver final filtering and index remapping; caller metric conversion excluded,r5-v1,,excluded_precomputed,,True,,,fresh_retrieval,,,,0.0002357549965381,0.0012258361093699,measured_excluding_encoding,"[57, 26, 6, 206]",,Python/Greedy,3.11.15,,,<paper>/revision_campaign_20260914/default/amazon_baselines/baselines.csv,0.2086330935251798
83,NSGA2-2000,1,feasible,complete,1,1,returned,0,,50,0.1151079136690647,0.8758359139971439,,0.1556918872520327,0.1566819683648646,,2000,0,,0.0,,,,,139,,,,,,,0.0009900811128318,,,,,,,,,,True,configured_work_complete,configured_work,,0.1556918872520327,solver final filtering and index remapping; caller metric conversion excluded,r5-v1,,excluded_precomputed,,True,,,fresh_retrieval,,,,0.1556918872520327,0.1566819683648646,measured_excluding_encoding,"[57, 26, 6, 206]",,Python/NSGA2-2000,3.11.15,,,<paper>/revision_campaign_20260914/default/amazon_baselines/baselines.csv,0.2086330935251798
83,NSGA2-10000,1,feasible,complete,1,1,returned,0,,99,0.5467625899280576,0.9714944945561936,,0.6526951203122735,0.6536852014251053,,10000,0,,0.0,,,,,139,,,,,,,0.0009900811128318,,,,,,,,,,True,configured_work_complete,configured_work,,0.6526951203122735,solver final filtering and index remapping; caller metric conversion excluded,r5-v1,,excluded_precomputed,,True,,,fresh_retrieval,,,,0.6526951203122735,0.6536852014251053,measured_excluding_encoding,"[57, 26, 6, 206]",,Python/NSGA2-10000,3.11.15,,,<paper>/revision_campaign_20260914/default/amazon_baselines/baselines.csv,0.2086330935251798
84,WS-28,1,feasible,complete,1,1,returned,0,28.0,1,1.0,1.0,,0.0023239948786795,0.0030714101158082,,28,0,,0.0,,,,,1,,,,,,,0.0007474152371287,,,,,,,,,,True,configured_work_complete,configured_weights,,0.0023239948786795,solver final filtering and index remapping; caller metric conversion excluded,r5-v1,,excluded_precomputed,,True,,,fresh_retrieval,,,,0.0023239948786795,0.0030714101158082,measured_excluding_encoding,"[6, 1, 4]",,specialized Python branch and bound,3.11.15,,,<paper>/revision_campaign_20260914/default/amazon_baselines/baselines.csv,1.0
84,WS-253,1,feasible,complete,1,1,returned,0,253.0,1,1.0,1.0,,0.033293489832431,0.0340409050695598,,253,0,,0.0,,,,,1,,,,,,,0.0007474152371287,,,,,,,,,,True,configured_work_complete,configured_weights,,0.033293489832431,solver final filtering and index remapping; caller metric conversion excluded,r5-v1,,excluded_precomputed,,True,,,fresh_retrieval,,,,0.033293489832431,0.0340409050695598,measured_excluding_encoding,"[6, 1, 4]",,specialized Python branch and bound,3.11.15,,,<paper>/revision_campaign_20260914/default/amazon_baselines/baselines.csv,1.0
84,Greedy,1,feasible,complete,1,1,returned,0,,1,1.0,1.0,,0.0001069037243723,0.0008543189615011,,4,0,,0.0,,,,,1,,,,,,,0.0007474152371287,,,,,,,,,,True,configured_work_complete,configured_work,,0.0001069037243723,solver final filtering and index remapping; caller metric conversion excluded,r5-v1,,excluded_precomputed,,True,,,fresh_retrieval,,,,0.0001069037243723,0.0008543189615011,measured_excluding_encoding,"[6, 1, 4]",,Python/Greedy,3.11.15,,,<paper>/revision_campaign_20260914/default/amazon_baselines/baselines.csv,1.0
84,NSGA2-2000,1,feasible,complete,1,1,returned,0,,1,1.0,1.0,,0.3607228510081768,0.3614702662453055,,24,0,,0.0,,,,,1,,,,,,,0.0007474152371287,,,,,,,,,,True,configured_work_complete,configured_work,,0.3607228510081768,solver final filtering and index remapping; caller metric conversion excluded,r5-v1,,excluded_precomputed,,True,,,fresh_retrieval,,,,0.3607228510081768,0.3614702662453055,measured_excluding_encoding,"[6, 1, 4]",,Python/NSGA2-2000,3.11.15,,,<paper>/revision_campaign_20260914/default/amazon_baselines/baselines.csv,1.0
84,NSGA2-10000,1,feasible,complete,1,1,returned,0,,1,1.0,1.0,,0.205887041054666,0.2066344562917947,,24,0,,0.0,,,,,1,,,,,,,0.0007474152371287,,,,,,,,,,True,configured_work_complete,configured_work,,0.205887041054666,solver final filtering and index remapping; caller metric conversion excluded,r5-v1,,excluded_precomputed,,True,,,fresh_retrieval,,,,0.205887041054666,0.2066344562917947,measured_excluding_encoding,"[6, 1, 4]",,Python/NSGA2-10000,3.11.15,,,<paper>/revision_campaign_20260914/default/amazon_baselines/baselines.csv,1.0
85,WS-28,1,feasible,complete,1,1,returned,0,28.0,11,0.1235955056179775,0.5569739378658356,,0.0042714127339422,0.0055455737747251,,28,0,,0.0,,,,,89,,,,,,,0.0012741610407829,,,,,,,,,,True,configured_work_complete,configured_weights,,0.0042714127339422,solver final filtering and index remapping; caller metric conversion excluded,r5-v1,,excluded_precomputed,,True,,,fresh_retrieval,,,,0.0042714127339422,0.0055455737747251,measured_excluding_encoding,"[12, 15, 34, 8, 5]",,specialized Python branch and bound,3.11.15,,,<paper>/revision_campaign_20260914/default/amazon_baselines/baselines.csv,0.1685393258426966
85,WS-253,1,feasible,complete,1,1,returned,0,253.0,16,0.1797752808988764,0.8307294831871921,,0.042731539811939,0.0440057008527219,,253,0,,0.0,,,,,89,,,,,,,0.0012741610407829,,,,,,,,,,True,configured_work_complete,configured_weights,,0.042731539811939,solver final filtering and index remapping; caller metric conversion excluded,r5-v1,,excluded_precomputed,,True,,,fresh_retrieval,,,,0.042731539811939,0.0440057008527219,measured_excluding_encoding,"[12, 15, 34, 8, 5]",,specialized Python branch and bound,3.11.15,,,<paper>/revision_campaign_20260914/default/amazon_baselines/baselines.csv,0.1685393258426966
85,Greedy,1,feasible,complete,1,1,returned,0,,4,0.0112359550561797,0.2315439750419757,,0.0001181387342512,0.0013922997750341,,4,0,,0.0,,,,,89,,,,,,,0.0012741610407829,,,,,,,,,,True,configured_work_complete,configured_work,,0.0001181387342512,solver final filtering and index remapping; caller metric conversion excluded,r5-v1,,excluded_precomputed,,True,,,fresh_retrieval,,,,0.0001181387342512,0.0013922997750341,measured_excluding_encoding,"[12, 15, 34, 8, 5]",,Python/Greedy,3.11.15,,,<paper>/revision_campaign_20260914/default/amazon_baselines/baselines.csv,0.1685393258426966
85,NSGA2-2000,1,feasible,complete,1,1,returned,0,,50,0.3932584269662921,0.9298268330421144,,0.2063727318309247,0.2076468928717076,,2000,0,,0.0,,,,,89,,,,,,,0.0012741610407829,,,,,,,,,,True,configured_work_complete,configured_work,,0.2063727318309247,solver final filtering and index remapping; caller metric conversion excluded,r5-v1,,excluded_precomputed,,True,,,fresh_retrieval,,,,0.2063727318309247,0.2076468928717076,measured_excluding_encoding,"[12, 15, 34, 8, 5]",,Python/NSGA2-2000,3.11.15,,,<paper>/revision_campaign_20260914/default/amazon_baselines/baselines.csv,0.1685393258426966
85,NSGA2-10000,1,feasible,complete,1,1,returned,0,,89,1.0,1.0,,0.9051524749957024,0.9064266360364854,,10000,0,,0.0,,,,,89,,,,,,,0.0012741610407829,,,,,,,,,,True,configured_work_complete,configured_work,,0.9051524749957024,solver final filtering and index remapping; caller metric conversion excluded,r5-v1,,excluded_precomputed,,True,,,fresh_retrieval,,,,0.9051524749957024,0.9064266360364854,measured_excluding_encoding,"[12, 15, 34, 8, 5]",,Python/NSGA2-10000,3.11.15,,,<paper>/revision_campaign_20260914/default/amazon_baselines/baselines.csv,0.1685393258426966
86,WS-28,1,feasible,complete,1,1,returned,0,28.0,9,0.0681818181818181,0.7406136729332958,,0.0079400800168514,0.0090929591096937,,28,0,,0.0,,,,,132,,,,,,,0.0011528790928423,,,,,,,,,,True,configured_work_complete,configured_weights,,0.0079400800168514,solver final filtering and index remapping; caller metric conversion excluded,r5-v1,,excluded_precomputed,,True,,,fresh_retrieval,,,,0.0079400800168514,0.0090929591096937,measured_excluding_encoding,"[59, 3, 1, 323, 30, 22]",,specialized Python branch and bound,3.11.15,,,<paper>/revision_campaign_20260914/default/amazon_baselines/baselines.csv,0.2121212121212121
86,WS-253,1,feasible,complete,1,1,returned,0,253.0,16,0.1212121212121212,0.8816893093084046,,0.0850094240158796,0.0861623031087219,,253,0,,0.0,,,,,132,,,,,,,0.0011528790928423,,,,,,,,,,True,configured_work_complete,configured_weights,,0.0850094240158796,solver final filtering and index remapping; caller metric conversion excluded,r5-v1,,excluded_precomputed,,True,,,fresh_retrieval,,,,0.0850094240158796,0.0861623031087219,measured_excluding_encoding,"[59, 3, 1, 323, 30, 22]",,specialized Python branch and bound,3.11.15,,,<paper>/revision_campaign_20260914/default/amazon_baselines/baselines.csv,0.2121212121212121
86,Greedy,1,feasible,complete,1,1,returned,0,,3,0.0075757575757575,0.0528925924385257,,0.0002655060961842,0.0014183851890265,,4,0,,0.0,,,,,132,,,,,,,0.0011528790928423,,,,,,,,,,True,configured_work_complete,configured_work,,0.0002655060961842,solver final filtering and index remapping; caller metric conversion excluded,r5-v1,,excluded_precomputed,,True,,,fresh_retrieval,,,,0.0002655060961842,0.0014183851890265,measured_excluding_encoding,"[59, 3, 1, 323, 30, 22]",,Python/Greedy,3.11.15,,,<paper>/revision_campaign_20260914/default/amazon_baselines/baselines.csv,0.2121212121212121
86,NSGA2-2000,1,feasible,complete,1,1,returned,0,,50,0.0606060606060606,0.8316699131697156,,0.1589867928996682,0.1601396719925105,,2000,0,,0.0,,,,,132,,,,,,,0.0011528790928423,,,,,,,,,,True,configured_work_complete,configured_work,,0.1589867928996682,solver final filtering and index remapping; caller metric conversion excluded,r5-v1,,excluded_precomputed,,True,,,fresh_retrieval,,,,0.1589867928996682,0.1601396719925105,measured_excluding_encoding,"[59, 3, 1, 323, 30, 22]",,Python/NSGA2-2000,3.11.15,,,<paper>/revision_campaign_20260914/default/amazon_baselines/baselines.csv,0.2121212121212121
86,NSGA2-10000,1,feasible,complete,1,1,returned,0,,99,0.5984848484848485,0.990895321326033,,0.6520065739750862,0.6531594530679286,,10000,0,,0.0,,,,,132,,,,,,,0.0011528790928423,,,,,,,,,,True,configured_work_complete,configured_work,,0.6520065739750862,solver final filtering and index remapping; caller metric conversion excluded,r5-v1,,excluded_precomputed,,True,,,fresh_retrieval,,,,0.6520065739750862,0.6531594530679286,measured_excluding_encoding,"[59, 3, 1, 323, 30, 22]",,Python/NSGA2-10000,3.11.15,,,<paper>/revision_campaign_20260914/default/amazon_baselines/baselines.csv,0.2121212121212121
87,WS-28,1,feasible,complete,1,1,returned,0,28.0,13,0.0802469135802469,0.8673598966318535,,0.015909734647721,0.0169776887632906,,28,0,,0.0,,,,,162,,,,,,,0.0010679541155695,,,,,,,,,,True,configured_work_complete,configured_weights,,0.015909734647721,solver final filtering and index remapping; caller metric conversion excluded,r5-v1,,excluded_precomputed,,True,,,fresh_retrieval,,,,0.015909734647721,0.0169776887632906,measured_excluding_encoding,"[12, 65, 15, 188, 23, 7, 5]",,specialized Python branch and bound,3.11.15,,,<paper>/revision_campaign_20260914/default/amazon_baselines/baselines.csv,0.1481481481481481
87,WS-253,1,feasible,complete,1,1,returned,0,253.0,17,0.1049382716049382,0.8903349025562453,,0.1523336451500654,0.153401599265635,,253,0,,0.0,,,,,162,,,,,,,0.0010679541155695,,,,,,,,,,True,configured_work_complete,configured_weights,,0.1523336451500654,solver final filtering and index remapping; caller metric conversion excluded,r5-v1,,excluded_precomputed,,True,,,fresh_retrieval,,,,0.1523336451500654,0.153401599265635,measured_excluding_encoding,"[12, 65, 15, 188, 23, 7, 5]",,specialized Python branch and bound,3.11.15,,,<paper>/revision_campaign_20260914/default/amazon_baselines/baselines.csv,0.1481481481481481
87,Greedy,1,feasible,complete,1,1,returned,0,,3,0.0061728395061728,0.449682428277641,,0.0003835060633718,0.0014514601789414,,4,0,,0.0,,,,,162,,,,,,,0.0010679541155695,,,,,,,,,,True,configured_work_complete,configured_work,,0.0003835060633718,solver final filtering and index remapping; caller metric conversion excluded,r5-v1,,excluded_precomputed,,True,,,fresh_retrieval,,,,0.0003835060633718,0.0014514601789414,measured_excluding_encoding,"[12, 65, 15, 188, 23, 7, 5]",,Python/Greedy,3.11.15,,,<paper>/revision_campaign_20260914/default/amazon_baselines/baselines.csv,0.1481481481481481
87,NSGA2-2000,1,feasible,complete,1,1,returned,0,,50,0.0061728395061728,0.8914292996898925,,0.1527163363061845,0.1537842904217541,,2000,0,,0.0,,,,,162,,,,,,,0.0010679541155695,,,,,,,,,,True,configured_work_complete,configured_work,,0.1527163363061845,solver final filtering and index remapping; caller metric conversion excluded,r5-v1,,excluded_precomputed,,True,,,fresh_retrieval,,,,0.1527163363061845,0.1537842904217541,measured_excluding_encoding,"[12, 65, 15, 188, 23, 7, 5]",,Python/NSGA2-2000,3.11.15,,,<paper>/revision_campaign_20260914/default/amazon_baselines/baselines.csv,0.1481481481481481
87,NSGA2-10000,1,feasible,complete,1,1,returned,0,,100,0.5185185185185185,0.9896741453822352,,0.6820884202606976,0.6831563743762672,,10000,0,,0.0,,,,,162,,,,,,,0.0010679541155695,,,,,,,,,,True,configured_work_complete,configured_work,,0.6820884202606976,solver final filtering and index remapping; caller metric conversion excluded,r5-v1,,excluded_precomputed,,True,,,fresh_retrieval,,,,0.6820884202606976,0.6831563743762672,measured_excluding_encoding,"[12, 65, 15, 188, 23, 7, 5]",,Python/NSGA2-10000,3.11.15,,,<paper>/revision_campaign_20260914/default/amazon_baselines/baselines.csv,0.1481481481481481
88,WS-28,1,feasible,complete,1,1,returned,0,28.0,8,0.0683760683760683,0.5884183928352518,,0.0087868389673531,0.0096970787271857,,28,0,,0.0,,,,,117,,,,,,,0.0009102397598326,,,,,,,,,,True,configured_work_complete,configured_weights,,0.0087868389673531,solver final filtering and index remapping; caller metric conversion excluded,r5-v1,,excluded_precomputed,,True,,,fresh_retrieval,,,,0.0087868389673531,0.0096970787271857,measured_excluding_encoding,"[47, 14, 7, 81]",,specialized Python branch and bound,3.11.15,,,<paper>/revision_campaign_20260914/default/amazon_baselines/baselines.csv,0.1538461538461538
88,WS-253,1,feasible,complete,1,1,returned,0,253.0,14,0.1196581196581196,0.7142362137994851,,0.0906537733972072,0.0915640131570398,,253,0,,0.0,,,,,117,,,,,,,0.0009102397598326,,,,,,,,,,True,configured_work_complete,configured_weights,,0.0906537733972072,solver final filtering and index remapping; caller metric conversion excluded,r5-v1,,excluded_precomputed,,True,,,fresh_retrieval,,,,0.0906537733972072,0.0915640131570398,measured_excluding_encoding,"[47, 14, 7, 81]",,specialized Python branch and bound,3.11.15,,,<paper>/revision_campaign_20260914/default/amazon_baselines/baselines.csv,0.1538461538461538
88,Greedy,1,feasible,complete,1,1,returned,0,,3,0.0085470085470085,0.3527406411741782,,0.0002743299119174,0.00118456967175,,4,0,,0.0,,,,,117,,,,,,,0.0009102397598326,,,,,,,,,,True,configured_work_complete,configured_work,,0.0002743299119174,solver final filtering and index remapping; caller metric conversion excluded,r5-v1,,excluded_precomputed,,True,,,fresh_retrieval,,,,0.0002743299119174,0.00118456967175,measured_excluding_encoding,"[47, 14, 7, 81]",,Python/Greedy,3.11.15,,,<paper>/revision_campaign_20260914/default/amazon_baselines/baselines.csv,0.1538461538461538
88,NSGA2-2000,1,feasible,complete,1,1,returned,0,,50,0.2051282051282051,0.8656665550091758,,0.1730646071955561,0.1739748469553887,,2000,0,,0.0,,,,,117,,,,,,,0.0009102397598326,,,,,,,,,,True,configured_work_complete,configured_work,,0.1730646071955561,solver final filtering and index remapping; caller metric conversion excluded,r5-v1,,excluded_precomputed,,True,,,fresh_retrieval,,,,0.1730646071955561,0.1739748469553887,measured_excluding_encoding,"[47, 14, 7, 81]",,Python/NSGA2-2000,3.11.15,,,<paper>/revision_campaign_20260914/default/amazon_baselines/baselines.csv,0.1538461538461538
88,NSGA2-10000,1,feasible,complete,1,1,returned,0,,98,0.7948717948717948,0.9905081691796644,,0.7291923509910703,0.7301025907509029,,10000,0,,0.0,,,,,117,,,,,,,0.0009102397598326,,,,,,,,,,True,configured_work_complete,configured_work,,0.7291923509910703,solver final filtering and index remapping; caller metric conversion excluded,r5-v1,,excluded_precomputed,,True,,,fresh_retrieval,,,,0.7291923509910703,0.7301025907509029,measured_excluding_encoding,"[47, 14, 7, 81]",,Python/NSGA2-10000,3.11.15,,,<paper>/revision_campaign_20260914/default/amazon_baselines/baselines.csv,0.1538461538461538
89,WS-28,1,feasible,complete,1,1,returned,0,28.0,11,0.0827067669172932,0.7791805051061638,,0.0112163852900266,0.0122577804140746,,28,0,,0.0,,,,,133,,,,,,,0.0010413951240479,,,,,,,,,,True,configured_work_complete,configured_weights,,0.0112163852900266,solver final filtering and index remapping; caller metric conversion excluded,r5-v1,,excluded_precomputed,,True,,,fresh_retrieval,,,,0.0112163852900266,0.0122577804140746,measured_excluding_encoding,"[14, 3, 17, 48, 254, 18]",,specialized Python branch and bound,3.11.15,,,<paper>/revision_campaign_20260914/default/amazon_baselines/baselines.csv,0.1954887218045112
89,WS-253,1,feasible,complete,1,1,returned,0,253.0,18,0.1353383458646616,0.8395372637651969,,0.1224195221439004,0.1234609172679483,,253,0,,0.0,,,,,133,,,,,,,0.0010413951240479,,,,,,,,,,True,configured_work_complete,configured_weights,,0.1224195221439004,solver final filtering and index remapping; caller metric conversion excluded,r5-v1,,excluded_precomputed,,True,,,fresh_retrieval,,,,0.1224195221439004,0.1234609172679483,measured_excluding_encoding,"[14, 3, 17, 48, 254, 18]",,specialized Python branch and bound,3.11.15,,,<paper>/revision_campaign_20260914/default/amazon_baselines/baselines.csv,0.1954887218045112
89,Greedy,1,feasible,complete,1,1,returned,0,,4,0.0150375939849624,0.430880092212756,,0.0004810686223208,0.0015224637463688,,4,0,,0.0,,,,,133,,,,,,,0.0010413951240479,,,,,,,,,,True,configured_work_complete,configured_work,,0.0004810686223208,solver final filtering and index remapping; caller metric conversion excluded,r5-v1,,excluded_precomputed,,True,,,fresh_retrieval,,,,0.0004810686223208,0.0015224637463688,measured_excluding_encoding,"[14, 3, 17, 48, 254, 18]",,Python/Greedy,3.11.15,,,<paper>/revision_campaign_20260914/default/amazon_baselines/baselines.csv,0.1954887218045112
89,NSGA2-2000,1,feasible,complete,1,1,returned,0,,47,0.0075187969924812,0.7572104033984817,,0.1589241311885416,0.1599655263125896,,2000,0,,0.0,,,,,133,,,,,,,0.0010413951240479,,,,,,,,,,True,configured_work_complete,configured_work,,0.1589241311885416,solver final filtering and index remapping; caller metric conversion excluded,r5-v1,,excluded_precomputed,,True,,,fresh_retrieval,,,,0.1589241311885416,0.1599655263125896,measured_excluding_encoding,"[14, 3, 17, 48, 254, 18]",,Python/NSGA2-2000,3.11.15,,,<paper>/revision_campaign_20260914/default/amazon_baselines/baselines.csv,0.1954887218045112
89,NSGA2-10000,1,feasible,complete,1,1,returned,0,,64,0.3609022556390977,0.9253044413616288,,0.6378362271934748,0.6388776223175228,,10000,0,,0.0,,,,,133,,,,,,,0.0010413951240479,,,,,,,,,,True,configured_work_complete,configured_work,,0.6378362271934748,solver final filtering and index remapping; caller metric conversion excluded,r5-v1,,excluded_precomputed,,True,,,fresh_retrieval,,,,0.6378362271934748,0.6388776223175228,measured_excluding_encoding,"[14, 3, 17, 48, 254, 18]",,Python/NSGA2-10000,3.11.15,,,<paper>/revision_campaign_20260914/default/amazon_baselines/baselines.csv,0.1954887218045112
90,WS-28,1,feasible,complete,1,1,returned,0,28.0,9,0.4736842105263157,0.8122809976773291,,0.0028557637706398,0.0036959135904908,,28,0,,0.0,,,,,19,,,,,,,0.0008401498198509,,,,,,,,,,True,configured_work_complete,configured_weights,,0.0028557637706398,solver final filtering and index remapping; caller metric conversion excluded,r5-v1,,excluded_precomputed,,True,,,fresh_retrieval,,,,0.0028557637706398,0.0036959135904908,measured_excluding_encoding,"[47, 25, 14]",,specialized Python branch and bound,3.11.15,,,<paper>/revision_campaign_20260914/default/amazon_baselines/baselines.csv,0.5263157894736842
90,WS-253,1,feasible,complete,1,1,returned,0,253.0,11,0.5789473684210527,0.986623647244512,,0.0333971162326633,0.0342372660525143,,253,0,,0.0,,,,,19,,,,,,,0.0008401498198509,,,,,,,,,,True,configured_work_complete,configured_weights,,0.0333971162326633,solver final filtering and index remapping; caller metric conversion excluded,r5-v1,,excluded_precomputed,,True,,,fresh_retrieval,,,,0.0333971162326633,0.0342372660525143,measured_excluding_encoding,"[47, 25, 14]",,specialized Python branch and bound,3.11.15,,,<paper>/revision_campaign_20260914/default/amazon_baselines/baselines.csv,0.5263157894736842
90,Greedy,1,feasible,complete,1,1,returned,0,,3,0.0526315789473684,0.032463435934812,,0.0001447382383048,0.0009848880581557,,4,0,,0.0,,,,,19,,,,,,,0.0008401498198509,,,,,,,,,,True,configured_work_complete,configured_work,,0.0001447382383048,solver final filtering and index remapping; caller metric conversion excluded,r5-v1,,excluded_precomputed,,True,,,fresh_retrieval,,,,0.0001447382383048,0.0009848880581557,measured_excluding_encoding,"[47, 25, 14]",,Python/Greedy,3.11.15,,,<paper>/revision_campaign_20260914/default/amazon_baselines/baselines.csv,0.5263157894736842
90,NSGA2-2000,1,feasible,complete,1,1,returned,0,,13,0.631578947368421,0.996365799579491,,0.2097091530449688,0.2105493028648197,,2000,0,,0.0,,,,,19,,,,,,,0.0008401498198509,,,,,,,,,,True,configured_work_complete,configured_work,,0.2097091530449688,solver final filtering and index remapping; caller metric conversion excluded,r5-v1,,excluded_precomputed,,True,,,fresh_retrieval,,,,0.2097091530449688,0.2105493028648197,measured_excluding_encoding,"[47, 25, 14]",,Python/NSGA2-2000,3.11.15,,,<paper>/revision_campaign_20260914/default/amazon_baselines/baselines.csv,0.5263157894736842
90,NSGA2-10000,1,feasible,complete,1,1,returned,0,,19,1.0,1.0,,0.8218525089323521,0.822692658752203,,10000,0,,0.0,,,,,19,,,,,,,0.0008401498198509,,,,,,,,,,True,configured_work_complete,configured_work,,0.8218525089323521,solver final filtering and index remapping; caller metric conversion excluded,r5-v1,,excluded_precomputed,,True,,,fresh_retrieval,,,,0.8218525089323521,0.822692658752203,measured_excluding_encoding,"[47, 25, 14]",,Python/NSGA2-10000,3.11.15,,,<paper>/revision_campaign_20260914/default/amazon_baselines/baselines.csv,0.5263157894736842
91,WS-28,1,feasible,complete,1,1,returned,0,28.0,10,0.136986301369863,0.7415471197900482,,0.0083636571653187,0.0093038817867636,,28,0,,0.0,,,,,73,,,,,,,0.0009402246214449,,,,,,,,,,True,configured_work_complete,configured_weights,,0.0083636571653187,solver final filtering and index remapping; caller metric conversion excluded,r5-v1,,excluded_precomputed,,True,,,fresh_retrieval,,,,0.0083636571653187,0.0093038817867636,measured_excluding_encoding,"[10, 7, 199, 4, 16]",,specialized Python branch and bound,3.11.15,,,<paper>/revision_campaign_20260914/default/amazon_baselines/baselines.csv,0.2602739726027397
91,WS-253,1,feasible,complete,1,1,returned,0,253.0,12,0.1643835616438356,0.8233497930388071,,0.0879148268140852,0.0888550514355301,,253,0,,0.0,,,,,73,,,,,,,0.0009402246214449,,,,,,,,,,True,configured_work_complete,configured_weights,,0.0879148268140852,solver final filtering and index remapping; caller metric conversion excluded,r5-v1,,excluded_precomputed,,True,,,fresh_retrieval,,,,0.0879148268140852,0.0888550514355301,measured_excluding_encoding,"[10, 7, 199, 4, 16]",,specialized Python branch and bound,3.11.15,,,<paper>/revision_campaign_20260914/default/amazon_baselines/baselines.csv,0.2602739726027397
91,Greedy,1,feasible,complete,1,1,returned,0,,3,0.0136986301369863,0.3185053173323722,,0.0002379580400884,0.0011781826615333,,4,0,,0.0,,,,,73,,,,,,,0.0009402246214449,,,,,,,,,,True,configured_work_complete,configured_work,,0.0002379580400884,solver final filtering and index remapping; caller metric conversion excluded,r5-v1,,excluded_precomputed,,True,,,fresh_retrieval,,,,0.0002379580400884,0.0011781826615333,measured_excluding_encoding,"[10, 7, 199, 4, 16]",,Python/Greedy,3.11.15,,,<paper>/revision_campaign_20260914/default/amazon_baselines/baselines.csv,0.2602739726027397
91,NSGA2-2000,1,feasible,complete,1,1,returned,0,,42,0.410958904109589,0.9570316320292256,,0.1690489649772644,0.1699891895987093,,2000,0,,0.0,,,,,73,,,,,,,0.0009402246214449,,,,,,,,,,True,configured_work_complete,configured_work,,0.1690489649772644,solver final filtering and index remapping; caller metric conversion excluded,r5-v1,,excluded_precomputed,,True,,,fresh_retrieval,,,,0.1690489649772644,0.1699891895987093,measured_excluding_encoding,"[10, 7, 199, 4, 16]",,Python/NSGA2-2000,3.11.15,,,<paper>/revision_campaign_20260914/default/amazon_baselines/baselines.csv,0.2602739726027397
91,NSGA2-10000,1,feasible,complete,1,1,returned,0,,72,0.9863013698630136,0.9999955158220232,,0.7526712180115283,0.7536114426329732,,10000,0,,0.0,,,,,73,,,,,,,0.0009402246214449,,,,,,,,,,True,configured_work_complete,configured_work,,0.7526712180115283,solver final filtering and index remapping; caller metric conversion excluded,r5-v1,,excluded_precomputed,,True,,,fresh_retrieval,,,,0.7526712180115283,0.7536114426329732,measured_excluding_encoding,"[10, 7, 199, 4, 16]",,Python/NSGA2-10000,3.11.15,,,<paper>/revision_campaign_20260914/default/amazon_baselines/baselines.csv,0.2602739726027397
92,WS-28,1,feasible,complete,1,1,returned,0,28.0,11,0.4074074074074074,0.5795103268611739,,0.0031134830787777,0.0039214948192238,,28,0,,0.0,,,,,27,,,,,,,0.000808011740446,,,,,,,,,,True,configured_work_complete,configured_weights,,0.0031134830787777,solver final filtering and index remapping; caller metric conversion excluded,r5-v1,,excluded_precomputed,,True,,,fresh_retrieval,,,,0.0031134830787777,0.0039214948192238,measured_excluding_encoding,"[30, 19, 28]",,specialized Python branch and bound,3.11.15,,,<paper>/revision_campaign_20260914/default/amazon_baselines/baselines.csv,0.4814814814814814
92,WS-253,1,feasible,complete,1,1,returned,0,253.0,13,0.4814814814814814,0.7213376630336428,,0.0346101839095354,0.0354181956499815,,253,0,,0.0,,,,,27,,,,,,,0.000808011740446,,,,,,,,,,True,configured_work_complete,configured_weights,,0.0346101839095354,solver final filtering and index remapping; caller metric conversion excluded,r5-v1,,excluded_precomputed,,True,,,fresh_retrieval,,,,0.0346101839095354,0.0354181956499815,measured_excluding_encoding,"[30, 19, 28]",,specialized Python branch and bound,3.11.15,,,<paper>/revision_campaign_20260914/default/amazon_baselines/baselines.csv,0.4814814814814814
92,Greedy,1,feasible,complete,1,1,returned,0,,3,0.074074074074074,0.2513998030135232,,0.0001333719119429,0.000941383652389,,4,0,,0.0,,,,,27,,,,,,,0.000808011740446,,,,,,,,,,True,configured_work_complete,configured_work,,0.0001333719119429,solver final filtering and index remapping; caller metric conversion excluded,r5-v1,,excluded_precomputed,,True,,,fresh_retrieval,,,,0.0001333719119429,0.000941383652389,measured_excluding_encoding,"[30, 19, 28]",,Python/Greedy,3.11.15,,,<paper>/revision_campaign_20260914/default/amazon_baselines/baselines.csv,0.4814814814814814
92,NSGA2-2000,1,feasible,complete,1,1,returned,0,,19,0.7037037037037037,0.9824745397592024,,0.2032290641218423,0.2040370758622884,,2000,0,,0.0,,,,,27,,,,,,,0.000808011740446,,,,,,,,,,True,configured_work_complete,configured_work,,0.2032290641218423,solver final filtering and index remapping; caller metric conversion excluded,r5-v1,,excluded_precomputed,,True,,,fresh_retrieval,,,,0.2032290641218423,0.2040370758622884,measured_excluding_encoding,"[30, 19, 28]",,Python/NSGA2-2000,3.11.15,,,<paper>/revision_campaign_20260914/default/amazon_baselines/baselines.csv,0.4814814814814814
92,NSGA2-10000,1,feasible,complete,1,1,returned,0,,27,1.0,1.0,,0.8307561837136745,0.8315641954541206,,10000,0,,0.0,,,,,27,,,,,,,0.000808011740446,,,,,,,,,,True,configured_work_complete,configured_work,,0.8307561837136745,solver final filtering and index remapping; caller metric conversion excluded,r5-v1,,excluded_precomputed,,True,,,fresh_retrieval,,,,0.8307561837136745,0.8315641954541206,measured_excluding_encoding,"[30, 19, 28]",,Python/NSGA2-10000,3.11.15,,,<paper>/revision_campaign_20260914/default/amazon_baselines/baselines.csv,0.4814814814814814
93,WS-28,1,feasible,complete,1,1,returned,0,28.0,8,0.109375,0.4714748672128875,,0.0101218139752745,0.0112340529449284,,28,0,,0.0,,,,,64,,,,,,,0.0011122389696538,,,,,,,,,,True,configured_work_complete,configured_weights,,0.0101218139752745,solver final filtering and index remapping; caller metric conversion excluded,r5-v1,,excluded_precomputed,,True,,,fresh_retrieval,,,,0.0101218139752745,0.0112340529449284,measured_excluding_encoding,"[116, 61, 6, 36, 153, 6]",,specialized Python branch and bound,3.11.15,,,<paper>/revision_campaign_20260914/default/amazon_baselines/baselines.csv,0.28125
93,WS-253,1,feasible,complete,1,1,returned,0,253.0,13,0.203125,0.7685049563218076,,0.0987883838824927,0.0999006228521466,,253,0,,0.0,,,,,64,,,,,,,0.0011122389696538,,,,,,,,,,True,configured_work_complete,configured_weights,,0.0987883838824927,solver final filtering and index remapping; caller metric conversion excluded,r5-v1,,excluded_precomputed,,True,,,fresh_retrieval,,,,0.0987883838824927,0.0999006228521466,measured_excluding_encoding,"[116, 61, 6, 36, 153, 6]",,specialized Python branch and bound,3.11.15,,,<paper>/revision_campaign_20260914/default/amazon_baselines/baselines.csv,0.28125
93,Greedy,1,feasible,complete,1,1,returned,0,,3,0.015625,0.2635648222204973,,0.0005376511253416,0.0016498900949954,,4,0,,0.0,,,,,64,,,,,,,0.0011122389696538,,,,,,,,,,True,configured_work_complete,configured_work,,0.0005376511253416,solver final filtering and index remapping; caller metric conversion excluded,r5-v1,,excluded_precomputed,,True,,,fresh_retrieval,,,,0.0005376511253416,0.0016498900949954,measured_excluding_encoding,"[116, 61, 6, 36, 153, 6]",,Python/Greedy,3.11.15,,,<paper>/revision_campaign_20260914/default/amazon_baselines/baselines.csv,0.28125
93,NSGA2-2000,1,feasible,complete,1,1,returned,0,,18,0.109375,0.6466977602973154,,0.178576742298901,0.1796889812685549,,2000,0,,0.0,,,,,64,,,,,,,0.0011122389696538,,,,,,,,,,True,configured_work_complete,configured_work,,0.178576742298901,solver final filtering and index remapping; caller metric conversion excluded,r5-v1,,excluded_precomputed,,True,,,fresh_retrieval,,,,0.178576742298901,0.1796889812685549,measured_excluding_encoding,"[116, 61, 6, 36, 153, 6]",,Python/NSGA2-2000,3.11.15,,,<paper>/revision_campaign_20260914/default/amazon_baselines/baselines.csv,0.28125
93,NSGA2-10000,1,feasible,complete,1,1,returned,0,,44,0.15625,0.7135864703262574,,0.7011176981031895,0.7022299370728433,,10000,0,,0.0,,,,,64,,,,,,,0.0011122389696538,,,,,,,,,,True,configured_work_complete,configured_work,,0.7011176981031895,solver final filtering and index remapping; caller metric conversion excluded,r5-v1,,excluded_precomputed,,True,,,fresh_retrieval,,,,0.7011176981031895,0.7022299370728433,measured_excluding_encoding,"[116, 61, 6, 36, 153, 6]",,Python/NSGA2-10000,3.11.15,,,<paper>/revision_campaign_20260914/default/amazon_baselines/baselines.csv,0.28125
94,WS-28,1,feasible,complete,1,1,returned,0,28.0,7,0.2058823529411764,0.8731188711067797,,0.0057890047319233,0.0066838017664849,,28,0,,0.0,,,,,34,,,,,,,0.0008947970345616,,,,,,,,,,True,configured_work_complete,configured_weights,,0.0057890047319233,solver final filtering and index remapping; caller metric conversion excluded,r5-v1,,excluded_precomputed,,True,,,fresh_retrieval,,,,0.0057890047319233,0.0066838017664849,measured_excluding_encoding,"[7, 47, 28, 14, 17]",,specialized Python branch and bound,3.11.15,,,<paper>/revision_campaign_20260914/default/amazon_baselines/baselines.csv,0.3529411764705882
94,WS-253,1,feasible,complete,1,1,returned,0,253.0,9,0.2647058823529412,0.9023697763959984,,0.0603097099810838,0.0612045070156455,,253,0,,0.0,,,,,34,,,,,,,0.0008947970345616,,,,,,,,,,True,configured_work_complete,configured_weights,,0.0603097099810838,solver final filtering and index remapping; caller metric conversion excluded,r5-v1,,excluded_precomputed,,True,,,fresh_retrieval,,,,0.0603097099810838,0.0612045070156455,measured_excluding_encoding,"[7, 47, 28, 14, 17]",,specialized Python branch and bound,3.11.15,,,<paper>/revision_campaign_20260914/default/amazon_baselines/baselines.csv,0.3529411764705882
94,Greedy,1,feasible,complete,1,1,returned,0,,3,0.0294117647058823,7.068890291590682e-05,,0.0002047289162874,0.001099525950849,,4,0,,0.0,,,,,34,,,,,,,0.0008947970345616,,,,,,,,,,True,configured_work_complete,configured_work,,0.0002047289162874,solver final filtering and index remapping; caller metric conversion excluded,r5-v1,,excluded_precomputed,,True,,,fresh_retrieval,,,,0.0002047289162874,0.001099525950849,measured_excluding_encoding,"[7, 47, 28, 14, 17]",,Python/Greedy,3.11.15,,,<paper>/revision_campaign_20260914/default/amazon_baselines/baselines.csv,0.3529411764705882
94,NSGA2-2000,1,feasible,complete,1,1,returned,0,,26,0.7058823529411765,0.9954997430067932,,0.2019978826865553,0.202892679721117,,2000,0,,0.0,,,,,34,,,,,,,0.0008947970345616,,,,,,,,,,True,configured_work_complete,configured_work,,0.2019978826865553,solver final filtering and index remapping; caller metric conversion excluded,r5-v1,,excluded_precomputed,,True,,,fresh_retrieval,,,,0.2019978826865553,0.202892679721117,measured_excluding_encoding,"[7, 47, 28, 14, 17]",,Python/NSGA2-2000,3.11.15,,,<paper>/revision_campaign_20260914/default/amazon_baselines/baselines.csv,0.3529411764705882
94,NSGA2-10000,1,feasible,complete,1,1,returned,0,,31,0.9117647058823528,0.9999094394879452,,0.8814370650798082,0.8823318621143699,,10000,0,,0.0,,,,,34,,,,,,,0.0008947970345616,,,,,,,,,,True,configured_work_complete,configured_work,,0.8814370650798082,solver final filtering and index remapping; caller metric conversion excluded,r5-v1,,excluded_precomputed,,True,,,fresh_retrieval,,,,0.8814370650798082,0.8823318621143699,measured_excluding_encoding,"[7, 47, 28, 14, 17]",,Python/NSGA2-10000,3.11.15,,,<paper>/revision_campaign_20260914/default/amazon_baselines/baselines.csv,0.3529411764705882
95,WS-28,1,feasible,complete,1,1,returned,0,28.0,7,0.3684210526315789,0.9227412211526732,,0.004140221979469,0.0050668455660343,,28,0,,0.0,,,,,19,,,,,,,0.0009266235865652,,,,,,,,,,True,configured_work_complete,configured_weights,,0.004140221979469,solver final filtering and index remapping; caller metric conversion excluded,r5-v1,,excluded_precomputed,,True,,,fresh_retrieval,,,,0.004140221979469,0.0050668455660343,measured_excluding_encoding,"[8, 224, 16]",,specialized Python branch and bound,3.11.15,,,<paper>/revision_campaign_20260914/default/amazon_baselines/baselines.csv,0.5263157894736842
95,WS-253,1,feasible,complete,1,1,returned,0,253.0,9,0.4736842105263157,0.969251812643484,,0.0436157858930528,0.044542409479618,,253,0,,0.0,,,,,19,,,,,,,0.0009266235865652,,,,,,,,,,True,configured_work_complete,configured_weights,,0.0436157858930528,solver final filtering and index remapping; caller metric conversion excluded,r5-v1,,excluded_precomputed,,True,,,fresh_retrieval,,,,0.0436157858930528,0.044542409479618,measured_excluding_encoding,"[8, 224, 16]",,specialized Python branch and bound,3.11.15,,,<paper>/revision_campaign_20260914/default/amazon_baselines/baselines.csv,0.5263157894736842
95,Greedy,1,feasible,complete,1,1,returned,0,,3,0.1578947368421052,0.6194479462151217,,0.0002472298219799,0.0011738534085452,,4,0,,0.0,,,,,19,,,,,,,0.0009266235865652,,,,,,,,,,True,configured_work_complete,configured_work,,0.0002472298219799,solver final filtering and index remapping; caller metric conversion excluded,r5-v1,,excluded_precomputed,,True,,,fresh_retrieval,,,,0.0002472298219799,0.0011738534085452,measured_excluding_encoding,"[8, 224, 16]",,Python/Greedy,3.11.15,,,<paper>/revision_campaign_20260914/default/amazon_baselines/baselines.csv,0.5263157894736842
95,NSGA2-2000,1,feasible,complete,1,1,returned,0,,18,0.9473684210526316,0.9999998350315986,,0.187608047388494,0.1885346709750592,,2000,0,,0.0,,,,,19,,,,,,,0.0009266235865652,,,,,,,,,,True,configured_work_complete,configured_work,,0.187608047388494,solver final filtering and index remapping; caller metric conversion excluded,r5-v1,,excluded_precomputed,,True,,,fresh_retrieval,,,,0.187608047388494,0.1885346709750592,measured_excluding_encoding,"[8, 224, 16]",,Python/NSGA2-2000,3.11.15,,,<paper>/revision_campaign_20260914/default/amazon_baselines/baselines.csv,0.5263157894736842
95,NSGA2-10000,1,feasible,complete,1,1,returned,0,,19,1.0,1.0,,0.7842626441270113,0.7851892677135766,,10000,0,,0.0,,,,,19,,,,,,,0.0009266235865652,,,,,,,,,,True,configured_work_complete,configured_work,,0.7842626441270113,solver final filtering and index remapping; caller metric conversion excluded,r5-v1,,excluded_precomputed,,True,,,fresh_retrieval,,,,0.7842626441270113,0.7851892677135766,measured_excluding_encoding,"[8, 224, 16]",,Python/NSGA2-10000,3.11.15,,,<paper>/revision_campaign_20260914/default/amazon_baselines/baselines.csv,0.5263157894736842
96,WS-28,1,feasible,complete,1,1,returned,0,28.0,6,0.5454545454545454,0.8384305455777188,,0.0031802542507648,0.0040619722567498,,28,0,,0.0,,,,,11,,,,,,,0.000881718005985,,,,,,,,,,True,configured_work_complete,configured_weights,,0.0031802542507648,solver final filtering and index remapping; caller metric conversion excluded,r5-v1,,excluded_precomputed,,True,,,fresh_retrieval,,,,0.0031802542507648,0.0040619722567498,measured_excluding_encoding,"[2, 161, 8]",,specialized Python branch and bound,3.11.15,,,<paper>/revision_campaign_20260914/default/amazon_baselines/baselines.csv,0.7272727272727273
96,WS-253,1,feasible,complete,1,1,returned,0,253.0,7,0.6363636363636364,0.9626585909251628,,0.0355814737267792,0.0364631917327642,,253,0,,0.0,,,,,11,,,,,,,0.000881718005985,,,,,,,,,,True,configured_work_complete,configured_weights,,0.0355814737267792,solver final filtering and index remapping; caller metric conversion excluded,r5-v1,,excluded_precomputed,,True,,,fresh_retrieval,,,,0.0355814737267792,0.0364631917327642,measured_excluding_encoding,"[2, 161, 8]",,specialized Python branch and bound,3.11.15,,,<paper>/revision_campaign_20260914/default/amazon_baselines/baselines.csv,0.7272727272727273
96,Greedy,1,feasible,complete,1,1,returned,0,,3,0.0909090909090909,0.001559100047335,,0.000192733015865,0.0010744510218501,,4,0,,0.0,,,,,11,,,,,,,0.000881718005985,,,,,,,,,,True,configured_work_complete,configured_work,,0.000192733015865,solver final filtering and index remapping; caller metric conversion excluded,r5-v1,,excluded_precomputed,,True,,,fresh_retrieval,,,,0.000192733015865,0.0010744510218501,measured_excluding_encoding,"[2, 161, 8]",,Python/Greedy,3.11.15,,,<paper>/revision_campaign_20260914/default/amazon_baselines/baselines.csv,0.7272727272727273
96,NSGA2-2000,1,feasible,complete,1,1,returned,0,,11,1.0,1.0,,0.2366697411052882,0.2375514591112733,,2049,0,,0.0,,,,,11,,,,,,,0.000881718005985,,,,,,,,,,True,configured_work_complete,configured_work,,0.2366697411052882,solver final filtering and index remapping; caller metric conversion excluded,r5-v1,,excluded_precomputed,,True,,,fresh_retrieval,,,,0.2366697411052882,0.2375514591112733,measured_excluding_encoding,"[2, 161, 8]",,Python/NSGA2-2000,3.11.15,,,<paper>/revision_campaign_20260914/default/amazon_baselines/baselines.csv,0.7272727272727273
96,NSGA2-10000,1,feasible,complete,1,1,returned,0,,11,1.0,1.0,,1.008200520183891,1.009082238189876,,10097,0,,0.0,,,,,11,,,,,,,0.000881718005985,,,,,,,,,,True,configured_work_complete,configured_work,,1.008200520183891,solver final filtering and index remapping; caller metric conversion excluded,r5-v1,,excluded_precomputed,,True,,,fresh_retrieval,,,,1.008200520183891,1.009082238189876,measured_excluding_encoding,"[2, 161, 8]",,Python/NSGA2-10000,3.11.15,,,<paper>/revision_campaign_20260914/default/amazon_baselines/baselines.csv,0.7272727272727273
97,WS-28,1,feasible,complete,1,1,returned,0,28.0,6,0.5,0.8175089441168425,,0.0027541159652173,0.0035549388267099,,28,0,,0.0,,,,,12,,,,,,,0.0008008228614926,,,,,,,,,,True,configured_work_complete,configured_weights,,0.0027541159652173,solver final filtering and index remapping; caller metric conversion excluded,r5-v1,,excluded_precomputed,,True,,,fresh_retrieval,,,,0.0027541159652173,0.0035549388267099,measured_excluding_encoding,"[1, 66, 5, 5]",,specialized Python branch and bound,3.11.15,,,<paper>/revision_campaign_20260914/default/amazon_baselines/baselines.csv,0.9166666666666666
97,WS-253,1,feasible,complete,1,1,returned,0,253.0,8,0.6666666666666666,0.8478356861764476,,0.031333961058408,0.0321347839199006,,253,0,,0.0,,,,,12,,,,,,,0.0008008228614926,,,,,,,,,,True,configured_work_complete,configured_weights,,0.031333961058408,solver final filtering and index remapping; caller metric conversion excluded,r5-v1,,excluded_precomputed,,True,,,fresh_retrieval,,,,0.031333961058408,0.0321347839199006,measured_excluding_encoding,"[1, 66, 5, 5]",,specialized Python branch and bound,3.11.15,,,<paper>/revision_campaign_20260914/default/amazon_baselines/baselines.csv,0.9166666666666666
97,Greedy,1,feasible,complete,1,1,returned,0,,3,0.25,0.7091001656301187,,8.649379014968872e-05,0.0008873166516423,,4,0,,0.0,,,,,12,,,,,,,0.0008008228614926,,,,,,,,,,True,configured_work_complete,configured_work,,8.649379014968872e-05,solver final filtering and index remapping; caller metric conversion excluded,r5-v1,,excluded_precomputed,,True,,,fresh_retrieval,,,,8.649379014968872e-05,0.0008873166516423,measured_excluding_encoding,"[1, 66, 5, 5]",,Python/Greedy,3.11.15,,,<paper>/revision_campaign_20260914/default/amazon_baselines/baselines.csv,0.9166666666666666
97,NSGA2-2000,1,feasible,complete,1,1,returned,0,,12,1.0,1.0,,0.3909455989487469,0.3917464218102395,,2048,0,,0.0,,,,,12,,,,,,,0.0008008228614926,,,,,,,,,,True,configured_work_complete,configured_work,,0.3909455989487469,solver final filtering and index remapping; caller metric conversion excluded,r5-v1,,excluded_precomputed,,True,,,fresh_retrieval,,,,0.3909455989487469,0.3917464218102395,measured_excluding_encoding,"[1, 66, 5, 5]",,Python/NSGA2-2000,3.11.15,,,<paper>/revision_campaign_20260914/default/amazon_baselines/baselines.csv,0.9166666666666666
97,NSGA2-10000,1,feasible,complete,1,1,returned,0,,12,1.0,1.0,,2.075021295808256,2.0758221186697483,,10096,0,,0.0,,,,,12,,,,,,,0.0008008228614926,,,,,,,,,,True,configured_work_complete,configured_work,,2.075021295808256,solver final filtering and index remapping; caller metric conversion excluded,r5-v1,,excluded_precomputed,,True,,,fresh_retrieval,,,,2.075021295808256,2.0758221186697483,measured_excluding_encoding,"[1, 66, 5, 5]",,Python/NSGA2-10000,3.11.15,,,<paper>/revision_campaign_20260914/default/amazon_baselines/baselines.csv,0.9166666666666666
98,WS-28,1,feasible,complete,1,1,returned,0,28.0,8,0.1,0.7939906969039823,,0.0074733346700668,0.0083203273825347,,28,0,,0.0,,,,,80,,,,,,,0.0008469927124679,,,,,,,,,,True,configured_work_complete,configured_weights,,0.0074733346700668,solver final filtering and index remapping; caller metric conversion excluded,r5-v1,,excluded_precomputed,,True,,,fresh_retrieval,,,,0.0074733346700668,0.0083203273825347,measured_excluding_encoding,"[17, 29, 28, 54, 10]",,specialized Python branch and bound,3.11.15,,,<paper>/revision_campaign_20260914/default/amazon_baselines/baselines.csv,0.1875
98,WS-253,1,feasible,complete,1,1,returned,0,253.0,14,0.175,0.9005176575649259,,0.0756952301599085,0.0765422228723764,,253,0,,0.0,,,,,80,,,,,,,0.0008469927124679,,,,,,,,,,True,configured_work_complete,configured_weights,,0.0756952301599085,solver final filtering and index remapping; caller metric conversion excluded,r5-v1,,excluded_precomputed,,True,,,fresh_retrieval,,,,0.0756952301599085,0.0765422228723764,measured_excluding_encoding,"[17, 29, 28, 54, 10]",,specialized Python branch and bound,3.11.15,,,<paper>/revision_campaign_20260914/default/amazon_baselines/baselines.csv,0.1875
98,Greedy,1,feasible,complete,1,1,returned,0,,3,0.0125,0.112321770467772,,0.0002087350003421,0.00105572771281,,4,0,,0.0,,,,,80,,,,,,,0.0008469927124679,,,,,,,,,,True,configured_work_complete,configured_work,,0.0002087350003421,solver final filtering and index remapping; caller metric conversion excluded,r5-v1,,excluded_precomputed,,True,,,fresh_retrieval,,,,0.0002087350003421,0.00105572771281,measured_excluding_encoding,"[17, 29, 28, 54, 10]",,Python/Greedy,3.11.15,,,<paper>/revision_campaign_20260914/default/amazon_baselines/baselines.csv,0.1875
98,NSGA2-2000,1,feasible,complete,1,1,returned,0,,42,0.45,0.9860098178932548,,0.1841609771363437,0.1850079698488116,,2000,0,,0.0,,,,,80,,,,,,,0.0008469927124679,,,,,,,,,,True,configured_work_complete,configured_work,,0.1841609771363437,solver final filtering and index remapping; caller metric conversion excluded,r5-v1,,excluded_precomputed,,True,,,fresh_retrieval,,,,0.1841609771363437,0.1850079698488116,measured_excluding_encoding,"[17, 29, 28, 54, 10]",,Python/NSGA2-2000,3.11.15,,,<paper>/revision_campaign_20260914/default/amazon_baselines/baselines.csv,0.1875
98,NSGA2-10000,1,feasible,complete,1,1,returned,0,,75,0.825,0.9950078187077228,,0.7756002899259329,0.7764472826384008,,10000,0,,0.0,,,,,80,,,,,,,0.0008469927124679,,,,,,,,,,True,configured_work_complete,configured_work,,0.7756002899259329,solver final filtering and index remapping; caller metric conversion excluded,r5-v1,,excluded_precomputed,,True,,,fresh_retrieval,,,,0.7756002899259329,0.7764472826384008,measured_excluding_encoding,"[17, 29, 28, 54, 10]",,Python/NSGA2-10000,3.11.15,,,<paper>/revision_campaign_20260914/default/amazon_baselines/baselines.csv,0.1875
99,WS-28,1,feasible,complete,1,1,returned,0,28.0,6,0.1016949152542373,0.5328507944427335,,0.0039617619477212,0.0048507442697882,,28,0,,0.0,,,,,59,,,,,,,0.000888982322067,,,,,,,,,,True,configured_work_complete,configured_weights,,0.0039617619477212,solver final filtering and index remapping; caller metric conversion excluded,r5-v1,,excluded_precomputed,,True,,,fresh_retrieval,,,,0.0039617619477212,0.0048507442697882,measured_excluding_encoding,"[32, 116, 3]",,specialized Python branch and bound,3.11.15,,,<paper>/revision_campaign_20260914/default/amazon_baselines/baselines.csv,0.288135593220339
99,WS-253,1,feasible,complete,1,1,returned,0,253.0,14,0.2372881355932203,0.9548716525981786,,0.0421185418963432,0.0430075242184102,,253,0,,0.0,,,,,59,,,,,,,0.000888982322067,,,,,,,,,,True,configured_work_complete,configured_weights,,0.0421185418963432,solver final filtering and index remapping; caller metric conversion excluded,r5-v1,,excluded_precomputed,,True,,,fresh_retrieval,,,,0.0421185418963432,0.0430075242184102,measured_excluding_encoding,"[32, 116, 3]",,specialized Python branch and bound,3.11.15,,,<paper>/revision_campaign_20260914/default/amazon_baselines/baselines.csv,0.288135593220339
99,Greedy,1,feasible,complete,1,1,returned,0,,3,0.0338983050847457,0.4843260771239401,,0.0001953868195414,0.0010843691416084,,4,0,,0.0,,,,,59,,,,,,,0.000888982322067,,,,,,,,,,True,configured_work_complete,configured_work,,0.0001953868195414,solver final filtering and index remapping; caller metric conversion excluded,r5-v1,,excluded_precomputed,,True,,,fresh_retrieval,,,,0.0001953868195414,0.0010843691416084,measured_excluding_encoding,"[32, 116, 3]",,Python/Greedy,3.11.15,,,<paper>/revision_campaign_20260914/default/amazon_baselines/baselines.csv,0.288135593220339
99,NSGA2-2000,1,feasible,complete,1,1,returned,0,,39,0.6610169491525424,0.98371005416105,,0.1918970360420644,0.1927860183641314,,2049,0,,0.0,,,,,59,,,,,,,0.000888982322067,,,,,,,,,,True,configured_work_complete,configured_work,,0.1918970360420644,solver final filtering and index remapping; caller metric conversion excluded,r5-v1,,excluded_precomputed,,True,,,fresh_retrieval,,,,0.1918970360420644,0.1927860183641314,measured_excluding_encoding,"[32, 116, 3]",,Python/NSGA2-2000,3.11.15,,,<paper>/revision_campaign_20260914/default/amazon_baselines/baselines.csv,0.288135593220339
99,NSGA2-10000,1,feasible,complete,1,1,returned,0,,59,1.0,1.0,,0.7684758570976555,0.7693648394197226,,10000,0,,0.0,,,,,59,,,,,,,0.000888982322067,,,,,,,,,,True,configured_work_complete,configured_work,,0.7684758570976555,solver final filtering and index remapping; caller metric conversion excluded,r5-v1,,excluded_precomputed,,True,,,fresh_retrieval,,,,0.7684758570976555,0.7693648394197226,measured_excluding_encoding,"[32, 116, 3]",,Python/NSGA2-10000,3.11.15,,,<paper>/revision_campaign_20260914/default/amazon_baselines/baselines.csv,0.288135593220339
